sample_id,map_id,map_crop_x,map_crop_y,cur_tile_x,cur_tile_y,tar_tile_x,tar_tile_y,vector_dx,vector_dy,split
0,10_square,42,67,702.0,308.0,122.0,818.0,-580.0,510.0,train
2,10_square,23,49,882.0,610.0,503.0,587.0,-379.0,-23.0,train
3,10_square,34,59,346.0,444.0,242.0,672.0,-104.0,228.0,train
4,10_square,5,32,466.0,214.0,687.0,857.0,221.0,643.0,train
5,10_square,12,49,499.0,526.0,555.0,788.0,56.0,262.0,train
6,10_square,9,53,733.0,469.0,310.0,147.0,-423.0,-322.0,train
7,10_square,15,30,796.0,616.0,175.0,247.0,-621.0,-369.0,train
8,10_square,41,1,374.0,603.0,218.0,644.0,-156.0,41.0,train
9,10_square,60,52,179.0,575.0,827.0,799.0,648.0,224.0,train
10,10_square,34,37,517.0,756.0,763.0,384.0,246.0,-372.0,train
11,10_square,30,4,190.0,324.0,646.0,680.0,456.0,356.0,train
14,10_square,40,42,602.0,662.0,686.0,518.0,84.0,-144.0,train
16,10_square,14,63,653.0,460.0,718.0,517.0,65.0,57.0,train
17,10_square,62,41,190.0,592.0,790.0,186.0,600.0,-406.0,train
18,10_square,51,53,119.0,776.0,219.0,443.0,100.0,-333.0,train
19,10_square,32,14,694.0,159.0,299.0,398.0,-395.0,239.0,train
20,10_square,38,65,143.0,645.0,454.0,267.0,311.0,-378.0,train
21,10_square,13,39,164.0,691.0,583.0,702.0,419.0,11.0,train
22,10_square,23,18,287.0,777.0,194.0,160.0,-93.0,-617.0,train
23,10_square,4,67,539.0,681.0,583.0,835.0,44.0,154.0,train
24,10_square,65,66,373.0,685.0,539.0,582.0,166.0,-103.0,train
26,10_square,18,64,817.0,751.0,836.0,900.0,19.0,149.0,train
27,10_square,55,42,370.0,423.0,357.0,831.0,-13.0,408.0,train
28,10_square,42,40,679.0,424.0,666.0,166.0,-13.0,-258.0,train
29,10_square,9,67,188.0,466.0,492.0,480.0,304.0,14.0,train
30,10_square,11,34,121.0,898.0,539.0,285.0,418.0,-613.0,train
31,10_square,47,39,224.0,173.0,326.0,390.0,102.0,217.0,train
32,10_square,63,24,346.0,628.0,716.0,452.0,370.0,-176.0,train
33,10_square,44,59,846.0,645.0,504.0,660.0,-342.0,15.0,train
35,10_square,54,57,540.0,435.0,430.0,505.0,-110.0,70.0,train
36,10_square,43,61,273.0,589.0,568.0,469.0,295.0,-120.0,train
37,10_square,1,43,784.0,485.0,545.0,261.0,-239.0,-224.0,train
40,10_square,28,66,198.0,390.0,579.0,682.0,381.0,292.0,train
42,10_square,3,58,460.0,388.0,681.0,244.0,221.0,-144.0,train
43,10_square,65,22,239.0,704.0,625.0,391.0,386.0,-313.0,train
44,10_square,38,4,237.0,434.0,791.0,747.0,554.0,313.0,train
45,10_square,25,54,630.0,101.0,364.0,434.0,-266.0,333.0,train
47,10_square,36,22,882.0,102.0,187.0,803.0,-695.0,701.0,train
48,10_square,19,4,649.0,329.0,529.0,654.0,-120.0,325.0,train
49,10_square,38,54,757.0,161.0,232.0,839.0,-525.0,678.0,train
50,10_square,5,58,817.0,699.0,349.0,273.0,-468.0,-426.0,train
51,10_square,5,25,477.0,167.0,609.0,684.0,132.0,517.0,train
52,10_square,6,3,594.0,236.0,595.0,751.0,1.0,515.0,train
53,10_square,33,17,281.0,506.0,499.0,210.0,218.0,-296.0,train
54,10_square,27,32,605.0,190.0,197.0,687.0,-408.0,497.0,train
55,10_square,45,35,490.0,808.0,141.0,642.0,-349.0,-166.0,train
57,10_square,66,24,215.0,900.0,808.0,283.0,593.0,-617.0,train
58,10_square,33,25,176.0,851.0,751.0,699.0,575.0,-152.0,train
59,10_square,36,44,724.0,191.0,473.0,136.0,-251.0,-55.0,train
61,10_square,40,8,296.0,102.0,504.0,548.0,208.0,446.0,train
63,10_square,6,68,529.0,797.0,106.0,244.0,-423.0,-553.0,train
64,10_square,48,3,650.0,462.0,777.0,856.0,127.0,394.0,train
65,10_square,68,39,527.0,730.0,375.0,715.0,-152.0,-15.0,train
66,10_square,14,36,175.0,256.0,133.0,475.0,-42.0,219.0,train
67,10_square,8,0,521.0,379.0,188.0,432.0,-333.0,53.0,train
69,10_square,2,57,412.0,292.0,765.0,381.0,353.0,89.0,train
71,10_square,65,40,303.0,463.0,455.0,268.0,152.0,-195.0,train
72,10_square,4,0,857.0,139.0,350.0,375.0,-507.0,236.0,train
73,10_square,21,40,199.0,600.0,480.0,222.0,281.0,-378.0,train
74,10_square,49,8,894.0,745.0,216.0,188.0,-678.0,-557.0,train
75,10_square,44,28,469.0,768.0,241.0,109.0,-228.0,-659.0,train
76,10_square,41,64,535.0,355.0,524.0,236.0,-11.0,-119.0,train
77,10_square,5,54,117.0,802.0,457.0,635.0,340.0,-167.0,train
78,10_square,58,59,360.0,464.0,204.0,808.0,-156.0,344.0,train
79,10_square,21,57,456.0,547.0,825.0,418.0,369.0,-129.0,train
80,10_square,47,41,267.0,603.0,371.0,625.0,104.0,22.0,train
81,10_square,63,8,595.0,501.0,212.0,697.0,-383.0,196.0,train
82,10_square,41,8,398.0,558.0,874.0,827.0,476.0,269.0,train
83,10_square,55,26,227.0,444.0,821.0,434.0,594.0,-10.0,train
84,10_square,53,51,624.0,482.0,183.0,154.0,-441.0,-328.0,train
85,10_square,43,61,164.0,872.0,267.0,211.0,103.0,-661.0,train
86,10_square,32,61,349.0,149.0,248.0,821.0,-101.0,672.0,train
87,10_square,63,37,220.0,671.0,536.0,628.0,316.0,-43.0,train
88,10_square,25,40,224.0,275.0,574.0,811.0,350.0,536.0,train
90,10_square,3,21,683.0,446.0,407.0,700.0,-276.0,254.0,train
91,10_square,19,9,886.0,884.0,267.0,308.0,-619.0,-576.0,train
93,10_square,59,4,138.0,599.0,604.0,177.0,466.0,-422.0,train
94,10_square,30,23,106.0,106.0,827.0,163.0,721.0,57.0,train
95,10_square,30,13,491.0,420.0,525.0,278.0,34.0,-142.0,train
96,10_square,19,13,144.0,825.0,238.0,876.0,94.0,51.0,train
100,10_square,33,65,566.0,181.0,365.0,857.0,-201.0,676.0,train
101,10_square,22,5,485.0,675.0,416.0,822.0,-69.0,147.0,train
102,10_square,12,19,638.0,177.0,390.0,463.0,-248.0,286.0,train
104,10_square,62,48,281.0,573.0,269.0,334.0,-12.0,-239.0,train
106,10_square,53,19,414.0,121.0,711.0,314.0,297.0,193.0,train
109,10_square,68,4,603.0,496.0,113.0,860.0,-490.0,364.0,train
111,10_square,60,21,368.0,674.0,228.0,620.0,-140.0,-54.0,train
112,10_square,36,7,514.0,525.0,270.0,615.0,-244.0,90.0,train
113,10_square,62,44,715.0,432.0,752.0,858.0,37.0,426.0,train
114,10_square,56,65,807.0,600.0,151.0,528.0,-656.0,-72.0,train
117,10_square,28,25,320.0,817.0,853.0,537.0,533.0,-280.0,train
118,10_square,18,0,500.0,309.0,289.0,705.0,-211.0,396.0,train
120,10_square,63,49,723.0,771.0,605.0,437.0,-118.0,-334.0,train
121,10_square,26,29,646.0,793.0,550.0,848.0,-96.0,55.0,train
122,10_square,41,45,489.0,597.0,217.0,280.0,-272.0,-317.0,train
123,10_square,5,22,406.0,624.0,235.0,540.0,-171.0,-84.0,train
124,10_square,11,22,812.0,894.0,714.0,101.0,-98.0,-793.0,train
125,10_square,23,52,103.0,538.0,820.0,351.0,717.0,-187.0,train
126,10_square,40,0,783.0,461.0,568.0,401.0,-215.0,-60.0,train
127,10_square,64,49,286.0,862.0,133.0,463.0,-153.0,-399.0,train
128,10_square,2,23,797.0,594.0,847.0,233.0,50.0,-361.0,train
129,10_square,60,46,162.0,254.0,495.0,281.0,333.0,27.0,train
130,10_square,40,46,448.0,304.0,513.0,640.0,65.0,336.0,train
131,10_square,23,54,212.0,790.0,170.0,435.0,-42.0,-355.0,train
132,10_square,12,26,748.0,794.0,398.0,341.0,-350.0,-453.0,train
133,10_square,27,45,831.0,614.0,701.0,552.0,-130.0,-62.0,train
134,10_square,52,24,723.0,365.0,325.0,489.0,-398.0,124.0,train
135,10_square,13,9,121.0,730.0,312.0,556.0,191.0,-174.0,train
136,10_square,21,42,888.0,420.0,269.0,515.0,-619.0,95.0,train
137,10_square,58,7,451.0,884.0,451.0,587.0,0.0,-297.0,train
138,10_square,9,35,268.0,852.0,347.0,699.0,79.0,-153.0,train
139,10_square,57,59,432.0,844.0,171.0,307.0,-261.0,-537.0,train
140,10_square,60,54,100.0,483.0,332.0,846.0,232.0,363.0,train
141,10_square,4,65,500.0,667.0,255.0,775.0,-245.0,108.0,train
142,10_square,41,13,385.0,681.0,493.0,114.0,108.0,-567.0,train
144,10_square,24,32,724.0,796.0,268.0,424.0,-456.0,-372.0,train
145,10_square,11,4,327.0,120.0,709.0,611.0,382.0,491.0,train
146,10_square,65,31,141.0,864.0,480.0,541.0,339.0,-323.0,train
147,10_square,57,44,498.0,512.0,111.0,299.0,-387.0,-213.0,train
149,10_square,58,7,784.0,107.0,252.0,137.0,-532.0,30.0,train
150,10_square,65,19,453.0,467.0,142.0,477.0,-311.0,10.0,train
152,10_square,63,50,850.0,870.0,275.0,419.0,-575.0,-451.0,train
153,10_square,40,64,150.0,729.0,741.0,819.0,591.0,90.0,train
155,10_square,2,1,330.0,801.0,395.0,637.0,65.0,-164.0,train
156,10_square,28,7,535.0,772.0,167.0,656.0,-368.0,-116.0,train
157,10_square,26,62,273.0,136.0,473.0,875.0,200.0,739.0,train
158,10_square,41,16,231.0,441.0,635.0,572.0,404.0,131.0,train
159,10_square,1,63,464.0,871.0,416.0,681.0,-48.0,-190.0,train
160,10_square,58,25,527.0,200.0,222.0,110.0,-305.0,-90.0,train
161,10_square,29,39,733.0,209.0,117.0,604.0,-616.0,395.0,train
162,10_square,29,58,511.0,253.0,127.0,317.0,-384.0,64.0,train
164,10_square,0,12,211.0,425.0,240.0,640.0,29.0,215.0,train
165,10_square,39,67,665.0,273.0,595.0,659.0,-70.0,386.0,train
166,10_square,16,67,358.0,657.0,585.0,209.0,227.0,-448.0,train
168,10_square,62,12,497.0,444.0,354.0,180.0,-143.0,-264.0,train
169,10_square,18,24,354.0,385.0,530.0,772.0,176.0,387.0,train
170,10_square,26,46,827.0,188.0,691.0,882.0,-136.0,694.0,train
171,10_square,48,27,524.0,261.0,127.0,275.0,-397.0,14.0,train
172,10_square,26,52,182.0,668.0,408.0,297.0,226.0,-371.0,train
173,10_square,8,39,636.0,186.0,379.0,648.0,-257.0,462.0,train
174,10_square,44,8,841.0,445.0,271.0,717.0,-570.0,272.0,train
175,10_square,61,1,771.0,494.0,146.0,743.0,-625.0,249.0,train
176,10_square,49,8,832.0,839.0,592.0,688.0,-240.0,-151.0,train
177,10_square,47,60,523.0,451.0,345.0,169.0,-178.0,-282.0,train
178,10_square,48,58,794.0,704.0,830.0,492.0,36.0,-212.0,train
180,10_square,37,32,793.0,272.0,858.0,859.0,65.0,587.0,train
182,10_square,51,7,468.0,612.0,151.0,361.0,-317.0,-251.0,train
183,10_square,0,62,738.0,289.0,648.0,580.0,-90.0,291.0,train
185,10_square,3,66,397.0,798.0,316.0,602.0,-81.0,-196.0,train
186,10_square,26,63,403.0,395.0,507.0,840.0,104.0,445.0,train
187,10_square,6,28,787.0,261.0,241.0,135.0,-546.0,-126.0,train
188,10_square,2,44,406.0,250.0,373.0,829.0,-33.0,579.0,train
189,10_square,29,35,486.0,250.0,433.0,395.0,-53.0,145.0,train
191,10_square,24,25,509.0,108.0,486.0,266.0,-23.0,158.0,train
192,10_square,56,11,317.0,704.0,508.0,876.0,191.0,172.0,train
193,10_square,2,13,805.0,237.0,898.0,643.0,93.0,406.0,train
194,10_square,25,10,749.0,614.0,686.0,505.0,-63.0,-109.0,train
195,10_square,41,29,876.0,602.0,136.0,815.0,-740.0,213.0,train
196,10_square,8,4,414.0,369.0,567.0,667.0,153.0,298.0,train
197,10_square,63,34,268.0,178.0,529.0,862.0,261.0,684.0,train
198,10_square,11,54,353.0,791.0,170.0,566.0,-183.0,-225.0,train
199,10_square,59,29,656.0,288.0,522.0,311.0,-134.0,23.0,train
200,10_square,41,15,799.0,612.0,492.0,580.0,-307.0,-32.0,train
201,10_square,44,42,404.0,602.0,510.0,482.0,106.0,-120.0,train
203,10_square,56,56,761.0,275.0,563.0,251.0,-198.0,-24.0,train
204,10_square,44,29,271.0,633.0,711.0,802.0,440.0,169.0,train
205,10_square,38,43,449.0,347.0,226.0,125.0,-223.0,-222.0,train
206,10_square,1,40,501.0,627.0,626.0,497.0,125.0,-130.0,train
207,10_square,67,14,353.0,225.0,440.0,164.0,87.0,-61.0,train
208,10_square,1,34,524.0,648.0,863.0,169.0,339.0,-479.0,train
210,10_square,26,13,427.0,521.0,812.0,438.0,385.0,-83.0,train
211,10_square,22,37,482.0,162.0,896.0,733.0,414.0,571.0,train
212,10_square,36,68,664.0,751.0,187.0,429.0,-477.0,-322.0,train
213,10_square,24,31,631.0,222.0,180.0,727.0,-451.0,505.0,train
216,10_square,14,67,821.0,485.0,522.0,197.0,-299.0,-288.0,train
217,10_square,45,31,193.0,585.0,390.0,824.0,197.0,239.0,train
220,10_square,43,61,387.0,782.0,252.0,293.0,-135.0,-489.0,train
221,10_square,6,34,587.0,489.0,185.0,514.0,-402.0,25.0,train
224,10_square,67,7,529.0,677.0,373.0,721.0,-156.0,44.0,train
225,10_square,30,50,568.0,803.0,827.0,300.0,259.0,-503.0,train
226,10_square,55,56,421.0,265.0,598.0,759.0,177.0,494.0,train
230,10_square,1,26,433.0,511.0,108.0,185.0,-325.0,-326.0,train
231,10_square,0,59,468.0,444.0,588.0,517.0,120.0,73.0,train
232,10_square,9,61,409.0,237.0,224.0,379.0,-185.0,142.0,train
233,10_square,1,52,402.0,638.0,346.0,782.0,-56.0,144.0,train
234,10_square,33,63,574.0,226.0,320.0,318.0,-254.0,92.0,train
235,10_square,50,19,127.0,424.0,687.0,145.0,560.0,-279.0,train
236,10_square,27,52,876.0,255.0,486.0,401.0,-390.0,146.0,train
237,10_square,17,68,413.0,324.0,671.0,671.0,258.0,347.0,train
238,10_square,22,21,611.0,328.0,280.0,279.0,-331.0,-49.0,train
239,10_square,16,26,273.0,586.0,858.0,271.0,585.0,-315.0,train
240,10_square,33,24,534.0,843.0,859.0,815.0,325.0,-28.0,train
241,10_square,11,24,351.0,149.0,701.0,104.0,350.0,-45.0,train
242,10_square,62,50,538.0,374.0,579.0,288.0,41.0,-86.0,train
243,10_square,54,39,106.0,862.0,888.0,485.0,782.0,-377.0,train
244,10_square,53,40,453.0,775.0,285.0,137.0,-168.0,-638.0,train
245,10_square,65,49,297.0,486.0,737.0,117.0,440.0,-369.0,train
246,10_square,0,5,900.0,736.0,817.0,434.0,-83.0,-302.0,train
247,10_square,44,11,499.0,228.0,701.0,329.0,202.0,101.0,train
248,10_square,23,22,540.0,198.0,633.0,485.0,93.0,287.0,train
249,10_square,22,24,889.0,536.0,326.0,207.0,-563.0,-329.0,train
250,10_square,61,65,156.0,218.0,604.0,708.0,448.0,490.0,train
251,10_square,61,42,693.0,108.0,134.0,280.0,-559.0,172.0,train
252,10_square,15,50,363.0,546.0,202.0,510.0,-161.0,-36.0,train
253,10_square,16,7,524.0,874.0,887.0,189.0,363.0,-685.0,train
254,10_square,1,0,101.0,727.0,247.0,430.0,146.0,-297.0,train
256,10_square,22,24,384.0,371.0,624.0,262.0,240.0,-109.0,train
258,10_square,3,51,503.0,816.0,177.0,535.0,-326.0,-281.0,train
260,10_square,27,29,347.0,851.0,788.0,213.0,441.0,-638.0,train
261,10_square,68,11,813.0,523.0,498.0,529.0,-315.0,6.0,train
262,10_square,34,1,865.0,651.0,221.0,669.0,-644.0,18.0,train
264,10_square,38,17,419.0,896.0,723.0,345.0,304.0,-551.0,train
265,10_square,47,27,261.0,195.0,146.0,657.0,-115.0,462.0,train
266,10_square,52,32,832.0,850.0,238.0,708.0,-594.0,-142.0,train
270,10_square,27,55,883.0,784.0,705.0,694.0,-178.0,-90.0,train
271,10_square,37,61,405.0,279.0,268.0,379.0,-137.0,100.0,train
272,10_square,9,48,285.0,567.0,806.0,148.0,521.0,-419.0,train
274,10_square,50,51,424.0,679.0,567.0,116.0,143.0,-563.0,train
275,10_square,11,41,135.0,861.0,517.0,513.0,382.0,-348.0,train
277,10_square,68,26,229.0,257.0,814.0,848.0,585.0,591.0,train
278,10_square,8,3,474.0,325.0,725.0,787.0,251.0,462.0,train
279,10_square,16,13,580.0,244.0,780.0,883.0,200.0,639.0,train
281,10_square,45,41,769.0,138.0,180.0,836.0,-589.0,698.0,train
282,10_square,57,35,786.0,270.0,692.0,335.0,-94.0,65.0,train
283,10_square,12,62,124.0,880.0,422.0,206.0,298.0,-674.0,train
284,10_square,59,30,391.0,495.0,756.0,302.0,365.0,-193.0,train
285,10_square,40,63,714.0,417.0,146.0,646.0,-568.0,229.0,train
286,10_square,34,57,530.0,550.0,122.0,674.0,-408.0,124.0,train
287,10_square,9,1,663.0,694.0,330.0,627.0,-333.0,-67.0,train
288,10_square,53,42,281.0,456.0,650.0,299.0,369.0,-157.0,train
291,10_square,68,23,827.0,559.0,335.0,334.0,-492.0,-225.0,train
292,10_square,33,64,773.0,673.0,434.0,752.0,-339.0,79.0,train
293,10_square,41,3,638.0,139.0,649.0,463.0,11.0,324.0,train
295,10_square,60,22,847.0,746.0,774.0,290.0,-73.0,-456.0,train
296,10_square,48,30,523.0,890.0,396.0,900.0,-127.0,10.0,train
297,10_square,64,10,377.0,847.0,755.0,589.0,378.0,-258.0,train
298,10_square,53,29,722.0,235.0,719.0,674.0,-3.0,439.0,train
299,10_square,49,44,823.0,440.0,713.0,582.0,-110.0,142.0,train
300,10_square,56,35,283.0,605.0,604.0,390.0,321.0,-215.0,train
301,10_square,61,8,548.0,700.0,784.0,332.0,236.0,-368.0,train
302,10_square,33,51,564.0,445.0,424.0,511.0,-140.0,66.0,train
304,10_square,66,11,102.0,345.0,180.0,142.0,78.0,-203.0,train
305,10_square,25,0,741.0,572.0,879.0,496.0,138.0,-76.0,train
306,10_square,8,23,505.0,872.0,206.0,261.0,-299.0,-611.0,train
307,10_square,51,54,711.0,442.0,846.0,290.0,135.0,-152.0,train
308,10_square,25,52,330.0,177.0,119.0,605.0,-211.0,428.0,train
309,10_square,54,38,642.0,504.0,323.0,569.0,-319.0,65.0,train
310,10_square,2,58,574.0,841.0,833.0,880.0,259.0,39.0,train
312,10_square,24,9,476.0,282.0,636.0,452.0,160.0,170.0,train
316,10_square,54,7,618.0,868.0,340.0,500.0,-278.0,-368.0,train
317,10_square,65,65,136.0,387.0,113.0,600.0,-23.0,213.0,train
318,10_square,22,5,477.0,346.0,749.0,583.0,272.0,237.0,train
319,10_square,3,1,641.0,420.0,261.0,195.0,-380.0,-225.0,train
320,10_square,43,63,878.0,676.0,605.0,520.0,-273.0,-156.0,train
321,10_square,0,38,419.0,389.0,305.0,223.0,-114.0,-166.0,train
322,10_square,43,4,855.0,460.0,313.0,665.0,-542.0,205.0,train
323,10_square,5,55,219.0,189.0,740.0,657.0,521.0,468.0,train
324,10_square,52,18,267.0,448.0,668.0,129.0,401.0,-319.0,train
325,10_square,20,68,840.0,816.0,123.0,161.0,-717.0,-655.0,train
327,10_square,4,8,208.0,141.0,104.0,396.0,-104.0,255.0,train
328,10_square,52,44,766.0,163.0,677.0,137.0,-89.0,-26.0,train
329,10_square,53,12,157.0,620.0,116.0,252.0,-41.0,-368.0,train
330,10_square,68,51,385.0,593.0,359.0,377.0,-26.0,-216.0,train
331,10_square,17,48,813.0,251.0,795.0,788.0,-18.0,537.0,train
333,10_square,29,33,735.0,108.0,468.0,212.0,-267.0,104.0,train
334,10_square,44,55,314.0,650.0,149.0,427.0,-165.0,-223.0,train
335,10_square,54,19,142.0,188.0,741.0,124.0,599.0,-64.0,train
336,10_square,31,62,316.0,856.0,409.0,204.0,93.0,-652.0,train
337,10_square,2,67,328.0,158.0,357.0,459.0,29.0,301.0,train
340,10_square,48,16,289.0,392.0,326.0,550.0,37.0,158.0,train
341,10_square,29,23,888.0,794.0,255.0,126.0,-633.0,-668.0,train
342,10_square,45,6,510.0,882.0,569.0,478.0,59.0,-404.0,train
343,10_square,19,42,128.0,689.0,854.0,246.0,726.0,-443.0,train
344,10_square,57,8,757.0,616.0,429.0,269.0,-328.0,-347.0,train
345,10_square,18,7,435.0,780.0,147.0,349.0,-288.0,-431.0,train
347,10_square,23,19,754.0,664.0,123.0,595.0,-631.0,-69.0,train
350,10_square,66,57,885.0,776.0,447.0,355.0,-438.0,-421.0,train
352,10_square,0,64,803.0,861.0,106.0,132.0,-697.0,-729.0,train
353,10_square,63,60,847.0,815.0,169.0,717.0,-678.0,-98.0,train
354,10_square,35,12,116.0,560.0,526.0,230.0,410.0,-330.0,train
355,10_square,20,17,357.0,594.0,169.0,318.0,-188.0,-276.0,train
356,10_square,15,3,822.0,251.0,566.0,317.0,-256.0,66.0,train
357,10_square,60,46,131.0,827.0,667.0,175.0,536.0,-652.0,train
358,10_square,24,2,320.0,214.0,113.0,457.0,-207.0,243.0,train
359,10_square,67,5,896.0,719.0,792.0,227.0,-104.0,-492.0,train
360,10_square,52,67,692.0,107.0,119.0,511.0,-573.0,404.0,train
361,10_square,54,38,854.0,307.0,560.0,176.0,-294.0,-131.0,train
362,10_square,44,20,697.0,265.0,723.0,752.0,26.0,487.0,train
363,10_square,10,7,398.0,795.0,571.0,885.0,173.0,90.0,train
364,10_square,61,38,398.0,194.0,681.0,660.0,283.0,466.0,train
365,10_square,54,55,887.0,691.0,122.0,401.0,-765.0,-290.0,train
366,10_square,58,1,720.0,116.0,890.0,140.0,170.0,24.0,train
367,10_square,33,11,501.0,537.0,229.0,459.0,-272.0,-78.0,train
368,10_square,14,47,462.0,245.0,656.0,271.0,194.0,26.0,train
369,10_square,17,54,528.0,874.0,839.0,503.0,311.0,-371.0,train
370,10_square,64,16,826.0,100.0,417.0,241.0,-409.0,141.0,train
371,10_square,35,19,552.0,656.0,623.0,139.0,71.0,-517.0,train
372,10_square,50,22,364.0,825.0,382.0,900.0,18.0,75.0,train
373,10_square,16,7,737.0,783.0,146.0,723.0,-591.0,-60.0,train
374,10_square,19,1,463.0,544.0,490.0,300.0,27.0,-244.0,train
375,10_square,32,48,444.0,856.0,124.0,426.0,-320.0,-430.0,train
376,10_square,4,1,270.0,455.0,399.0,422.0,129.0,-33.0,train
377,10_square,35,37,323.0,857.0,684.0,689.0,361.0,-168.0,train
378,10_square,60,35,249.0,260.0,365.0,429.0,116.0,169.0,train
379,10_square,36,38,620.0,255.0,326.0,371.0,-294.0,116.0,train
380,10_square,23,24,559.0,404.0,798.0,464.0,239.0,60.0,train
381,10_square,5,17,168.0,315.0,569.0,410.0,401.0,95.0,train
382,10_square,27,57,553.0,558.0,841.0,266.0,288.0,-292.0,train
383,10_square,8,35,762.0,393.0,212.0,689.0,-550.0,296.0,train
384,10_square,38,8,805.0,427.0,219.0,184.0,-586.0,-243.0,train
385,10_square,23,41,792.0,406.0,797.0,343.0,5.0,-63.0,train
387,10_square,1,56,498.0,539.0,277.0,470.0,-221.0,-69.0,train
388,10_square,39,30,352.0,503.0,712.0,508.0,360.0,5.0,train
389,10_square,43,48,829.0,523.0,152.0,355.0,-677.0,-168.0,train
390,10_square,47,42,252.0,725.0,221.0,836.0,-31.0,111.0,train
391,10_square,3,50,785.0,277.0,501.0,617.0,-284.0,340.0,train
392,10_square,46,38,449.0,311.0,169.0,332.0,-280.0,21.0,train
393,10_square,34,53,658.0,651.0,292.0,555.0,-366.0,-96.0,train
394,10_square,48,1,320.0,427.0,656.0,890.0,336.0,463.0,train
396,10_square,29,36,882.0,584.0,634.0,268.0,-248.0,-316.0,train
398,10_square,10,52,752.0,181.0,477.0,288.0,-275.0,107.0,train
399,10_square,29,32,350.0,163.0,642.0,406.0,292.0,243.0,train
400,10_square,29,4,127.0,479.0,770.0,619.0,643.0,140.0,train
401,10_square,47,52,284.0,181.0,749.0,411.0,465.0,230.0,train
402,10_square,2,4,389.0,511.0,842.0,173.0,453.0,-338.0,train
403,10_square,9,14,873.0,291.0,316.0,299.0,-557.0,8.0,train
404,10_square,3,58,571.0,424.0,248.0,511.0,-323.0,87.0,train
405,10_square,56,41,299.0,771.0,354.0,337.0,55.0,-434.0,train
406,10_square,29,58,642.0,889.0,368.0,458.0,-274.0,-431.0,train
407,10_square,0,28,802.0,445.0,898.0,648.0,96.0,203.0,train
408,10_square,49,50,329.0,300.0,142.0,689.0,-187.0,389.0,train
409,10_square,20,32,836.0,816.0,702.0,622.0,-134.0,-194.0,train
410,10_square,46,53,211.0,814.0,667.0,829.0,456.0,15.0,train
412,10_square,19,45,300.0,892.0,465.0,679.0,165.0,-213.0,train
413,10_square,1,51,817.0,866.0,578.0,790.0,-239.0,-76.0,train
414,10_square,49,33,347.0,221.0,854.0,891.0,507.0,670.0,train
415,10_square,46,47,818.0,476.0,642.0,832.0,-176.0,356.0,train
416,10_square,16,54,101.0,111.0,651.0,708.0,550.0,597.0,train
417,10_square,22,22,315.0,653.0,337.0,554.0,22.0,-99.0,train
418,10_square,45,19,849.0,545.0,554.0,759.0,-295.0,214.0,train
419,10_square,53,17,607.0,610.0,265.0,604.0,-342.0,-6.0,train
420,10_square,2,19,306.0,747.0,759.0,517.0,453.0,-230.0,train
421,10_square,49,60,617.0,260.0,279.0,576.0,-338.0,316.0,train
422,10_square,55,42,812.0,691.0,715.0,210.0,-97.0,-481.0,train
423,10_square,59,28,213.0,250.0,800.0,866.0,587.0,616.0,train
424,10_square,57,30,695.0,322.0,228.0,191.0,-467.0,-131.0,train
425,10_square,25,21,196.0,857.0,851.0,502.0,655.0,-355.0,train
426,10_square,61,13,224.0,761.0,332.0,146.0,108.0,-615.0,train
428,10_square,65,26,413.0,617.0,138.0,428.0,-275.0,-189.0,train
429,10_square,16,18,194.0,407.0,393.0,377.0,199.0,-30.0,train
432,10_square,45,13,236.0,447.0,475.0,618.0,239.0,171.0,train
433,10_square,61,36,355.0,888.0,680.0,671.0,325.0,-217.0,train
434,10_square,41,60,260.0,460.0,312.0,787.0,52.0,327.0,train
435,10_square,49,20,571.0,616.0,286.0,867.0,-285.0,251.0,train
436,10_square,30,7,221.0,247.0,496.0,273.0,275.0,26.0,train
437,10_square,64,37,888.0,227.0,422.0,701.0,-466.0,474.0,train
438,10_square,38,27,783.0,113.0,530.0,323.0,-253.0,210.0,train
442,10_square,19,26,460.0,679.0,854.0,366.0,394.0,-313.0,train
443,10_square,4,60,792.0,107.0,377.0,199.0,-415.0,92.0,train
444,10_square,34,0,437.0,272.0,475.0,623.0,38.0,351.0,train
447,10_square,30,35,388.0,207.0,627.0,755.0,239.0,548.0,train
448,10_square,66,1,175.0,567.0,717.0,779.0,542.0,212.0,train
449,10_square,38,41,414.0,760.0,492.0,393.0,78.0,-367.0,train
450,10_square,43,3,355.0,504.0,147.0,552.0,-208.0,48.0,train
451,10_square,6,45,553.0,812.0,331.0,755.0,-222.0,-57.0,train
453,10_square,56,29,441.0,783.0,496.0,623.0,55.0,-160.0,train
454,10_square,49,49,631.0,150.0,854.0,617.0,223.0,467.0,train
455,10_square,57,17,747.0,425.0,402.0,195.0,-345.0,-230.0,train
456,10_square,40,43,139.0,718.0,122.0,884.0,-17.0,166.0,train
457,10_square,6,9,313.0,379.0,341.0,710.0,28.0,331.0,train
458,10_square,39,66,627.0,147.0,318.0,293.0,-309.0,146.0,train
459,10_square,68,24,325.0,241.0,760.0,735.0,435.0,494.0,train
460,10_square,51,25,239.0,608.0,465.0,175.0,226.0,-433.0,train
461,10_square,17,1,530.0,823.0,312.0,852.0,-218.0,29.0,train
462,10_square,54,37,674.0,738.0,416.0,567.0,-258.0,-171.0,train
463,10_square,24,20,673.0,172.0,760.0,883.0,87.0,711.0,train
465,10_square,62,43,806.0,681.0,363.0,862.0,-443.0,181.0,train
466,10_square,42,36,384.0,682.0,196.0,806.0,-188.0,124.0,train
467,10_square,34,15,303.0,745.0,781.0,634.0,478.0,-111.0,train
468,10_square,31,4,831.0,349.0,243.0,737.0,-588.0,388.0,train
469,10_square,38,38,625.0,680.0,534.0,216.0,-91.0,-464.0,train
471,10_square,59,41,164.0,370.0,805.0,661.0,641.0,291.0,train
472,10_square,12,42,172.0,832.0,480.0,805.0,308.0,-27.0,train
473,10_square,64,47,239.0,745.0,128.0,557.0,-111.0,-188.0,train
474,10_square,66,11,350.0,315.0,877.0,345.0,527.0,30.0,train
475,10_square,28,62,329.0,244.0,503.0,363.0,174.0,119.0,train
476,10_square,3,58,539.0,271.0,779.0,181.0,240.0,-90.0,train
477,10_square,16,66,755.0,470.0,831.0,704.0,76.0,234.0,train
478,10_square,31,52,204.0,664.0,145.0,446.0,-59.0,-218.0,train
479,10_square,14,30,210.0,497.0,172.0,390.0,-38.0,-107.0,train
480,10_square,13,8,421.0,797.0,306.0,474.0,-115.0,-323.0,train
481,10_square,11,65,807.0,378.0,448.0,822.0,-359.0,444.0,train
482,10_square,5,9,591.0,274.0,146.0,680.0,-445.0,406.0,train
483,10_square,2,63,884.0,115.0,153.0,115.0,-731.0,0.0,train
484,10_square,14,13,519.0,775.0,672.0,873.0,153.0,98.0,train
485,10_square,24,48,888.0,298.0,466.0,785.0,-422.0,487.0,train
486,10_square,6,30,503.0,375.0,102.0,858.0,-401.0,483.0,train
488,10_square,33,44,427.0,735.0,355.0,780.0,-72.0,45.0,train
489,10_square,23,68,802.0,218.0,322.0,791.0,-480.0,573.0,train
490,10_square,55,57,124.0,864.0,877.0,742.0,753.0,-122.0,train
492,10_square,23,66,651.0,600.0,621.0,375.0,-30.0,-225.0,train
493,10_square,6,25,717.0,624.0,603.0,410.0,-114.0,-214.0,train
494,10_square,29,51,434.0,468.0,529.0,854.0,95.0,386.0,train
495,10_square,24,57,710.0,691.0,451.0,104.0,-259.0,-587.0,train
496,10_square,1,61,624.0,282.0,478.0,456.0,-146.0,174.0,train
497,10_square,59,4,857.0,437.0,549.0,549.0,-308.0,112.0,train
498,10_square,0,56,311.0,684.0,340.0,695.0,29.0,11.0,train
499,10_square,13,24,678.0,847.0,277.0,743.0,-401.0,-104.0,train
501,23_square,36,33,298.0,319.0,104.0,147.0,-194.0,-172.0,train
502,23_square,14,20,470.0,324.0,323.0,174.0,-147.0,-150.0,train
503,23_square,15,42,362.0,660.0,575.0,250.0,213.0,-410.0,train
504,23_square,40,48,589.0,476.0,209.0,562.0,-380.0,86.0,train
505,23_square,67,22,439.0,743.0,387.0,353.0,-52.0,-390.0,train
506,23_square,58,45,330.0,270.0,214.0,411.0,-116.0,141.0,train
507,23_square,38,9,115.0,730.0,552.0,536.0,437.0,-194.0,train
508,23_square,38,60,265.0,785.0,199.0,392.0,-66.0,-393.0,train
509,23_square,57,37,770.0,194.0,624.0,592.0,-146.0,398.0,train
511,23_square,19,24,491.0,345.0,106.0,105.0,-385.0,-240.0,train
512,23_square,37,38,171.0,317.0,309.0,219.0,138.0,-98.0,train
513,23_square,31,0,399.0,573.0,195.0,538.0,-204.0,-35.0,train
514,23_square,59,41,226.0,790.0,495.0,107.0,269.0,-683.0,train
515,23_square,57,64,549.0,749.0,752.0,686.0,203.0,-63.0,train
516,23_square,30,47,718.0,886.0,701.0,829.0,-17.0,-57.0,train
517,23_square,66,23,795.0,616.0,767.0,531.0,-28.0,-85.0,train
518,23_square,11,1,106.0,512.0,335.0,391.0,229.0,-121.0,train
519,23_square,5,16,743.0,404.0,319.0,760.0,-424.0,356.0,train
521,23_square,9,8,706.0,251.0,277.0,619.0,-429.0,368.0,train
522,23_square,40,29,130.0,152.0,664.0,670.0,534.0,518.0,train
523,23_square,59,54,654.0,242.0,839.0,617.0,185.0,375.0,train
524,23_square,3,32,768.0,606.0,304.0,501.0,-464.0,-105.0,train
525,23_square,63,55,721.0,203.0,617.0,136.0,-104.0,-67.0,train
526,23_square,4,5,144.0,411.0,640.0,805.0,496.0,394.0,train
527,23_square,22,2,661.0,179.0,277.0,103.0,-384.0,-76.0,train
528,23_square,11,35,403.0,637.0,899.0,653.0,496.0,16.0,train
529,23_square,45,62,285.0,360.0,452.0,838.0,167.0,478.0,train
531,23_square,52,4,157.0,684.0,539.0,126.0,382.0,-558.0,train
532,23_square,36,10,529.0,785.0,213.0,473.0,-316.0,-312.0,train
533,23_square,30,18,700.0,511.0,460.0,145.0,-240.0,-366.0,train
534,23_square,65,26,227.0,172.0,512.0,130.0,285.0,-42.0,train
535,23_square,20,58,600.0,429.0,454.0,590.0,-146.0,161.0,train
536,23_square,10,17,129.0,753.0,631.0,583.0,502.0,-170.0,train
538,23_square,48,26,318.0,267.0,428.0,386.0,110.0,119.0,train
539,23_square,64,2,220.0,601.0,135.0,603.0,-85.0,2.0,train
540,23_square,52,18,599.0,329.0,567.0,239.0,-32.0,-90.0,train
542,23_square,12,4,510.0,719.0,363.0,223.0,-147.0,-496.0,train
543,23_square,33,44,681.0,518.0,897.0,155.0,216.0,-363.0,train
544,23_square,7,44,297.0,592.0,822.0,654.0,525.0,62.0,train
545,23_square,68,40,829.0,525.0,846.0,886.0,17.0,361.0,train
547,23_square,61,21,224.0,439.0,508.0,854.0,284.0,415.0,train
548,23_square,27,58,671.0,860.0,870.0,217.0,199.0,-643.0,train
549,23_square,41,66,497.0,671.0,359.0,348.0,-138.0,-323.0,train
550,23_square,44,23,215.0,886.0,749.0,681.0,534.0,-205.0,train
551,23_square,30,64,343.0,400.0,113.0,196.0,-230.0,-204.0,train
552,23_square,50,65,288.0,589.0,556.0,487.0,268.0,-102.0,train
553,23_square,65,23,162.0,325.0,322.0,157.0,160.0,-168.0,train
554,23_square,32,29,798.0,810.0,183.0,553.0,-615.0,-257.0,train
555,23_square,43,68,762.0,158.0,279.0,259.0,-483.0,101.0,train
556,23_square,54,3,523.0,827.0,659.0,832.0,136.0,5.0,train
557,23_square,42,17,784.0,839.0,498.0,763.0,-286.0,-76.0,train
558,23_square,11,46,619.0,836.0,332.0,861.0,-287.0,25.0,train
560,23_square,50,9,116.0,485.0,174.0,322.0,58.0,-163.0,train
561,23_square,39,12,320.0,334.0,849.0,588.0,529.0,254.0,train
563,23_square,4,50,146.0,879.0,183.0,671.0,37.0,-208.0,train
565,23_square,19,29,575.0,109.0,688.0,843.0,113.0,734.0,train
566,23_square,1,61,616.0,661.0,156.0,123.0,-460.0,-538.0,train
567,23_square,13,6,866.0,268.0,842.0,429.0,-24.0,161.0,train
568,23_square,56,26,685.0,503.0,265.0,488.0,-420.0,-15.0,train
569,23_square,0,7,506.0,244.0,541.0,213.0,35.0,-31.0,train
571,23_square,25,25,141.0,370.0,883.0,229.0,742.0,-141.0,train
572,23_square,3,3,216.0,558.0,476.0,633.0,260.0,75.0,train
576,23_square,8,32,452.0,514.0,631.0,846.0,179.0,332.0,train
577,23_square,35,18,839.0,363.0,248.0,839.0,-591.0,476.0,train
578,23_square,7,62,696.0,371.0,879.0,448.0,183.0,77.0,train
579,23_square,34,15,586.0,310.0,691.0,254.0,105.0,-56.0,train
580,23_square,66,66,864.0,394.0,854.0,602.0,-10.0,208.0,train
581,23_square,25,60,567.0,844.0,139.0,828.0,-428.0,-16.0,train
582,23_square,57,53,494.0,393.0,126.0,406.0,-368.0,13.0,train
583,23_square,56,30,114.0,487.0,890.0,403.0,776.0,-84.0,train
584,23_square,37,28,290.0,659.0,422.0,441.0,132.0,-218.0,train
585,23_square,32,23,271.0,100.0,139.0,102.0,-132.0,2.0,train
586,23_square,39,14,125.0,698.0,481.0,498.0,356.0,-200.0,train
587,23_square,59,37,717.0,769.0,345.0,263.0,-372.0,-506.0,train
588,23_square,49,22,168.0,568.0,605.0,341.0,437.0,-227.0,train
589,23_square,24,30,776.0,580.0,594.0,707.0,-182.0,127.0,train
590,23_square,17,59,847.0,713.0,569.0,362.0,-278.0,-351.0,train
593,23_square,29,65,264.0,688.0,430.0,763.0,166.0,75.0,train
595,23_square,32,50,246.0,342.0,631.0,408.0,385.0,66.0,train
596,23_square,46,27,629.0,858.0,447.0,215.0,-182.0,-643.0,train
597,23_square,25,62,437.0,691.0,853.0,265.0,416.0,-426.0,train
598,23_square,28,23,114.0,394.0,442.0,423.0,328.0,29.0,train
599,23_square,43,0,417.0,269.0,540.0,667.0,123.0,398.0,train
600,23_square,39,15,215.0,334.0,657.0,303.0,442.0,-31.0,train
601,23_square,39,32,794.0,212.0,249.0,233.0,-545.0,21.0,train
602,23_square,49,57,714.0,464.0,802.0,103.0,88.0,-361.0,train
604,23_square,4,65,667.0,645.0,491.0,638.0,-176.0,-7.0,train
605,23_square,16,41,208.0,258.0,891.0,771.0,683.0,513.0,train
606,23_square,15,36,850.0,747.0,825.0,404.0,-25.0,-343.0,train
607,23_square,67,23,857.0,273.0,425.0,127.0,-432.0,-146.0,train
608,23_square,40,55,558.0,449.0,637.0,381.0,79.0,-68.0,train
609,23_square,55,27,600.0,401.0,767.0,721.0,167.0,320.0,train
610,23_square,2,46,324.0,153.0,469.0,678.0,145.0,525.0,train
611,23_square,26,7,647.0,271.0,710.0,130.0,63.0,-141.0,train
612,23_square,23,37,576.0,682.0,627.0,273.0,51.0,-409.0,train
613,23_square,13,67,887.0,870.0,474.0,846.0,-413.0,-24.0,train
614,23_square,11,4,544.0,371.0,616.0,631.0,72.0,260.0,train
615,23_square,30,5,271.0,750.0,655.0,133.0,384.0,-617.0,train
616,23_square,66,40,110.0,817.0,683.0,524.0,573.0,-293.0,train
617,23_square,19,64,367.0,717.0,408.0,222.0,41.0,-495.0,train
618,23_square,63,51,162.0,801.0,724.0,825.0,562.0,24.0,train
619,23_square,40,34,150.0,641.0,456.0,656.0,306.0,15.0,train
620,23_square,7,30,318.0,374.0,529.0,470.0,211.0,96.0,train
622,23_square,19,40,459.0,739.0,634.0,859.0,175.0,120.0,train
623,23_square,27,26,187.0,206.0,552.0,819.0,365.0,613.0,train
624,23_square,63,24,565.0,228.0,217.0,749.0,-348.0,521.0,train
625,23_square,39,29,376.0,368.0,469.0,346.0,93.0,-22.0,train
626,23_square,26,61,351.0,630.0,858.0,238.0,507.0,-392.0,train
627,23_square,40,44,686.0,590.0,627.0,841.0,-59.0,251.0,train
629,23_square,42,46,255.0,735.0,182.0,124.0,-73.0,-611.0,train
630,23_square,52,10,210.0,756.0,720.0,362.0,510.0,-394.0,train
631,23_square,37,54,207.0,429.0,228.0,841.0,21.0,412.0,train
633,23_square,44,41,823.0,659.0,860.0,463.0,37.0,-196.0,train
634,23_square,62,65,299.0,182.0,801.0,760.0,502.0,578.0,train
635,23_square,53,15,329.0,128.0,466.0,797.0,137.0,669.0,train
636,23_square,57,35,127.0,538.0,882.0,826.0,755.0,288.0,train
637,23_square,49,30,458.0,432.0,583.0,294.0,125.0,-138.0,train
638,23_square,19,28,322.0,572.0,164.0,505.0,-158.0,-67.0,train
641,23_square,30,18,113.0,288.0,211.0,450.0,98.0,162.0,train
642,23_square,28,22,582.0,831.0,599.0,498.0,17.0,-333.0,train
644,23_square,20,24,222.0,768.0,829.0,520.0,607.0,-248.0,train
645,23_square,26,67,449.0,322.0,149.0,148.0,-300.0,-174.0,train
647,23_square,54,31,784.0,370.0,239.0,863.0,-545.0,493.0,train
648,23_square,55,5,559.0,481.0,373.0,469.0,-186.0,-12.0,train
649,23_square,50,41,773.0,458.0,432.0,275.0,-341.0,-183.0,train
651,23_square,67,59,734.0,475.0,114.0,860.0,-620.0,385.0,train
652,23_square,20,40,802.0,828.0,462.0,626.0,-340.0,-202.0,train
653,23_square,32,1,136.0,342.0,253.0,295.0,117.0,-47.0,train
654,23_square,40,47,833.0,283.0,233.0,671.0,-600.0,388.0,train
655,23_square,55,55,784.0,402.0,345.0,496.0,-439.0,94.0,train
656,23_square,19,28,579.0,754.0,705.0,874.0,126.0,120.0,train
657,23_square,5,45,700.0,149.0,271.0,863.0,-429.0,714.0,train
658,23_square,18,22,440.0,652.0,196.0,519.0,-244.0,-133.0,train
659,23_square,22,19,643.0,398.0,428.0,562.0,-215.0,164.0,train
660,23_square,23,38,320.0,782.0,258.0,440.0,-62.0,-342.0,train
661,23_square,26,8,829.0,444.0,130.0,374.0,-699.0,-70.0,train
663,23_square,2,24,418.0,153.0,726.0,735.0,308.0,582.0,train
664,23_square,56,45,238.0,425.0,738.0,498.0,500.0,73.0,train
665,23_square,25,8,745.0,558.0,868.0,498.0,123.0,-60.0,train
666,23_square,39,15,254.0,447.0,641.0,522.0,387.0,75.0,train
667,23_square,33,54,344.0,769.0,170.0,475.0,-174.0,-294.0,train
669,23_square,64,3,382.0,619.0,194.0,467.0,-188.0,-152.0,train
671,23_square,13,21,267.0,341.0,464.0,107.0,197.0,-234.0,train
673,23_square,6,19,678.0,358.0,151.0,852.0,-527.0,494.0,train
674,23_square,52,14,260.0,750.0,851.0,848.0,591.0,98.0,train
675,23_square,0,55,702.0,139.0,435.0,617.0,-267.0,478.0,train
676,23_square,11,10,250.0,782.0,551.0,264.0,301.0,-518.0,train
677,23_square,67,63,144.0,393.0,508.0,622.0,364.0,229.0,train
679,23_square,38,64,536.0,105.0,301.0,680.0,-235.0,575.0,train
681,23_square,25,55,248.0,688.0,865.0,200.0,617.0,-488.0,train
683,23_square,58,27,611.0,397.0,318.0,313.0,-293.0,-84.0,train
684,23_square,54,12,399.0,379.0,330.0,501.0,-69.0,122.0,train
685,23_square,42,31,531.0,526.0,806.0,682.0,275.0,156.0,train
686,23_square,17,18,104.0,268.0,273.0,343.0,169.0,75.0,train
687,23_square,6,11,762.0,658.0,818.0,275.0,56.0,-383.0,train
688,23_square,40,42,336.0,100.0,411.0,756.0,75.0,656.0,train
689,23_square,33,35,629.0,343.0,693.0,792.0,64.0,449.0,train
690,23_square,38,44,585.0,238.0,569.0,776.0,-16.0,538.0,train
691,23_square,56,49,592.0,657.0,869.0,384.0,277.0,-273.0,train
692,23_square,2,2,123.0,188.0,545.0,143.0,422.0,-45.0,train
693,23_square,28,63,504.0,215.0,687.0,207.0,183.0,-8.0,train
694,23_square,23,28,312.0,515.0,494.0,105.0,182.0,-410.0,train
696,23_square,19,53,430.0,319.0,617.0,747.0,187.0,428.0,train
697,23_square,66,62,336.0,515.0,370.0,856.0,34.0,341.0,train
700,23_square,33,51,436.0,159.0,745.0,236.0,309.0,77.0,train
702,23_square,43,43,758.0,683.0,186.0,341.0,-572.0,-342.0,train
704,23_square,35,10,722.0,559.0,638.0,704.0,-84.0,145.0,train
708,23_square,27,28,611.0,122.0,274.0,613.0,-337.0,491.0,train
709,23_square,63,66,366.0,562.0,737.0,643.0,371.0,81.0,train
711,23_square,5,8,192.0,319.0,817.0,100.0,625.0,-219.0,train
712,23_square,63,37,116.0,539.0,820.0,748.0,704.0,209.0,train
713,23_square,20,35,268.0,633.0,191.0,828.0,-77.0,195.0,train
714,23_square,30,41,561.0,599.0,754.0,533.0,193.0,-66.0,train
715,23_square,32,41,371.0,760.0,861.0,618.0,490.0,-142.0,train
716,23_square,66,21,678.0,774.0,347.0,197.0,-331.0,-577.0,train
717,23_square,31,41,508.0,655.0,423.0,465.0,-85.0,-190.0,train
719,23_square,51,30,160.0,796.0,743.0,327.0,583.0,-469.0,train
720,23_square,19,67,723.0,154.0,841.0,619.0,118.0,465.0,train
721,23_square,49,67,637.0,100.0,722.0,679.0,85.0,579.0,train
722,23_square,19,36,736.0,270.0,366.0,117.0,-370.0,-153.0,train
723,23_square,19,41,774.0,352.0,222.0,770.0,-552.0,418.0,train
724,23_square,52,60,512.0,519.0,883.0,427.0,371.0,-92.0,train
725,23_square,48,41,879.0,475.0,359.0,658.0,-520.0,183.0,train
726,23_square,8,55,529.0,763.0,670.0,620.0,141.0,-143.0,train
728,23_square,62,43,283.0,833.0,190.0,880.0,-93.0,47.0,train
729,23_square,66,27,338.0,503.0,355.0,553.0,17.0,50.0,train
730,23_square,27,55,662.0,137.0,151.0,116.0,-511.0,-21.0,train
731,23_square,52,49,213.0,641.0,533.0,170.0,320.0,-471.0,train
732,23_square,43,5,137.0,223.0,709.0,673.0,572.0,450.0,train
735,23_square,22,37,115.0,742.0,558.0,853.0,443.0,111.0,train
736,23_square,41,17,296.0,561.0,517.0,861.0,221.0,300.0,train
737,23_square,34,2,791.0,475.0,296.0,772.0,-495.0,297.0,train
738,23_square,41,9,882.0,101.0,237.0,521.0,-645.0,420.0,train
739,23_square,10,3,637.0,544.0,457.0,850.0,-180.0,306.0,train
740,23_square,33,3,413.0,146.0,868.0,296.0,455.0,150.0,train
741,23_square,50,18,201.0,522.0,592.0,899.0,391.0,377.0,train
742,23_square,67,38,417.0,299.0,641.0,311.0,224.0,12.0,train
743,23_square,14,50,248.0,435.0,705.0,610.0,457.0,175.0,train
744,23_square,22,11,208.0,457.0,470.0,715.0,262.0,258.0,train
745,23_square,13,17,867.0,776.0,414.0,883.0,-453.0,107.0,train
746,23_square,0,16,428.0,778.0,312.0,432.0,-116.0,-346.0,train
747,23_square,55,68,590.0,533.0,139.0,609.0,-451.0,76.0,train
748,23_square,2,48,840.0,575.0,190.0,450.0,-650.0,-125.0,train
749,23_square,33,45,593.0,749.0,176.0,641.0,-417.0,-108.0,train
751,23_square,28,45,579.0,718.0,439.0,217.0,-140.0,-501.0,train
752,23_square,39,6,346.0,186.0,627.0,431.0,281.0,245.0,train
753,23_square,10,5,289.0,323.0,655.0,817.0,366.0,494.0,train
755,23_square,4,52,743.0,876.0,701.0,158.0,-42.0,-718.0,train
758,23_square,27,51,439.0,395.0,792.0,223.0,353.0,-172.0,train
759,23_square,66,6,895.0,707.0,211.0,158.0,-684.0,-549.0,train
761,23_square,42,45,727.0,742.0,747.0,535.0,20.0,-207.0,train
762,23_square,45,47,386.0,397.0,478.0,866.0,92.0,469.0,train
763,23_square,19,11,264.0,896.0,726.0,814.0,462.0,-82.0,train
764,23_square,10,5,455.0,666.0,629.0,447.0,174.0,-219.0,train
765,23_square,12,52,545.0,325.0,680.0,191.0,135.0,-134.0,train
766,23_square,43,39,179.0,154.0,461.0,544.0,282.0,390.0,train
767,23_square,23,44,447.0,890.0,310.0,376.0,-137.0,-514.0,train
768,23_square,49,43,152.0,601.0,441.0,847.0,289.0,246.0,train
769,23_square,67,55,703.0,895.0,839.0,770.0,136.0,-125.0,train
770,23_square,25,30,850.0,521.0,756.0,841.0,-94.0,320.0,train
772,23_square,30,25,195.0,120.0,490.0,228.0,295.0,108.0,train
773,23_square,2,31,181.0,859.0,378.0,593.0,197.0,-266.0,train
774,23_square,50,39,218.0,429.0,181.0,297.0,-37.0,-132.0,train
775,23_square,43,2,259.0,129.0,603.0,756.0,344.0,627.0,train
776,23_square,22,52,606.0,303.0,655.0,350.0,49.0,47.0,train
777,23_square,66,59,236.0,838.0,893.0,587.0,657.0,-251.0,train
778,23_square,3,53,612.0,209.0,284.0,692.0,-328.0,483.0,train
779,23_square,24,61,853.0,807.0,474.0,584.0,-379.0,-223.0,train
780,23_square,30,39,717.0,487.0,198.0,274.0,-519.0,-213.0,train
781,23_square,46,25,319.0,484.0,329.0,498.0,10.0,14.0,train
782,23_square,42,18,791.0,167.0,401.0,455.0,-390.0,288.0,train
783,23_square,31,54,240.0,360.0,874.0,199.0,634.0,-161.0,train
784,23_square,26,1,786.0,278.0,789.0,109.0,3.0,-169.0,train
786,23_square,8,39,484.0,509.0,606.0,853.0,122.0,344.0,train
787,23_square,19,30,344.0,617.0,275.0,889.0,-69.0,272.0,train
788,23_square,54,17,882.0,629.0,108.0,848.0,-774.0,219.0,train
789,23_square,33,51,631.0,719.0,607.0,826.0,-24.0,107.0,train
790,23_square,21,39,427.0,662.0,633.0,298.0,206.0,-364.0,train
791,23_square,21,24,364.0,490.0,298.0,276.0,-66.0,-214.0,train
793,23_square,26,29,142.0,552.0,188.0,510.0,46.0,-42.0,train
795,23_square,66,29,840.0,577.0,810.0,436.0,-30.0,-141.0,train
796,23_square,68,33,462.0,165.0,577.0,207.0,115.0,42.0,train
797,23_square,14,33,188.0,369.0,256.0,872.0,68.0,503.0,train
798,23_square,42,33,765.0,418.0,841.0,815.0,76.0,397.0,train
799,23_square,49,38,220.0,173.0,487.0,145.0,267.0,-28.0,train
801,23_square,53,8,487.0,254.0,869.0,115.0,382.0,-139.0,train
803,23_square,5,40,304.0,189.0,163.0,172.0,-141.0,-17.0,train
804,23_square,27,35,573.0,610.0,429.0,428.0,-144.0,-182.0,train
806,23_square,20,11,662.0,315.0,353.0,206.0,-309.0,-109.0,train
807,23_square,30,8,760.0,278.0,526.0,570.0,-234.0,292.0,train
808,23_square,31,38,694.0,871.0,853.0,484.0,159.0,-387.0,train
809,23_square,58,33,769.0,336.0,222.0,462.0,-547.0,126.0,train
811,23_square,43,53,568.0,142.0,461.0,830.0,-107.0,688.0,train
812,23_square,31,67,812.0,600.0,603.0,329.0,-209.0,-271.0,train
814,23_square,15,6,152.0,511.0,584.0,373.0,432.0,-138.0,train
816,23_square,20,35,388.0,610.0,497.0,148.0,109.0,-462.0,train
817,23_square,14,16,123.0,364.0,121.0,133.0,-2.0,-231.0,train
819,23_square,29,60,418.0,161.0,137.0,609.0,-281.0,448.0,train
820,23_square,2,5,573.0,637.0,420.0,234.0,-153.0,-403.0,train
821,23_square,48,45,363.0,203.0,586.0,594.0,223.0,391.0,train
822,23_square,1,61,895.0,181.0,275.0,291.0,-620.0,110.0,train
823,23_square,62,34,477.0,283.0,399.0,843.0,-78.0,560.0,train
824,23_square,44,64,326.0,318.0,838.0,769.0,512.0,451.0,train
826,23_square,15,50,271.0,608.0,518.0,771.0,247.0,163.0,train
827,23_square,21,13,350.0,843.0,116.0,264.0,-234.0,-579.0,train
828,23_square,42,28,256.0,410.0,231.0,747.0,-25.0,337.0,train
829,23_square,49,45,762.0,578.0,333.0,838.0,-429.0,260.0,train
830,23_square,63,63,430.0,181.0,656.0,500.0,226.0,319.0,train
832,23_square,11,19,448.0,816.0,168.0,383.0,-280.0,-433.0,train
834,23_square,38,14,623.0,568.0,836.0,511.0,213.0,-57.0,train
835,23_square,11,1,330.0,799.0,760.0,680.0,430.0,-119.0,train
837,23_square,8,63,874.0,168.0,513.0,741.0,-361.0,573.0,train
838,23_square,60,61,126.0,261.0,870.0,132.0,744.0,-129.0,train
839,23_square,12,47,830.0,306.0,414.0,785.0,-416.0,479.0,train
841,23_square,5,22,656.0,721.0,580.0,647.0,-76.0,-74.0,train
843,23_square,1,54,429.0,288.0,322.0,356.0,-107.0,68.0,train
845,23_square,29,22,780.0,784.0,349.0,824.0,-431.0,40.0,train
847,23_square,52,44,632.0,188.0,403.0,114.0,-229.0,-74.0,train
848,23_square,5,55,303.0,368.0,454.0,500.0,151.0,132.0,train
849,23_square,53,6,624.0,500.0,555.0,733.0,-69.0,233.0,train
850,23_square,61,54,163.0,764.0,254.0,406.0,91.0,-358.0,train
851,23_square,55,5,346.0,194.0,848.0,833.0,502.0,639.0,train
852,23_square,10,7,487.0,503.0,476.0,101.0,-11.0,-402.0,train
853,23_square,58,21,399.0,895.0,120.0,823.0,-279.0,-72.0,train
854,23_square,65,35,581.0,870.0,443.0,757.0,-138.0,-113.0,train
855,23_square,58,66,855.0,270.0,402.0,677.0,-453.0,407.0,train
856,23_square,15,16,539.0,872.0,106.0,323.0,-433.0,-549.0,train
857,23_square,46,63,611.0,311.0,748.0,255.0,137.0,-56.0,train
858,23_square,28,27,191.0,378.0,618.0,774.0,427.0,396.0,train
859,23_square,47,54,756.0,462.0,584.0,734.0,-172.0,272.0,train
860,23_square,10,11,476.0,254.0,500.0,414.0,24.0,160.0,train
861,23_square,8,64,723.0,307.0,384.0,791.0,-339.0,484.0,train
862,23_square,44,63,769.0,365.0,109.0,786.0,-660.0,421.0,train
864,23_square,42,16,893.0,485.0,679.0,195.0,-214.0,-290.0,train
865,23_square,26,23,767.0,483.0,318.0,747.0,-449.0,264.0,train
870,23_square,19,33,884.0,593.0,652.0,424.0,-232.0,-169.0,train
871,23_square,37,37,475.0,310.0,642.0,825.0,167.0,515.0,train
872,23_square,54,32,760.0,248.0,768.0,810.0,8.0,562.0,train
873,23_square,23,42,422.0,889.0,446.0,897.0,24.0,8.0,train
874,23_square,61,4,840.0,321.0,529.0,303.0,-311.0,-18.0,train
875,23_square,50,28,806.0,234.0,409.0,687.0,-397.0,453.0,train
876,23_square,56,11,429.0,272.0,583.0,331.0,154.0,59.0,train
877,23_square,60,5,666.0,621.0,199.0,195.0,-467.0,-426.0,train
878,23_square,67,63,341.0,848.0,207.0,291.0,-134.0,-557.0,train
880,23_square,38,56,534.0,131.0,379.0,379.0,-155.0,248.0,train
881,23_square,66,31,341.0,807.0,661.0,732.0,320.0,-75.0,train
882,23_square,57,46,612.0,564.0,444.0,366.0,-168.0,-198.0,train
885,23_square,32,25,308.0,496.0,602.0,466.0,294.0,-30.0,train
888,23_square,30,7,118.0,513.0,734.0,303.0,616.0,-210.0,train
889,23_square,25,61,292.0,568.0,147.0,222.0,-145.0,-346.0,train
890,23_square,64,37,577.0,779.0,188.0,433.0,-389.0,-346.0,train
891,23_square,16,4,707.0,384.0,417.0,461.0,-290.0,77.0,train
892,23_square,28,42,206.0,803.0,624.0,639.0,418.0,-164.0,train
893,23_square,64,27,428.0,895.0,548.0,168.0,120.0,-727.0,train
895,23_square,53,47,237.0,138.0,267.0,144.0,30.0,6.0,train
896,23_square,64,42,719.0,664.0,271.0,445.0,-448.0,-219.0,train
897,23_square,5,36,797.0,244.0,414.0,376.0,-383.0,132.0,train
898,23_square,64,20,561.0,819.0,153.0,581.0,-408.0,-238.0,train
899,23_square,49,63,102.0,553.0,697.0,410.0,595.0,-143.0,train
900,23_square,53,60,145.0,160.0,193.0,742.0,48.0,582.0,train
903,23_square,62,39,405.0,898.0,249.0,120.0,-156.0,-778.0,train
904,23_square,57,42,184.0,464.0,700.0,265.0,516.0,-199.0,train
905,23_square,9,63,530.0,351.0,810.0,554.0,280.0,203.0,train
906,23_square,23,39,874.0,741.0,332.0,502.0,-542.0,-239.0,train
908,23_square,64,59,642.0,856.0,726.0,348.0,84.0,-508.0,train
910,23_square,20,23,750.0,212.0,549.0,746.0,-201.0,534.0,train
911,23_square,43,45,480.0,586.0,454.0,170.0,-26.0,-416.0,train
912,23_square,12,23,128.0,192.0,336.0,798.0,208.0,606.0,train
913,23_square,17,20,867.0,714.0,101.0,639.0,-766.0,-75.0,train
915,23_square,10,23,116.0,740.0,748.0,420.0,632.0,-320.0,train
916,23_square,59,63,575.0,731.0,343.0,788.0,-232.0,57.0,train
917,23_square,64,7,786.0,655.0,237.0,285.0,-549.0,-370.0,train
918,23_square,16,22,747.0,393.0,457.0,596.0,-290.0,203.0,train
920,23_square,37,5,187.0,771.0,375.0,801.0,188.0,30.0,train
921,23_square,62,5,567.0,499.0,608.0,881.0,41.0,382.0,train
922,23_square,4,46,724.0,199.0,106.0,197.0,-618.0,-2.0,train
923,23_square,0,34,124.0,481.0,710.0,144.0,586.0,-337.0,train
924,23_square,23,12,113.0,271.0,168.0,108.0,55.0,-163.0,train
925,23_square,22,66,866.0,154.0,166.0,833.0,-700.0,679.0,train
926,23_square,25,66,350.0,368.0,117.0,348.0,-233.0,-20.0,train
927,23_square,34,5,333.0,167.0,207.0,385.0,-126.0,218.0,train
928,23_square,48,23,475.0,391.0,758.0,355.0,283.0,-36.0,train
929,23_square,65,23,713.0,274.0,593.0,228.0,-120.0,-46.0,train
930,23_square,68,39,495.0,731.0,544.0,683.0,49.0,-48.0,train
932,23_square,49,20,222.0,200.0,751.0,230.0,529.0,30.0,train
933,23_square,47,4,321.0,444.0,418.0,784.0,97.0,340.0,train
935,23_square,47,57,787.0,447.0,844.0,349.0,57.0,-98.0,train
937,23_square,34,0,620.0,343.0,539.0,417.0,-81.0,74.0,train
938,23_square,37,46,248.0,553.0,711.0,895.0,463.0,342.0,train
939,23_square,30,43,700.0,775.0,798.0,762.0,98.0,-13.0,train
940,23_square,64,51,412.0,638.0,131.0,872.0,-281.0,234.0,train
942,23_square,52,67,760.0,464.0,287.0,478.0,-473.0,14.0,train
944,23_square,56,26,346.0,318.0,895.0,253.0,549.0,-65.0,train
945,23_square,36,66,683.0,141.0,154.0,888.0,-529.0,747.0,train
946,23_square,22,35,239.0,408.0,716.0,863.0,477.0,455.0,train
949,23_square,68,2,546.0,334.0,662.0,753.0,116.0,419.0,train
951,23_square,61,13,697.0,749.0,227.0,517.0,-470.0,-232.0,train
952,23_square,58,34,811.0,295.0,130.0,458.0,-681.0,163.0,train
954,23_square,65,18,550.0,308.0,468.0,735.0,-82.0,427.0,train
955,23_square,18,15,208.0,414.0,209.0,653.0,1.0,239.0,train
957,23_square,54,55,146.0,102.0,395.0,399.0,249.0,297.0,train
958,23_square,44,21,619.0,799.0,500.0,448.0,-119.0,-351.0,train
960,23_square,47,65,728.0,238.0,444.0,581.0,-284.0,343.0,train
961,23_square,14,10,737.0,140.0,732.0,616.0,-5.0,476.0,train
962,23_square,33,52,853.0,855.0,307.0,217.0,-546.0,-638.0,train
964,23_square,25,5,442.0,321.0,463.0,889.0,21.0,568.0,train
965,23_square,50,29,735.0,883.0,334.0,804.0,-401.0,-79.0,train
966,23_square,24,44,337.0,345.0,829.0,512.0,492.0,167.0,train
969,23_square,65,15,629.0,336.0,685.0,408.0,56.0,72.0,train
971,23_square,56,34,530.0,876.0,138.0,165.0,-392.0,-711.0,train
972,23_square,68,66,483.0,147.0,899.0,380.0,416.0,233.0,train
974,23_square,33,23,590.0,239.0,727.0,759.0,137.0,520.0,train
975,23_square,13,20,881.0,341.0,728.0,370.0,-153.0,29.0,train
976,23_square,0,50,218.0,356.0,256.0,459.0,38.0,103.0,train
977,23_square,8,54,868.0,666.0,328.0,413.0,-540.0,-253.0,train
978,23_square,50,61,728.0,801.0,113.0,442.0,-615.0,-359.0,train
979,23_square,19,67,737.0,738.0,337.0,397.0,-400.0,-341.0,train
980,23_square,11,10,480.0,725.0,808.0,577.0,328.0,-148.0,train
982,23_square,15,39,572.0,587.0,603.0,796.0,31.0,209.0,train
983,23_square,33,57,800.0,573.0,476.0,727.0,-324.0,154.0,train
984,23_square,41,61,472.0,105.0,774.0,558.0,302.0,453.0,train
985,23_square,39,38,192.0,495.0,237.0,640.0,45.0,145.0,train
986,23_square,20,15,474.0,617.0,726.0,688.0,252.0,71.0,train
987,23_square,16,63,326.0,820.0,814.0,639.0,488.0,-181.0,train
988,23_square,43,11,635.0,876.0,417.0,168.0,-218.0,-708.0,train
989,23_square,3,48,449.0,466.0,132.0,636.0,-317.0,170.0,train
990,23_square,4,53,508.0,119.0,739.0,668.0,231.0,549.0,train
992,23_square,15,2,402.0,387.0,616.0,212.0,214.0,-175.0,train
993,23_square,1,57,825.0,431.0,874.0,292.0,49.0,-139.0,train
994,23_square,43,67,163.0,456.0,432.0,773.0,269.0,317.0,train
995,23_square,55,32,457.0,667.0,376.0,150.0,-81.0,-517.0,train
996,23_square,44,58,684.0,277.0,882.0,636.0,198.0,359.0,train
998,23_square,39,36,619.0,149.0,381.0,754.0,-238.0,605.0,train
1000,18_square,10,32,397.0,798.0,517.0,892.0,120.0,94.0,train
1002,18_square,4,54,608.0,869.0,736.0,717.0,128.0,-152.0,train
1003,18_square,2,10,240.0,108.0,317.0,768.0,77.0,660.0,train
1004,18_square,25,22,467.0,807.0,650.0,815.0,183.0,8.0,train
1005,18_square,27,40,664.0,623.0,364.0,252.0,-300.0,-371.0,train
1006,18_square,8,13,823.0,355.0,704.0,134.0,-119.0,-221.0,train
1007,18_square,44,59,340.0,176.0,809.0,483.0,469.0,307.0,train
1009,18_square,41,20,700.0,889.0,409.0,827.0,-291.0,-62.0,train
1011,18_square,63,37,526.0,191.0,695.0,545.0,169.0,354.0,train
1012,18_square,45,61,607.0,108.0,594.0,371.0,-13.0,263.0,train
1013,18_square,55,21,446.0,341.0,775.0,786.0,329.0,445.0,train
1014,18_square,11,66,723.0,472.0,203.0,578.0,-520.0,106.0,train
1015,18_square,44,14,493.0,405.0,723.0,770.0,230.0,365.0,train
1016,18_square,44,37,686.0,636.0,259.0,646.0,-427.0,10.0,train
1017,18_square,5,51,185.0,471.0,425.0,702.0,240.0,231.0,train
1018,18_square,36,15,556.0,424.0,896.0,771.0,340.0,347.0,train
1019,18_square,66,17,828.0,685.0,496.0,110.0,-332.0,-575.0,train
1021,18_square,65,61,116.0,701.0,787.0,809.0,671.0,108.0,train
1022,18_square,6,17,132.0,558.0,585.0,416.0,453.0,-142.0,train
1023,18_square,22,65,386.0,332.0,445.0,533.0,59.0,201.0,train
1024,18_square,12,63,362.0,900.0,887.0,763.0,525.0,-137.0,train
1025,18_square,18,49,858.0,890.0,386.0,251.0,-472.0,-639.0,train
1026,18_square,65,63,694.0,534.0,532.0,878.0,-162.0,344.0,train
1027,18_square,66,50,209.0,762.0,134.0,738.0,-75.0,-24.0,train
1029,18_square,23,56,561.0,333.0,717.0,711.0,156.0,378.0,train
1030,18_square,8,51,465.0,208.0,587.0,511.0,122.0,303.0,train
1031,18_square,28,0,344.0,270.0,219.0,633.0,-125.0,363.0,train
1032,18_square,7,25,414.0,718.0,650.0,830.0,236.0,112.0,train
1033,18_square,62,64,720.0,606.0,642.0,565.0,-78.0,-41.0,train
1034,18_square,52,66,194.0,564.0,381.0,801.0,187.0,237.0,train
1035,18_square,29,34,135.0,827.0,761.0,556.0,626.0,-271.0,train
1036,18_square,24,18,564.0,853.0,693.0,136.0,129.0,-717.0,train
1037,18_square,43,31,546.0,260.0,791.0,199.0,245.0,-61.0,train
1038,18_square,17,27,712.0,595.0,646.0,425.0,-66.0,-170.0,train
1039,18_square,47,4,299.0,683.0,420.0,409.0,121.0,-274.0,train
1040,18_square,30,1,432.0,726.0,868.0,692.0,436.0,-34.0,train
1041,18_square,51,5,484.0,873.0,741.0,426.0,257.0,-447.0,train
1042,18_square,67,62,767.0,331.0,698.0,724.0,-69.0,393.0,train
1043,18_square,52,31,324.0,431.0,155.0,343.0,-169.0,-88.0,train
1044,18_square,63,8,386.0,716.0,851.0,386.0,465.0,-330.0,train
1045,18_square,29,30,397.0,150.0,369.0,452.0,-28.0,302.0,train
1047,18_square,29,59,716.0,602.0,845.0,292.0,129.0,-310.0,train
1048,18_square,25,27,332.0,467.0,121.0,684.0,-211.0,217.0,train
1049,18_square,25,65,515.0,737.0,461.0,766.0,-54.0,29.0,train
1050,18_square,50,15,850.0,530.0,474.0,214.0,-376.0,-316.0,train
1051,18_square,42,16,812.0,334.0,729.0,896.0,-83.0,562.0,train
1052,18_square,34,5,492.0,667.0,602.0,209.0,110.0,-458.0,train
1053,18_square,7,47,298.0,367.0,531.0,594.0,233.0,227.0,train
1055,18_square,64,20,404.0,172.0,344.0,275.0,-60.0,103.0,train
1057,18_square,32,34,118.0,387.0,249.0,560.0,131.0,173.0,train
1058,18_square,62,63,800.0,793.0,743.0,726.0,-57.0,-67.0,train
1059,18_square,31,25,895.0,263.0,814.0,725.0,-81.0,462.0,train
1060,18_square,10,52,443.0,130.0,359.0,645.0,-84.0,515.0,train
1061,18_square,55,10,858.0,670.0,893.0,186.0,35.0,-484.0,train
1062,18_square,4,20,768.0,139.0,251.0,502.0,-517.0,363.0,train
1063,18_square,55,30,433.0,397.0,275.0,811.0,-158.0,414.0,train
1065,18_square,36,24,361.0,212.0,881.0,712.0,520.0,500.0,train
1066,18_square,49,37,641.0,524.0,715.0,308.0,74.0,-216.0,train
1067,18_square,18,17,549.0,306.0,364.0,116.0,-185.0,-190.0,train
1068,18_square,62,16,195.0,760.0,214.0,787.0,19.0,27.0,train
1069,18_square,61,10,632.0,774.0,374.0,838.0,-258.0,64.0,train
1070,18_square,10,30,148.0,880.0,774.0,811.0,626.0,-69.0,train
1071,18_square,29,36,894.0,317.0,579.0,171.0,-315.0,-146.0,train
1072,18_square,6,8,246.0,662.0,458.0,437.0,212.0,-225.0,train
1073,18_square,44,18,777.0,726.0,604.0,803.0,-173.0,77.0,train
1074,18_square,27,41,436.0,708.0,676.0,382.0,240.0,-326.0,train
1075,18_square,23,22,364.0,488.0,497.0,536.0,133.0,48.0,train
1076,18_square,47,48,674.0,279.0,719.0,282.0,45.0,3.0,train
1078,18_square,66,45,465.0,681.0,542.0,686.0,77.0,5.0,train
1079,18_square,52,39,104.0,598.0,850.0,180.0,746.0,-418.0,train
1080,18_square,53,28,234.0,816.0,768.0,835.0,534.0,19.0,train
1081,18_square,53,25,347.0,169.0,874.0,458.0,527.0,289.0,train
1082,18_square,44,44,339.0,681.0,338.0,773.0,-1.0,92.0,train
1083,18_square,23,7,335.0,122.0,759.0,729.0,424.0,607.0,train
1084,18_square,47,40,476.0,823.0,315.0,295.0,-161.0,-528.0,train
1085,18_square,11,4,323.0,364.0,719.0,293.0,396.0,-71.0,train
1086,18_square,22,63,424.0,546.0,436.0,418.0,12.0,-128.0,train
1087,18_square,29,20,437.0,493.0,566.0,215.0,129.0,-278.0,train
1088,18_square,38,38,874.0,213.0,731.0,158.0,-143.0,-55.0,train
1090,18_square,19,67,705.0,516.0,629.0,763.0,-76.0,247.0,train
1091,18_square,28,12,707.0,378.0,462.0,302.0,-245.0,-76.0,train
1092,18_square,25,38,439.0,102.0,505.0,109.0,66.0,7.0,train
1093,18_square,38,68,353.0,189.0,359.0,463.0,6.0,274.0,train
1095,18_square,21,0,230.0,171.0,675.0,772.0,445.0,601.0,train
1096,18_square,28,37,625.0,520.0,774.0,101.0,149.0,-419.0,train
1097,18_square,28,27,673.0,661.0,414.0,131.0,-259.0,-530.0,train
1098,18_square,10,68,625.0,500.0,387.0,524.0,-238.0,24.0,train
1099,18_square,11,61,674.0,473.0,206.0,613.0,-468.0,140.0,train
1100,18_square,15,5,647.0,749.0,429.0,628.0,-218.0,-121.0,train
1101,18_square,53,62,398.0,147.0,381.0,132.0,-17.0,-15.0,train
1102,18_square,29,33,363.0,417.0,458.0,800.0,95.0,383.0,train
1103,18_square,57,27,238.0,254.0,467.0,739.0,229.0,485.0,train
1104,18_square,64,31,718.0,712.0,284.0,652.0,-434.0,-60.0,train
1105,18_square,24,11,466.0,612.0,445.0,676.0,-21.0,64.0,train
1106,18_square,52,62,210.0,589.0,639.0,725.0,429.0,136.0,train
1108,18_square,36,13,107.0,109.0,155.0,375.0,48.0,266.0,train
1109,18_square,66,26,626.0,583.0,318.0,490.0,-308.0,-93.0,train
1110,18_square,52,11,685.0,140.0,513.0,686.0,-172.0,546.0,train
1112,18_square,43,41,254.0,648.0,791.0,712.0,537.0,64.0,train
1113,18_square,2,11,554.0,669.0,855.0,715.0,301.0,46.0,train
1115,18_square,46,17,400.0,786.0,341.0,814.0,-59.0,28.0,train
1116,18_square,44,67,230.0,548.0,616.0,569.0,386.0,21.0,train
1117,18_square,13,27,145.0,359.0,849.0,225.0,704.0,-134.0,train
1118,18_square,4,64,106.0,401.0,838.0,739.0,732.0,338.0,train
1119,18_square,34,22,155.0,645.0,365.0,213.0,210.0,-432.0,train
1120,18_square,54,8,590.0,698.0,672.0,542.0,82.0,-156.0,train
1121,18_square,4,28,513.0,847.0,564.0,583.0,51.0,-264.0,train
1122,18_square,50,33,162.0,345.0,278.0,698.0,116.0,353.0,train
1123,18_square,66,2,162.0,664.0,664.0,436.0,502.0,-228.0,train
1125,18_square,33,44,132.0,475.0,576.0,816.0,444.0,341.0,train
1126,18_square,37,27,643.0,754.0,702.0,830.0,59.0,76.0,train
1127,18_square,29,24,341.0,333.0,289.0,233.0,-52.0,-100.0,train
1128,18_square,2,60,876.0,878.0,487.0,399.0,-389.0,-479.0,train
1129,18_square,66,43,658.0,838.0,411.0,348.0,-247.0,-490.0,train
1130,18_square,49,14,677.0,275.0,442.0,736.0,-235.0,461.0,train
1131,18_square,35,46,708.0,465.0,860.0,802.0,152.0,337.0,train
1132,18_square,42,5,879.0,463.0,333.0,805.0,-546.0,342.0,train
1134,18_square,39,41,387.0,553.0,837.0,228.0,450.0,-325.0,train
1135,18_square,33,14,267.0,785.0,159.0,590.0,-108.0,-195.0,train
1136,18_square,10,64,329.0,519.0,276.0,788.0,-53.0,269.0,train
1137,18_square,54,39,626.0,775.0,618.0,802.0,-8.0,27.0,train
1138,18_square,8,51,754.0,241.0,728.0,811.0,-26.0,570.0,train
1139,18_square,59,44,559.0,144.0,822.0,515.0,263.0,371.0,train
1140,18_square,7,39,303.0,522.0,851.0,106.0,548.0,-416.0,train
1141,18_square,1,17,256.0,758.0,656.0,775.0,400.0,17.0,train
1142,18_square,3,6,637.0,346.0,138.0,770.0,-499.0,424.0,train
1143,18_square,38,65,538.0,476.0,768.0,861.0,230.0,385.0,train
1144,18_square,64,9,785.0,830.0,295.0,209.0,-490.0,-621.0,train
1145,18_square,32,9,782.0,327.0,739.0,403.0,-43.0,76.0,train
1147,18_square,34,9,634.0,732.0,208.0,571.0,-426.0,-161.0,train
1148,18_square,52,3,343.0,225.0,579.0,276.0,236.0,51.0,train
1151,18_square,12,49,819.0,820.0,289.0,295.0,-530.0,-525.0,train
1152,18_square,24,28,497.0,885.0,438.0,445.0,-59.0,-440.0,train
1153,18_square,23,39,673.0,418.0,609.0,451.0,-64.0,33.0,train
1154,18_square,54,56,434.0,479.0,510.0,510.0,76.0,31.0,train
1155,18_square,66,18,193.0,155.0,329.0,787.0,136.0,632.0,train
1156,18_square,34,63,178.0,583.0,360.0,448.0,182.0,-135.0,train
1157,18_square,67,63,159.0,591.0,694.0,332.0,535.0,-259.0,train
1159,18_square,44,26,436.0,211.0,463.0,644.0,27.0,433.0,train
1160,18_square,7,65,287.0,640.0,131.0,357.0,-156.0,-283.0,train
1161,18_square,25,1,821.0,173.0,291.0,621.0,-530.0,448.0,train
1162,18_square,27,50,533.0,578.0,730.0,827.0,197.0,249.0,train
1163,18_square,38,35,380.0,790.0,318.0,866.0,-62.0,76.0,train
1164,18_square,59,12,723.0,171.0,312.0,848.0,-411.0,677.0,train
1166,18_square,15,52,560.0,784.0,465.0,313.0,-95.0,-471.0,train
1167,18_square,59,38,676.0,317.0,658.0,719.0,-18.0,402.0,train
1168,18_square,49,28,401.0,270.0,453.0,398.0,52.0,128.0,train
1169,18_square,33,68,646.0,644.0,267.0,743.0,-379.0,99.0,train
1170,18_square,61,24,115.0,154.0,448.0,636.0,333.0,482.0,train
1171,18_square,51,23,111.0,184.0,687.0,133.0,576.0,-51.0,train
1172,18_square,0,24,270.0,514.0,779.0,229.0,509.0,-285.0,train
1173,18_square,13,27,814.0,118.0,434.0,855.0,-380.0,737.0,train
1175,18_square,8,63,685.0,601.0,509.0,408.0,-176.0,-193.0,train
1176,18_square,14,41,847.0,160.0,140.0,579.0,-707.0,419.0,train
1177,18_square,30,36,764.0,112.0,606.0,129.0,-158.0,17.0,train
1179,18_square,33,35,244.0,528.0,807.0,734.0,563.0,206.0,train
1180,18_square,60,61,601.0,146.0,481.0,115.0,-120.0,-31.0,train
1181,18_square,4,16,786.0,148.0,333.0,587.0,-453.0,439.0,train
1182,18_square,58,30,851.0,564.0,589.0,193.0,-262.0,-371.0,train
1183,18_square,52,38,731.0,358.0,197.0,628.0,-534.0,270.0,train
1185,18_square,8,65,748.0,587.0,628.0,236.0,-120.0,-351.0,train
1187,18_square,61,54,261.0,344.0,382.0,719.0,121.0,375.0,train
1188,18_square,5,68,626.0,831.0,724.0,197.0,98.0,-634.0,train
1189,18_square,4,22,899.0,173.0,743.0,569.0,-156.0,396.0,train
1190,18_square,21,13,646.0,561.0,226.0,523.0,-420.0,-38.0,train
1191,18_square,35,66,777.0,226.0,838.0,573.0,61.0,347.0,train
1192,18_square,60,40,242.0,694.0,195.0,480.0,-47.0,-214.0,train
1193,18_square,34,36,144.0,402.0,880.0,654.0,736.0,252.0,train
1197,18_square,35,42,567.0,797.0,225.0,699.0,-342.0,-98.0,train
1198,18_square,8,66,399.0,818.0,621.0,416.0,222.0,-402.0,train
1199,18_square,11,57,382.0,259.0,861.0,165.0,479.0,-94.0,train
1200,18_square,8,64,820.0,763.0,326.0,257.0,-494.0,-506.0,train
1201,18_square,48,51,779.0,769.0,683.0,577.0,-96.0,-192.0,train
1203,18_square,22,65,483.0,123.0,651.0,386.0,168.0,263.0,train
1204,18_square,17,14,679.0,248.0,249.0,403.0,-430.0,155.0,train
1205,18_square,10,29,735.0,625.0,825.0,812.0,90.0,187.0,train
1206,18_square,0,14,450.0,789.0,251.0,241.0,-199.0,-548.0,train
1207,18_square,56,19,207.0,331.0,587.0,221.0,380.0,-110.0,train
1210,18_square,46,5,245.0,824.0,327.0,837.0,82.0,13.0,train
1212,18_square,61,33,439.0,281.0,425.0,831.0,-14.0,550.0,train
1213,18_square,43,58,469.0,232.0,173.0,825.0,-296.0,593.0,train
1214,18_square,21,47,822.0,666.0,700.0,678.0,-122.0,12.0,train
1215,18_square,22,63,691.0,200.0,146.0,472.0,-545.0,272.0,train
1216,18_square,13,5,518.0,523.0,518.0,456.0,0.0,-67.0,train
1218,18_square,26,66,393.0,174.0,130.0,472.0,-263.0,298.0,train
1221,18_square,22,9,305.0,789.0,700.0,784.0,395.0,-5.0,train
1222,18_square,41,24,310.0,810.0,604.0,356.0,294.0,-454.0,train
1225,18_square,47,33,262.0,767.0,736.0,456.0,474.0,-311.0,train
1227,18_square,59,26,744.0,890.0,722.0,538.0,-22.0,-352.0,train
1228,18_square,0,29,573.0,570.0,345.0,893.0,-228.0,323.0,train
1229,18_square,57,44,887.0,479.0,151.0,870.0,-736.0,391.0,train
1230,18_square,7,64,827.0,594.0,867.0,256.0,40.0,-338.0,train
1231,18_square,37,9,307.0,363.0,375.0,639.0,68.0,276.0,train
1233,18_square,38,23,218.0,679.0,396.0,287.0,178.0,-392.0,train
1234,18_square,52,37,215.0,521.0,643.0,417.0,428.0,-104.0,train
1236,18_square,31,42,137.0,517.0,108.0,703.0,-29.0,186.0,train
1237,18_square,53,10,713.0,182.0,896.0,666.0,183.0,484.0,train
1238,18_square,8,18,195.0,468.0,373.0,229.0,178.0,-239.0,train
1239,18_square,17,1,183.0,865.0,122.0,837.0,-61.0,-28.0,train
1240,18_square,12,0,742.0,832.0,154.0,780.0,-588.0,-52.0,train
1241,18_square,7,28,565.0,518.0,341.0,119.0,-224.0,-399.0,train
1242,18_square,35,26,637.0,510.0,781.0,582.0,144.0,72.0,train
1243,18_square,32,36,164.0,113.0,848.0,151.0,684.0,38.0,train
1244,18_square,1,62,253.0,596.0,391.0,304.0,138.0,-292.0,train
1245,18_square,37,58,168.0,351.0,574.0,819.0,406.0,468.0,train
1246,18_square,9,23,145.0,759.0,862.0,679.0,717.0,-80.0,train
1247,18_square,18,43,825.0,538.0,470.0,545.0,-355.0,7.0,train
1248,18_square,44,4,290.0,827.0,651.0,313.0,361.0,-514.0,train
1249,18_square,35,32,536.0,230.0,862.0,656.0,326.0,426.0,train
1251,18_square,53,34,308.0,261.0,473.0,364.0,165.0,103.0,train
1252,18_square,9,50,290.0,114.0,556.0,530.0,266.0,416.0,train
1253,18_square,62,45,125.0,387.0,730.0,470.0,605.0,83.0,train
1254,18_square,26,10,491.0,679.0,576.0,618.0,85.0,-61.0,train
1255,18_square,52,26,774.0,136.0,694.0,599.0,-80.0,463.0,train
1256,18_square,52,67,146.0,686.0,277.0,790.0,131.0,104.0,train
1259,18_square,54,63,129.0,603.0,331.0,613.0,202.0,10.0,train
1260,18_square,18,67,630.0,733.0,242.0,814.0,-388.0,81.0,train
1262,18_square,37,10,842.0,679.0,443.0,557.0,-399.0,-122.0,train
1263,18_square,2,66,457.0,163.0,391.0,841.0,-66.0,678.0,train
1265,18_square,42,58,180.0,668.0,325.0,715.0,145.0,47.0,train
1268,18_square,44,49,481.0,569.0,155.0,510.0,-326.0,-59.0,train
1269,18_square,66,16,633.0,565.0,339.0,559.0,-294.0,-6.0,train
1270,18_square,25,18,660.0,694.0,103.0,751.0,-557.0,57.0,train
1271,18_square,18,1,218.0,598.0,190.0,150.0,-28.0,-448.0,train
1272,18_square,46,45,349.0,306.0,407.0,505.0,58.0,199.0,train
1273,18_square,13,31,830.0,258.0,774.0,861.0,-56.0,603.0,train
1274,18_square,28,37,663.0,258.0,225.0,185.0,-438.0,-73.0,train
1275,18_square,29,4,189.0,836.0,163.0,283.0,-26.0,-553.0,train
1276,18_square,47,16,877.0,759.0,175.0,353.0,-702.0,-406.0,train
1277,18_square,63,12,858.0,285.0,125.0,846.0,-733.0,561.0,train
1279,18_square,8,20,248.0,522.0,202.0,797.0,-46.0,275.0,train
1280,18_square,57,24,736.0,790.0,114.0,202.0,-622.0,-588.0,train
1281,18_square,22,15,685.0,102.0,602.0,173.0,-83.0,71.0,train
1282,18_square,7,44,502.0,163.0,146.0,574.0,-356.0,411.0,train
1283,18_square,34,17,884.0,241.0,617.0,310.0,-267.0,69.0,train
1284,18_square,4,24,619.0,279.0,608.0,475.0,-11.0,196.0,train
1285,18_square,25,2,890.0,766.0,664.0,484.0,-226.0,-282.0,train
1286,18_square,24,66,700.0,856.0,128.0,730.0,-572.0,-126.0,train
1288,18_square,35,28,354.0,404.0,664.0,493.0,310.0,89.0,train
1290,18_square,41,23,498.0,257.0,408.0,339.0,-90.0,82.0,train
1291,18_square,23,65,456.0,184.0,387.0,549.0,-69.0,365.0,train
1292,18_square,63,9,387.0,840.0,289.0,709.0,-98.0,-131.0,train
1295,18_square,43,30,542.0,237.0,839.0,892.0,297.0,655.0,train
1296,18_square,5,60,149.0,811.0,203.0,373.0,54.0,-438.0,train
1297,18_square,45,36,600.0,809.0,580.0,734.0,-20.0,-75.0,train
1298,18_square,6,64,187.0,333.0,815.0,319.0,628.0,-14.0,train
1299,18_square,8,46,670.0,744.0,531.0,830.0,-139.0,86.0,train
1301,18_square,27,58,366.0,603.0,266.0,509.0,-100.0,-94.0,train
1302,18_square,47,61,475.0,345.0,409.0,821.0,-66.0,476.0,train
1303,18_square,53,63,775.0,811.0,716.0,570.0,-59.0,-241.0,train
1304,18_square,26,16,830.0,238.0,360.0,151.0,-470.0,-87.0,train
1305,18_square,10,61,763.0,793.0,371.0,513.0,-392.0,-280.0,train
1307,18_square,31,50,444.0,381.0,390.0,206.0,-54.0,-175.0,train
1308,18_square,11,57,498.0,640.0,306.0,679.0,-192.0,39.0,train
1309,18_square,45,18,265.0,295.0,894.0,152.0,629.0,-143.0,train
1310,18_square,47,58,258.0,753.0,868.0,726.0,610.0,-27.0,train
1313,18_square,26,37,190.0,852.0,843.0,351.0,653.0,-501.0,train
1314,18_square,62,56,778.0,672.0,736.0,657.0,-42.0,-15.0,train
1315,18_square,41,9,876.0,400.0,383.0,697.0,-493.0,297.0,train
1316,18_square,16,52,457.0,511.0,117.0,511.0,-340.0,0.0,train
1317,18_square,48,15,385.0,451.0,351.0,731.0,-34.0,280.0,train
1319,18_square,35,59,659.0,100.0,665.0,805.0,6.0,705.0,train
1321,18_square,52,10,662.0,317.0,468.0,746.0,-194.0,429.0,train
1324,18_square,45,49,488.0,685.0,122.0,655.0,-366.0,-30.0,train
1326,18_square,57,28,814.0,636.0,820.0,445.0,6.0,-191.0,train
1327,18_square,43,33,344.0,215.0,391.0,103.0,47.0,-112.0,train
1328,18_square,8,20,502.0,328.0,403.0,317.0,-99.0,-11.0,train
1329,18_square,54,22,892.0,253.0,721.0,240.0,-171.0,-13.0,train
1330,18_square,55,57,426.0,370.0,795.0,647.0,369.0,277.0,train
1331,18_square,47,12,539.0,564.0,206.0,374.0,-333.0,-190.0,train
1332,18_square,18,62,808.0,760.0,261.0,566.0,-547.0,-194.0,train
1334,18_square,44,7,606.0,758.0,457.0,194.0,-149.0,-564.0,train
1335,18_square,61,29,127.0,180.0,798.0,170.0,671.0,-10.0,train
1336,18_square,43,68,631.0,515.0,620.0,538.0,-11.0,23.0,train
1337,18_square,45,23,256.0,785.0,842.0,680.0,586.0,-105.0,train
1338,18_square,59,29,343.0,825.0,220.0,460.0,-123.0,-365.0,train
1339,18_square,28,61,854.0,270.0,479.0,225.0,-375.0,-45.0,train
1341,18_square,65,24,689.0,532.0,254.0,183.0,-435.0,-349.0,train
1343,18_square,7,50,866.0,226.0,435.0,598.0,-431.0,372.0,train
1344,18_square,38,65,472.0,789.0,123.0,103.0,-349.0,-686.0,train
1345,18_square,58,4,253.0,244.0,247.0,241.0,-6.0,-3.0,train
1346,18_square,45,45,637.0,623.0,878.0,355.0,241.0,-268.0,train
1347,18_square,41,67,129.0,860.0,435.0,885.0,306.0,25.0,train
1348,18_square,27,37,465.0,155.0,493.0,291.0,28.0,136.0,train
1349,18_square,17,39,425.0,491.0,788.0,671.0,363.0,180.0,train
1350,18_square,13,26,526.0,752.0,793.0,333.0,267.0,-419.0,train
1351,18_square,45,66,777.0,698.0,317.0,727.0,-460.0,29.0,train
1352,18_square,46,7,789.0,386.0,563.0,811.0,-226.0,425.0,train
1353,18_square,13,6,150.0,439.0,328.0,500.0,178.0,61.0,train
1354,18_square,17,30,597.0,737.0,484.0,837.0,-113.0,100.0,train
1355,18_square,7,54,127.0,757.0,276.0,259.0,149.0,-498.0,train
1356,18_square,27,57,666.0,163.0,412.0,635.0,-254.0,472.0,train
1359,18_square,40,67,545.0,342.0,557.0,797.0,12.0,455.0,train
1360,18_square,42,61,887.0,120.0,607.0,607.0,-280.0,487.0,train
1361,18_square,26,61,391.0,890.0,634.0,632.0,243.0,-258.0,train
1362,18_square,32,48,718.0,444.0,218.0,691.0,-500.0,247.0,train
1363,18_square,59,61,684.0,418.0,584.0,554.0,-100.0,136.0,train
1364,18_square,29,15,263.0,241.0,272.0,449.0,9.0,208.0,train
1365,18_square,45,3,199.0,511.0,337.0,561.0,138.0,50.0,train
1366,18_square,37,62,390.0,261.0,202.0,368.0,-188.0,107.0,train
1368,18_square,18,48,530.0,386.0,600.0,750.0,70.0,364.0,train
1369,18_square,61,64,523.0,628.0,384.0,615.0,-139.0,-13.0,train
1370,18_square,20,23,384.0,771.0,325.0,814.0,-59.0,43.0,train
1371,18_square,45,35,753.0,872.0,492.0,272.0,-261.0,-600.0,train
1372,18_square,30,41,531.0,745.0,321.0,294.0,-210.0,-451.0,train
1373,18_square,31,43,375.0,513.0,365.0,232.0,-10.0,-281.0,train
1374,18_square,27,0,375.0,564.0,678.0,459.0,303.0,-105.0,train
1375,18_square,16,24,630.0,613.0,589.0,752.0,-41.0,139.0,train
1377,18_square,17,28,391.0,477.0,664.0,858.0,273.0,381.0,train
1378,18_square,1,65,242.0,848.0,452.0,801.0,210.0,-47.0,train
1379,18_square,29,3,361.0,642.0,734.0,214.0,373.0,-428.0,train
1380,18_square,12,13,532.0,578.0,881.0,276.0,349.0,-302.0,train
1381,18_square,24,22,294.0,233.0,741.0,430.0,447.0,197.0,train
1383,18_square,1,58,802.0,599.0,754.0,899.0,-48.0,300.0,train
1384,18_square,56,8,702.0,799.0,692.0,372.0,-10.0,-427.0,train
1385,18_square,58,39,691.0,610.0,198.0,628.0,-493.0,18.0,train
1386,18_square,21,14,436.0,702.0,606.0,646.0,170.0,-56.0,train
1389,18_square,42,24,851.0,733.0,283.0,658.0,-568.0,-75.0,train
1390,18_square,47,0,714.0,143.0,178.0,660.0,-536.0,517.0,train
1392,18_square,6,43,285.0,178.0,829.0,160.0,544.0,-18.0,train
1394,18_square,19,38,675.0,201.0,816.0,489.0,141.0,288.0,train
1397,18_square,45,27,607.0,639.0,858.0,803.0,251.0,164.0,train
1399,18_square,55,22,664.0,429.0,676.0,121.0,12.0,-308.0,train
1400,18_square,66,42,836.0,777.0,513.0,593.0,-323.0,-184.0,train
1403,18_square,44,26,339.0,612.0,790.0,283.0,451.0,-329.0,train
1404,18_square,11,40,436.0,707.0,377.0,463.0,-59.0,-244.0,train
1405,18_square,53,30,168.0,180.0,266.0,357.0,98.0,177.0,train
1406,18_square,38,64,465.0,190.0,270.0,662.0,-195.0,472.0,train
1407,18_square,54,62,548.0,702.0,635.0,102.0,87.0,-600.0,train
1408,18_square,12,8,730.0,384.0,614.0,586.0,-116.0,202.0,train
1411,18_square,51,45,694.0,136.0,604.0,715.0,-90.0,579.0,train
1412,18_square,45,1,710.0,164.0,276.0,607.0,-434.0,443.0,train
1413,18_square,31,30,461.0,880.0,770.0,249.0,309.0,-631.0,train
1416,18_square,2,4,897.0,422.0,516.0,216.0,-381.0,-206.0,train
1418,18_square,45,68,716.0,139.0,755.0,271.0,39.0,132.0,train
1420,18_square,8,4,246.0,471.0,630.0,300.0,384.0,-171.0,train
1422,18_square,20,5,756.0,255.0,336.0,374.0,-420.0,119.0,train
1424,18_square,53,42,858.0,343.0,159.0,362.0,-699.0,19.0,train
1425,18_square,66,62,147.0,410.0,269.0,681.0,122.0,271.0,train
1426,18_square,2,27,846.0,646.0,803.0,855.0,-43.0,209.0,train
1427,18_square,18,49,188.0,218.0,235.0,243.0,47.0,25.0,train
1429,18_square,66,15,466.0,627.0,472.0,129.0,6.0,-498.0,train
1430,18_square,59,13,297.0,466.0,799.0,600.0,502.0,134.0,train
1431,18_square,0,3,625.0,726.0,748.0,675.0,123.0,-51.0,train
1432,18_square,46,6,798.0,332.0,749.0,693.0,-49.0,361.0,train
1433,18_square,51,51,327.0,263.0,328.0,891.0,1.0,628.0,train
1435,18_square,41,27,456.0,309.0,850.0,477.0,394.0,168.0,train
1436,18_square,31,32,361.0,796.0,327.0,814.0,-34.0,18.0,train
1437,18_square,4,41,343.0,877.0,258.0,256.0,-85.0,-621.0,train
1438,18_square,55,27,601.0,751.0,718.0,519.0,117.0,-232.0,train
1439,18_square,9,26,860.0,230.0,578.0,637.0,-282.0,407.0,train
1440,18_square,24,68,372.0,590.0,406.0,117.0,34.0,-473.0,train
1441,18_square,40,65,422.0,415.0,492.0,350.0,70.0,-65.0,train
1442,18_square,32,37,410.0,141.0,367.0,123.0,-43.0,-18.0,train
1443,18_square,6,53,315.0,391.0,603.0,439.0,288.0,48.0,train
1445,18_square,5,50,797.0,834.0,881.0,526.0,84.0,-308.0,train
1447,18_square,66,47,853.0,852.0,564.0,568.0,-289.0,-284.0,train
1448,18_square,40,63,512.0,706.0,350.0,416.0,-162.0,-290.0,train
1449,18_square,56,52,662.0,666.0,662.0,688.0,0.0,22.0,train
1450,18_square,20,36,524.0,235.0,848.0,120.0,324.0,-115.0,train
1451,18_square,39,13,828.0,293.0,463.0,169.0,-365.0,-124.0,train
1452,18_square,0,46,450.0,225.0,177.0,362.0,-273.0,137.0,train
1453,18_square,13,3,184.0,103.0,536.0,775.0,352.0,672.0,train
1454,18_square,23,65,319.0,497.0,640.0,457.0,321.0,-40.0,train
1455,18_square,6,63,596.0,118.0,377.0,829.0,-219.0,711.0,train
1459,18_square,50,0,218.0,438.0,431.0,780.0,213.0,342.0,train
1460,18_square,63,40,729.0,198.0,439.0,544.0,-290.0,346.0,train
1461,18_square,33,8,143.0,519.0,823.0,498.0,680.0,-21.0,train
1462,18_square,50,6,439.0,181.0,383.0,105.0,-56.0,-76.0,train
1463,18_square,8,0,120.0,168.0,491.0,297.0,371.0,129.0,train
1464,18_square,66,30,204.0,770.0,632.0,137.0,428.0,-633.0,train
1465,18_square,47,16,283.0,891.0,696.0,801.0,413.0,-90.0,train
1466,18_square,3,16,431.0,444.0,480.0,707.0,49.0,263.0,train
1467,18_square,39,11,899.0,849.0,842.0,681.0,-57.0,-168.0,train
1468,18_square,15,46,866.0,242.0,250.0,599.0,-616.0,357.0,train
1469,18_square,8,28,222.0,517.0,365.0,350.0,143.0,-167.0,train
1471,18_square,55,43,786.0,861.0,558.0,163.0,-228.0,-698.0,train
1472,18_square,19,0,559.0,562.0,720.0,105.0,161.0,-457.0,train
1474,18_square,4,39,678.0,545.0,166.0,373.0,-512.0,-172.0,train
1475,18_square,15,17,447.0,890.0,374.0,856.0,-73.0,-34.0,train
1476,18_square,32,22,357.0,605.0,168.0,533.0,-189.0,-72.0,train
1477,18_square,39,11,222.0,632.0,526.0,352.0,304.0,-280.0,train
1478,18_square,49,15,857.0,330.0,753.0,514.0,-104.0,184.0,train
1479,18_square,3,19,472.0,868.0,693.0,195.0,221.0,-673.0,train
1480,18_square,67,42,531.0,776.0,707.0,778.0,176.0,2.0,train
1482,18_square,57,49,685.0,876.0,282.0,345.0,-403.0,-531.0,train
1483,18_square,22,47,590.0,184.0,385.0,827.0,-205.0,643.0,train
1484,18_square,5,32,445.0,753.0,337.0,147.0,-108.0,-606.0,train
1485,18_square,44,5,176.0,201.0,768.0,127.0,592.0,-74.0,train
1486,18_square,22,26,640.0,460.0,555.0,545.0,-85.0,85.0,train
1487,18_square,61,48,572.0,252.0,405.0,568.0,-167.0,316.0,train
1488,18_square,21,12,606.0,266.0,648.0,385.0,42.0,119.0,train
1489,18_square,51,57,108.0,341.0,366.0,261.0,258.0,-80.0,train
1490,18_square,43,51,230.0,457.0,298.0,624.0,68.0,167.0,train
1491,18_square,46,23,195.0,507.0,560.0,787.0,365.0,280.0,train
1492,18_square,52,64,738.0,105.0,840.0,402.0,102.0,297.0,train
1493,18_square,55,34,254.0,195.0,365.0,729.0,111.0,534.0,train
1495,18_square,4,35,784.0,684.0,688.0,648.0,-96.0,-36.0,train
1496,18_square,16,57,173.0,295.0,279.0,718.0,106.0,423.0,train
1497,18_square,4,46,819.0,369.0,275.0,610.0,-544.0,241.0,train
1498,18_square,17,12,276.0,701.0,342.0,652.0,66.0,-49.0,train
1499,18_square,8,8,817.0,544.0,355.0,844.0,-462.0,300.0,train
1500,9_square,56,32,364.0,516.0,279.0,760.0,-85.0,244.0,train
1501,9_square,52,30,302.0,154.0,834.0,755.0,532.0,601.0,train
1504,9_square,38,34,209.0,308.0,212.0,133.0,3.0,-175.0,train
1505,9_square,10,67,856.0,294.0,713.0,656.0,-143.0,362.0,train
1506,9_square,62,58,320.0,141.0,208.0,135.0,-112.0,-6.0,train
1507,9_square,37,8,215.0,455.0,532.0,148.0,317.0,-307.0,train
1508,9_square,27,27,113.0,836.0,711.0,846.0,598.0,10.0,train
1509,9_square,1,4,570.0,698.0,750.0,485.0,180.0,-213.0,train
1510,9_square,53,0,557.0,140.0,161.0,148.0,-396.0,8.0,train
1511,9_square,51,49,282.0,130.0,712.0,206.0,430.0,76.0,train
1512,9_square,50,64,610.0,263.0,426.0,527.0,-184.0,264.0,train
1513,9_square,44,12,680.0,294.0,381.0,793.0,-299.0,499.0,train
1514,9_square,43,53,553.0,799.0,393.0,499.0,-160.0,-300.0,train
1515,9_square,10,42,570.0,645.0,585.0,175.0,15.0,-470.0,train
1516,9_square,48,16,774.0,482.0,879.0,298.0,105.0,-184.0,train
1517,9_square,55,25,821.0,305.0,433.0,818.0,-388.0,513.0,train
1519,9_square,18,21,552.0,501.0,833.0,233.0,281.0,-268.0,train
1520,9_square,21,45,246.0,134.0,823.0,398.0,577.0,264.0,train
1521,9_square,14,22,548.0,825.0,545.0,321.0,-3.0,-504.0,train
1522,9_square,3,40,499.0,889.0,879.0,187.0,380.0,-702.0,train
1523,9_square,62,68,422.0,637.0,668.0,648.0,246.0,11.0,train
1524,9_square,27,44,687.0,357.0,831.0,673.0,144.0,316.0,train
1525,9_square,68,65,756.0,861.0,486.0,388.0,-270.0,-473.0,train
1526,9_square,66,10,528.0,274.0,215.0,749.0,-313.0,475.0,train
1527,9_square,57,17,858.0,576.0,835.0,670.0,-23.0,94.0,train
1529,9_square,39,61,870.0,345.0,393.0,318.0,-477.0,-27.0,train
1530,9_square,25,49,896.0,808.0,299.0,359.0,-597.0,-449.0,train
1532,9_square,55,21,397.0,900.0,799.0,615.0,402.0,-285.0,train
1533,9_square,33,43,215.0,171.0,580.0,880.0,365.0,709.0,train
1534,9_square,46,24,765.0,840.0,652.0,216.0,-113.0,-624.0,train
1535,9_square,65,51,401.0,740.0,617.0,393.0,216.0,-347.0,train
1538,9_square,67,16,607.0,857.0,294.0,258.0,-313.0,-599.0,train
1540,9_square,50,55,635.0,289.0,240.0,474.0,-395.0,185.0,train
1542,9_square,5,56,377.0,380.0,694.0,103.0,317.0,-277.0,train
1543,9_square,44,11,150.0,674.0,667.0,788.0,517.0,114.0,train
1544,9_square,9,1,558.0,725.0,185.0,262.0,-373.0,-463.0,train
1545,9_square,29,24,766.0,889.0,654.0,410.0,-112.0,-479.0,train
1546,9_square,60,38,746.0,192.0,451.0,500.0,-295.0,308.0,train
1547,9_square,59,41,149.0,317.0,800.0,656.0,651.0,339.0,train
1548,9_square,32,31,467.0,539.0,748.0,689.0,281.0,150.0,train
1549,9_square,26,51,268.0,155.0,240.0,365.0,-28.0,210.0,train
1550,9_square,52,23,308.0,753.0,265.0,708.0,-43.0,-45.0,train
1551,9_square,30,57,195.0,345.0,696.0,832.0,501.0,487.0,train
1552,9_square,45,5,683.0,325.0,496.0,420.0,-187.0,95.0,train
1553,9_square,49,1,599.0,849.0,149.0,467.0,-450.0,-382.0,train
1556,9_square,40,33,779.0,460.0,438.0,576.0,-341.0,116.0,train
1557,9_square,20,7,337.0,360.0,304.0,890.0,-33.0,530.0,train
1558,9_square,34,22,493.0,663.0,655.0,504.0,162.0,-159.0,train
1561,9_square,60,13,846.0,867.0,584.0,875.0,-262.0,8.0,train
1562,9_square,22,37,233.0,376.0,615.0,405.0,382.0,29.0,train
1563,9_square,60,31,705.0,349.0,844.0,563.0,139.0,214.0,train
1564,9_square,2,7,363.0,584.0,167.0,262.0,-196.0,-322.0,train
1567,9_square,6,29,667.0,181.0,338.0,571.0,-329.0,390.0,train
1568,9_square,48,37,456.0,240.0,328.0,873.0,-128.0,633.0,train
1569,9_square,0,35,394.0,674.0,735.0,246.0,341.0,-428.0,train
1570,9_square,63,55,199.0,856.0,421.0,105.0,222.0,-751.0,train
1571,9_square,55,21,143.0,776.0,757.0,308.0,614.0,-468.0,train
1572,9_square,37,65,131.0,379.0,408.0,287.0,277.0,-92.0,train
1573,9_square,17,1,812.0,468.0,829.0,215.0,17.0,-253.0,train
1574,9_square,19,45,791.0,372.0,303.0,137.0,-488.0,-235.0,train
1575,9_square,17,38,312.0,422.0,715.0,392.0,403.0,-30.0,train
1576,9_square,15,8,541.0,757.0,492.0,504.0,-49.0,-253.0,train
1578,9_square,14,50,496.0,510.0,485.0,405.0,-11.0,-105.0,train
1579,9_square,25,43,807.0,788.0,171.0,306.0,-636.0,-482.0,train
1580,9_square,26,67,124.0,732.0,254.0,579.0,130.0,-153.0,train
1581,9_square,46,55,739.0,418.0,242.0,306.0,-497.0,-112.0,train
1582,9_square,65,61,789.0,653.0,296.0,667.0,-493.0,14.0,train
1583,9_square,58,30,868.0,760.0,721.0,142.0,-147.0,-618.0,train
1584,9_square,2,68,315.0,842.0,348.0,629.0,33.0,-213.0,train
1585,9_square,55,42,241.0,616.0,535.0,792.0,294.0,176.0,train
1587,9_square,28,22,250.0,840.0,551.0,389.0,301.0,-451.0,train
1588,9_square,13,4,260.0,464.0,443.0,783.0,183.0,319.0,train
1589,9_square,41,18,225.0,627.0,361.0,421.0,136.0,-206.0,train
1590,9_square,5,37,656.0,218.0,612.0,140.0,-44.0,-78.0,train
1591,9_square,32,27,784.0,860.0,202.0,836.0,-582.0,-24.0,train
1592,9_square,35,10,474.0,854.0,485.0,762.0,11.0,-92.0,train
1594,9_square,48,41,461.0,530.0,780.0,492.0,319.0,-38.0,train
1595,9_square,7,60,270.0,854.0,494.0,550.0,224.0,-304.0,train
1596,9_square,7,63,512.0,534.0,661.0,449.0,149.0,-85.0,train
1597,9_square,9,45,775.0,349.0,198.0,857.0,-577.0,508.0,train
1598,9_square,43,37,536.0,389.0,523.0,325.0,-13.0,-64.0,train
1599,9_square,37,22,718.0,266.0,665.0,322.0,-53.0,56.0,train
1600,9_square,24,40,167.0,508.0,277.0,418.0,110.0,-90.0,train
1601,9_square,44,7,602.0,812.0,769.0,623.0,167.0,-189.0,train
1602,9_square,5,16,321.0,250.0,264.0,475.0,-57.0,225.0,train
1603,9_square,3,59,211.0,833.0,267.0,401.0,56.0,-432.0,train
1605,9_square,66,37,346.0,728.0,398.0,372.0,52.0,-356.0,train
1606,9_square,1,15,366.0,326.0,657.0,187.0,291.0,-139.0,train
1607,9_square,30,2,869.0,739.0,274.0,724.0,-595.0,-15.0,train
1608,9_square,26,60,139.0,122.0,474.0,815.0,335.0,693.0,train
1609,9_square,6,38,765.0,591.0,323.0,142.0,-442.0,-449.0,train
1610,9_square,35,4,514.0,604.0,395.0,544.0,-119.0,-60.0,train
1611,9_square,44,21,185.0,523.0,741.0,770.0,556.0,247.0,train
1612,9_square,29,10,259.0,579.0,211.0,167.0,-48.0,-412.0,train
1613,9_square,49,52,838.0,645.0,683.0,484.0,-155.0,-161.0,train
1614,9_square,16,31,659.0,384.0,822.0,829.0,163.0,445.0,train
1615,9_square,54,11,420.0,567.0,775.0,474.0,355.0,-93.0,train
1617,9_square,5,53,342.0,370.0,460.0,375.0,118.0,5.0,train
1618,9_square,49,57,856.0,899.0,747.0,155.0,-109.0,-744.0,train
1619,9_square,38,26,593.0,773.0,818.0,302.0,225.0,-471.0,train
1620,9_square,43,54,481.0,437.0,695.0,702.0,214.0,265.0,train
1621,9_square,37,32,651.0,745.0,657.0,675.0,6.0,-70.0,train
1622,9_square,6,58,605.0,259.0,665.0,396.0,60.0,137.0,train
1623,9_square,15,58,892.0,851.0,599.0,166.0,-293.0,-685.0,train
1624,9_square,24,17,397.0,419.0,125.0,558.0,-272.0,139.0,train
1626,9_square,41,20,626.0,410.0,230.0,510.0,-396.0,100.0,train
1627,9_square,62,8,898.0,272.0,280.0,146.0,-618.0,-126.0,train
1628,9_square,52,47,655.0,233.0,465.0,200.0,-190.0,-33.0,train
1629,9_square,29,29,813.0,882.0,223.0,260.0,-590.0,-622.0,train
1630,9_square,54,26,310.0,298.0,135.0,299.0,-175.0,1.0,train
1631,9_square,54,63,494.0,717.0,659.0,251.0,165.0,-466.0,train
1632,9_square,14,56,665.0,219.0,320.0,784.0,-345.0,565.0,train
1633,9_square,20,6,337.0,680.0,311.0,432.0,-26.0,-248.0,train
1634,9_square,31,65,474.0,201.0,226.0,884.0,-248.0,683.0,train
1635,9_square,33,41,448.0,740.0,877.0,418.0,429.0,-322.0,train
1636,9_square,65,25,477.0,574.0,845.0,716.0,368.0,142.0,train
1637,9_square,51,61,866.0,173.0,707.0,884.0,-159.0,711.0,train
1638,9_square,60,11,708.0,729.0,644.0,785.0,-64.0,56.0,train
1639,9_square,53,31,791.0,146.0,137.0,461.0,-654.0,315.0,train
1641,9_square,12,3,773.0,353.0,899.0,339.0,126.0,-14.0,train
1642,9_square,6,50,668.0,551.0,892.0,545.0,224.0,-6.0,train
1644,9_square,1,23,423.0,123.0,415.0,727.0,-8.0,604.0,train
1645,9_square,8,29,481.0,706.0,709.0,680.0,228.0,-26.0,train
1646,9_square,62,44,428.0,831.0,706.0,248.0,278.0,-583.0,train
1647,9_square,48,44,114.0,680.0,836.0,773.0,722.0,93.0,train
1648,9_square,9,18,361.0,882.0,896.0,668.0,535.0,-214.0,train
1649,9_square,7,2,494.0,512.0,248.0,480.0,-246.0,-32.0,train
1650,9_square,59,50,640.0,436.0,666.0,543.0,26.0,107.0,train
1651,9_square,32,65,672.0,311.0,651.0,476.0,-21.0,165.0,train
1652,9_square,25,39,519.0,641.0,171.0,733.0,-348.0,92.0,train
1653,9_square,48,29,498.0,448.0,786.0,605.0,288.0,157.0,train
1654,9_square,19,50,778.0,694.0,645.0,743.0,-133.0,49.0,train
1655,9_square,54,40,764.0,866.0,488.0,427.0,-276.0,-439.0,train
1656,9_square,42,3,175.0,851.0,880.0,832.0,705.0,-19.0,train
1657,9_square,31,54,313.0,851.0,215.0,153.0,-98.0,-698.0,train
1658,9_square,28,66,550.0,468.0,888.0,200.0,338.0,-268.0,train
1659,9_square,68,43,809.0,602.0,151.0,566.0,-658.0,-36.0,train
1660,9_square,22,27,393.0,633.0,191.0,652.0,-202.0,19.0,train
1662,9_square,43,15,613.0,386.0,690.0,489.0,77.0,103.0,train
1663,9_square,22,10,502.0,577.0,663.0,106.0,161.0,-471.0,train
1664,9_square,35,51,843.0,185.0,614.0,615.0,-229.0,430.0,train
1666,9_square,17,25,316.0,656.0,688.0,154.0,372.0,-502.0,train
1668,9_square,30,12,223.0,323.0,234.0,442.0,11.0,119.0,train
1670,9_square,18,8,291.0,257.0,185.0,617.0,-106.0,360.0,train
1671,9_square,24,58,172.0,108.0,709.0,331.0,537.0,223.0,train
1672,9_square,21,63,687.0,244.0,843.0,133.0,156.0,-111.0,train
1673,9_square,9,36,254.0,346.0,684.0,574.0,430.0,228.0,train
1674,9_square,10,35,801.0,565.0,430.0,640.0,-371.0,75.0,train
1676,9_square,61,53,438.0,348.0,141.0,186.0,-297.0,-162.0,train
1677,9_square,28,1,836.0,192.0,141.0,594.0,-695.0,402.0,train
1679,9_square,11,1,129.0,337.0,115.0,420.0,-14.0,83.0,train
1680,9_square,28,60,567.0,401.0,562.0,489.0,-5.0,88.0,train
1681,9_square,5,30,523.0,212.0,600.0,639.0,77.0,427.0,train
1682,9_square,59,9,742.0,325.0,296.0,256.0,-446.0,-69.0,train
1684,9_square,14,22,711.0,316.0,654.0,568.0,-57.0,252.0,train
1685,9_square,43,11,358.0,372.0,158.0,665.0,-200.0,293.0,train
1686,9_square,11,60,470.0,835.0,851.0,713.0,381.0,-122.0,train
1687,9_square,21,48,465.0,233.0,241.0,507.0,-224.0,274.0,train
1688,9_square,53,16,828.0,347.0,208.0,893.0,-620.0,546.0,train
1689,9_square,48,60,643.0,408.0,340.0,566.0,-303.0,158.0,train
1690,9_square,38,20,710.0,852.0,628.0,203.0,-82.0,-649.0,train
1691,9_square,0,16,873.0,395.0,816.0,234.0,-57.0,-161.0,train
1693,9_square,0,42,493.0,207.0,123.0,655.0,-370.0,448.0,train
1694,9_square,34,61,501.0,133.0,345.0,563.0,-156.0,430.0,train
1695,9_square,26,13,596.0,385.0,203.0,395.0,-393.0,10.0,train
1696,9_square,54,26,266.0,758.0,340.0,170.0,74.0,-588.0,train
1698,9_square,16,47,107.0,832.0,208.0,700.0,101.0,-132.0,train
1699,9_square,19,7,640.0,473.0,675.0,357.0,35.0,-116.0,train
1700,9_square,4,26,525.0,119.0,887.0,103.0,362.0,-16.0,train
1701,9_square,41,2,328.0,792.0,354.0,642.0,26.0,-150.0,train
1702,9_square,18,23,846.0,177.0,799.0,269.0,-47.0,92.0,train
1703,9_square,1,31,809.0,603.0,446.0,569.0,-363.0,-34.0,train
1704,9_square,28,21,147.0,201.0,136.0,819.0,-11.0,618.0,train
1705,9_square,28,12,216.0,166.0,104.0,888.0,-112.0,722.0,train
1707,9_square,52,19,567.0,293.0,107.0,580.0,-460.0,287.0,train
1708,9_square,48,6,858.0,898.0,184.0,351.0,-674.0,-547.0,train
1710,9_square,19,43,743.0,498.0,453.0,569.0,-290.0,71.0,train
1711,9_square,68,46,283.0,152.0,803.0,473.0,520.0,321.0,train
1712,9_square,67,64,469.0,198.0,549.0,686.0,80.0,488.0,train
1713,9_square,1,10,598.0,253.0,869.0,849.0,271.0,596.0,train
1714,9_square,57,27,306.0,381.0,572.0,151.0,266.0,-230.0,train
1715,9_square,51,34,337.0,299.0,322.0,649.0,-15.0,350.0,train
1716,9_square,60,4,416.0,619.0,756.0,317.0,340.0,-302.0,train
1717,9_square,55,41,532.0,338.0,519.0,816.0,-13.0,478.0,train
1718,9_square,26,50,725.0,486.0,890.0,346.0,165.0,-140.0,train
1719,9_square,7,59,761.0,834.0,152.0,149.0,-609.0,-685.0,train
1720,9_square,56,65,442.0,845.0,575.0,462.0,133.0,-383.0,train
1721,9_square,32,5,605.0,729.0,722.0,792.0,117.0,63.0,train
1722,9_square,32,5,613.0,508.0,234.0,442.0,-379.0,-66.0,train
1723,9_square,64,6,188.0,591.0,832.0,897.0,644.0,306.0,train
1726,9_square,60,54,601.0,195.0,546.0,703.0,-55.0,508.0,train
1728,9_square,35,45,613.0,668.0,657.0,489.0,44.0,-179.0,train
1729,9_square,31,12,572.0,790.0,711.0,617.0,139.0,-173.0,train
1730,9_square,7,56,284.0,415.0,323.0,447.0,39.0,32.0,train
1731,9_square,51,68,830.0,105.0,235.0,689.0,-595.0,584.0,train
1732,9_square,22,6,270.0,887.0,295.0,402.0,25.0,-485.0,train
1735,9_square,51,8,872.0,215.0,705.0,336.0,-167.0,121.0,train
1736,9_square,23,24,543.0,255.0,681.0,432.0,138.0,177.0,train
1737,9_square,14,38,303.0,226.0,101.0,546.0,-202.0,320.0,train
1738,9_square,9,52,843.0,184.0,774.0,382.0,-69.0,198.0,train
1739,9_square,33,61,626.0,751.0,760.0,601.0,134.0,-150.0,train
1740,9_square,42,37,189.0,830.0,496.0,284.0,307.0,-546.0,train
1741,9_square,67,67,232.0,475.0,327.0,694.0,95.0,219.0,train
1744,9_square,39,57,889.0,784.0,133.0,488.0,-756.0,-296.0,train
1745,9_square,17,49,329.0,207.0,561.0,554.0,232.0,347.0,train
1746,9_square,68,14,244.0,448.0,374.0,523.0,130.0,75.0,train
1747,9_square,33,18,815.0,399.0,558.0,578.0,-257.0,179.0,train
1748,9_square,2,26,487.0,390.0,404.0,665.0,-83.0,275.0,train
1749,9_square,25,19,649.0,213.0,775.0,437.0,126.0,224.0,train
1750,9_square,24,26,501.0,387.0,898.0,520.0,397.0,133.0,train
1751,9_square,4,5,712.0,807.0,250.0,248.0,-462.0,-559.0,train
1752,9_square,29,64,432.0,855.0,117.0,877.0,-315.0,22.0,train
1753,9_square,55,2,156.0,529.0,311.0,649.0,155.0,120.0,train
1754,9_square,53,51,769.0,672.0,653.0,262.0,-116.0,-410.0,train
1755,9_square,37,25,771.0,127.0,746.0,115.0,-25.0,-12.0,train
1756,9_square,20,42,453.0,219.0,294.0,600.0,-159.0,381.0,train
1757,9_square,15,30,340.0,106.0,567.0,240.0,227.0,134.0,train
1758,9_square,34,4,301.0,133.0,509.0,397.0,208.0,264.0,train
1759,9_square,8,35,654.0,490.0,443.0,855.0,-211.0,365.0,train
1760,9_square,40,4,638.0,442.0,151.0,583.0,-487.0,141.0,train
1761,9_square,28,54,203.0,345.0,506.0,135.0,303.0,-210.0,train
1762,9_square,27,38,793.0,850.0,566.0,628.0,-227.0,-222.0,train
1763,9_square,17,11,586.0,816.0,793.0,460.0,207.0,-356.0,train
1764,9_square,12,45,659.0,272.0,467.0,254.0,-192.0,-18.0,train
1765,9_square,6,33,342.0,404.0,100.0,661.0,-242.0,257.0,train
1766,9_square,67,14,840.0,471.0,412.0,894.0,-428.0,423.0,train
1767,9_square,38,44,251.0,445.0,800.0,256.0,549.0,-189.0,train
1768,9_square,34,64,582.0,858.0,842.0,377.0,260.0,-481.0,train
1769,9_square,64,64,649.0,525.0,130.0,309.0,-519.0,-216.0,train
1770,9_square,6,33,315.0,382.0,179.0,825.0,-136.0,443.0,train
1772,9_square,55,59,495.0,491.0,402.0,549.0,-93.0,58.0,train
1773,9_square,1,58,759.0,429.0,663.0,175.0,-96.0,-254.0,train
1774,9_square,40,30,764.0,577.0,860.0,362.0,96.0,-215.0,train
1775,9_square,37,26,222.0,895.0,812.0,778.0,590.0,-117.0,train
1776,9_square,62,54,803.0,329.0,851.0,747.0,48.0,418.0,train
1777,9_square,18,53,316.0,357.0,219.0,238.0,-97.0,-119.0,train
1779,9_square,66,44,556.0,197.0,336.0,240.0,-220.0,43.0,train
1780,9_square,63,4,676.0,855.0,460.0,739.0,-216.0,-116.0,train
1782,9_square,19,38,427.0,893.0,643.0,776.0,216.0,-117.0,train
1783,9_square,2,44,594.0,789.0,307.0,320.0,-287.0,-469.0,train
1784,9_square,27,34,666.0,359.0,462.0,607.0,-204.0,248.0,train
1785,9_square,67,12,886.0,862.0,741.0,804.0,-145.0,-58.0,train
1786,9_square,18,58,143.0,734.0,765.0,299.0,622.0,-435.0,train
1788,9_square,37,16,865.0,591.0,380.0,409.0,-485.0,-182.0,train
1791,9_square,66,36,892.0,694.0,533.0,723.0,-359.0,29.0,train
1792,9_square,12,58,592.0,515.0,633.0,430.0,41.0,-85.0,train
1793,9_square,35,65,337.0,494.0,483.0,862.0,146.0,368.0,train
1794,9_square,35,8,556.0,404.0,162.0,395.0,-394.0,-9.0,train
1795,9_square,15,4,803.0,278.0,570.0,360.0,-233.0,82.0,train
1796,9_square,53,59,309.0,319.0,570.0,199.0,261.0,-120.0,train
1797,9_square,4,19,113.0,481.0,664.0,102.0,551.0,-379.0,train
1799,9_square,64,9,756.0,152.0,255.0,554.0,-501.0,402.0,train
1800,9_square,21,61,480.0,669.0,317.0,273.0,-163.0,-396.0,train
1801,9_square,67,25,472.0,857.0,773.0,621.0,301.0,-236.0,train
1803,9_square,51,12,661.0,278.0,874.0,810.0,213.0,532.0,train
1804,9_square,27,30,452.0,630.0,230.0,531.0,-222.0,-99.0,train
1805,9_square,57,32,811.0,222.0,880.0,421.0,69.0,199.0,train
1806,9_square,51,33,357.0,614.0,758.0,807.0,401.0,193.0,train
1807,9_square,21,48,232.0,213.0,762.0,183.0,530.0,-30.0,train
1808,9_square,46,12,523.0,528.0,316.0,292.0,-207.0,-236.0,train
1809,9_square,54,29,419.0,529.0,264.0,275.0,-155.0,-254.0,train
1810,9_square,52,45,101.0,589.0,808.0,428.0,707.0,-161.0,train
1812,9_square,38,42,779.0,888.0,232.0,676.0,-547.0,-212.0,train
1813,9_square,5,16,774.0,221.0,870.0,428.0,96.0,207.0,train
1814,9_square,14,52,571.0,185.0,637.0,214.0,66.0,29.0,train
1815,9_square,12,5,859.0,275.0,274.0,431.0,-585.0,156.0,train
1816,9_square,45,50,525.0,416.0,350.0,105.0,-175.0,-311.0,train
1817,9_square,46,60,554.0,892.0,526.0,216.0,-28.0,-676.0,train
1820,9_square,60,36,789.0,835.0,471.0,650.0,-318.0,-185.0,train
1821,9_square,68,2,464.0,533.0,617.0,729.0,153.0,196.0,train
1822,9_square,1,27,483.0,485.0,792.0,249.0,309.0,-236.0,train
1823,9_square,38,61,154.0,419.0,681.0,396.0,527.0,-23.0,train
1824,9_square,55,3,385.0,635.0,215.0,208.0,-170.0,-427.0,train
1825,9_square,56,1,287.0,121.0,753.0,347.0,466.0,226.0,train
1826,9_square,31,0,534.0,734.0,725.0,363.0,191.0,-371.0,train
1827,9_square,40,14,394.0,232.0,235.0,742.0,-159.0,510.0,train
1829,9_square,66,37,471.0,275.0,665.0,581.0,194.0,306.0,train
1830,9_square,49,28,490.0,711.0,337.0,130.0,-153.0,-581.0,train
1831,9_square,37,46,276.0,670.0,222.0,232.0,-54.0,-438.0,train
1832,9_square,0,36,694.0,350.0,200.0,752.0,-494.0,402.0,train
1833,9_square,14,48,839.0,468.0,572.0,900.0,-267.0,432.0,train
1834,9_square,66,48,722.0,843.0,587.0,634.0,-135.0,-209.0,train
1835,9_square,46,30,250.0,459.0,744.0,208.0,494.0,-251.0,train
1836,9_square,13,19,505.0,178.0,275.0,332.0,-230.0,154.0,train
1838,9_square,44,63,714.0,545.0,437.0,105.0,-277.0,-440.0,train
1839,9_square,55,46,648.0,288.0,454.0,290.0,-194.0,2.0,train
1840,9_square,47,7,500.0,273.0,436.0,628.0,-64.0,355.0,train
1841,9_square,7,55,116.0,805.0,454.0,606.0,338.0,-199.0,train
1842,9_square,33,38,468.0,587.0,878.0,630.0,410.0,43.0,train
1844,9_square,35,46,262.0,700.0,112.0,353.0,-150.0,-347.0,train
1845,9_square,23,14,658.0,219.0,373.0,886.0,-285.0,667.0,train
1847,9_square,54,46,575.0,559.0,705.0,865.0,130.0,306.0,train
1849,9_square,35,21,673.0,270.0,895.0,733.0,222.0,463.0,train
1851,9_square,67,60,164.0,466.0,807.0,885.0,643.0,419.0,train
1852,9_square,13,5,333.0,822.0,250.0,829.0,-83.0,7.0,train
1853,9_square,67,48,859.0,447.0,515.0,875.0,-344.0,428.0,train
1854,9_square,4,31,134.0,176.0,193.0,309.0,59.0,133.0,train
1856,9_square,53,14,607.0,525.0,167.0,819.0,-440.0,294.0,train
1857,9_square,24,36,388.0,366.0,330.0,269.0,-58.0,-97.0,train
1860,9_square,23,14,234.0,383.0,434.0,368.0,200.0,-15.0,train
1861,9_square,45,0,247.0,865.0,220.0,850.0,-27.0,-15.0,train
1862,9_square,3,47,838.0,848.0,721.0,479.0,-117.0,-369.0,train
1863,9_square,14,66,556.0,407.0,741.0,899.0,185.0,492.0,train
1864,9_square,35,23,235.0,748.0,604.0,829.0,369.0,81.0,train
1865,9_square,12,18,342.0,225.0,364.0,363.0,22.0,138.0,train
1866,9_square,7,36,144.0,264.0,441.0,113.0,297.0,-151.0,train
1867,9_square,52,50,701.0,248.0,746.0,812.0,45.0,564.0,train
1868,9_square,55,49,266.0,542.0,400.0,862.0,134.0,320.0,train
1869,9_square,9,7,564.0,606.0,564.0,198.0,0.0,-408.0,train
1870,9_square,46,21,768.0,345.0,640.0,876.0,-128.0,531.0,train
1871,9_square,49,39,121.0,673.0,681.0,583.0,560.0,-90.0,train
1872,9_square,37,52,528.0,540.0,272.0,421.0,-256.0,-119.0,train
1874,9_square,15,47,450.0,124.0,644.0,516.0,194.0,392.0,train
1875,9_square,63,45,773.0,610.0,674.0,333.0,-99.0,-277.0,train
1876,9_square,54,33,802.0,456.0,713.0,738.0,-89.0,282.0,train
1877,9_square,59,43,390.0,885.0,640.0,713.0,250.0,-172.0,train
1878,9_square,42,54,568.0,408.0,447.0,632.0,-121.0,224.0,train
1879,9_square,52,10,392.0,120.0,869.0,679.0,477.0,559.0,train
1881,9_square,55,39,379.0,199.0,384.0,209.0,5.0,10.0,train
1882,9_square,33,42,758.0,184.0,729.0,121.0,-29.0,-63.0,train
1883,9_square,3,20,190.0,113.0,467.0,900.0,277.0,787.0,train
1884,9_square,0,65,512.0,742.0,630.0,720.0,118.0,-22.0,train
1885,9_square,4,20,110.0,554.0,895.0,335.0,785.0,-219.0,train
1886,9_square,32,28,499.0,732.0,230.0,331.0,-269.0,-401.0,train
1888,9_square,0,15,117.0,616.0,798.0,530.0,681.0,-86.0,train
1889,9_square,36,61,433.0,369.0,404.0,598.0,-29.0,229.0,train
1890,9_square,45,54,563.0,592.0,290.0,671.0,-273.0,79.0,train
1891,9_square,58,10,613.0,376.0,828.0,446.0,215.0,70.0,train
1892,9_square,10,0,563.0,427.0,879.0,890.0,316.0,463.0,train
1893,9_square,38,3,507.0,106.0,165.0,657.0,-342.0,551.0,train
1894,9_square,63,4,360.0,421.0,877.0,467.0,517.0,46.0,train
1895,9_square,62,2,874.0,220.0,202.0,291.0,-672.0,71.0,train
1897,9_square,4,3,443.0,124.0,889.0,383.0,446.0,259.0,train
1898,9_square,38,35,518.0,460.0,583.0,759.0,65.0,299.0,train
1901,9_square,20,36,317.0,363.0,576.0,815.0,259.0,452.0,train
1902,9_square,45,22,626.0,886.0,868.0,319.0,242.0,-567.0,train
1903,9_square,32,2,851.0,607.0,722.0,597.0,-129.0,-10.0,train
1904,9_square,61,11,602.0,132.0,342.0,844.0,-260.0,712.0,train
1905,9_square,43,67,409.0,732.0,568.0,112.0,159.0,-620.0,train
1906,9_square,16,54,308.0,108.0,869.0,420.0,561.0,312.0,train
1907,9_square,31,64,233.0,296.0,714.0,579.0,481.0,283.0,train
1908,9_square,0,12,539.0,818.0,193.0,634.0,-346.0,-184.0,train
1910,9_square,15,59,130.0,875.0,682.0,889.0,552.0,14.0,train
1912,9_square,68,34,357.0,388.0,675.0,262.0,318.0,-126.0,train
1913,9_square,0,58,149.0,666.0,412.0,311.0,263.0,-355.0,train
1914,9_square,19,35,861.0,761.0,136.0,827.0,-725.0,66.0,train
1915,9_square,15,2,835.0,281.0,280.0,722.0,-555.0,441.0,train
1916,9_square,47,46,810.0,247.0,390.0,321.0,-420.0,74.0,train
1917,9_square,10,63,892.0,308.0,696.0,387.0,-196.0,79.0,train
1918,9_square,23,24,243.0,884.0,371.0,570.0,128.0,-314.0,train
1919,9_square,2,68,796.0,280.0,116.0,717.0,-680.0,437.0,train
1920,9_square,50,63,302.0,132.0,509.0,658.0,207.0,526.0,train
1921,9_square,0,6,700.0,227.0,139.0,457.0,-561.0,230.0,train
1922,9_square,33,9,540.0,323.0,361.0,246.0,-179.0,-77.0,train
1923,9_square,30,16,804.0,385.0,777.0,812.0,-27.0,427.0,train
1925,9_square,65,43,708.0,782.0,196.0,227.0,-512.0,-555.0,train
1927,9_square,50,6,739.0,581.0,377.0,682.0,-362.0,101.0,train
1928,9_square,53,24,506.0,692.0,846.0,217.0,340.0,-475.0,train
1929,9_square,22,40,592.0,155.0,761.0,714.0,169.0,559.0,train
1930,9_square,43,66,693.0,557.0,335.0,692.0,-358.0,135.0,train
1931,9_square,50,28,712.0,325.0,144.0,726.0,-568.0,401.0,train
1932,9_square,65,47,864.0,856.0,835.0,587.0,-29.0,-269.0,train
1933,9_square,25,53,454.0,476.0,115.0,317.0,-339.0,-159.0,train
1934,9_square,31,27,676.0,240.0,257.0,513.0,-419.0,273.0,train
1935,9_square,36,10,346.0,455.0,539.0,771.0,193.0,316.0,train
1936,9_square,12,11,872.0,837.0,123.0,492.0,-749.0,-345.0,train
1937,9_square,47,49,403.0,574.0,524.0,184.0,121.0,-390.0,train
1938,9_square,29,63,460.0,319.0,495.0,561.0,35.0,242.0,train
1940,9_square,29,46,288.0,385.0,275.0,667.0,-13.0,282.0,train
1942,9_square,57,19,395.0,290.0,531.0,365.0,136.0,75.0,train
1943,9_square,35,55,139.0,483.0,619.0,456.0,480.0,-27.0,train
1946,9_square,51,64,111.0,706.0,576.0,747.0,465.0,41.0,train
1948,9_square,14,12,200.0,399.0,562.0,535.0,362.0,136.0,train
1949,9_square,58,49,851.0,439.0,684.0,172.0,-167.0,-267.0,train
1950,9_square,17,24,719.0,881.0,467.0,629.0,-252.0,-252.0,train
1951,9_square,9,56,214.0,163.0,540.0,617.0,326.0,454.0,train
1952,9_square,67,18,887.0,132.0,306.0,278.0,-581.0,146.0,train
1953,9_square,67,37,525.0,340.0,578.0,864.0,53.0,524.0,train
1954,9_square,28,15,183.0,305.0,235.0,587.0,52.0,282.0,train
1955,9_square,31,67,433.0,482.0,723.0,169.0,290.0,-313.0,train
1956,9_square,11,39,335.0,188.0,278.0,599.0,-57.0,411.0,train
1957,9_square,41,2,523.0,205.0,561.0,409.0,38.0,204.0,train
1958,9_square,29,33,298.0,200.0,400.0,251.0,102.0,51.0,train
1959,9_square,17,21,487.0,355.0,161.0,268.0,-326.0,-87.0,train
1961,9_square,38,66,688.0,390.0,143.0,867.0,-545.0,477.0,train
1964,9_square,39,17,598.0,157.0,201.0,678.0,-397.0,521.0,train
1966,9_square,50,26,441.0,174.0,771.0,182.0,330.0,8.0,train
1968,9_square,34,31,554.0,571.0,373.0,420.0,-181.0,-151.0,train
1969,9_square,57,5,599.0,193.0,441.0,830.0,-158.0,637.0,train
1970,9_square,60,40,272.0,179.0,320.0,430.0,48.0,251.0,train
1971,9_square,20,27,535.0,793.0,407.0,462.0,-128.0,-331.0,train
1972,9_square,50,28,522.0,447.0,459.0,593.0,-63.0,146.0,train
1973,9_square,16,35,140.0,299.0,169.0,720.0,29.0,421.0,train
1974,9_square,5,65,754.0,706.0,610.0,817.0,-144.0,111.0,train
1975,9_square,52,47,270.0,829.0,513.0,875.0,243.0,46.0,train
1977,9_square,17,13,326.0,650.0,812.0,879.0,486.0,229.0,train
1978,9_square,38,62,302.0,147.0,246.0,743.0,-56.0,596.0,train
1979,9_square,30,25,849.0,793.0,130.0,266.0,-719.0,-527.0,train
1980,9_square,20,59,585.0,137.0,597.0,209.0,12.0,72.0,train
1981,9_square,54,3,716.0,147.0,754.0,275.0,38.0,128.0,train
1982,9_square,35,20,121.0,211.0,813.0,530.0,692.0,319.0,train
1984,9_square,3,50,278.0,128.0,816.0,392.0,538.0,264.0,train
1985,9_square,29,5,547.0,209.0,441.0,842.0,-106.0,633.0,train
1986,9_square,0,18,195.0,177.0,550.0,417.0,355.0,240.0,train
1987,9_square,68,17,237.0,108.0,192.0,679.0,-45.0,571.0,train
1988,9_square,24,30,758.0,397.0,807.0,868.0,49.0,471.0,train
1989,9_square,28,20,606.0,585.0,858.0,408.0,252.0,-177.0,train
1990,9_square,1,42,321.0,341.0,493.0,739.0,172.0,398.0,train
1991,9_square,34,61,747.0,177.0,317.0,524.0,-430.0,347.0,train
1992,9_square,49,47,255.0,474.0,463.0,244.0,208.0,-230.0,train
1993,9_square,62,1,399.0,814.0,279.0,523.0,-120.0,-291.0,train
1994,9_square,63,1,701.0,383.0,454.0,878.0,-247.0,495.0,train
1995,9_square,13,57,662.0,275.0,729.0,187.0,67.0,-88.0,train
1997,9_square,20,38,451.0,254.0,410.0,133.0,-41.0,-121.0,train
1998,9_square,20,64,554.0,897.0,786.0,859.0,232.0,-38.0,train
1999,9_square,40,37,585.0,156.0,806.0,496.0,221.0,340.0,train
2000,24_square,64,12,396.0,589.0,612.0,420.0,216.0,-169.0,train
2001,24_square,10,30,761.0,766.0,896.0,594.0,135.0,-172.0,train
2003,24_square,17,11,720.0,683.0,549.0,688.0,-171.0,5.0,train
2004,24_square,64,49,429.0,304.0,272.0,781.0,-157.0,477.0,train
2005,24_square,40,62,729.0,236.0,283.0,668.0,-446.0,432.0,train
2006,24_square,6,52,219.0,560.0,724.0,216.0,505.0,-344.0,train
2010,24_square,24,10,571.0,634.0,141.0,743.0,-430.0,109.0,train
2012,24_square,37,15,105.0,496.0,798.0,749.0,693.0,253.0,train
2013,24_square,68,27,263.0,775.0,158.0,497.0,-105.0,-278.0,train
2014,24_square,28,68,211.0,715.0,488.0,826.0,277.0,111.0,train
2015,24_square,56,37,708.0,738.0,478.0,102.0,-230.0,-636.0,train
2016,24_square,0,61,685.0,529.0,106.0,812.0,-579.0,283.0,train
2018,24_square,17,13,718.0,589.0,238.0,487.0,-480.0,-102.0,train
2019,24_square,17,51,528.0,755.0,263.0,685.0,-265.0,-70.0,train
2022,24_square,18,45,197.0,294.0,464.0,574.0,267.0,280.0,train
2024,24_square,28,59,408.0,292.0,815.0,281.0,407.0,-11.0,train
2026,24_square,7,11,222.0,114.0,788.0,299.0,566.0,185.0,train
2029,24_square,2,44,683.0,728.0,572.0,548.0,-111.0,-180.0,train
2030,24_square,7,65,730.0,180.0,379.0,111.0,-351.0,-69.0,train
2031,24_square,36,7,277.0,824.0,552.0,533.0,275.0,-291.0,train
2032,24_square,53,54,856.0,778.0,272.0,204.0,-584.0,-574.0,train
2033,24_square,7,49,680.0,700.0,509.0,518.0,-171.0,-182.0,train
2034,24_square,54,50,570.0,299.0,718.0,680.0,148.0,381.0,train
2035,24_square,53,13,876.0,485.0,145.0,577.0,-731.0,92.0,train
2036,24_square,60,3,699.0,406.0,345.0,137.0,-354.0,-269.0,train
2037,24_square,67,38,849.0,442.0,778.0,287.0,-71.0,-155.0,train
2038,24_square,2,42,195.0,117.0,767.0,735.0,572.0,618.0,train
2040,24_square,5,12,692.0,654.0,413.0,206.0,-279.0,-448.0,train
2041,24_square,10,51,433.0,739.0,507.0,792.0,74.0,53.0,train
2042,24_square,25,29,386.0,389.0,701.0,400.0,315.0,11.0,train
2043,24_square,58,26,627.0,121.0,323.0,225.0,-304.0,104.0,train
2044,24_square,14,37,488.0,691.0,165.0,344.0,-323.0,-347.0,train
2045,24_square,68,5,828.0,793.0,682.0,617.0,-146.0,-176.0,train
2046,24_square,21,68,274.0,885.0,802.0,270.0,528.0,-615.0,train
2048,24_square,27,55,824.0,353.0,326.0,613.0,-498.0,260.0,train
2054,24_square,28,13,831.0,344.0,684.0,638.0,-147.0,294.0,train
2057,24_square,33,67,314.0,583.0,286.0,768.0,-28.0,185.0,train
2058,24_square,29,14,763.0,384.0,874.0,138.0,111.0,-246.0,train
2059,24_square,54,23,328.0,219.0,826.0,233.0,498.0,14.0,train
2060,24_square,59,3,729.0,775.0,771.0,687.0,42.0,-88.0,train
2061,24_square,9,18,229.0,325.0,132.0,535.0,-97.0,210.0,train
2063,24_square,31,23,761.0,392.0,846.0,258.0,85.0,-134.0,train
2066,24_square,68,21,713.0,616.0,802.0,180.0,89.0,-436.0,train
2068,24_square,61,24,395.0,655.0,564.0,765.0,169.0,110.0,train
2069,24_square,36,32,680.0,306.0,690.0,485.0,10.0,179.0,train
2072,24_square,18,7,641.0,266.0,346.0,429.0,-295.0,163.0,train
2073,24_square,47,14,643.0,614.0,664.0,707.0,21.0,93.0,train
2075,24_square,1,21,732.0,750.0,631.0,130.0,-101.0,-620.0,train
2076,24_square,65,53,785.0,370.0,585.0,248.0,-200.0,-122.0,train
2078,24_square,65,49,361.0,470.0,664.0,799.0,303.0,329.0,train
2079,24_square,56,65,233.0,790.0,522.0,744.0,289.0,-46.0,train
2080,24_square,38,3,888.0,390.0,229.0,799.0,-659.0,409.0,train
2081,24_square,31,48,300.0,247.0,325.0,463.0,25.0,216.0,train
2082,24_square,51,51,596.0,832.0,401.0,516.0,-195.0,-316.0,train
2083,24_square,39,30,159.0,406.0,259.0,176.0,100.0,-230.0,train
2084,24_square,8,31,403.0,195.0,558.0,281.0,155.0,86.0,train
2085,24_square,62,0,437.0,737.0,802.0,655.0,365.0,-82.0,train
2086,24_square,10,12,596.0,263.0,217.0,357.0,-379.0,94.0,train
2087,24_square,38,24,225.0,176.0,149.0,516.0,-76.0,340.0,train
2088,24_square,36,5,683.0,543.0,766.0,158.0,83.0,-385.0,train
2089,24_square,61,4,772.0,743.0,764.0,848.0,-8.0,105.0,train
2090,24_square,0,22,662.0,882.0,130.0,676.0,-532.0,-206.0,train
2091,24_square,37,55,589.0,730.0,317.0,185.0,-272.0,-545.0,train
2092,24_square,44,65,648.0,390.0,438.0,510.0,-210.0,120.0,train
2093,24_square,58,57,347.0,618.0,390.0,669.0,43.0,51.0,train
2094,24_square,48,65,641.0,744.0,806.0,321.0,165.0,-423.0,train
2095,24_square,33,51,492.0,683.0,358.0,377.0,-134.0,-306.0,train
2098,24_square,48,64,865.0,693.0,606.0,700.0,-259.0,7.0,train
2100,24_square,9,32,844.0,343.0,410.0,436.0,-434.0,93.0,train
2101,24_square,7,1,222.0,825.0,900.0,864.0,678.0,39.0,train
2102,24_square,26,40,144.0,447.0,750.0,245.0,606.0,-202.0,train
2103,24_square,27,60,682.0,236.0,470.0,153.0,-212.0,-83.0,train
2104,24_square,28,13,360.0,680.0,721.0,236.0,361.0,-444.0,train
2105,24_square,68,43,108.0,429.0,635.0,212.0,527.0,-217.0,train
2106,24_square,47,50,646.0,669.0,155.0,461.0,-491.0,-208.0,train
2107,24_square,48,29,693.0,687.0,306.0,626.0,-387.0,-61.0,train
2109,24_square,48,3,455.0,286.0,172.0,219.0,-283.0,-67.0,train
2110,24_square,15,45,221.0,830.0,545.0,377.0,324.0,-453.0,train
2112,24_square,39,65,702.0,267.0,654.0,532.0,-48.0,265.0,train
2113,24_square,6,24,467.0,807.0,730.0,861.0,263.0,54.0,train
2114,24_square,42,43,654.0,217.0,110.0,344.0,-544.0,127.0,train
2115,24_square,10,15,578.0,565.0,164.0,292.0,-414.0,-273.0,train
2116,24_square,11,4,359.0,524.0,763.0,266.0,404.0,-258.0,train
2118,24_square,34,35,339.0,777.0,556.0,594.0,217.0,-183.0,train
2119,24_square,65,22,322.0,734.0,182.0,467.0,-140.0,-267.0,train
2120,24_square,3,18,450.0,151.0,597.0,108.0,147.0,-43.0,train
2121,24_square,35,61,104.0,654.0,690.0,351.0,586.0,-303.0,train
2122,24_square,39,23,716.0,279.0,127.0,652.0,-589.0,373.0,train
2123,24_square,55,30,131.0,398.0,552.0,710.0,421.0,312.0,train
2124,24_square,15,15,439.0,788.0,873.0,593.0,434.0,-195.0,train
2125,24_square,18,17,267.0,653.0,629.0,683.0,362.0,30.0,train
2126,24_square,2,37,290.0,251.0,683.0,299.0,393.0,48.0,train
2128,24_square,11,62,242.0,400.0,758.0,575.0,516.0,175.0,train
2129,24_square,39,28,190.0,890.0,168.0,895.0,-22.0,5.0,train
2130,24_square,16,3,751.0,641.0,250.0,434.0,-501.0,-207.0,train
2131,24_square,61,12,303.0,234.0,629.0,161.0,326.0,-73.0,train
2132,24_square,66,25,388.0,560.0,264.0,547.0,-124.0,-13.0,train
2133,24_square,60,10,838.0,149.0,435.0,269.0,-403.0,120.0,train
2135,24_square,38,56,441.0,529.0,262.0,733.0,-179.0,204.0,train
2136,24_square,44,17,558.0,195.0,630.0,541.0,72.0,346.0,train
2137,24_square,59,3,485.0,176.0,478.0,616.0,-7.0,440.0,train
2138,24_square,16,28,416.0,284.0,661.0,886.0,245.0,602.0,train
2139,24_square,44,64,847.0,494.0,778.0,760.0,-69.0,266.0,train
2140,24_square,25,12,218.0,368.0,735.0,817.0,517.0,449.0,train
2141,24_square,58,39,207.0,600.0,886.0,133.0,679.0,-467.0,train
2142,24_square,6,0,505.0,258.0,467.0,867.0,-38.0,609.0,train
2143,24_square,7,30,847.0,356.0,768.0,213.0,-79.0,-143.0,train
2144,24_square,49,22,669.0,193.0,449.0,380.0,-220.0,187.0,train
2145,24_square,42,48,668.0,316.0,243.0,253.0,-425.0,-63.0,train
2146,24_square,32,21,160.0,588.0,858.0,441.0,698.0,-147.0,train
2147,24_square,22,17,369.0,849.0,495.0,123.0,126.0,-726.0,train
2148,24_square,27,62,462.0,221.0,366.0,866.0,-96.0,645.0,train
2149,24_square,35,66,620.0,211.0,267.0,877.0,-353.0,666.0,train
2150,24_square,0,2,508.0,800.0,361.0,545.0,-147.0,-255.0,train
2151,24_square,55,31,398.0,606.0,200.0,225.0,-198.0,-381.0,train
2152,24_square,40,7,625.0,446.0,511.0,538.0,-114.0,92.0,train
2153,24_square,42,32,814.0,278.0,729.0,250.0,-85.0,-28.0,train
2154,24_square,50,39,218.0,626.0,596.0,425.0,378.0,-201.0,train
2155,24_square,7,41,255.0,512.0,562.0,423.0,307.0,-89.0,train
2156,24_square,6,28,727.0,653.0,686.0,174.0,-41.0,-479.0,train
2159,24_square,27,68,394.0,434.0,869.0,677.0,475.0,243.0,train
2160,24_square,52,58,551.0,273.0,892.0,139.0,341.0,-134.0,train
2161,24_square,52,21,106.0,554.0,670.0,265.0,564.0,-289.0,train
2162,24_square,60,15,613.0,369.0,792.0,303.0,179.0,-66.0,train
2163,24_square,47,3,276.0,522.0,676.0,117.0,400.0,-405.0,train
2164,24_square,11,19,523.0,593.0,671.0,692.0,148.0,99.0,train
2165,24_square,32,43,310.0,319.0,813.0,406.0,503.0,87.0,train
2166,24_square,33,35,426.0,898.0,815.0,361.0,389.0,-537.0,train
2167,24_square,59,4,355.0,865.0,642.0,176.0,287.0,-689.0,train
2168,24_square,49,43,807.0,844.0,474.0,183.0,-333.0,-661.0,train
2169,24_square,4,54,645.0,427.0,116.0,869.0,-529.0,442.0,train
2170,24_square,64,4,186.0,868.0,467.0,570.0,281.0,-298.0,train
2171,24_square,11,3,405.0,779.0,584.0,401.0,179.0,-378.0,train
2172,24_square,60,50,691.0,281.0,299.0,318.0,-392.0,37.0,train
2173,24_square,12,34,644.0,675.0,466.0,222.0,-178.0,-453.0,train
2174,24_square,68,56,614.0,538.0,249.0,536.0,-365.0,-2.0,train
2175,24_square,14,34,503.0,141.0,840.0,681.0,337.0,540.0,train
2176,24_square,23,65,283.0,448.0,495.0,275.0,212.0,-173.0,train
2177,24_square,10,45,331.0,337.0,637.0,236.0,306.0,-101.0,train
2178,24_square,61,62,596.0,128.0,454.0,389.0,-142.0,261.0,train
2179,24_square,37,6,306.0,286.0,476.0,378.0,170.0,92.0,train
2180,24_square,53,14,739.0,219.0,826.0,672.0,87.0,453.0,train
2181,24_square,55,63,535.0,486.0,479.0,189.0,-56.0,-297.0,train
2183,24_square,57,55,397.0,847.0,779.0,313.0,382.0,-534.0,train
2184,24_square,30,31,479.0,120.0,149.0,212.0,-330.0,92.0,train
2185,24_square,50,60,781.0,523.0,852.0,769.0,71.0,246.0,train
2186,24_square,29,61,353.0,643.0,608.0,762.0,255.0,119.0,train
2192,24_square,4,17,113.0,668.0,483.0,804.0,370.0,136.0,train
2194,24_square,46,49,338.0,456.0,666.0,627.0,328.0,171.0,train
2195,24_square,24,50,283.0,443.0,301.0,209.0,18.0,-234.0,train
2196,24_square,37,17,414.0,821.0,637.0,181.0,223.0,-640.0,train
2197,24_square,48,22,170.0,148.0,840.0,183.0,670.0,35.0,train
2199,24_square,48,54,864.0,713.0,179.0,279.0,-685.0,-434.0,train
2202,24_square,55,17,825.0,523.0,245.0,841.0,-580.0,318.0,train
2205,24_square,50,30,211.0,428.0,850.0,356.0,639.0,-72.0,train
2206,24_square,23,22,215.0,620.0,860.0,493.0,645.0,-127.0,train
2207,24_square,15,21,271.0,638.0,813.0,208.0,542.0,-430.0,train
2208,24_square,54,47,499.0,562.0,820.0,604.0,321.0,42.0,train
2210,24_square,25,46,580.0,461.0,532.0,727.0,-48.0,266.0,train
2211,24_square,4,40,528.0,242.0,228.0,564.0,-300.0,322.0,train
2212,24_square,49,8,608.0,567.0,591.0,477.0,-17.0,-90.0,train
2213,24_square,51,40,214.0,768.0,201.0,676.0,-13.0,-92.0,train
2214,24_square,8,26,161.0,424.0,781.0,825.0,620.0,401.0,train
2215,24_square,8,33,356.0,324.0,498.0,365.0,142.0,41.0,train
2216,24_square,43,61,253.0,162.0,877.0,313.0,624.0,151.0,train
2217,24_square,2,20,512.0,381.0,533.0,422.0,21.0,41.0,train
2218,24_square,51,42,842.0,164.0,254.0,425.0,-588.0,261.0,train
2219,24_square,1,20,746.0,124.0,800.0,330.0,54.0,206.0,train
2220,24_square,58,50,630.0,158.0,440.0,715.0,-190.0,557.0,train
2222,24_square,4,64,797.0,565.0,767.0,822.0,-30.0,257.0,train
2223,24_square,46,33,654.0,341.0,100.0,462.0,-554.0,121.0,train
2224,24_square,44,25,612.0,772.0,156.0,854.0,-456.0,82.0,train
2225,24_square,34,18,384.0,139.0,489.0,616.0,105.0,477.0,train
2227,24_square,39,52,828.0,862.0,428.0,509.0,-400.0,-353.0,train
2228,24_square,1,53,841.0,426.0,518.0,661.0,-323.0,235.0,train
2229,24_square,50,35,482.0,731.0,349.0,239.0,-133.0,-492.0,train
2231,24_square,49,59,415.0,644.0,139.0,260.0,-276.0,-384.0,train
2232,24_square,59,40,588.0,604.0,592.0,835.0,4.0,231.0,train
2234,24_square,54,65,732.0,673.0,658.0,264.0,-74.0,-409.0,train
2235,24_square,59,37,855.0,813.0,742.0,817.0,-113.0,4.0,train
2236,24_square,60,63,268.0,484.0,124.0,829.0,-144.0,345.0,train
2237,24_square,43,50,247.0,411.0,163.0,810.0,-84.0,399.0,train
2239,24_square,53,3,168.0,195.0,204.0,183.0,36.0,-12.0,train
2240,24_square,34,26,199.0,476.0,893.0,415.0,694.0,-61.0,train
2242,24_square,16,10,191.0,173.0,735.0,775.0,544.0,602.0,train
2243,24_square,50,30,616.0,419.0,300.0,891.0,-316.0,472.0,train
2244,24_square,19,17,622.0,285.0,783.0,700.0,161.0,415.0,train
2245,24_square,35,63,286.0,168.0,857.0,679.0,571.0,511.0,train
2246,24_square,43,56,536.0,295.0,277.0,210.0,-259.0,-85.0,train
2247,24_square,43,47,390.0,770.0,119.0,243.0,-271.0,-527.0,train
2248,24_square,61,15,588.0,652.0,237.0,672.0,-351.0,20.0,train
2249,24_square,17,9,655.0,734.0,396.0,343.0,-259.0,-391.0,train
2251,24_square,63,68,118.0,620.0,508.0,877.0,390.0,257.0,train
2253,24_square,51,6,121.0,711.0,774.0,514.0,653.0,-197.0,train
2254,24_square,56,53,795.0,603.0,341.0,139.0,-454.0,-464.0,train
2255,24_square,42,57,460.0,297.0,423.0,287.0,-37.0,-10.0,train
2256,24_square,57,41,574.0,814.0,132.0,721.0,-442.0,-93.0,train
2258,24_square,66,54,436.0,349.0,227.0,733.0,-209.0,384.0,train
2259,24_square,34,8,589.0,772.0,176.0,706.0,-413.0,-66.0,train
2260,24_square,53,5,481.0,160.0,714.0,272.0,233.0,112.0,train
2262,24_square,9,47,665.0,444.0,831.0,465.0,166.0,21.0,train
2263,24_square,8,40,363.0,639.0,489.0,686.0,126.0,47.0,train
2264,24_square,3,34,633.0,646.0,411.0,700.0,-222.0,54.0,train
2265,24_square,22,30,789.0,582.0,124.0,591.0,-665.0,9.0,train
2267,24_square,0,36,733.0,821.0,720.0,312.0,-13.0,-509.0,train
2270,24_square,27,37,839.0,848.0,258.0,502.0,-581.0,-346.0,train
2271,24_square,39,44,860.0,516.0,594.0,292.0,-266.0,-224.0,train
2272,24_square,8,4,128.0,865.0,254.0,220.0,126.0,-645.0,train
2273,24_square,60,14,289.0,631.0,898.0,575.0,609.0,-56.0,train
2274,24_square,4,3,212.0,451.0,249.0,319.0,37.0,-132.0,train
2275,24_square,5,17,401.0,547.0,446.0,843.0,45.0,296.0,train
2276,24_square,65,38,497.0,486.0,716.0,585.0,219.0,99.0,train
2277,24_square,54,51,370.0,290.0,795.0,148.0,425.0,-142.0,train
2278,24_square,9,49,265.0,665.0,194.0,291.0,-71.0,-374.0,train
2279,24_square,7,29,363.0,261.0,317.0,231.0,-46.0,-30.0,train
2280,24_square,26,7,720.0,750.0,457.0,856.0,-263.0,106.0,train
2281,24_square,52,13,741.0,687.0,228.0,441.0,-513.0,-246.0,train
2282,24_square,27,64,511.0,338.0,383.0,776.0,-128.0,438.0,train
2283,24_square,13,46,755.0,570.0,839.0,814.0,84.0,244.0,train
2285,24_square,44,36,206.0,841.0,345.0,760.0,139.0,-81.0,train
2286,24_square,31,2,425.0,724.0,515.0,187.0,90.0,-537.0,train
2287,24_square,59,60,641.0,327.0,859.0,544.0,218.0,217.0,train
2288,24_square,1,26,829.0,860.0,118.0,587.0,-711.0,-273.0,train
2289,24_square,67,63,383.0,595.0,334.0,297.0,-49.0,-298.0,train
2292,24_square,65,56,563.0,559.0,815.0,164.0,252.0,-395.0,train
2293,24_square,48,53,657.0,389.0,483.0,140.0,-174.0,-249.0,train
2294,24_square,4,62,844.0,477.0,175.0,786.0,-669.0,309.0,train
2295,24_square,25,33,526.0,766.0,659.0,684.0,133.0,-82.0,train
2296,24_square,55,53,242.0,516.0,425.0,473.0,183.0,-43.0,train
2297,24_square,24,14,368.0,210.0,465.0,369.0,97.0,159.0,train
2298,24_square,63,65,366.0,613.0,884.0,220.0,518.0,-393.0,train
2299,24_square,6,44,201.0,805.0,262.0,437.0,61.0,-368.0,train
2300,24_square,5,54,674.0,230.0,346.0,284.0,-328.0,54.0,train
2301,24_square,30,44,147.0,740.0,268.0,547.0,121.0,-193.0,train
2302,24_square,46,2,658.0,536.0,899.0,468.0,241.0,-68.0,train
2305,24_square,37,1,396.0,800.0,190.0,381.0,-206.0,-419.0,train
2306,24_square,34,26,250.0,772.0,639.0,241.0,389.0,-531.0,train
2307,24_square,18,30,540.0,897.0,283.0,781.0,-257.0,-116.0,train
2309,24_square,38,0,365.0,259.0,697.0,863.0,332.0,604.0,train
2310,24_square,7,53,495.0,883.0,654.0,565.0,159.0,-318.0,train
2311,24_square,11,59,384.0,722.0,477.0,511.0,93.0,-211.0,train
2312,24_square,26,5,512.0,637.0,162.0,238.0,-350.0,-399.0,train
2313,24_square,33,13,725.0,229.0,154.0,234.0,-571.0,5.0,train
2314,24_square,56,6,638.0,721.0,574.0,791.0,-64.0,70.0,train
2315,24_square,15,14,112.0,185.0,779.0,265.0,667.0,80.0,train
2316,24_square,66,29,511.0,117.0,681.0,499.0,170.0,382.0,train
2317,24_square,23,44,249.0,724.0,211.0,841.0,-38.0,117.0,train
2318,24_square,61,6,381.0,732.0,386.0,763.0,5.0,31.0,train
2319,24_square,40,34,754.0,367.0,479.0,349.0,-275.0,-18.0,train
2320,24_square,12,7,201.0,171.0,624.0,479.0,423.0,308.0,train
2321,24_square,64,30,808.0,423.0,305.0,560.0,-503.0,137.0,train
2322,24_square,48,45,249.0,595.0,854.0,434.0,605.0,-161.0,train
2323,24_square,38,66,164.0,641.0,620.0,596.0,456.0,-45.0,train
2324,24_square,4,0,757.0,822.0,526.0,349.0,-231.0,-473.0,train
2326,24_square,59,59,686.0,366.0,444.0,839.0,-242.0,473.0,train
2328,24_square,43,34,576.0,335.0,250.0,709.0,-326.0,374.0,train
2329,24_square,20,37,843.0,516.0,384.0,418.0,-459.0,-98.0,train
2332,24_square,44,54,633.0,726.0,362.0,462.0,-271.0,-264.0,train
2333,24_square,58,55,889.0,891.0,209.0,596.0,-680.0,-295.0,train
2334,24_square,37,11,610.0,710.0,670.0,555.0,60.0,-155.0,train
2335,24_square,12,14,515.0,766.0,436.0,150.0,-79.0,-616.0,train
2336,24_square,13,39,380.0,695.0,673.0,749.0,293.0,54.0,train
2337,24_square,41,55,303.0,149.0,142.0,626.0,-161.0,477.0,train
2338,24_square,1,58,171.0,379.0,119.0,406.0,-52.0,27.0,train
2339,24_square,22,59,558.0,812.0,416.0,845.0,-142.0,33.0,train
2340,24_square,15,14,591.0,244.0,625.0,189.0,34.0,-55.0,train
2342,24_square,40,52,619.0,621.0,118.0,460.0,-501.0,-161.0,train
2343,24_square,67,1,670.0,772.0,144.0,564.0,-526.0,-208.0,train
2344,24_square,3,15,492.0,747.0,488.0,828.0,-4.0,81.0,train
2345,24_square,61,42,709.0,401.0,417.0,405.0,-292.0,4.0,train
2347,24_square,58,42,292.0,364.0,422.0,450.0,130.0,86.0,train
2348,24_square,55,54,864.0,497.0,380.0,783.0,-484.0,286.0,train
2349,24_square,65,10,234.0,793.0,760.0,857.0,526.0,64.0,train
2350,24_square,32,7,788.0,523.0,118.0,108.0,-670.0,-415.0,train
2351,24_square,41,19,246.0,597.0,372.0,429.0,126.0,-168.0,train
2353,24_square,37,54,111.0,384.0,545.0,800.0,434.0,416.0,train
2354,24_square,14,16,357.0,226.0,417.0,790.0,60.0,564.0,train
2355,24_square,3,36,106.0,311.0,278.0,414.0,172.0,103.0,train
2356,24_square,57,6,737.0,631.0,206.0,744.0,-531.0,113.0,train
2357,24_square,37,58,727.0,795.0,770.0,299.0,43.0,-496.0,train
2358,24_square,64,63,373.0,398.0,251.0,153.0,-122.0,-245.0,train
2359,24_square,42,46,643.0,775.0,225.0,333.0,-418.0,-442.0,train
2360,24_square,32,20,248.0,386.0,789.0,558.0,541.0,172.0,train
2361,24_square,21,60,276.0,229.0,861.0,701.0,585.0,472.0,train
2362,24_square,39,5,265.0,208.0,790.0,586.0,525.0,378.0,train
2363,24_square,21,51,152.0,147.0,786.0,589.0,634.0,442.0,train
2365,24_square,23,41,713.0,887.0,487.0,709.0,-226.0,-178.0,train
2366,24_square,44,2,369.0,758.0,855.0,812.0,486.0,54.0,train
2368,24_square,20,9,293.0,888.0,214.0,301.0,-79.0,-587.0,train
2369,24_square,38,30,297.0,831.0,226.0,724.0,-71.0,-107.0,train
2371,24_square,47,28,581.0,597.0,503.0,591.0,-78.0,-6.0,train
2372,24_square,36,9,302.0,552.0,299.0,852.0,-3.0,300.0,train
2373,24_square,8,35,851.0,862.0,424.0,109.0,-427.0,-753.0,train
2374,24_square,50,61,592.0,694.0,455.0,855.0,-137.0,161.0,train
2375,24_square,21,16,813.0,464.0,860.0,394.0,47.0,-70.0,train
2376,24_square,29,50,217.0,357.0,114.0,859.0,-103.0,502.0,train
2377,24_square,39,18,323.0,190.0,323.0,683.0,0.0,493.0,train
2378,24_square,17,39,316.0,712.0,132.0,243.0,-184.0,-469.0,train
2379,24_square,30,16,496.0,869.0,694.0,266.0,198.0,-603.0,train
2381,24_square,42,9,887.0,105.0,603.0,371.0,-284.0,266.0,train
2382,24_square,57,18,824.0,213.0,729.0,849.0,-95.0,636.0,train
2383,24_square,27,24,225.0,407.0,542.0,686.0,317.0,279.0,train
2384,24_square,16,47,250.0,688.0,703.0,886.0,453.0,198.0,train
2385,24_square,23,18,801.0,167.0,246.0,282.0,-555.0,115.0,train
2386,24_square,42,7,848.0,804.0,773.0,487.0,-75.0,-317.0,train
2387,24_square,57,7,790.0,433.0,129.0,810.0,-661.0,377.0,train
2388,24_square,36,17,783.0,556.0,633.0,288.0,-150.0,-268.0,train
2389,24_square,15,52,392.0,446.0,512.0,770.0,120.0,324.0,train
2390,24_square,59,31,460.0,594.0,887.0,600.0,427.0,6.0,train
2391,24_square,41,31,458.0,484.0,496.0,105.0,38.0,-379.0,train
2392,24_square,54,46,504.0,160.0,855.0,541.0,351.0,381.0,train
2393,24_square,31,43,485.0,721.0,426.0,568.0,-59.0,-153.0,train
2394,24_square,15,19,642.0,117.0,697.0,359.0,55.0,242.0,train
2395,24_square,63,51,714.0,887.0,852.0,593.0,138.0,-294.0,train
2398,24_square,53,31,380.0,509.0,835.0,409.0,455.0,-100.0,train
2400,24_square,47,49,469.0,752.0,858.0,816.0,389.0,64.0,train
2401,24_square,48,63,559.0,581.0,415.0,585.0,-144.0,4.0,train
2402,24_square,29,47,329.0,572.0,421.0,473.0,92.0,-99.0,train
2403,24_square,26,8,319.0,375.0,615.0,584.0,296.0,209.0,train
2404,24_square,51,20,399.0,228.0,429.0,561.0,30.0,333.0,train
2405,24_square,36,24,856.0,463.0,392.0,613.0,-464.0,150.0,train
2406,24_square,60,24,248.0,765.0,445.0,428.0,197.0,-337.0,train
2407,24_square,37,33,607.0,187.0,605.0,123.0,-2.0,-64.0,train
2408,24_square,33,8,776.0,246.0,889.0,100.0,113.0,-146.0,train
2409,24_square,18,20,469.0,849.0,183.0,438.0,-286.0,-411.0,train
2410,24_square,60,61,735.0,576.0,837.0,724.0,102.0,148.0,train
2411,24_square,7,13,348.0,191.0,509.0,530.0,161.0,339.0,train
2412,24_square,67,19,387.0,765.0,579.0,301.0,192.0,-464.0,train
2413,24_square,23,4,258.0,216.0,368.0,730.0,110.0,514.0,train
2414,24_square,68,3,546.0,338.0,801.0,751.0,255.0,413.0,train
2417,24_square,64,17,363.0,786.0,131.0,805.0,-232.0,19.0,train
2418,24_square,60,21,588.0,277.0,864.0,659.0,276.0,382.0,train
2419,24_square,10,31,830.0,230.0,302.0,233.0,-528.0,3.0,train
2421,24_square,61,33,369.0,406.0,594.0,798.0,225.0,392.0,train
2422,24_square,43,11,492.0,431.0,165.0,613.0,-327.0,182.0,train
2423,24_square,54,18,345.0,889.0,439.0,149.0,94.0,-740.0,train
2424,24_square,46,42,209.0,485.0,891.0,418.0,682.0,-67.0,train
2425,24_square,6,9,110.0,628.0,898.0,291.0,788.0,-337.0,train
2426,24_square,5,14,720.0,209.0,664.0,325.0,-56.0,116.0,train
2427,24_square,30,23,869.0,587.0,356.0,545.0,-513.0,-42.0,train
2428,24_square,54,26,465.0,206.0,247.0,252.0,-218.0,46.0,train
2429,24_square,5,1,274.0,808.0,772.0,337.0,498.0,-471.0,train
2430,24_square,51,39,281.0,793.0,539.0,415.0,258.0,-378.0,train
2433,24_square,12,66,250.0,391.0,231.0,121.0,-19.0,-270.0,train
2434,24_square,60,49,581.0,564.0,495.0,375.0,-86.0,-189.0,train
2435,24_square,31,1,267.0,468.0,299.0,274.0,32.0,-194.0,train
2436,24_square,40,61,490.0,853.0,841.0,816.0,351.0,-37.0,train
2437,24_square,1,41,125.0,539.0,720.0,350.0,595.0,-189.0,train
2438,24_square,42,62,659.0,570.0,874.0,519.0,215.0,-51.0,train
2441,24_square,7,28,870.0,390.0,542.0,119.0,-328.0,-271.0,train
2442,24_square,58,5,204.0,580.0,837.0,216.0,633.0,-364.0,train
2443,24_square,35,50,740.0,384.0,790.0,373.0,50.0,-11.0,train
2444,24_square,65,44,734.0,393.0,329.0,513.0,-405.0,120.0,train
2445,24_square,48,9,495.0,669.0,383.0,450.0,-112.0,-219.0,train
2446,24_square,65,68,577.0,177.0,799.0,645.0,222.0,468.0,train
2448,24_square,12,37,225.0,891.0,471.0,852.0,246.0,-39.0,train
2449,24_square,39,46,379.0,532.0,374.0,579.0,-5.0,47.0,train
2450,24_square,50,53,147.0,824.0,140.0,532.0,-7.0,-292.0,train
2451,24_square,37,67,351.0,803.0,724.0,278.0,373.0,-525.0,train
2452,24_square,60,45,513.0,138.0,707.0,381.0,194.0,243.0,train
2453,24_square,37,9,726.0,577.0,599.0,373.0,-127.0,-204.0,train
2454,24_square,29,52,845.0,451.0,858.0,668.0,13.0,217.0,train
2456,24_square,58,18,886.0,378.0,513.0,714.0,-373.0,336.0,train
2457,24_square,27,45,613.0,393.0,683.0,414.0,70.0,21.0,train
2459,24_square,15,42,626.0,341.0,307.0,486.0,-319.0,145.0,train
2460,24_square,4,29,813.0,278.0,174.0,802.0,-639.0,524.0,train
2463,24_square,29,10,798.0,342.0,158.0,187.0,-640.0,-155.0,train
2464,24_square,17,38,163.0,675.0,109.0,820.0,-54.0,145.0,train
2465,24_square,49,10,678.0,428.0,596.0,523.0,-82.0,95.0,train
2466,24_square,0,22,885.0,857.0,440.0,820.0,-445.0,-37.0,train
2467,24_square,51,10,399.0,678.0,543.0,583.0,144.0,-95.0,train
2468,24_square,55,32,360.0,285.0,658.0,753.0,298.0,468.0,train
2469,24_square,1,48,253.0,672.0,593.0,380.0,340.0,-292.0,train
2470,24_square,9,13,308.0,480.0,415.0,622.0,107.0,142.0,train
2471,24_square,5,29,660.0,842.0,386.0,845.0,-274.0,3.0,train
2472,24_square,18,13,726.0,432.0,412.0,284.0,-314.0,-148.0,train
2473,24_square,44,12,634.0,365.0,634.0,866.0,0.0,501.0,train
2474,24_square,14,30,686.0,405.0,762.0,737.0,76.0,332.0,train
2476,24_square,45,62,267.0,777.0,125.0,712.0,-142.0,-65.0,train
2477,24_square,57,9,599.0,194.0,860.0,895.0,261.0,701.0,train
2478,24_square,38,23,575.0,753.0,109.0,793.0,-466.0,40.0,train
2479,24_square,37,68,385.0,234.0,612.0,447.0,227.0,213.0,train
2482,24_square,1,45,191.0,218.0,731.0,572.0,540.0,354.0,train
2484,24_square,29,30,176.0,525.0,816.0,592.0,640.0,67.0,train
2485,24_square,15,36,831.0,459.0,521.0,658.0,-310.0,199.0,train
2486,24_square,45,12,142.0,824.0,281.0,307.0,139.0,-517.0,train
2488,24_square,6,25,810.0,850.0,703.0,408.0,-107.0,-442.0,train
2489,24_square,41,52,445.0,593.0,467.0,485.0,22.0,-108.0,train
2490,24_square,13,53,301.0,419.0,766.0,800.0,465.0,381.0,train
2491,24_square,61,42,642.0,312.0,110.0,219.0,-532.0,-93.0,train
2494,24_square,68,28,368.0,544.0,573.0,670.0,205.0,126.0,train
2495,24_square,0,52,154.0,405.0,688.0,380.0,534.0,-25.0,train
2496,24_square,20,7,673.0,165.0,506.0,692.0,-167.0,527.0,train
2497,24_square,21,59,760.0,466.0,708.0,146.0,-52.0,-320.0,train
2498,24_square,44,46,384.0,485.0,336.0,331.0,-48.0,-154.0,train
2500,13_square,0,50,754.0,520.0,428.0,241.0,-326.0,-279.0,train
2501,13_square,4,64,714.0,578.0,533.0,210.0,-181.0,-368.0,train
2503,13_square,25,30,520.0,653.0,808.0,508.0,288.0,-145.0,train
2506,13_square,54,45,209.0,764.0,466.0,900.0,257.0,136.0,train
2507,13_square,59,45,651.0,130.0,786.0,811.0,135.0,681.0,train
2508,13_square,66,42,890.0,342.0,227.0,563.0,-663.0,221.0,train
2510,13_square,53,16,300.0,255.0,686.0,547.0,386.0,292.0,train
2511,13_square,12,66,315.0,559.0,182.0,462.0,-133.0,-97.0,train
2512,13_square,7,23,606.0,250.0,837.0,761.0,231.0,511.0,train
2513,13_square,54,14,406.0,610.0,209.0,752.0,-197.0,142.0,train
2514,13_square,14,38,207.0,727.0,675.0,166.0,468.0,-561.0,train
2515,13_square,22,24,349.0,246.0,399.0,191.0,50.0,-55.0,train
2518,13_square,10,55,589.0,445.0,556.0,646.0,-33.0,201.0,train
2519,13_square,30,41,626.0,425.0,320.0,313.0,-306.0,-112.0,train
2520,13_square,68,29,615.0,572.0,329.0,137.0,-286.0,-435.0,train
2521,13_square,9,34,895.0,539.0,739.0,227.0,-156.0,-312.0,train
2522,13_square,61,31,477.0,802.0,191.0,129.0,-286.0,-673.0,train
2523,13_square,9,0,471.0,581.0,805.0,897.0,334.0,316.0,train
2524,13_square,1,18,114.0,116.0,250.0,787.0,136.0,671.0,train
2525,13_square,65,41,830.0,510.0,674.0,542.0,-156.0,32.0,train
2526,13_square,33,62,235.0,555.0,195.0,413.0,-40.0,-142.0,train
2527,13_square,15,38,764.0,675.0,424.0,573.0,-340.0,-102.0,train
2528,13_square,4,3,255.0,468.0,686.0,625.0,431.0,157.0,train
2529,13_square,36,42,122.0,534.0,325.0,613.0,203.0,79.0,train
2530,13_square,32,61,818.0,455.0,889.0,810.0,71.0,355.0,train
2532,13_square,51,34,124.0,430.0,651.0,866.0,527.0,436.0,train
2533,13_square,28,22,744.0,651.0,340.0,103.0,-404.0,-548.0,train
2534,13_square,42,46,423.0,538.0,723.0,801.0,300.0,263.0,train
2535,13_square,46,65,755.0,895.0,875.0,485.0,120.0,-410.0,train
2536,13_square,56,52,422.0,747.0,339.0,513.0,-83.0,-234.0,train
2537,13_square,24,55,849.0,370.0,776.0,289.0,-73.0,-81.0,train
2538,13_square,57,23,715.0,537.0,873.0,517.0,158.0,-20.0,train
2539,13_square,32,33,529.0,864.0,264.0,392.0,-265.0,-472.0,train
2541,13_square,57,5,180.0,616.0,364.0,491.0,184.0,-125.0,train
2542,13_square,59,17,308.0,228.0,135.0,647.0,-173.0,419.0,train
2543,13_square,30,37,518.0,544.0,301.0,356.0,-217.0,-188.0,train
2544,13_square,6,57,566.0,222.0,492.0,147.0,-74.0,-75.0,train
2545,13_square,64,61,839.0,399.0,241.0,547.0,-598.0,148.0,train
2546,13_square,51,1,375.0,121.0,496.0,878.0,121.0,757.0,train
2547,13_square,47,49,518.0,782.0,232.0,287.0,-286.0,-495.0,train
2548,13_square,30,62,747.0,743.0,392.0,176.0,-355.0,-567.0,train
2550,13_square,57,4,728.0,308.0,547.0,665.0,-181.0,357.0,train
2551,13_square,59,8,226.0,610.0,433.0,411.0,207.0,-199.0,train
2552,13_square,67,59,282.0,482.0,459.0,428.0,177.0,-54.0,train
2553,13_square,57,58,734.0,664.0,752.0,767.0,18.0,103.0,train
2554,13_square,38,26,348.0,436.0,242.0,552.0,-106.0,116.0,train
2556,13_square,40,52,462.0,808.0,276.0,334.0,-186.0,-474.0,train
2557,13_square,6,59,810.0,775.0,485.0,318.0,-325.0,-457.0,train
2558,13_square,33,3,542.0,841.0,241.0,380.0,-301.0,-461.0,train
2559,13_square,59,41,295.0,214.0,339.0,773.0,44.0,559.0,train
2560,13_square,57,66,506.0,404.0,762.0,455.0,256.0,51.0,train
2561,13_square,36,17,835.0,579.0,612.0,701.0,-223.0,122.0,train
2562,13_square,30,38,145.0,193.0,117.0,376.0,-28.0,183.0,train
2563,13_square,33,61,835.0,595.0,314.0,361.0,-521.0,-234.0,train
2564,13_square,32,42,748.0,485.0,776.0,247.0,28.0,-238.0,train
2565,13_square,5,64,448.0,369.0,838.0,393.0,390.0,24.0,train
2566,13_square,37,28,573.0,614.0,440.0,730.0,-133.0,116.0,train
2567,13_square,25,51,755.0,445.0,426.0,856.0,-329.0,411.0,train
2569,13_square,2,29,712.0,311.0,171.0,626.0,-541.0,315.0,train
2570,13_square,54,20,816.0,248.0,183.0,677.0,-633.0,429.0,train
2572,13_square,67,20,133.0,777.0,477.0,673.0,344.0,-104.0,train
2573,13_square,0,51,150.0,587.0,618.0,184.0,468.0,-403.0,train
2575,13_square,16,19,866.0,259.0,397.0,837.0,-469.0,578.0,train
2576,13_square,7,61,446.0,762.0,541.0,209.0,95.0,-553.0,train
2577,13_square,14,61,626.0,165.0,590.0,386.0,-36.0,221.0,train
2578,13_square,37,6,772.0,356.0,465.0,425.0,-307.0,69.0,train
2579,13_square,52,54,626.0,143.0,606.0,497.0,-20.0,354.0,train
2580,13_square,26,31,117.0,266.0,856.0,776.0,739.0,510.0,train
2581,13_square,46,21,632.0,696.0,574.0,894.0,-58.0,198.0,train
2582,13_square,45,13,559.0,730.0,605.0,817.0,46.0,87.0,train
2583,13_square,8,4,821.0,433.0,667.0,502.0,-154.0,69.0,train
2585,13_square,6,30,276.0,709.0,376.0,494.0,100.0,-215.0,train
2586,13_square,12,31,130.0,610.0,431.0,663.0,301.0,53.0,train
2587,13_square,55,8,554.0,335.0,227.0,346.0,-327.0,11.0,train
2588,13_square,25,52,476.0,859.0,164.0,388.0,-312.0,-471.0,train
2589,13_square,47,39,547.0,580.0,261.0,635.0,-286.0,55.0,train
2592,13_square,2,24,551.0,227.0,653.0,198.0,102.0,-29.0,train
2593,13_square,58,47,594.0,229.0,897.0,652.0,303.0,423.0,train
2594,13_square,12,62,273.0,842.0,637.0,130.0,364.0,-712.0,train
2595,13_square,18,53,427.0,640.0,741.0,777.0,314.0,137.0,train
2596,13_square,53,35,810.0,553.0,271.0,613.0,-539.0,60.0,train
2597,13_square,23,7,296.0,833.0,880.0,125.0,584.0,-708.0,train
2598,13_square,21,41,351.0,271.0,788.0,784.0,437.0,513.0,train
2599,13_square,59,64,135.0,760.0,870.0,147.0,735.0,-613.0,train
2601,13_square,17,60,450.0,699.0,855.0,608.0,405.0,-91.0,train
2602,13_square,19,57,694.0,264.0,704.0,466.0,10.0,202.0,train
2603,13_square,36,49,676.0,220.0,708.0,323.0,32.0,103.0,train
2604,13_square,28,59,282.0,614.0,142.0,332.0,-140.0,-282.0,train
2605,13_square,52,38,450.0,440.0,360.0,639.0,-90.0,199.0,train
2606,13_square,65,0,542.0,314.0,782.0,555.0,240.0,241.0,train
2609,13_square,63,21,226.0,441.0,642.0,774.0,416.0,333.0,train
2610,13_square,58,38,708.0,790.0,701.0,219.0,-7.0,-571.0,train
2611,13_square,61,26,589.0,400.0,770.0,841.0,181.0,441.0,train
2612,13_square,51,13,250.0,751.0,409.0,736.0,159.0,-15.0,train
2613,13_square,42,34,143.0,218.0,501.0,297.0,358.0,79.0,train
2614,13_square,59,14,712.0,507.0,569.0,563.0,-143.0,56.0,train
2615,13_square,24,15,590.0,751.0,181.0,398.0,-409.0,-353.0,train
2616,13_square,15,51,465.0,692.0,296.0,215.0,-169.0,-477.0,train
2617,13_square,22,11,492.0,174.0,510.0,620.0,18.0,446.0,train
2618,13_square,55,10,360.0,513.0,871.0,228.0,511.0,-285.0,train
2619,13_square,27,20,690.0,536.0,835.0,746.0,145.0,210.0,train
2620,13_square,53,9,191.0,466.0,728.0,208.0,537.0,-258.0,train
2621,13_square,8,25,469.0,805.0,166.0,735.0,-303.0,-70.0,train
2622,13_square,52,39,319.0,242.0,271.0,217.0,-48.0,-25.0,train
2623,13_square,54,4,724.0,439.0,734.0,573.0,10.0,134.0,train
2624,13_square,67,54,319.0,274.0,159.0,811.0,-160.0,537.0,train
2626,13_square,36,44,630.0,130.0,464.0,762.0,-166.0,632.0,train
2627,13_square,28,66,786.0,711.0,136.0,162.0,-650.0,-549.0,train
2628,13_square,37,34,480.0,332.0,216.0,163.0,-264.0,-169.0,train
2629,13_square,20,13,114.0,250.0,769.0,788.0,655.0,538.0,train
2630,13_square,0,65,873.0,207.0,673.0,540.0,-200.0,333.0,train
2631,13_square,0,18,329.0,141.0,206.0,892.0,-123.0,751.0,train
2632,13_square,23,35,477.0,170.0,138.0,883.0,-339.0,713.0,train
2633,13_square,17,10,157.0,213.0,458.0,183.0,301.0,-30.0,train
2634,13_square,6,34,109.0,286.0,767.0,656.0,658.0,370.0,train
2635,13_square,37,57,277.0,519.0,182.0,737.0,-95.0,218.0,train
2636,13_square,40,21,887.0,718.0,140.0,762.0,-747.0,44.0,train
2637,13_square,39,45,471.0,883.0,514.0,707.0,43.0,-176.0,train
2639,13_square,3,21,751.0,673.0,654.0,624.0,-97.0,-49.0,train
2640,13_square,11,29,200.0,134.0,503.0,149.0,303.0,15.0,train
2641,13_square,34,63,524.0,190.0,666.0,870.0,142.0,680.0,train
2642,13_square,14,42,118.0,104.0,727.0,875.0,609.0,771.0,train
2643,13_square,54,15,756.0,102.0,307.0,660.0,-449.0,558.0,train
2644,13_square,36,40,486.0,419.0,418.0,533.0,-68.0,114.0,train
2646,13_square,17,5,262.0,240.0,458.0,131.0,196.0,-109.0,train
2648,13_square,44,64,737.0,241.0,275.0,377.0,-462.0,136.0,train
2649,13_square,45,21,335.0,310.0,379.0,632.0,44.0,322.0,train
2650,13_square,17,12,372.0,744.0,467.0,661.0,95.0,-83.0,train
2651,13_square,3,12,692.0,573.0,115.0,367.0,-577.0,-206.0,train
2652,13_square,14,28,364.0,260.0,544.0,278.0,180.0,18.0,train
2653,13_square,60,20,301.0,161.0,502.0,499.0,201.0,338.0,train
2657,13_square,25,49,603.0,287.0,163.0,326.0,-440.0,39.0,train
2658,13_square,28,13,275.0,361.0,268.0,805.0,-7.0,444.0,train
2659,13_square,34,27,349.0,121.0,309.0,806.0,-40.0,685.0,train
2661,13_square,36,14,696.0,785.0,471.0,750.0,-225.0,-35.0,train
2662,13_square,43,58,678.0,425.0,445.0,178.0,-233.0,-247.0,train
2663,13_square,63,22,388.0,174.0,442.0,308.0,54.0,134.0,train
2665,13_square,32,57,186.0,629.0,762.0,391.0,576.0,-238.0,train
2666,13_square,11,34,781.0,152.0,574.0,218.0,-207.0,66.0,train
2667,13_square,64,13,355.0,399.0,784.0,826.0,429.0,427.0,train
2670,13_square,21,11,261.0,779.0,512.0,869.0,251.0,90.0,train
2671,13_square,51,41,111.0,163.0,337.0,163.0,226.0,0.0,train
2673,13_square,17,20,505.0,225.0,316.0,852.0,-189.0,627.0,train
2674,13_square,50,51,749.0,251.0,471.0,203.0,-278.0,-48.0,train
2675,13_square,58,38,673.0,783.0,361.0,480.0,-312.0,-303.0,train
2676,13_square,11,39,292.0,374.0,572.0,541.0,280.0,167.0,train
2677,13_square,62,68,487.0,623.0,643.0,755.0,156.0,132.0,train
2678,13_square,34,50,104.0,746.0,714.0,347.0,610.0,-399.0,train
2679,13_square,20,39,371.0,672.0,233.0,268.0,-138.0,-404.0,train
2680,13_square,59,36,751.0,135.0,659.0,871.0,-92.0,736.0,train
2681,13_square,48,5,797.0,825.0,752.0,605.0,-45.0,-220.0,train
2683,13_square,36,52,107.0,608.0,664.0,467.0,557.0,-141.0,train
2684,13_square,67,41,312.0,488.0,806.0,531.0,494.0,43.0,train
2686,13_square,42,24,309.0,469.0,360.0,383.0,51.0,-86.0,train
2687,13_square,8,48,427.0,178.0,822.0,638.0,395.0,460.0,train
2688,13_square,0,62,198.0,258.0,468.0,398.0,270.0,140.0,train
2689,13_square,5,59,301.0,686.0,418.0,176.0,117.0,-510.0,train
2691,13_square,60,31,331.0,726.0,724.0,511.0,393.0,-215.0,train
2693,13_square,3,66,699.0,271.0,130.0,668.0,-569.0,397.0,train
2694,13_square,33,16,843.0,667.0,103.0,106.0,-740.0,-561.0,train
2695,13_square,31,65,696.0,863.0,416.0,493.0,-280.0,-370.0,train
2697,13_square,34,66,559.0,690.0,509.0,223.0,-50.0,-467.0,train
2698,13_square,20,44,120.0,623.0,447.0,264.0,327.0,-359.0,train
2699,13_square,24,33,866.0,762.0,703.0,828.0,-163.0,66.0,train
2700,13_square,13,54,218.0,742.0,260.0,854.0,42.0,112.0,train
2702,13_square,45,36,668.0,161.0,105.0,421.0,-563.0,260.0,train
2703,13_square,66,56,703.0,718.0,805.0,280.0,102.0,-438.0,train
2704,13_square,65,35,431.0,182.0,612.0,699.0,181.0,517.0,train
2705,13_square,29,23,380.0,398.0,249.0,888.0,-131.0,490.0,train
2707,13_square,32,67,206.0,357.0,157.0,478.0,-49.0,121.0,train
2709,13_square,16,32,629.0,449.0,482.0,216.0,-147.0,-233.0,train
2710,13_square,64,5,466.0,801.0,542.0,553.0,76.0,-248.0,train
2711,13_square,44,36,341.0,285.0,230.0,114.0,-111.0,-171.0,train
2713,13_square,39,11,263.0,595.0,612.0,707.0,349.0,112.0,train
2715,13_square,58,43,755.0,245.0,123.0,594.0,-632.0,349.0,train
2716,13_square,13,26,609.0,287.0,480.0,375.0,-129.0,88.0,train
2719,13_square,6,34,708.0,266.0,236.0,767.0,-472.0,501.0,train
2720,13_square,50,34,158.0,335.0,514.0,786.0,356.0,451.0,train
2721,13_square,67,63,832.0,735.0,341.0,398.0,-491.0,-337.0,train
2722,13_square,67,45,348.0,499.0,462.0,403.0,114.0,-96.0,train
2723,13_square,17,37,126.0,391.0,321.0,308.0,195.0,-83.0,train
2725,13_square,23,46,727.0,141.0,890.0,554.0,163.0,413.0,train
2726,13_square,60,6,765.0,448.0,562.0,433.0,-203.0,-15.0,train
2727,13_square,23,13,396.0,691.0,524.0,665.0,128.0,-26.0,train
2728,13_square,3,65,900.0,674.0,337.0,752.0,-563.0,78.0,train
2729,13_square,44,9,409.0,857.0,716.0,468.0,307.0,-389.0,train
2730,13_square,32,43,225.0,582.0,664.0,508.0,439.0,-74.0,train
2731,13_square,57,65,720.0,799.0,618.0,231.0,-102.0,-568.0,train
2732,13_square,16,40,516.0,333.0,571.0,506.0,55.0,173.0,train
2733,13_square,34,36,390.0,374.0,780.0,526.0,390.0,152.0,train
2736,13_square,49,6,550.0,551.0,729.0,276.0,179.0,-275.0,train
2737,13_square,35,26,724.0,458.0,371.0,610.0,-353.0,152.0,train
2738,13_square,11,62,668.0,697.0,335.0,146.0,-333.0,-551.0,train
2739,13_square,53,32,221.0,249.0,301.0,398.0,80.0,149.0,train
2740,13_square,67,36,427.0,854.0,164.0,813.0,-263.0,-41.0,train
2741,13_square,27,20,533.0,857.0,638.0,532.0,105.0,-325.0,train
2742,13_square,37,13,335.0,718.0,692.0,599.0,357.0,-119.0,train
2743,13_square,48,8,815.0,522.0,544.0,599.0,-271.0,77.0,train
2744,13_square,55,52,829.0,233.0,838.0,609.0,9.0,376.0,train
2745,13_square,58,28,691.0,490.0,603.0,289.0,-88.0,-201.0,train
2746,13_square,9,56,849.0,473.0,562.0,335.0,-287.0,-138.0,train
2747,13_square,65,3,726.0,565.0,583.0,126.0,-143.0,-439.0,train
2748,13_square,51,67,470.0,842.0,890.0,210.0,420.0,-632.0,train
2749,13_square,37,63,457.0,488.0,717.0,382.0,260.0,-106.0,train
2752,13_square,53,59,311.0,782.0,108.0,308.0,-203.0,-474.0,train
2753,13_square,0,61,455.0,885.0,212.0,370.0,-243.0,-515.0,train
2754,13_square,55,29,436.0,284.0,502.0,599.0,66.0,315.0,train
2755,13_square,50,2,784.0,214.0,375.0,488.0,-409.0,274.0,train
2756,13_square,29,38,625.0,404.0,471.0,562.0,-154.0,158.0,train
2757,13_square,35,34,388.0,221.0,284.0,347.0,-104.0,126.0,train
2758,13_square,7,0,291.0,527.0,825.0,369.0,534.0,-158.0,train
2759,13_square,54,51,397.0,896.0,287.0,444.0,-110.0,-452.0,train
2760,13_square,35,35,630.0,895.0,266.0,181.0,-364.0,-714.0,train
2761,13_square,49,14,692.0,174.0,786.0,516.0,94.0,342.0,train
2765,13_square,53,47,754.0,209.0,588.0,138.0,-166.0,-71.0,train
2766,13_square,1,47,863.0,386.0,694.0,193.0,-169.0,-193.0,train
2767,13_square,25,50,122.0,629.0,616.0,367.0,494.0,-262.0,train
2768,13_square,15,7,416.0,648.0,696.0,600.0,280.0,-48.0,train
2769,13_square,1,11,175.0,682.0,427.0,621.0,252.0,-61.0,train
2770,13_square,15,42,423.0,470.0,727.0,412.0,304.0,-58.0,train
2771,13_square,25,41,386.0,196.0,406.0,538.0,20.0,342.0,train
2772,13_square,15,21,554.0,208.0,636.0,559.0,82.0,351.0,train
2773,13_square,4,53,717.0,673.0,780.0,166.0,63.0,-507.0,train
2774,13_square,21,17,754.0,534.0,760.0,878.0,6.0,344.0,train
2775,13_square,47,65,240.0,205.0,238.0,657.0,-2.0,452.0,train
2776,13_square,41,64,786.0,355.0,163.0,827.0,-623.0,472.0,train
2778,13_square,38,35,409.0,811.0,206.0,319.0,-203.0,-492.0,train
2780,13_square,25,45,289.0,638.0,513.0,490.0,224.0,-148.0,train
2781,13_square,23,2,340.0,148.0,133.0,882.0,-207.0,734.0,train
2782,13_square,17,53,335.0,504.0,711.0,316.0,376.0,-188.0,train
2783,13_square,24,2,868.0,882.0,883.0,580.0,15.0,-302.0,train
2784,13_square,2,35,454.0,242.0,300.0,258.0,-154.0,16.0,train
2785,13_square,57,16,164.0,860.0,306.0,274.0,142.0,-586.0,train
2787,13_square,35,38,674.0,697.0,423.0,457.0,-251.0,-240.0,train
2788,13_square,39,12,356.0,120.0,453.0,427.0,97.0,307.0,train
2789,13_square,21,61,319.0,260.0,329.0,608.0,10.0,348.0,train
2790,13_square,6,10,764.0,575.0,330.0,198.0,-434.0,-377.0,train
2792,13_square,1,25,526.0,583.0,368.0,629.0,-158.0,46.0,train
2795,13_square,25,57,154.0,849.0,465.0,246.0,311.0,-603.0,train
2796,13_square,58,18,264.0,503.0,256.0,419.0,-8.0,-84.0,train
2797,13_square,29,2,677.0,187.0,492.0,156.0,-185.0,-31.0,train
2799,13_square,66,29,876.0,210.0,358.0,433.0,-518.0,223.0,train
2800,13_square,60,13,541.0,503.0,464.0,424.0,-77.0,-79.0,train
2801,13_square,11,44,736.0,316.0,710.0,108.0,-26.0,-208.0,train
2802,13_square,22,57,509.0,497.0,350.0,258.0,-159.0,-239.0,train
2803,13_square,3,54,868.0,162.0,367.0,222.0,-501.0,60.0,train
2805,13_square,49,8,214.0,715.0,813.0,288.0,599.0,-427.0,train
2807,13_square,31,33,513.0,373.0,644.0,423.0,131.0,50.0,train
2808,13_square,1,46,179.0,339.0,260.0,741.0,81.0,402.0,train
2809,13_square,53,3,494.0,200.0,167.0,432.0,-327.0,232.0,train
2810,13_square,68,68,742.0,370.0,224.0,653.0,-518.0,283.0,train
2811,13_square,61,35,472.0,839.0,351.0,726.0,-121.0,-113.0,train
2812,13_square,60,59,783.0,137.0,747.0,195.0,-36.0,58.0,train
2813,13_square,57,35,521.0,180.0,533.0,778.0,12.0,598.0,train
2814,13_square,10,35,189.0,180.0,408.0,612.0,219.0,432.0,train
2815,13_square,35,52,611.0,680.0,184.0,450.0,-427.0,-230.0,train
2816,13_square,62,20,625.0,776.0,502.0,711.0,-123.0,-65.0,train
2817,13_square,35,32,531.0,113.0,313.0,636.0,-218.0,523.0,train
2818,13_square,5,40,337.0,372.0,137.0,813.0,-200.0,441.0,train
2820,13_square,30,14,433.0,641.0,523.0,206.0,90.0,-435.0,train
2821,13_square,5,31,223.0,549.0,792.0,585.0,569.0,36.0,train
2822,13_square,28,8,878.0,543.0,187.0,429.0,-691.0,-114.0,train
2823,13_square,15,51,602.0,835.0,515.0,134.0,-87.0,-701.0,train
2824,13_square,30,44,460.0,246.0,483.0,789.0,23.0,543.0,train
2826,13_square,33,57,559.0,579.0,100.0,490.0,-459.0,-89.0,train
2827,13_square,34,38,293.0,833.0,519.0,210.0,226.0,-623.0,train
2828,13_square,15,27,762.0,556.0,124.0,277.0,-638.0,-279.0,train
2829,13_square,5,59,272.0,873.0,659.0,689.0,387.0,-184.0,train
2830,13_square,3,68,101.0,341.0,535.0,805.0,434.0,464.0,train
2831,13_square,14,59,457.0,339.0,541.0,570.0,84.0,231.0,train
2832,13_square,44,60,874.0,357.0,752.0,717.0,-122.0,360.0,train
2833,13_square,60,8,286.0,848.0,447.0,170.0,161.0,-678.0,train
2834,13_square,46,47,367.0,630.0,878.0,519.0,511.0,-111.0,train
2835,13_square,7,41,366.0,652.0,582.0,265.0,216.0,-387.0,train
2836,13_square,20,49,363.0,695.0,476.0,350.0,113.0,-345.0,train
2837,13_square,36,9,354.0,344.0,762.0,176.0,408.0,-168.0,train
2838,13_square,32,67,539.0,673.0,532.0,390.0,-7.0,-283.0,train
2839,13_square,24,15,142.0,413.0,371.0,254.0,229.0,-159.0,train
2841,13_square,13,26,899.0,797.0,279.0,138.0,-620.0,-659.0,train
2843,13_square,51,26,116.0,853.0,809.0,239.0,693.0,-614.0,train
2844,13_square,28,55,554.0,870.0,702.0,877.0,148.0,7.0,train
2847,13_square,55,48,635.0,302.0,595.0,262.0,-40.0,-40.0,train
2848,13_square,59,56,223.0,193.0,708.0,494.0,485.0,301.0,train
2849,13_square,11,61,466.0,841.0,138.0,189.0,-328.0,-652.0,train
2850,13_square,33,19,761.0,425.0,899.0,173.0,138.0,-252.0,train
2851,13_square,66,43,753.0,173.0,179.0,644.0,-574.0,471.0,train
2852,13_square,48,42,597.0,414.0,488.0,658.0,-109.0,244.0,train
2853,13_square,32,52,617.0,732.0,569.0,510.0,-48.0,-222.0,train
2855,13_square,56,48,439.0,207.0,829.0,656.0,390.0,449.0,train
2856,13_square,65,44,803.0,810.0,382.0,834.0,-421.0,24.0,train
2857,13_square,25,67,436.0,141.0,645.0,170.0,209.0,29.0,train
2858,13_square,2,45,312.0,499.0,262.0,201.0,-50.0,-298.0,train
2859,13_square,50,43,302.0,608.0,569.0,610.0,267.0,2.0,train
2860,13_square,21,7,354.0,590.0,234.0,395.0,-120.0,-195.0,train
2861,13_square,32,5,518.0,738.0,232.0,307.0,-286.0,-431.0,train
2862,13_square,20,33,703.0,550.0,322.0,588.0,-381.0,38.0,train
2863,13_square,31,39,621.0,509.0,531.0,705.0,-90.0,196.0,train
2864,13_square,37,46,346.0,474.0,617.0,203.0,271.0,-271.0,train
2865,13_square,44,51,731.0,362.0,667.0,375.0,-64.0,13.0,train
2866,13_square,61,24,461.0,595.0,446.0,725.0,-15.0,130.0,train
2867,13_square,7,18,858.0,377.0,759.0,420.0,-99.0,43.0,train
2868,13_square,5,1,501.0,468.0,224.0,455.0,-277.0,-13.0,train
2869,13_square,15,45,700.0,231.0,708.0,144.0,8.0,-87.0,train
2870,13_square,16,47,775.0,696.0,327.0,761.0,-448.0,65.0,train
2871,13_square,15,25,167.0,253.0,487.0,794.0,320.0,541.0,train
2872,13_square,3,62,899.0,111.0,786.0,841.0,-113.0,730.0,train
2874,13_square,47,61,508.0,291.0,867.0,725.0,359.0,434.0,train
2875,13_square,15,58,745.0,448.0,374.0,605.0,-371.0,157.0,train
2876,13_square,6,33,467.0,378.0,536.0,146.0,69.0,-232.0,train
2877,13_square,64,10,138.0,272.0,858.0,326.0,720.0,54.0,train
2879,13_square,62,2,333.0,145.0,543.0,113.0,210.0,-32.0,train
2881,13_square,48,36,540.0,819.0,311.0,895.0,-229.0,76.0,train
2882,13_square,20,50,586.0,795.0,130.0,133.0,-456.0,-662.0,train
2883,13_square,13,15,238.0,330.0,855.0,374.0,617.0,44.0,train
2884,13_square,13,41,378.0,413.0,273.0,300.0,-105.0,-113.0,train
2885,13_square,20,30,826.0,459.0,614.0,565.0,-212.0,106.0,train
2887,13_square,41,0,649.0,491.0,812.0,338.0,163.0,-153.0,train
2888,13_square,5,65,163.0,220.0,299.0,299.0,136.0,79.0,train
2890,13_square,34,57,241.0,765.0,698.0,179.0,457.0,-586.0,train
2891,13_square,58,47,843.0,104.0,852.0,581.0,9.0,477.0,train
2892,13_square,59,61,637.0,776.0,403.0,817.0,-234.0,41.0,train
2893,13_square,22,7,410.0,153.0,556.0,107.0,146.0,-46.0,train
2894,13_square,12,1,169.0,315.0,593.0,871.0,424.0,556.0,train
2895,13_square,28,6,364.0,708.0,499.0,194.0,135.0,-514.0,train
2896,13_square,8,29,392.0,606.0,766.0,208.0,374.0,-398.0,train
2897,13_square,26,21,330.0,552.0,254.0,482.0,-76.0,-70.0,train
2899,13_square,1,58,112.0,602.0,356.0,758.0,244.0,156.0,train
2900,13_square,65,51,605.0,822.0,683.0,886.0,78.0,64.0,train
2901,13_square,22,3,183.0,383.0,282.0,716.0,99.0,333.0,train
2902,13_square,34,56,838.0,186.0,294.0,179.0,-544.0,-7.0,train
2903,13_square,22,45,845.0,351.0,300.0,154.0,-545.0,-197.0,train
2904,13_square,56,28,480.0,520.0,753.0,206.0,273.0,-314.0,train
2905,13_square,4,3,700.0,469.0,341.0,409.0,-359.0,-60.0,train
2906,13_square,28,7,172.0,900.0,548.0,213.0,376.0,-687.0,train
2907,13_square,67,41,539.0,606.0,518.0,550.0,-21.0,-56.0,train
2909,13_square,13,46,835.0,212.0,767.0,640.0,-68.0,428.0,train
2910,13_square,47,49,661.0,900.0,551.0,804.0,-110.0,-96.0,train
2913,13_square,4,32,239.0,787.0,533.0,692.0,294.0,-95.0,train
2914,13_square,45,68,399.0,374.0,621.0,324.0,222.0,-50.0,train
2915,13_square,38,22,355.0,107.0,664.0,253.0,309.0,146.0,train
2916,13_square,34,16,429.0,866.0,772.0,283.0,343.0,-583.0,train
2918,13_square,67,33,433.0,582.0,196.0,207.0,-237.0,-375.0,train
2919,13_square,13,3,662.0,439.0,840.0,718.0,178.0,279.0,train
2920,13_square,36,1,607.0,304.0,268.0,654.0,-339.0,350.0,train
2921,13_square,39,13,731.0,721.0,103.0,800.0,-628.0,79.0,train
2923,13_square,42,7,231.0,831.0,478.0,568.0,247.0,-263.0,train
2924,13_square,14,14,336.0,667.0,406.0,379.0,70.0,-288.0,train
2925,13_square,7,34,688.0,315.0,539.0,202.0,-149.0,-113.0,train
2926,13_square,55,57,733.0,363.0,640.0,237.0,-93.0,-126.0,train
2928,13_square,51,35,440.0,727.0,535.0,487.0,95.0,-240.0,train
2929,13_square,14,55,756.0,252.0,762.0,303.0,6.0,51.0,train
2930,13_square,22,24,660.0,848.0,849.0,767.0,189.0,-81.0,train
2931,13_square,13,62,243.0,302.0,324.0,819.0,81.0,517.0,train
2932,13_square,56,60,838.0,764.0,668.0,354.0,-170.0,-410.0,train
2933,13_square,23,11,317.0,348.0,325.0,150.0,8.0,-198.0,train
2934,13_square,24,2,357.0,186.0,830.0,361.0,473.0,175.0,train
2935,13_square,24,54,819.0,275.0,323.0,319.0,-496.0,44.0,train
2936,13_square,23,44,781.0,808.0,673.0,339.0,-108.0,-469.0,train
2937,13_square,30,39,236.0,156.0,781.0,813.0,545.0,657.0,train
2938,13_square,58,20,805.0,650.0,812.0,292.0,7.0,-358.0,train
2940,13_square,64,10,701.0,410.0,438.0,435.0,-263.0,25.0,train
2942,13_square,48,46,433.0,880.0,680.0,303.0,247.0,-577.0,train
2943,13_square,7,29,256.0,289.0,625.0,594.0,369.0,305.0,train
2944,13_square,35,4,386.0,121.0,840.0,431.0,454.0,310.0,train
2946,13_square,57,61,597.0,803.0,363.0,141.0,-234.0,-662.0,train
2947,13_square,28,42,233.0,781.0,159.0,368.0,-74.0,-413.0,train
2949,13_square,40,27,749.0,613.0,388.0,581.0,-361.0,-32.0,train
2950,13_square,47,49,135.0,629.0,350.0,111.0,215.0,-518.0,train
2951,13_square,64,60,603.0,642.0,834.0,367.0,231.0,-275.0,train
2952,13_square,28,13,190.0,129.0,129.0,310.0,-61.0,181.0,train
2953,13_square,5,39,255.0,127.0,433.0,303.0,178.0,176.0,train
2954,13_square,47,2,429.0,861.0,721.0,893.0,292.0,32.0,train
2955,13_square,45,67,455.0,534.0,561.0,595.0,106.0,61.0,train
2956,13_square,46,36,107.0,113.0,131.0,163.0,24.0,50.0,train
2958,13_square,66,57,417.0,263.0,687.0,709.0,270.0,446.0,train
2959,13_square,68,65,773.0,513.0,446.0,894.0,-327.0,381.0,train
2960,13_square,52,12,595.0,680.0,396.0,167.0,-199.0,-513.0,train
2961,13_square,28,7,703.0,361.0,792.0,215.0,89.0,-146.0,train
2962,13_square,59,49,553.0,289.0,397.0,670.0,-156.0,381.0,train
2964,13_square,45,53,411.0,701.0,383.0,396.0,-28.0,-305.0,train
2965,13_square,67,33,473.0,332.0,729.0,114.0,256.0,-218.0,train
2966,13_square,21,64,245.0,211.0,863.0,422.0,618.0,211.0,train
2967,13_square,62,60,146.0,248.0,326.0,448.0,180.0,200.0,train
2969,13_square,20,31,278.0,190.0,450.0,741.0,172.0,551.0,train
2971,13_square,35,54,153.0,567.0,645.0,648.0,492.0,81.0,train
2972,13_square,25,18,182.0,226.0,372.0,443.0,190.0,217.0,train
2973,13_square,9,50,276.0,278.0,470.0,322.0,194.0,44.0,train
2974,13_square,42,49,627.0,160.0,224.0,527.0,-403.0,367.0,train
2975,13_square,33,15,496.0,333.0,126.0,869.0,-370.0,536.0,train
2976,13_square,60,35,464.0,854.0,149.0,842.0,-315.0,-12.0,train
2977,13_square,51,31,105.0,123.0,331.0,682.0,226.0,559.0,train
2978,13_square,56,54,497.0,120.0,886.0,628.0,389.0,508.0,train
2979,13_square,36,66,383.0,716.0,169.0,329.0,-214.0,-387.0,train
2981,13_square,55,45,351.0,336.0,225.0,129.0,-126.0,-207.0,train
2982,13_square,31,55,426.0,461.0,397.0,884.0,-29.0,423.0,train
2983,13_square,38,65,808.0,344.0,542.0,859.0,-266.0,515.0,train
2984,13_square,35,25,730.0,190.0,603.0,558.0,-127.0,368.0,train
2986,13_square,32,34,107.0,796.0,358.0,352.0,251.0,-444.0,train
2987,13_square,57,41,478.0,777.0,384.0,615.0,-94.0,-162.0,train
2989,13_square,55,56,478.0,839.0,484.0,841.0,6.0,2.0,train
2990,13_square,33,19,518.0,730.0,889.0,871.0,371.0,141.0,train
2991,13_square,65,9,251.0,712.0,244.0,484.0,-7.0,-228.0,train
2992,13_square,7,30,716.0,119.0,137.0,713.0,-579.0,594.0,train
2993,13_square,33,40,100.0,740.0,484.0,728.0,384.0,-12.0,train
2994,13_square,22,19,804.0,194.0,504.0,566.0,-300.0,372.0,train
2995,13_square,38,34,561.0,649.0,713.0,888.0,152.0,239.0,train
2996,13_square,56,4,101.0,872.0,685.0,342.0,584.0,-530.0,train
2998,13_square,34,14,799.0,831.0,329.0,343.0,-470.0,-488.0,train
3000,19_square,25,68,227.0,784.0,344.0,380.0,117.0,-404.0,train
3001,19_square,39,32,743.0,393.0,240.0,383.0,-503.0,-10.0,train
3002,19_square,51,44,788.0,400.0,421.0,141.0,-367.0,-259.0,train
3003,19_square,43,41,761.0,883.0,435.0,599.0,-326.0,-284.0,train
3004,19_square,32,48,132.0,871.0,577.0,260.0,445.0,-611.0,train
3009,19_square,21,3,711.0,493.0,208.0,838.0,-503.0,345.0,train
3010,19_square,43,68,737.0,277.0,585.0,752.0,-152.0,475.0,train
3012,19_square,34,17,456.0,360.0,372.0,578.0,-84.0,218.0,train
3013,19_square,16,7,726.0,350.0,626.0,752.0,-100.0,402.0,train
3015,19_square,54,25,581.0,819.0,180.0,269.0,-401.0,-550.0,train
3016,19_square,12,14,383.0,725.0,880.0,548.0,497.0,-177.0,train
3017,19_square,15,44,488.0,275.0,691.0,637.0,203.0,362.0,train
3018,19_square,42,60,196.0,847.0,775.0,161.0,579.0,-686.0,train
3019,19_square,57,34,169.0,275.0,483.0,406.0,314.0,131.0,train
3020,19_square,62,4,601.0,308.0,272.0,586.0,-329.0,278.0,train
3021,19_square,25,32,619.0,400.0,277.0,429.0,-342.0,29.0,train
3023,19_square,20,24,760.0,370.0,547.0,233.0,-213.0,-137.0,train
3024,19_square,20,26,551.0,333.0,394.0,331.0,-157.0,-2.0,train
3025,19_square,51,68,577.0,381.0,416.0,531.0,-161.0,150.0,train
3026,19_square,4,53,646.0,382.0,629.0,452.0,-17.0,70.0,train
3029,19_square,7,6,709.0,704.0,660.0,708.0,-49.0,4.0,train
3031,19_square,52,58,366.0,819.0,719.0,352.0,353.0,-467.0,train
3034,19_square,31,56,104.0,574.0,370.0,241.0,266.0,-333.0,train
3035,19_square,35,37,168.0,721.0,358.0,393.0,190.0,-328.0,train
3037,19_square,1,54,190.0,538.0,285.0,768.0,95.0,230.0,train
3038,19_square,64,39,320.0,594.0,245.0,615.0,-75.0,21.0,train
3040,19_square,64,49,469.0,370.0,120.0,794.0,-349.0,424.0,train
3041,19_square,57,8,865.0,619.0,826.0,367.0,-39.0,-252.0,train
3042,19_square,45,2,734.0,309.0,257.0,173.0,-477.0,-136.0,train
3044,19_square,11,12,848.0,143.0,333.0,838.0,-515.0,695.0,train
3045,19_square,62,26,325.0,711.0,186.0,166.0,-139.0,-545.0,train
3046,19_square,53,58,752.0,696.0,607.0,357.0,-145.0,-339.0,train
3048,19_square,52,13,799.0,584.0,474.0,597.0,-325.0,13.0,train
3049,19_square,41,64,874.0,809.0,478.0,860.0,-396.0,51.0,train
3050,19_square,27,12,118.0,150.0,288.0,164.0,170.0,14.0,train
3053,19_square,59,40,693.0,854.0,590.0,190.0,-103.0,-664.0,train
3054,19_square,34,22,468.0,749.0,222.0,129.0,-246.0,-620.0,train
3055,19_square,65,18,811.0,792.0,587.0,865.0,-224.0,73.0,train
3056,19_square,1,31,667.0,886.0,576.0,171.0,-91.0,-715.0,train
3058,19_square,17,45,320.0,569.0,336.0,183.0,16.0,-386.0,train
3059,19_square,5,64,769.0,832.0,650.0,450.0,-119.0,-382.0,train
3062,19_square,21,56,557.0,139.0,496.0,294.0,-61.0,155.0,train
3063,19_square,32,55,304.0,619.0,705.0,875.0,401.0,256.0,train
3064,19_square,26,32,719.0,749.0,238.0,670.0,-481.0,-79.0,train
3065,19_square,34,67,524.0,832.0,866.0,326.0,342.0,-506.0,train
3066,19_square,36,8,886.0,680.0,693.0,448.0,-193.0,-232.0,train
3067,19_square,29,9,103.0,748.0,562.0,692.0,459.0,-56.0,train
3068,19_square,41,12,223.0,241.0,376.0,879.0,153.0,638.0,train
3069,19_square,40,56,375.0,587.0,871.0,493.0,496.0,-94.0,train
3070,19_square,28,58,553.0,734.0,785.0,570.0,232.0,-164.0,train
3071,19_square,3,31,564.0,871.0,179.0,521.0,-385.0,-350.0,train
3072,19_square,63,3,564.0,263.0,433.0,876.0,-131.0,613.0,train
3073,19_square,33,0,840.0,249.0,656.0,113.0,-184.0,-136.0,train
3074,19_square,3,26,243.0,550.0,107.0,715.0,-136.0,165.0,train
3075,19_square,5,4,458.0,877.0,158.0,721.0,-300.0,-156.0,train
3076,19_square,43,19,768.0,889.0,652.0,677.0,-116.0,-212.0,train
3078,19_square,5,58,487.0,548.0,307.0,672.0,-180.0,124.0,train
3079,19_square,32,35,312.0,814.0,208.0,506.0,-104.0,-308.0,train
3080,19_square,20,30,622.0,738.0,298.0,637.0,-324.0,-101.0,train
3081,19_square,63,5,408.0,279.0,853.0,159.0,445.0,-120.0,train
3082,19_square,51,58,641.0,126.0,720.0,881.0,79.0,755.0,train
3083,19_square,30,30,520.0,451.0,391.0,824.0,-129.0,373.0,train
3085,19_square,10,56,835.0,195.0,381.0,434.0,-454.0,239.0,train
3086,19_square,27,57,670.0,457.0,876.0,333.0,206.0,-124.0,train
3087,19_square,57,28,398.0,385.0,488.0,320.0,90.0,-65.0,train
3088,19_square,2,49,261.0,525.0,131.0,670.0,-130.0,145.0,train
3089,19_square,57,44,774.0,807.0,489.0,553.0,-285.0,-254.0,train
3090,19_square,30,66,200.0,317.0,358.0,183.0,158.0,-134.0,train
3091,19_square,62,32,108.0,638.0,335.0,779.0,227.0,141.0,train
3092,19_square,2,34,732.0,889.0,461.0,413.0,-271.0,-476.0,train
3097,19_square,38,16,664.0,656.0,564.0,617.0,-100.0,-39.0,train
3099,19_square,65,24,786.0,163.0,867.0,356.0,81.0,193.0,train
3100,19_square,3,39,671.0,698.0,143.0,583.0,-528.0,-115.0,train
3101,19_square,46,20,656.0,337.0,484.0,352.0,-172.0,15.0,train
3103,19_square,24,52,462.0,174.0,769.0,258.0,307.0,84.0,train
3104,19_square,6,4,829.0,591.0,683.0,318.0,-146.0,-273.0,train
3106,19_square,68,45,369.0,873.0,465.0,423.0,96.0,-450.0,train
3107,19_square,31,1,585.0,831.0,864.0,115.0,279.0,-716.0,train
3108,19_square,44,50,336.0,354.0,112.0,479.0,-224.0,125.0,train
3109,19_square,14,41,692.0,729.0,805.0,793.0,113.0,64.0,train
3110,19_square,1,1,237.0,717.0,774.0,795.0,537.0,78.0,train
3113,19_square,32,9,227.0,163.0,874.0,342.0,647.0,179.0,train
3114,19_square,27,46,718.0,319.0,623.0,421.0,-95.0,102.0,train
3115,19_square,60,45,305.0,735.0,275.0,489.0,-30.0,-246.0,train
3116,19_square,9,21,865.0,701.0,280.0,600.0,-585.0,-101.0,train
3117,19_square,34,16,530.0,539.0,271.0,293.0,-259.0,-246.0,train
3118,19_square,26,62,120.0,501.0,384.0,505.0,264.0,4.0,train
3119,19_square,52,42,203.0,110.0,781.0,579.0,578.0,469.0,train
3120,19_square,14,33,833.0,762.0,512.0,874.0,-321.0,112.0,train
3121,19_square,46,20,618.0,732.0,636.0,413.0,18.0,-319.0,train
3122,19_square,9,41,302.0,201.0,276.0,540.0,-26.0,339.0,train
3124,19_square,42,31,192.0,201.0,128.0,778.0,-64.0,577.0,train
3125,19_square,67,46,880.0,850.0,747.0,400.0,-133.0,-450.0,train
3127,19_square,62,4,323.0,849.0,495.0,764.0,172.0,-85.0,train
3128,19_square,33,11,160.0,756.0,230.0,161.0,70.0,-595.0,train
3130,19_square,10,27,846.0,865.0,851.0,159.0,5.0,-706.0,train
3131,19_square,45,12,653.0,426.0,427.0,487.0,-226.0,61.0,train
3132,19_square,6,54,245.0,513.0,468.0,438.0,223.0,-75.0,train
3133,19_square,31,56,792.0,378.0,396.0,728.0,-396.0,350.0,train
3134,19_square,13,52,440.0,566.0,564.0,307.0,124.0,-259.0,train
3135,19_square,5,50,131.0,424.0,608.0,478.0,477.0,54.0,train
3137,19_square,47,5,128.0,570.0,140.0,447.0,12.0,-123.0,train
3138,19_square,52,60,809.0,643.0,717.0,445.0,-92.0,-198.0,train
3139,19_square,52,34,508.0,524.0,169.0,719.0,-339.0,195.0,train
3141,19_square,6,68,451.0,851.0,741.0,322.0,290.0,-529.0,train
3143,19_square,7,66,682.0,410.0,584.0,543.0,-98.0,133.0,train
3144,19_square,48,9,449.0,736.0,265.0,792.0,-184.0,56.0,train
3145,19_square,33,29,276.0,198.0,862.0,178.0,586.0,-20.0,train
3147,19_square,63,2,153.0,610.0,771.0,394.0,618.0,-216.0,train
3148,19_square,1,53,420.0,821.0,367.0,132.0,-53.0,-689.0,train
3149,19_square,52,43,677.0,884.0,444.0,371.0,-233.0,-513.0,train
3150,19_square,19,11,520.0,390.0,721.0,201.0,201.0,-189.0,train
3151,19_square,34,13,119.0,698.0,649.0,845.0,530.0,147.0,train
3152,19_square,33,63,201.0,273.0,365.0,720.0,164.0,447.0,train
3153,19_square,19,7,470.0,261.0,814.0,815.0,344.0,554.0,train
3154,19_square,54,12,329.0,529.0,182.0,627.0,-147.0,98.0,train
3155,19_square,50,50,582.0,464.0,422.0,882.0,-160.0,418.0,train
3156,19_square,29,23,414.0,639.0,752.0,289.0,338.0,-350.0,train
3157,19_square,39,29,475.0,540.0,788.0,124.0,313.0,-416.0,train
3158,19_square,16,48,781.0,804.0,581.0,220.0,-200.0,-584.0,train
3159,19_square,48,44,161.0,210.0,793.0,560.0,632.0,350.0,train
3160,19_square,47,11,790.0,606.0,128.0,115.0,-662.0,-491.0,train
3161,19_square,19,59,101.0,474.0,894.0,270.0,793.0,-204.0,train
3162,19_square,6,33,660.0,272.0,133.0,899.0,-527.0,627.0,train
3168,19_square,22,25,199.0,262.0,273.0,512.0,74.0,250.0,train
3169,19_square,21,52,305.0,718.0,206.0,572.0,-99.0,-146.0,train
3170,19_square,39,38,481.0,689.0,739.0,507.0,258.0,-182.0,train
3171,19_square,45,31,128.0,789.0,227.0,824.0,99.0,35.0,train
3172,19_square,10,10,727.0,401.0,203.0,836.0,-524.0,435.0,train
3174,19_square,9,64,362.0,400.0,481.0,136.0,119.0,-264.0,train
3175,19_square,18,68,333.0,806.0,239.0,774.0,-94.0,-32.0,train
3176,19_square,33,63,666.0,668.0,193.0,408.0,-473.0,-260.0,train
3177,19_square,5,32,880.0,728.0,377.0,124.0,-503.0,-604.0,train
3178,19_square,66,15,683.0,306.0,581.0,207.0,-102.0,-99.0,train
3179,19_square,1,13,500.0,374.0,235.0,650.0,-265.0,276.0,train
3180,19_square,13,54,370.0,503.0,619.0,652.0,249.0,149.0,train
3182,19_square,46,11,897.0,855.0,662.0,268.0,-235.0,-587.0,train
3183,19_square,18,42,785.0,530.0,534.0,548.0,-251.0,18.0,train
3184,19_square,65,54,807.0,702.0,351.0,110.0,-456.0,-592.0,train
3186,19_square,17,11,172.0,475.0,894.0,750.0,722.0,275.0,train
3187,19_square,16,0,328.0,625.0,860.0,438.0,532.0,-187.0,train
3188,19_square,39,43,716.0,481.0,280.0,775.0,-436.0,294.0,train
3189,19_square,24,46,832.0,121.0,765.0,328.0,-67.0,207.0,train
3190,19_square,4,62,872.0,404.0,122.0,872.0,-750.0,468.0,train
3192,19_square,45,12,288.0,623.0,310.0,623.0,22.0,0.0,train
3193,19_square,10,16,656.0,283.0,682.0,829.0,26.0,546.0,train
3194,19_square,59,31,589.0,112.0,393.0,258.0,-196.0,146.0,train
3195,19_square,48,30,575.0,559.0,652.0,708.0,77.0,149.0,train
3197,19_square,59,36,797.0,371.0,635.0,621.0,-162.0,250.0,train
3198,19_square,0,4,762.0,805.0,686.0,119.0,-76.0,-686.0,train
3199,19_square,10,50,160.0,607.0,493.0,773.0,333.0,166.0,train
3200,19_square,67,40,622.0,283.0,884.0,342.0,262.0,59.0,train
3201,19_square,15,21,315.0,715.0,700.0,843.0,385.0,128.0,train
3202,19_square,14,8,747.0,725.0,180.0,586.0,-567.0,-139.0,train
3203,19_square,1,37,391.0,221.0,880.0,745.0,489.0,524.0,train
3204,19_square,54,35,690.0,457.0,333.0,140.0,-357.0,-317.0,train
3205,19_square,27,54,211.0,175.0,494.0,609.0,283.0,434.0,train
3206,19_square,53,18,469.0,703.0,794.0,712.0,325.0,9.0,train
3207,19_square,61,68,465.0,407.0,587.0,497.0,122.0,90.0,train
3208,19_square,9,4,294.0,336.0,486.0,140.0,192.0,-196.0,train
3210,19_square,65,67,390.0,309.0,138.0,212.0,-252.0,-97.0,train
3211,19_square,21,17,857.0,448.0,736.0,546.0,-121.0,98.0,train
3212,19_square,57,28,450.0,251.0,761.0,230.0,311.0,-21.0,train
3213,19_square,3,65,507.0,611.0,247.0,317.0,-260.0,-294.0,train
3214,19_square,16,61,642.0,163.0,745.0,332.0,103.0,169.0,train
3215,19_square,61,45,119.0,402.0,391.0,684.0,272.0,282.0,train
3216,19_square,25,1,678.0,163.0,367.0,617.0,-311.0,454.0,train
3217,19_square,26,12,565.0,316.0,573.0,425.0,8.0,109.0,train
3218,19_square,64,6,861.0,300.0,572.0,668.0,-289.0,368.0,train
3219,19_square,14,55,642.0,257.0,518.0,699.0,-124.0,442.0,train
3220,19_square,56,66,794.0,767.0,768.0,118.0,-26.0,-649.0,train
3221,19_square,27,56,579.0,615.0,889.0,437.0,310.0,-178.0,train
3222,19_square,27,66,465.0,703.0,409.0,869.0,-56.0,166.0,train
3223,19_square,45,14,475.0,226.0,835.0,136.0,360.0,-90.0,train
3224,19_square,32,59,254.0,122.0,648.0,197.0,394.0,75.0,train
3225,19_square,37,25,175.0,394.0,607.0,607.0,432.0,213.0,train
3226,19_square,49,50,134.0,857.0,208.0,786.0,74.0,-71.0,train
3227,19_square,23,29,347.0,608.0,554.0,625.0,207.0,17.0,train
3228,19_square,50,27,639.0,899.0,725.0,894.0,86.0,-5.0,train
3229,19_square,47,56,738.0,745.0,509.0,320.0,-229.0,-425.0,train
3230,19_square,37,6,726.0,461.0,264.0,842.0,-462.0,381.0,train
3231,19_square,19,65,310.0,282.0,450.0,897.0,140.0,615.0,train
3232,19_square,2,63,296.0,822.0,759.0,542.0,463.0,-280.0,train
3233,19_square,22,5,275.0,886.0,214.0,468.0,-61.0,-418.0,train
3234,19_square,29,0,289.0,825.0,752.0,738.0,463.0,-87.0,train
3235,19_square,14,15,697.0,896.0,760.0,713.0,63.0,-183.0,train
3236,19_square,68,12,243.0,463.0,458.0,514.0,215.0,51.0,train
3237,19_square,8,61,514.0,674.0,682.0,340.0,168.0,-334.0,train
3238,19_square,4,3,681.0,728.0,643.0,216.0,-38.0,-512.0,train
3239,19_square,29,52,399.0,489.0,313.0,711.0,-86.0,222.0,train
3240,19_square,23,34,714.0,841.0,194.0,354.0,-520.0,-487.0,train
3241,19_square,64,12,708.0,788.0,238.0,698.0,-470.0,-90.0,train
3242,19_square,11,60,705.0,813.0,702.0,559.0,-3.0,-254.0,train
3243,19_square,45,64,568.0,815.0,629.0,828.0,61.0,13.0,train
3244,19_square,29,8,728.0,309.0,503.0,679.0,-225.0,370.0,train
3245,19_square,32,2,838.0,810.0,276.0,418.0,-562.0,-392.0,train
3246,19_square,19,22,694.0,619.0,576.0,717.0,-118.0,98.0,train
3247,19_square,0,34,186.0,566.0,314.0,371.0,128.0,-195.0,train
3248,19_square,52,49,669.0,493.0,887.0,121.0,218.0,-372.0,train
3249,19_square,2,42,244.0,202.0,723.0,507.0,479.0,305.0,train
3250,19_square,34,23,868.0,331.0,499.0,387.0,-369.0,56.0,train
3251,19_square,63,19,897.0,386.0,596.0,475.0,-301.0,89.0,train
3252,19_square,52,31,134.0,836.0,663.0,892.0,529.0,56.0,train
3253,19_square,6,34,331.0,199.0,735.0,791.0,404.0,592.0,train
3254,19_square,11,2,508.0,764.0,202.0,538.0,-306.0,-226.0,train
3255,19_square,51,3,861.0,228.0,841.0,187.0,-20.0,-41.0,train
3256,19_square,64,37,887.0,485.0,716.0,741.0,-171.0,256.0,train
3257,19_square,30,8,466.0,225.0,347.0,792.0,-119.0,567.0,train
3259,19_square,45,40,634.0,639.0,364.0,263.0,-270.0,-376.0,train
3260,19_square,63,0,614.0,878.0,740.0,586.0,126.0,-292.0,train
3261,19_square,35,40,600.0,500.0,636.0,443.0,36.0,-57.0,train
3263,19_square,7,62,210.0,217.0,198.0,587.0,-12.0,370.0,train
3264,19_square,6,35,116.0,879.0,793.0,166.0,677.0,-713.0,train
3265,19_square,27,1,560.0,710.0,335.0,861.0,-225.0,151.0,train
3266,19_square,34,20,295.0,692.0,390.0,825.0,95.0,133.0,train
3267,19_square,48,23,760.0,643.0,665.0,755.0,-95.0,112.0,train
3268,19_square,54,48,726.0,515.0,374.0,832.0,-352.0,317.0,train
3269,19_square,8,15,654.0,343.0,894.0,694.0,240.0,351.0,train
3271,19_square,10,52,380.0,767.0,761.0,268.0,381.0,-499.0,train
3273,19_square,49,34,266.0,566.0,739.0,302.0,473.0,-264.0,train
3274,19_square,32,53,515.0,408.0,183.0,452.0,-332.0,44.0,train
3275,19_square,2,11,698.0,746.0,579.0,355.0,-119.0,-391.0,train
3278,19_square,68,59,152.0,339.0,660.0,430.0,508.0,91.0,train
3279,19_square,50,42,876.0,831.0,728.0,289.0,-148.0,-542.0,train
3281,19_square,1,51,154.0,604.0,207.0,621.0,53.0,17.0,train
3282,19_square,33,35,703.0,710.0,155.0,395.0,-548.0,-315.0,train
3283,19_square,43,11,806.0,849.0,258.0,522.0,-548.0,-327.0,train
3284,19_square,36,41,881.0,532.0,615.0,439.0,-266.0,-93.0,train
3286,19_square,48,60,734.0,631.0,187.0,826.0,-547.0,195.0,train
3287,19_square,63,45,361.0,414.0,782.0,197.0,421.0,-217.0,train
3288,19_square,22,22,159.0,528.0,636.0,486.0,477.0,-42.0,train
3289,19_square,2,56,455.0,290.0,452.0,111.0,-3.0,-179.0,train
3290,19_square,49,24,705.0,460.0,504.0,713.0,-201.0,253.0,train
3292,19_square,3,9,711.0,643.0,345.0,519.0,-366.0,-124.0,train
3293,19_square,6,43,800.0,737.0,655.0,706.0,-145.0,-31.0,train
3294,19_square,8,60,394.0,187.0,691.0,872.0,297.0,685.0,train
3296,19_square,43,0,360.0,646.0,756.0,563.0,396.0,-83.0,train
3297,19_square,67,9,372.0,703.0,754.0,634.0,382.0,-69.0,train
3298,19_square,39,49,825.0,290.0,716.0,756.0,-109.0,466.0,train
3300,19_square,52,9,172.0,793.0,237.0,166.0,65.0,-627.0,train
3301,19_square,5,18,645.0,127.0,801.0,644.0,156.0,517.0,train
3302,19_square,4,22,885.0,640.0,653.0,844.0,-232.0,204.0,train
3303,19_square,41,45,342.0,784.0,852.0,635.0,510.0,-149.0,train
3305,19_square,61,54,420.0,221.0,260.0,492.0,-160.0,271.0,train
3306,19_square,0,19,820.0,258.0,664.0,645.0,-156.0,387.0,train
3307,19_square,10,14,194.0,578.0,257.0,417.0,63.0,-161.0,train
3308,19_square,6,52,772.0,870.0,395.0,686.0,-377.0,-184.0,train
3309,19_square,47,1,692.0,365.0,752.0,718.0,60.0,353.0,train
3310,19_square,37,18,525.0,626.0,216.0,607.0,-309.0,-19.0,train
3311,19_square,42,25,621.0,739.0,200.0,558.0,-421.0,-181.0,train
3312,19_square,31,67,822.0,125.0,557.0,580.0,-265.0,455.0,train
3314,19_square,11,50,509.0,692.0,681.0,746.0,172.0,54.0,train
3315,19_square,64,47,657.0,672.0,366.0,343.0,-291.0,-329.0,train
3316,19_square,51,27,505.0,541.0,214.0,508.0,-291.0,-33.0,train
3317,19_square,16,39,615.0,159.0,295.0,365.0,-320.0,206.0,train
3318,19_square,31,33,781.0,839.0,771.0,508.0,-10.0,-331.0,train
3320,19_square,9,49,684.0,392.0,805.0,396.0,121.0,4.0,train
3322,19_square,52,25,629.0,274.0,204.0,835.0,-425.0,561.0,train
3325,19_square,26,44,774.0,302.0,513.0,185.0,-261.0,-117.0,train
3326,19_square,8,54,220.0,710.0,653.0,428.0,433.0,-282.0,train
3327,19_square,64,39,155.0,353.0,799.0,124.0,644.0,-229.0,train
3328,19_square,23,68,230.0,456.0,524.0,196.0,294.0,-260.0,train
3329,19_square,52,34,539.0,736.0,766.0,452.0,227.0,-284.0,train
3331,19_square,5,15,275.0,810.0,303.0,331.0,28.0,-479.0,train
3332,19_square,35,46,310.0,274.0,361.0,647.0,51.0,373.0,train
3333,19_square,58,33,286.0,256.0,348.0,625.0,62.0,369.0,train
3334,19_square,57,30,342.0,270.0,646.0,165.0,304.0,-105.0,train
3335,19_square,57,29,764.0,516.0,334.0,484.0,-430.0,-32.0,train
3336,19_square,51,6,142.0,132.0,511.0,608.0,369.0,476.0,train
3337,19_square,56,60,408.0,440.0,805.0,881.0,397.0,441.0,train
3339,19_square,49,2,798.0,675.0,678.0,627.0,-120.0,-48.0,train
3340,19_square,40,39,837.0,135.0,555.0,371.0,-282.0,236.0,train
3341,19_square,11,65,488.0,861.0,585.0,791.0,97.0,-70.0,train
3342,19_square,62,17,253.0,730.0,331.0,269.0,78.0,-461.0,train
3343,19_square,39,51,832.0,386.0,144.0,679.0,-688.0,293.0,train
3344,19_square,2,43,518.0,680.0,103.0,653.0,-415.0,-27.0,train
3345,19_square,2,20,527.0,196.0,221.0,171.0,-306.0,-25.0,train
3346,19_square,40,16,494.0,214.0,416.0,116.0,-78.0,-98.0,train
3347,19_square,36,49,676.0,458.0,383.0,197.0,-293.0,-261.0,train
3348,19_square,39,11,508.0,856.0,370.0,192.0,-138.0,-664.0,train
3349,19_square,36,40,775.0,823.0,468.0,424.0,-307.0,-399.0,train
3351,19_square,33,51,349.0,457.0,795.0,838.0,446.0,381.0,train
3352,19_square,55,41,541.0,900.0,568.0,582.0,27.0,-318.0,train
3353,19_square,51,62,852.0,525.0,250.0,573.0,-602.0,48.0,train
3354,19_square,68,9,393.0,266.0,625.0,850.0,232.0,584.0,train
3355,19_square,41,68,663.0,321.0,177.0,115.0,-486.0,-206.0,train
3358,19_square,55,56,234.0,685.0,704.0,324.0,470.0,-361.0,train
3359,19_square,16,37,341.0,526.0,282.0,676.0,-59.0,150.0,train
3360,19_square,59,58,224.0,602.0,352.0,673.0,128.0,71.0,train
3361,19_square,53,35,882.0,771.0,832.0,227.0,-50.0,-544.0,train
3362,19_square,34,29,652.0,849.0,174.0,711.0,-478.0,-138.0,train
3363,19_square,40,44,513.0,409.0,709.0,602.0,196.0,193.0,train
3364,19_square,66,31,497.0,383.0,320.0,529.0,-177.0,146.0,train
3365,19_square,24,6,192.0,191.0,394.0,857.0,202.0,666.0,train
3366,19_square,40,39,794.0,342.0,529.0,831.0,-265.0,489.0,train
3367,19_square,15,65,634.0,707.0,189.0,675.0,-445.0,-32.0,train
3369,19_square,4,22,667.0,805.0,603.0,160.0,-64.0,-645.0,train
3370,19_square,13,45,330.0,876.0,296.0,734.0,-34.0,-142.0,train
3371,19_square,0,40,244.0,193.0,377.0,629.0,133.0,436.0,train
3372,19_square,54,44,375.0,326.0,688.0,730.0,313.0,404.0,train
3373,19_square,37,5,735.0,283.0,583.0,531.0,-152.0,248.0,train
3374,19_square,56,66,739.0,116.0,309.0,774.0,-430.0,658.0,train
3375,19_square,44,55,320.0,312.0,790.0,682.0,470.0,370.0,train
3377,19_square,58,6,432.0,331.0,600.0,137.0,168.0,-194.0,train
3378,19_square,66,29,407.0,336.0,383.0,106.0,-24.0,-230.0,train
3379,19_square,56,67,764.0,237.0,155.0,872.0,-609.0,635.0,train
3380,19_square,56,64,661.0,470.0,282.0,863.0,-379.0,393.0,train
3381,19_square,49,42,581.0,315.0,539.0,836.0,-42.0,521.0,train
3382,19_square,7,52,198.0,421.0,427.0,243.0,229.0,-178.0,train
3383,19_square,21,14,405.0,707.0,272.0,727.0,-133.0,20.0,train
3384,19_square,32,8,735.0,180.0,477.0,898.0,-258.0,718.0,train
3385,19_square,43,18,721.0,471.0,503.0,214.0,-218.0,-257.0,train
3386,19_square,30,39,744.0,484.0,248.0,535.0,-496.0,51.0,train
3387,19_square,43,4,527.0,847.0,623.0,642.0,96.0,-205.0,train
3388,19_square,38,44,530.0,647.0,866.0,467.0,336.0,-180.0,train
3390,19_square,46,58,324.0,526.0,830.0,146.0,506.0,-380.0,train
3391,19_square,31,23,787.0,600.0,411.0,786.0,-376.0,186.0,train
3392,19_square,25,46,706.0,149.0,420.0,581.0,-286.0,432.0,train
3394,19_square,22,35,525.0,207.0,798.0,423.0,273.0,216.0,train
3395,19_square,32,26,234.0,575.0,200.0,686.0,-34.0,111.0,train
3396,19_square,29,60,773.0,439.0,587.0,528.0,-186.0,89.0,train
3397,19_square,56,64,827.0,537.0,788.0,657.0,-39.0,120.0,train
3398,19_square,17,20,266.0,807.0,775.0,878.0,509.0,71.0,train
3399,19_square,66,54,372.0,167.0,475.0,362.0,103.0,195.0,train
3400,19_square,1,21,726.0,141.0,849.0,735.0,123.0,594.0,train
3402,19_square,25,1,208.0,819.0,505.0,388.0,297.0,-431.0,train
3403,19_square,5,64,437.0,347.0,318.0,717.0,-119.0,370.0,train
3406,19_square,61,32,864.0,154.0,648.0,349.0,-216.0,195.0,train
3408,19_square,60,60,515.0,461.0,448.0,109.0,-67.0,-352.0,train
3409,19_square,53,48,796.0,324.0,346.0,364.0,-450.0,40.0,train
3410,19_square,24,16,570.0,611.0,697.0,569.0,127.0,-42.0,train
3411,19_square,40,38,383.0,753.0,266.0,220.0,-117.0,-533.0,train
3412,19_square,43,7,396.0,461.0,810.0,808.0,414.0,347.0,train
3413,19_square,11,6,637.0,735.0,121.0,507.0,-516.0,-228.0,train
3414,19_square,62,53,104.0,604.0,780.0,708.0,676.0,104.0,train
3415,19_square,8,53,727.0,652.0,111.0,757.0,-616.0,105.0,train
3416,19_square,7,5,711.0,443.0,245.0,640.0,-466.0,197.0,train
3417,19_square,12,67,366.0,626.0,690.0,521.0,324.0,-105.0,train
3418,19_square,25,55,308.0,635.0,861.0,517.0,553.0,-118.0,train
3419,19_square,57,14,321.0,216.0,620.0,462.0,299.0,246.0,train
3420,19_square,48,10,159.0,643.0,673.0,521.0,514.0,-122.0,train
3421,19_square,23,21,865.0,138.0,326.0,551.0,-539.0,413.0,train
3422,19_square,59,50,647.0,261.0,577.0,871.0,-70.0,610.0,train
3423,19_square,60,60,533.0,820.0,556.0,896.0,23.0,76.0,train
3424,19_square,66,11,352.0,618.0,250.0,415.0,-102.0,-203.0,train
3426,19_square,1,3,252.0,123.0,736.0,116.0,484.0,-7.0,train
3427,19_square,66,15,477.0,862.0,730.0,560.0,253.0,-302.0,train
3428,19_square,51,25,827.0,173.0,130.0,647.0,-697.0,474.0,train
3429,19_square,9,32,783.0,608.0,689.0,221.0,-94.0,-387.0,train
3430,19_square,1,30,653.0,584.0,347.0,105.0,-306.0,-479.0,train
3431,19_square,8,38,235.0,517.0,237.0,328.0,2.0,-189.0,train
3432,19_square,28,67,267.0,494.0,758.0,242.0,491.0,-252.0,train
3433,19_square,15,58,426.0,768.0,625.0,381.0,199.0,-387.0,train
3434,19_square,40,9,672.0,261.0,500.0,212.0,-172.0,-49.0,train
3436,19_square,48,59,813.0,691.0,812.0,604.0,-1.0,-87.0,train
3437,19_square,30,54,339.0,349.0,811.0,520.0,472.0,171.0,train
3439,19_square,36,5,846.0,210.0,476.0,594.0,-370.0,384.0,train
3440,19_square,49,41,268.0,613.0,563.0,887.0,295.0,274.0,train
3441,19_square,48,16,583.0,239.0,178.0,217.0,-405.0,-22.0,train
3442,19_square,31,11,854.0,560.0,508.0,840.0,-346.0,280.0,train
3443,19_square,3,46,759.0,759.0,556.0,488.0,-203.0,-271.0,train
3444,19_square,21,62,257.0,417.0,298.0,829.0,41.0,412.0,train
3446,19_square,30,65,803.0,848.0,896.0,525.0,93.0,-323.0,train
3447,19_square,54,45,284.0,633.0,306.0,778.0,22.0,145.0,train
3448,19_square,28,39,496.0,141.0,517.0,732.0,21.0,591.0,train
3449,19_square,58,17,271.0,502.0,443.0,479.0,172.0,-23.0,train
3450,19_square,13,24,500.0,684.0,389.0,615.0,-111.0,-69.0,train
3451,19_square,46,3,463.0,791.0,125.0,839.0,-338.0,48.0,train
3452,19_square,48,60,500.0,869.0,229.0,183.0,-271.0,-686.0,train
3453,19_square,51,1,295.0,862.0,518.0,296.0,223.0,-566.0,train
3455,19_square,62,13,165.0,269.0,819.0,886.0,654.0,617.0,train
3456,19_square,26,34,686.0,397.0,134.0,606.0,-552.0,209.0,train
3457,19_square,62,40,157.0,436.0,160.0,251.0,3.0,-185.0,train
3460,19_square,5,42,171.0,812.0,582.0,489.0,411.0,-323.0,train
3461,19_square,59,37,210.0,768.0,208.0,799.0,-2.0,31.0,train
3462,19_square,49,29,455.0,785.0,455.0,734.0,0.0,-51.0,train
3463,19_square,20,10,377.0,686.0,759.0,633.0,382.0,-53.0,train
3464,19_square,15,31,713.0,389.0,531.0,660.0,-182.0,271.0,train
3465,19_square,55,32,234.0,233.0,618.0,217.0,384.0,-16.0,train
3466,19_square,29,52,566.0,771.0,673.0,179.0,107.0,-592.0,train
3467,19_square,5,43,409.0,610.0,428.0,683.0,19.0,73.0,train
3469,19_square,15,16,412.0,659.0,764.0,178.0,352.0,-481.0,train
3471,19_square,20,6,349.0,766.0,818.0,853.0,469.0,87.0,train
3472,19_square,50,34,188.0,542.0,275.0,364.0,87.0,-178.0,train
3473,19_square,11,44,881.0,403.0,819.0,291.0,-62.0,-112.0,train
3474,19_square,68,19,504.0,773.0,362.0,875.0,-142.0,102.0,train
3476,19_square,16,68,164.0,121.0,774.0,285.0,610.0,164.0,train
3477,19_square,62,41,183.0,171.0,571.0,619.0,388.0,448.0,train
3478,19_square,2,39,320.0,880.0,163.0,267.0,-157.0,-613.0,train
3479,19_square,32,30,819.0,320.0,519.0,840.0,-300.0,520.0,train
3480,19_square,3,30,463.0,243.0,592.0,417.0,129.0,174.0,train
3481,19_square,68,62,695.0,663.0,741.0,461.0,46.0,-202.0,train
3484,19_square,33,54,674.0,562.0,458.0,686.0,-216.0,124.0,train
3485,19_square,2,22,533.0,175.0,373.0,538.0,-160.0,363.0,train
3486,19_square,55,21,152.0,148.0,443.0,363.0,291.0,215.0,train
3487,19_square,7,27,161.0,769.0,139.0,854.0,-22.0,85.0,train
3488,19_square,2,30,553.0,125.0,598.0,293.0,45.0,168.0,train
3490,19_square,37,60,214.0,757.0,366.0,757.0,152.0,0.0,train
3491,19_square,34,62,306.0,732.0,573.0,637.0,267.0,-95.0,train
3493,19_square,9,37,814.0,315.0,268.0,408.0,-546.0,93.0,train
3494,19_square,14,37,394.0,246.0,701.0,565.0,307.0,319.0,train
3496,19_square,60,23,691.0,303.0,181.0,413.0,-510.0,110.0,train
3497,19_square,49,8,488.0,374.0,370.0,197.0,-118.0,-177.0,train
3499,19_square,50,9,119.0,617.0,253.0,142.0,134.0,-475.0,train
3500,7_square,46,48,180.0,161.0,851.0,500.0,671.0,339.0,train
3501,7_square,26,37,810.0,260.0,701.0,335.0,-109.0,75.0,train
3502,7_square,41,31,873.0,521.0,529.0,101.0,-344.0,-420.0,train
3503,7_square,60,11,594.0,181.0,424.0,628.0,-170.0,447.0,train
3504,7_square,3,38,684.0,817.0,126.0,515.0,-558.0,-302.0,train
3506,7_square,6,11,278.0,157.0,258.0,492.0,-20.0,335.0,train
3507,7_square,7,58,853.0,162.0,324.0,363.0,-529.0,201.0,train
3508,7_square,66,15,201.0,508.0,863.0,474.0,662.0,-34.0,train
3510,7_square,20,43,888.0,222.0,721.0,172.0,-167.0,-50.0,train
3511,7_square,37,56,243.0,505.0,304.0,600.0,61.0,95.0,train
3514,7_square,0,30,877.0,284.0,508.0,895.0,-369.0,611.0,train
3515,7_square,7,41,590.0,493.0,577.0,730.0,-13.0,237.0,train
3516,7_square,50,61,186.0,334.0,624.0,824.0,438.0,490.0,train
3517,7_square,31,9,790.0,254.0,467.0,122.0,-323.0,-132.0,train
3519,7_square,14,53,471.0,607.0,785.0,895.0,314.0,288.0,train
3521,7_square,57,1,622.0,816.0,368.0,601.0,-254.0,-215.0,train
3522,7_square,32,68,489.0,122.0,409.0,386.0,-80.0,264.0,train
3523,7_square,67,5,265.0,724.0,681.0,452.0,416.0,-272.0,train
3524,7_square,50,33,417.0,839.0,566.0,647.0,149.0,-192.0,train
3525,7_square,5,50,616.0,260.0,637.0,377.0,21.0,117.0,train
3526,7_square,9,34,428.0,712.0,398.0,376.0,-30.0,-336.0,train
3527,7_square,59,3,642.0,799.0,796.0,319.0,154.0,-480.0,train
3528,7_square,63,59,834.0,691.0,898.0,839.0,64.0,148.0,train
3529,7_square,62,63,605.0,587.0,198.0,509.0,-407.0,-78.0,train
3530,7_square,58,11,165.0,216.0,430.0,224.0,265.0,8.0,train
3532,7_square,12,25,894.0,303.0,201.0,324.0,-693.0,21.0,train
3534,7_square,30,57,510.0,297.0,542.0,277.0,32.0,-20.0,train
3535,7_square,44,51,608.0,594.0,823.0,659.0,215.0,65.0,train
3536,7_square,22,46,336.0,696.0,187.0,607.0,-149.0,-89.0,train
3538,7_square,50,6,226.0,243.0,256.0,679.0,30.0,436.0,train
3540,7_square,60,40,785.0,275.0,109.0,812.0,-676.0,537.0,train
3541,7_square,29,29,363.0,562.0,347.0,556.0,-16.0,-6.0,train
3542,7_square,45,7,833.0,240.0,240.0,459.0,-593.0,219.0,train
3543,7_square,57,7,729.0,721.0,247.0,406.0,-482.0,-315.0,train
3545,7_square,36,29,624.0,568.0,572.0,270.0,-52.0,-298.0,train
3546,7_square,65,58,404.0,601.0,860.0,615.0,456.0,14.0,train
3547,7_square,41,27,590.0,147.0,608.0,392.0,18.0,245.0,train
3548,7_square,37,20,318.0,898.0,293.0,814.0,-25.0,-84.0,train
3551,7_square,51,29,418.0,306.0,602.0,613.0,184.0,307.0,train
3552,7_square,42,26,674.0,337.0,413.0,100.0,-261.0,-237.0,train
3553,7_square,23,42,368.0,478.0,131.0,744.0,-237.0,266.0,train
3554,7_square,51,63,634.0,481.0,420.0,599.0,-214.0,118.0,train
3555,7_square,57,35,166.0,238.0,105.0,332.0,-61.0,94.0,train
3557,7_square,63,51,143.0,322.0,731.0,612.0,588.0,290.0,train
3558,7_square,66,68,695.0,273.0,608.0,311.0,-87.0,38.0,train
3559,7_square,24,46,596.0,669.0,690.0,808.0,94.0,139.0,train
3561,7_square,37,61,108.0,601.0,750.0,651.0,642.0,50.0,train
3562,7_square,61,38,773.0,624.0,602.0,268.0,-171.0,-356.0,train
3563,7_square,52,5,757.0,223.0,384.0,482.0,-373.0,259.0,train
3567,7_square,35,65,793.0,888.0,272.0,192.0,-521.0,-696.0,train
3568,7_square,8,2,277.0,354.0,635.0,576.0,358.0,222.0,train
3569,7_square,48,34,428.0,431.0,591.0,631.0,163.0,200.0,train
3570,7_square,20,5,232.0,479.0,804.0,757.0,572.0,278.0,train
3571,7_square,37,14,544.0,873.0,684.0,764.0,140.0,-109.0,train
3574,7_square,59,64,636.0,365.0,141.0,890.0,-495.0,525.0,train
3575,7_square,25,10,174.0,574.0,656.0,290.0,482.0,-284.0,train
3576,7_square,10,6,780.0,854.0,132.0,113.0,-648.0,-741.0,train
3577,7_square,9,18,491.0,599.0,127.0,791.0,-364.0,192.0,train
3578,7_square,17,67,461.0,764.0,812.0,815.0,351.0,51.0,train
3579,7_square,57,24,671.0,728.0,219.0,385.0,-452.0,-343.0,train
3580,7_square,49,14,442.0,315.0,430.0,637.0,-12.0,322.0,train
3581,7_square,58,30,350.0,103.0,439.0,503.0,89.0,400.0,train
3582,7_square,37,57,466.0,234.0,490.0,687.0,24.0,453.0,train
3585,7_square,65,63,646.0,735.0,486.0,464.0,-160.0,-271.0,train
3587,7_square,21,14,692.0,315.0,246.0,455.0,-446.0,140.0,train
3588,7_square,22,46,831.0,896.0,696.0,834.0,-135.0,-62.0,train
3589,7_square,14,13,345.0,713.0,370.0,276.0,25.0,-437.0,train
3590,7_square,30,50,310.0,324.0,223.0,180.0,-87.0,-144.0,train
3591,7_square,37,46,536.0,336.0,503.0,610.0,-33.0,274.0,train
3592,7_square,35,26,162.0,349.0,713.0,553.0,551.0,204.0,train
3593,7_square,15,52,474.0,267.0,358.0,846.0,-116.0,579.0,train
3594,7_square,3,23,352.0,438.0,177.0,747.0,-175.0,309.0,train
3595,7_square,11,53,697.0,247.0,157.0,739.0,-540.0,492.0,train
3596,7_square,28,29,685.0,844.0,479.0,732.0,-206.0,-112.0,train
3597,7_square,12,18,433.0,816.0,464.0,302.0,31.0,-514.0,train
3599,7_square,63,16,592.0,252.0,765.0,615.0,173.0,363.0,train
3600,7_square,65,27,432.0,884.0,577.0,167.0,145.0,-717.0,train
3602,7_square,59,39,522.0,778.0,352.0,361.0,-170.0,-417.0,train
3604,7_square,62,17,463.0,810.0,485.0,528.0,22.0,-282.0,train
3605,7_square,46,41,546.0,551.0,751.0,679.0,205.0,128.0,train
3606,7_square,64,64,237.0,206.0,558.0,167.0,321.0,-39.0,train
3607,7_square,68,1,474.0,212.0,242.0,113.0,-232.0,-99.0,train
3609,7_square,57,21,692.0,297.0,858.0,475.0,166.0,178.0,train
3610,7_square,48,59,537.0,505.0,325.0,611.0,-212.0,106.0,train
3611,7_square,49,41,341.0,807.0,300.0,637.0,-41.0,-170.0,train
3612,7_square,38,65,365.0,733.0,880.0,832.0,515.0,99.0,train
3613,7_square,55,55,761.0,218.0,543.0,759.0,-218.0,541.0,train
3614,7_square,66,14,200.0,673.0,383.0,176.0,183.0,-497.0,train
3615,7_square,63,21,724.0,517.0,752.0,618.0,28.0,101.0,train
3616,7_square,13,25,131.0,643.0,570.0,372.0,439.0,-271.0,train
3617,7_square,25,67,205.0,899.0,145.0,171.0,-60.0,-728.0,train
3618,7_square,55,48,201.0,712.0,829.0,813.0,628.0,101.0,train
3619,7_square,19,0,268.0,669.0,330.0,403.0,62.0,-266.0,train
3620,7_square,30,11,388.0,532.0,456.0,878.0,68.0,346.0,train
3621,7_square,55,54,364.0,713.0,595.0,334.0,231.0,-379.0,train
3622,7_square,4,37,301.0,235.0,533.0,834.0,232.0,599.0,train
3623,7_square,51,14,177.0,795.0,249.0,733.0,72.0,-62.0,train
3624,7_square,48,60,437.0,137.0,346.0,171.0,-91.0,34.0,train
3626,7_square,50,41,519.0,451.0,326.0,481.0,-193.0,30.0,train
3628,7_square,65,60,501.0,455.0,211.0,464.0,-290.0,9.0,train
3629,7_square,68,25,606.0,185.0,115.0,763.0,-491.0,578.0,train
3630,7_square,19,15,474.0,220.0,104.0,398.0,-370.0,178.0,train
3631,7_square,54,10,118.0,841.0,304.0,416.0,186.0,-425.0,train
3633,7_square,7,63,809.0,862.0,306.0,449.0,-503.0,-413.0,train
3634,7_square,40,28,640.0,640.0,421.0,299.0,-219.0,-341.0,train
3635,7_square,6,11,506.0,849.0,409.0,534.0,-97.0,-315.0,train
3636,7_square,53,21,384.0,226.0,652.0,135.0,268.0,-91.0,train
3637,7_square,40,36,774.0,351.0,465.0,324.0,-309.0,-27.0,train
3638,7_square,54,51,348.0,363.0,319.0,658.0,-29.0,295.0,train
3639,7_square,29,62,479.0,824.0,438.0,415.0,-41.0,-409.0,train
3640,7_square,10,19,814.0,196.0,728.0,381.0,-86.0,185.0,train
3641,7_square,40,18,208.0,605.0,278.0,458.0,70.0,-147.0,train
3643,7_square,65,45,851.0,615.0,814.0,680.0,-37.0,65.0,train
3644,7_square,50,61,489.0,894.0,140.0,828.0,-349.0,-66.0,train
3645,7_square,46,37,865.0,594.0,664.0,535.0,-201.0,-59.0,train
3646,7_square,0,28,236.0,749.0,268.0,395.0,32.0,-354.0,train
3648,7_square,68,60,867.0,610.0,855.0,873.0,-12.0,263.0,train
3649,7_square,5,28,625.0,377.0,839.0,528.0,214.0,151.0,train
3650,7_square,26,30,580.0,883.0,661.0,788.0,81.0,-95.0,train
3651,7_square,32,18,380.0,423.0,638.0,446.0,258.0,23.0,train
3652,7_square,52,5,883.0,860.0,376.0,467.0,-507.0,-393.0,train
3653,7_square,13,44,201.0,649.0,432.0,535.0,231.0,-114.0,train
3654,7_square,8,17,721.0,626.0,638.0,241.0,-83.0,-385.0,train
3655,7_square,12,42,568.0,408.0,778.0,125.0,210.0,-283.0,train
3656,7_square,46,5,861.0,320.0,862.0,247.0,1.0,-73.0,train
3657,7_square,13,23,432.0,608.0,251.0,377.0,-181.0,-231.0,train
3659,7_square,65,56,603.0,517.0,377.0,647.0,-226.0,130.0,train
3660,7_square,7,2,503.0,476.0,259.0,896.0,-244.0,420.0,train
3661,7_square,34,62,752.0,104.0,579.0,196.0,-173.0,92.0,train
3663,7_square,17,39,654.0,115.0,369.0,171.0,-285.0,56.0,train
3665,7_square,42,10,899.0,274.0,647.0,514.0,-252.0,240.0,train
3666,7_square,25,42,227.0,617.0,796.0,718.0,569.0,101.0,train
3668,7_square,48,40,626.0,125.0,763.0,105.0,137.0,-20.0,train
3669,7_square,40,30,173.0,890.0,399.0,473.0,226.0,-417.0,train
3670,7_square,48,29,885.0,209.0,372.0,222.0,-513.0,13.0,train
3671,7_square,46,68,569.0,151.0,595.0,298.0,26.0,147.0,train
3672,7_square,36,41,296.0,440.0,479.0,603.0,183.0,163.0,train
3673,7_square,11,13,779.0,561.0,426.0,212.0,-353.0,-349.0,train
3674,7_square,11,47,237.0,211.0,810.0,625.0,573.0,414.0,train
3675,7_square,32,25,727.0,185.0,809.0,748.0,82.0,563.0,train
3676,7_square,44,56,849.0,682.0,796.0,157.0,-53.0,-525.0,train
3677,7_square,57,37,879.0,623.0,789.0,341.0,-90.0,-282.0,train
3678,7_square,4,22,484.0,725.0,524.0,785.0,40.0,60.0,train
3679,7_square,13,34,420.0,481.0,601.0,209.0,181.0,-272.0,train
3680,7_square,5,26,705.0,842.0,845.0,784.0,140.0,-58.0,train
3681,7_square,26,5,584.0,367.0,163.0,772.0,-421.0,405.0,train
3684,7_square,37,9,445.0,552.0,316.0,483.0,-129.0,-69.0,train
3685,7_square,26,34,356.0,676.0,153.0,512.0,-203.0,-164.0,train
3686,7_square,33,48,873.0,798.0,786.0,286.0,-87.0,-512.0,train
3687,7_square,52,44,845.0,225.0,342.0,644.0,-503.0,419.0,train
3688,7_square,7,23,802.0,231.0,716.0,706.0,-86.0,475.0,train
3690,7_square,58,46,469.0,333.0,174.0,169.0,-295.0,-164.0,train
3691,7_square,18,16,397.0,578.0,669.0,700.0,272.0,122.0,train
3692,7_square,61,38,403.0,315.0,384.0,879.0,-19.0,564.0,train
3693,7_square,29,62,239.0,323.0,422.0,797.0,183.0,474.0,train
3694,7_square,57,30,124.0,176.0,795.0,827.0,671.0,651.0,train
3695,7_square,42,54,748.0,647.0,897.0,498.0,149.0,-149.0,train
3696,7_square,27,61,132.0,129.0,864.0,614.0,732.0,485.0,train
3697,7_square,7,11,205.0,413.0,308.0,549.0,103.0,136.0,train
3699,7_square,2,36,439.0,303.0,638.0,291.0,199.0,-12.0,train
3700,7_square,48,25,339.0,870.0,534.0,525.0,195.0,-345.0,train
3701,7_square,40,47,398.0,425.0,728.0,132.0,330.0,-293.0,train
3702,7_square,0,9,121.0,555.0,868.0,453.0,747.0,-102.0,train
3703,7_square,56,1,491.0,501.0,178.0,365.0,-313.0,-136.0,train
3704,7_square,52,35,146.0,745.0,380.0,456.0,234.0,-289.0,train
3705,7_square,31,63,526.0,733.0,423.0,477.0,-103.0,-256.0,train
3706,7_square,27,60,329.0,400.0,121.0,511.0,-208.0,111.0,train
3707,7_square,35,44,124.0,500.0,273.0,491.0,149.0,-9.0,train
3709,7_square,56,47,572.0,535.0,866.0,679.0,294.0,144.0,train
3710,7_square,7,42,775.0,505.0,590.0,863.0,-185.0,358.0,train
3711,7_square,11,62,474.0,721.0,726.0,101.0,252.0,-620.0,train
3712,7_square,34,14,890.0,471.0,555.0,136.0,-335.0,-335.0,train
3713,7_square,65,67,244.0,416.0,873.0,337.0,629.0,-79.0,train
3714,7_square,4,54,207.0,274.0,186.0,480.0,-21.0,206.0,train
3715,7_square,28,3,854.0,534.0,486.0,324.0,-368.0,-210.0,train
3716,7_square,33,4,436.0,386.0,343.0,268.0,-93.0,-118.0,train
3717,7_square,23,15,728.0,736.0,521.0,154.0,-207.0,-582.0,train
3718,7_square,10,62,118.0,199.0,726.0,855.0,608.0,656.0,train
3719,7_square,13,18,119.0,102.0,660.0,606.0,541.0,504.0,train
3720,7_square,33,6,835.0,610.0,638.0,844.0,-197.0,234.0,train
3721,7_square,32,6,816.0,184.0,368.0,830.0,-448.0,646.0,train
3722,7_square,40,12,521.0,399.0,256.0,499.0,-265.0,100.0,train
3723,7_square,29,65,724.0,372.0,305.0,792.0,-419.0,420.0,train
3724,7_square,1,30,533.0,624.0,337.0,259.0,-196.0,-365.0,train
3725,7_square,21,24,114.0,657.0,125.0,560.0,11.0,-97.0,train
3727,7_square,6,55,306.0,602.0,529.0,284.0,223.0,-318.0,train
3728,7_square,6,28,497.0,414.0,629.0,648.0,132.0,234.0,train
3729,7_square,19,23,346.0,801.0,635.0,193.0,289.0,-608.0,train
3731,7_square,36,37,122.0,775.0,274.0,184.0,152.0,-591.0,train
3733,7_square,40,37,556.0,277.0,376.0,628.0,-180.0,351.0,train
3734,7_square,47,38,152.0,881.0,274.0,112.0,122.0,-769.0,train
3736,7_square,37,23,704.0,849.0,820.0,292.0,116.0,-557.0,train
3737,7_square,1,51,317.0,629.0,304.0,533.0,-13.0,-96.0,train
3738,7_square,16,54,528.0,597.0,837.0,732.0,309.0,135.0,train
3740,7_square,12,40,262.0,170.0,897.0,481.0,635.0,311.0,train
3741,7_square,30,40,853.0,524.0,124.0,751.0,-729.0,227.0,train
3742,7_square,35,6,641.0,653.0,668.0,818.0,27.0,165.0,train
3743,7_square,6,59,410.0,209.0,824.0,115.0,414.0,-94.0,train
3744,7_square,16,34,455.0,616.0,888.0,229.0,433.0,-387.0,train
3746,7_square,61,45,283.0,607.0,558.0,427.0,275.0,-180.0,train
3747,7_square,17,16,535.0,559.0,496.0,153.0,-39.0,-406.0,train
3748,7_square,28,49,585.0,530.0,398.0,169.0,-187.0,-361.0,train
3750,7_square,62,58,591.0,698.0,263.0,698.0,-328.0,0.0,train
3751,7_square,33,64,552.0,819.0,889.0,212.0,337.0,-607.0,train
3752,7_square,18,25,737.0,405.0,662.0,200.0,-75.0,-205.0,train
3754,7_square,9,41,589.0,859.0,484.0,107.0,-105.0,-752.0,train
3755,7_square,64,59,751.0,587.0,382.0,684.0,-369.0,97.0,train
3756,7_square,47,14,897.0,286.0,336.0,874.0,-561.0,588.0,train
3757,7_square,48,4,104.0,427.0,869.0,663.0,765.0,236.0,train
3758,7_square,27,51,826.0,835.0,483.0,677.0,-343.0,-158.0,train
3759,7_square,22,49,710.0,843.0,357.0,211.0,-353.0,-632.0,train
3760,7_square,4,48,234.0,593.0,288.0,276.0,54.0,-317.0,train
3761,7_square,10,42,338.0,203.0,132.0,121.0,-206.0,-82.0,train
3762,7_square,68,47,376.0,860.0,206.0,391.0,-170.0,-469.0,train
3763,7_square,62,49,366.0,838.0,514.0,450.0,148.0,-388.0,train
3764,7_square,67,66,687.0,191.0,475.0,628.0,-212.0,437.0,train
3765,7_square,61,42,613.0,869.0,267.0,697.0,-346.0,-172.0,train
3766,7_square,60,58,879.0,625.0,608.0,269.0,-271.0,-356.0,train
3767,7_square,59,46,638.0,829.0,550.0,717.0,-88.0,-112.0,train
3769,7_square,22,15,879.0,328.0,338.0,863.0,-541.0,535.0,train
3770,7_square,42,2,425.0,301.0,356.0,460.0,-69.0,159.0,train
3771,7_square,56,52,367.0,574.0,652.0,670.0,285.0,96.0,train
3772,7_square,68,5,417.0,192.0,120.0,732.0,-297.0,540.0,train
3774,7_square,64,2,655.0,712.0,207.0,405.0,-448.0,-307.0,train
3775,7_square,46,37,163.0,423.0,382.0,250.0,219.0,-173.0,train
3776,7_square,65,28,345.0,666.0,657.0,832.0,312.0,166.0,train
3777,7_square,41,41,757.0,211.0,536.0,209.0,-221.0,-2.0,train
3778,7_square,25,45,399.0,710.0,665.0,224.0,266.0,-486.0,train
3780,7_square,16,10,306.0,552.0,432.0,700.0,126.0,148.0,train
3782,7_square,8,11,321.0,900.0,368.0,105.0,47.0,-795.0,train
3783,7_square,44,2,441.0,137.0,329.0,124.0,-112.0,-13.0,train
3784,7_square,16,66,293.0,883.0,702.0,266.0,409.0,-617.0,train
3785,7_square,15,43,863.0,246.0,551.0,588.0,-312.0,342.0,train
3787,7_square,30,59,193.0,562.0,559.0,616.0,366.0,54.0,train
3788,7_square,16,64,790.0,176.0,410.0,484.0,-380.0,308.0,train
3790,7_square,36,36,309.0,285.0,851.0,187.0,542.0,-98.0,train
3791,7_square,54,11,464.0,785.0,530.0,642.0,66.0,-143.0,train
3792,7_square,20,19,317.0,549.0,388.0,788.0,71.0,239.0,train
3794,7_square,48,50,424.0,442.0,819.0,365.0,395.0,-77.0,train
3795,7_square,17,59,734.0,455.0,853.0,825.0,119.0,370.0,train
3796,7_square,68,60,739.0,732.0,835.0,558.0,96.0,-174.0,train
3797,7_square,18,65,872.0,675.0,897.0,324.0,25.0,-351.0,train
3800,7_square,6,44,586.0,589.0,356.0,137.0,-230.0,-452.0,train
3801,7_square,29,46,823.0,106.0,858.0,855.0,35.0,749.0,train
3802,7_square,24,20,186.0,471.0,105.0,618.0,-81.0,147.0,train
3803,7_square,12,6,597.0,663.0,829.0,846.0,232.0,183.0,train
3805,7_square,42,15,659.0,781.0,325.0,694.0,-334.0,-87.0,train
3807,7_square,9,66,615.0,226.0,768.0,108.0,153.0,-118.0,train
3808,7_square,10,51,404.0,270.0,733.0,566.0,329.0,296.0,train
3809,7_square,52,60,835.0,787.0,738.0,178.0,-97.0,-609.0,train
3810,7_square,39,64,405.0,565.0,632.0,244.0,227.0,-321.0,train
3811,7_square,36,45,766.0,460.0,467.0,441.0,-299.0,-19.0,train
3812,7_square,40,26,824.0,462.0,714.0,509.0,-110.0,47.0,train
3813,7_square,65,62,149.0,226.0,509.0,429.0,360.0,203.0,train
3815,7_square,9,66,712.0,103.0,242.0,567.0,-470.0,464.0,train
3816,7_square,31,15,752.0,182.0,254.0,540.0,-498.0,358.0,train
3817,7_square,19,45,562.0,558.0,578.0,268.0,16.0,-290.0,train
3819,7_square,55,42,738.0,498.0,243.0,521.0,-495.0,23.0,train
3820,7_square,25,6,326.0,566.0,132.0,841.0,-194.0,275.0,train
3821,7_square,16,34,150.0,150.0,181.0,538.0,31.0,388.0,train
3822,7_square,24,1,864.0,250.0,246.0,853.0,-618.0,603.0,train
3823,7_square,63,28,105.0,101.0,288.0,819.0,183.0,718.0,train
3824,7_square,38,32,747.0,728.0,586.0,480.0,-161.0,-248.0,train
3826,7_square,12,43,832.0,760.0,708.0,148.0,-124.0,-612.0,train
3829,7_square,39,7,144.0,667.0,649.0,125.0,505.0,-542.0,train
3830,7_square,33,46,565.0,875.0,163.0,282.0,-402.0,-593.0,train
3831,7_square,53,19,120.0,577.0,786.0,489.0,666.0,-88.0,train
3832,7_square,55,42,535.0,759.0,737.0,710.0,202.0,-49.0,train
3836,7_square,22,7,877.0,850.0,711.0,803.0,-166.0,-47.0,train
3837,7_square,63,24,563.0,372.0,769.0,285.0,206.0,-87.0,train
3838,7_square,6,18,850.0,867.0,400.0,837.0,-450.0,-30.0,train
3839,7_square,6,61,888.0,244.0,483.0,624.0,-405.0,380.0,train
3843,7_square,13,24,497.0,161.0,331.0,537.0,-166.0,376.0,train
3844,7_square,39,33,233.0,456.0,180.0,364.0,-53.0,-92.0,train
3845,7_square,56,64,815.0,541.0,295.0,879.0,-520.0,338.0,train
3846,7_square,62,46,224.0,292.0,818.0,821.0,594.0,529.0,train
3847,7_square,6,34,290.0,544.0,869.0,649.0,579.0,105.0,train
3848,7_square,53,28,234.0,587.0,689.0,751.0,455.0,164.0,train
3850,7_square,28,12,553.0,511.0,289.0,478.0,-264.0,-33.0,train
3852,7_square,5,67,432.0,220.0,871.0,519.0,439.0,299.0,train
3853,7_square,11,29,404.0,538.0,728.0,225.0,324.0,-313.0,train
3854,7_square,18,44,544.0,719.0,185.0,449.0,-359.0,-270.0,train
3855,7_square,38,10,291.0,598.0,103.0,143.0,-188.0,-455.0,train
3856,7_square,38,61,396.0,568.0,105.0,141.0,-291.0,-427.0,train
3857,7_square,6,13,149.0,883.0,208.0,512.0,59.0,-371.0,train
3858,7_square,9,53,646.0,672.0,442.0,381.0,-204.0,-291.0,train
3859,7_square,58,18,459.0,524.0,252.0,330.0,-207.0,-194.0,train
3860,7_square,29,12,499.0,221.0,433.0,728.0,-66.0,507.0,train
3861,7_square,17,53,896.0,301.0,124.0,313.0,-772.0,12.0,train
3862,7_square,67,29,447.0,181.0,813.0,744.0,366.0,563.0,train
3863,7_square,58,68,665.0,436.0,858.0,297.0,193.0,-139.0,train
3864,7_square,39,9,811.0,612.0,399.0,382.0,-412.0,-230.0,train
3866,7_square,5,27,547.0,717.0,879.0,876.0,332.0,159.0,train
3868,7_square,0,55,159.0,334.0,148.0,157.0,-11.0,-177.0,train
3869,7_square,27,8,411.0,254.0,773.0,682.0,362.0,428.0,train
3870,7_square,4,42,237.0,288.0,395.0,814.0,158.0,526.0,train
3871,7_square,17,61,235.0,878.0,322.0,573.0,87.0,-305.0,train
3872,7_square,27,0,232.0,894.0,287.0,126.0,55.0,-768.0,train
3873,7_square,51,65,317.0,806.0,598.0,157.0,281.0,-649.0,train
3875,7_square,49,42,240.0,520.0,753.0,426.0,513.0,-94.0,train
3876,7_square,30,0,710.0,777.0,473.0,286.0,-237.0,-491.0,train
3877,7_square,54,15,646.0,251.0,730.0,194.0,84.0,-57.0,train
3878,7_square,17,37,179.0,539.0,457.0,805.0,278.0,266.0,train
3879,7_square,42,61,382.0,272.0,427.0,739.0,45.0,467.0,train
3880,7_square,44,28,647.0,207.0,369.0,568.0,-278.0,361.0,train
3881,7_square,42,68,892.0,428.0,190.0,269.0,-702.0,-159.0,train
3884,7_square,51,17,568.0,240.0,786.0,706.0,218.0,466.0,train
3885,7_square,41,9,860.0,115.0,495.0,521.0,-365.0,406.0,train
3886,7_square,37,64,384.0,318.0,751.0,380.0,367.0,62.0,train
3887,7_square,25,32,308.0,512.0,834.0,595.0,526.0,83.0,train
3891,7_square,14,64,890.0,659.0,428.0,643.0,-462.0,-16.0,train
3893,7_square,52,68,229.0,737.0,725.0,301.0,496.0,-436.0,train
3894,7_square,66,41,198.0,864.0,457.0,707.0,259.0,-157.0,train
3895,7_square,36,40,617.0,645.0,252.0,260.0,-365.0,-385.0,train
3896,7_square,15,33,780.0,732.0,547.0,787.0,-233.0,55.0,train
3897,7_square,19,57,306.0,775.0,556.0,382.0,250.0,-393.0,train
3898,7_square,56,18,534.0,898.0,109.0,686.0,-425.0,-212.0,train
3901,7_square,29,18,623.0,458.0,797.0,573.0,174.0,115.0,train
3902,7_square,13,4,874.0,215.0,477.0,721.0,-397.0,506.0,train
3903,7_square,63,34,287.0,178.0,683.0,561.0,396.0,383.0,train
3905,7_square,55,24,477.0,704.0,656.0,190.0,179.0,-514.0,train
3907,7_square,20,33,637.0,795.0,591.0,152.0,-46.0,-643.0,train
3908,7_square,65,44,313.0,141.0,262.0,209.0,-51.0,68.0,train
3909,7_square,66,9,894.0,616.0,764.0,426.0,-130.0,-190.0,train
3910,7_square,25,1,868.0,847.0,376.0,246.0,-492.0,-601.0,train
3911,7_square,40,5,754.0,174.0,749.0,226.0,-5.0,52.0,train
3913,7_square,8,9,580.0,629.0,177.0,543.0,-403.0,-86.0,train
3914,7_square,7,60,644.0,467.0,514.0,408.0,-130.0,-59.0,train
3917,7_square,1,62,430.0,508.0,736.0,732.0,306.0,224.0,train
3918,7_square,35,34,675.0,861.0,553.0,515.0,-122.0,-346.0,train
3919,7_square,44,37,814.0,147.0,263.0,125.0,-551.0,-22.0,train
3920,7_square,32,21,844.0,655.0,347.0,445.0,-497.0,-210.0,train
3921,7_square,28,3,248.0,190.0,313.0,718.0,65.0,528.0,train
3922,7_square,44,11,493.0,183.0,364.0,497.0,-129.0,314.0,train
3923,7_square,4,28,718.0,361.0,157.0,668.0,-561.0,307.0,train
3924,7_square,66,42,755.0,406.0,334.0,210.0,-421.0,-196.0,train
3925,7_square,57,4,739.0,382.0,569.0,497.0,-170.0,115.0,train
3927,7_square,25,67,701.0,564.0,333.0,130.0,-368.0,-434.0,train
3928,7_square,0,67,252.0,559.0,123.0,336.0,-129.0,-223.0,train
3930,7_square,6,37,417.0,427.0,676.0,475.0,259.0,48.0,train
3931,7_square,38,29,556.0,439.0,588.0,503.0,32.0,64.0,train
3932,7_square,54,28,382.0,597.0,704.0,280.0,322.0,-317.0,train
3934,7_square,49,44,857.0,464.0,742.0,286.0,-115.0,-178.0,train
3936,7_square,61,41,739.0,853.0,146.0,513.0,-593.0,-340.0,train
3937,7_square,47,33,223.0,291.0,734.0,549.0,511.0,258.0,train
3938,7_square,18,2,706.0,148.0,196.0,756.0,-510.0,608.0,train
3939,7_square,43,32,821.0,641.0,338.0,494.0,-483.0,-147.0,train
3940,7_square,24,14,429.0,474.0,274.0,188.0,-155.0,-286.0,train
3941,7_square,46,29,655.0,628.0,719.0,345.0,64.0,-283.0,train
3942,7_square,20,57,313.0,384.0,519.0,481.0,206.0,97.0,train
3943,7_square,31,0,544.0,212.0,583.0,314.0,39.0,102.0,train
3944,7_square,8,53,861.0,281.0,265.0,360.0,-596.0,79.0,train
3945,7_square,14,64,187.0,727.0,595.0,192.0,408.0,-535.0,train
3947,7_square,52,23,456.0,248.0,430.0,764.0,-26.0,516.0,train
3948,7_square,63,5,336.0,865.0,557.0,783.0,221.0,-82.0,train
3950,7_square,35,16,484.0,567.0,453.0,839.0,-31.0,272.0,train
3952,7_square,37,62,584.0,676.0,193.0,649.0,-391.0,-27.0,train
3953,7_square,31,67,835.0,892.0,706.0,738.0,-129.0,-154.0,train
3954,7_square,8,11,159.0,363.0,371.0,184.0,212.0,-179.0,train
3956,7_square,60,18,344.0,682.0,441.0,754.0,97.0,72.0,train
3957,7_square,59,16,594.0,637.0,660.0,514.0,66.0,-123.0,train
3958,7_square,20,47,480.0,469.0,562.0,861.0,82.0,392.0,train
3959,7_square,67,56,749.0,326.0,341.0,529.0,-408.0,203.0,train
3960,7_square,25,54,127.0,225.0,159.0,663.0,32.0,438.0,train
3961,7_square,57,56,547.0,659.0,712.0,667.0,165.0,8.0,train
3963,7_square,12,62,519.0,242.0,356.0,421.0,-163.0,179.0,train
3964,7_square,9,2,728.0,623.0,491.0,650.0,-237.0,27.0,train
3965,7_square,0,5,872.0,228.0,117.0,699.0,-755.0,471.0,train
3966,7_square,45,50,439.0,467.0,112.0,682.0,-327.0,215.0,train
3967,7_square,57,7,240.0,765.0,328.0,694.0,88.0,-71.0,train
3968,7_square,44,2,564.0,825.0,378.0,895.0,-186.0,70.0,train
3970,7_square,31,3,295.0,115.0,710.0,638.0,415.0,523.0,train
3971,7_square,19,61,594.0,132.0,432.0,368.0,-162.0,236.0,train
3972,7_square,26,43,620.0,761.0,192.0,808.0,-428.0,47.0,train
3973,7_square,36,10,287.0,491.0,826.0,550.0,539.0,59.0,train
3974,7_square,66,29,701.0,494.0,666.0,411.0,-35.0,-83.0,train
3976,7_square,64,13,402.0,333.0,779.0,153.0,377.0,-180.0,train
3977,7_square,0,50,775.0,547.0,677.0,674.0,-98.0,127.0,train
3978,7_square,17,37,345.0,111.0,758.0,584.0,413.0,473.0,train
3979,7_square,22,17,237.0,726.0,253.0,803.0,16.0,77.0,train
3980,7_square,60,5,605.0,777.0,494.0,639.0,-111.0,-138.0,train
3981,7_square,52,60,532.0,614.0,353.0,785.0,-179.0,171.0,train
3982,7_square,0,39,193.0,742.0,883.0,543.0,690.0,-199.0,train
3983,7_square,41,38,748.0,496.0,743.0,393.0,-5.0,-103.0,train
3984,7_square,51,6,756.0,179.0,707.0,202.0,-49.0,23.0,train
3985,7_square,64,63,249.0,488.0,233.0,803.0,-16.0,315.0,train
3986,7_square,68,45,317.0,261.0,180.0,797.0,-137.0,536.0,train
3987,7_square,2,3,616.0,888.0,183.0,115.0,-433.0,-773.0,train
3988,7_square,19,0,596.0,568.0,538.0,542.0,-58.0,-26.0,train
3989,7_square,27,5,719.0,507.0,603.0,471.0,-116.0,-36.0,train
3990,7_square,61,30,385.0,489.0,246.0,173.0,-139.0,-316.0,train
3992,7_square,4,49,157.0,556.0,240.0,230.0,83.0,-326.0,train
3994,7_square,11,43,639.0,443.0,391.0,389.0,-248.0,-54.0,train
3995,7_square,4,9,362.0,647.0,712.0,469.0,350.0,-178.0,train
3996,7_square,15,12,812.0,739.0,839.0,530.0,27.0,-209.0,train
3997,7_square,47,26,553.0,243.0,608.0,316.0,55.0,73.0,train
3998,7_square,0,57,541.0,221.0,636.0,586.0,95.0,365.0,train
3999,7_square,66,37,100.0,439.0,555.0,414.0,455.0,-25.0,train
4000,26_square,16,63,824.0,664.0,127.0,896.0,-697.0,232.0,train
4001,26_square,34,27,860.0,578.0,216.0,420.0,-644.0,-158.0,train
4003,26_square,9,63,128.0,766.0,159.0,336.0,31.0,-430.0,train
4004,26_square,8,67,720.0,423.0,284.0,513.0,-436.0,90.0,train
4006,26_square,10,27,587.0,665.0,128.0,777.0,-459.0,112.0,train
4007,26_square,58,64,531.0,389.0,204.0,124.0,-327.0,-265.0,train
4010,26_square,60,3,395.0,300.0,104.0,207.0,-291.0,-93.0,train
4011,26_square,33,14,768.0,451.0,629.0,803.0,-139.0,352.0,train
4012,26_square,24,60,836.0,425.0,779.0,226.0,-57.0,-199.0,train
4013,26_square,56,46,494.0,694.0,172.0,194.0,-322.0,-500.0,train
4014,26_square,2,24,655.0,283.0,689.0,649.0,34.0,366.0,train
4018,26_square,16,11,426.0,373.0,252.0,790.0,-174.0,417.0,train
4020,26_square,33,17,776.0,805.0,858.0,420.0,82.0,-385.0,train
4021,26_square,67,52,100.0,100.0,552.0,204.0,452.0,104.0,train
4022,26_square,45,17,114.0,667.0,355.0,484.0,241.0,-183.0,train
4023,26_square,62,55,577.0,248.0,709.0,652.0,132.0,404.0,train
4025,26_square,25,25,119.0,567.0,346.0,470.0,227.0,-97.0,train
4031,26_square,64,10,492.0,649.0,513.0,588.0,21.0,-61.0,train
4032,26_square,15,66,736.0,100.0,470.0,586.0,-266.0,486.0,train
4033,26_square,59,58,614.0,891.0,669.0,497.0,55.0,-394.0,train
4034,26_square,37,49,650.0,478.0,637.0,558.0,-13.0,80.0,train
4035,26_square,7,5,745.0,702.0,300.0,271.0,-445.0,-431.0,train
4037,26_square,5,63,832.0,600.0,437.0,371.0,-395.0,-229.0,train
4038,26_square,23,65,336.0,343.0,238.0,770.0,-98.0,427.0,train
4039,26_square,61,58,627.0,423.0,842.0,137.0,215.0,-286.0,train
4040,26_square,12,53,453.0,599.0,677.0,882.0,224.0,283.0,train
4041,26_square,53,21,422.0,171.0,610.0,416.0,188.0,245.0,train
4042,26_square,68,11,490.0,471.0,717.0,628.0,227.0,157.0,train
4043,26_square,41,23,881.0,428.0,152.0,154.0,-729.0,-274.0,train
4044,26_square,9,66,526.0,495.0,495.0,137.0,-31.0,-358.0,train
4045,26_square,54,3,655.0,649.0,854.0,540.0,199.0,-109.0,train
4046,26_square,58,44,409.0,176.0,736.0,386.0,327.0,210.0,train
4047,26_square,64,10,184.0,197.0,266.0,888.0,82.0,691.0,train
4050,26_square,25,47,223.0,215.0,367.0,379.0,144.0,164.0,train
4051,26_square,0,31,471.0,785.0,398.0,249.0,-73.0,-536.0,train
4052,26_square,41,24,681.0,509.0,544.0,756.0,-137.0,247.0,train
4053,26_square,10,64,459.0,621.0,536.0,512.0,77.0,-109.0,train
4056,26_square,20,3,327.0,625.0,828.0,741.0,501.0,116.0,train
4057,26_square,11,65,231.0,229.0,473.0,239.0,242.0,10.0,train
4058,26_square,68,20,236.0,635.0,365.0,896.0,129.0,261.0,train
4059,26_square,60,55,598.0,679.0,297.0,403.0,-301.0,-276.0,train
4060,26_square,4,37,464.0,176.0,530.0,139.0,66.0,-37.0,train
4061,26_square,8,13,234.0,489.0,646.0,143.0,412.0,-346.0,train
4062,26_square,7,8,777.0,437.0,104.0,894.0,-673.0,457.0,train
4063,26_square,63,6,334.0,704.0,806.0,899.0,472.0,195.0,train
4064,26_square,47,14,664.0,225.0,260.0,297.0,-404.0,72.0,train
4065,26_square,7,50,751.0,390.0,224.0,488.0,-527.0,98.0,train
4066,26_square,39,53,331.0,579.0,358.0,147.0,27.0,-432.0,train
4067,26_square,63,39,730.0,370.0,360.0,448.0,-370.0,78.0,train
4068,26_square,23,26,561.0,169.0,338.0,885.0,-223.0,716.0,train
4069,26_square,35,19,516.0,149.0,199.0,753.0,-317.0,604.0,train
4070,26_square,48,34,550.0,530.0,348.0,390.0,-202.0,-140.0,train
4071,26_square,9,12,137.0,897.0,611.0,845.0,474.0,-52.0,train
4073,26_square,51,68,574.0,841.0,343.0,516.0,-231.0,-325.0,train
4074,26_square,36,16,340.0,765.0,897.0,229.0,557.0,-536.0,train
4075,26_square,4,13,790.0,117.0,228.0,290.0,-562.0,173.0,train
4076,26_square,39,53,451.0,264.0,564.0,614.0,113.0,350.0,train
4077,26_square,4,29,244.0,118.0,786.0,581.0,542.0,463.0,train
4078,26_square,9,54,369.0,556.0,707.0,711.0,338.0,155.0,train
4079,26_square,56,38,767.0,205.0,452.0,363.0,-315.0,158.0,train
4080,26_square,48,8,461.0,266.0,439.0,664.0,-22.0,398.0,train
4082,26_square,61,9,330.0,508.0,724.0,612.0,394.0,104.0,train
4083,26_square,16,17,846.0,451.0,812.0,239.0,-34.0,-212.0,train
4084,26_square,32,33,366.0,374.0,763.0,609.0,397.0,235.0,train
4085,26_square,41,1,780.0,179.0,867.0,186.0,87.0,7.0,train
4086,26_square,67,44,822.0,589.0,519.0,836.0,-303.0,247.0,train
4087,26_square,2,28,261.0,717.0,317.0,401.0,56.0,-316.0,train
4088,26_square,5,0,191.0,736.0,773.0,195.0,582.0,-541.0,train
4090,26_square,41,28,296.0,297.0,292.0,355.0,-4.0,58.0,train
4092,26_square,23,51,301.0,298.0,127.0,654.0,-174.0,356.0,train
4093,26_square,59,15,336.0,559.0,293.0,123.0,-43.0,-436.0,train
4094,26_square,61,42,807.0,240.0,755.0,372.0,-52.0,132.0,train
4095,26_square,47,50,250.0,560.0,770.0,351.0,520.0,-209.0,train
4096,26_square,32,21,661.0,254.0,599.0,688.0,-62.0,434.0,train
4097,26_square,19,14,791.0,880.0,352.0,784.0,-439.0,-96.0,train
4098,26_square,18,53,425.0,139.0,525.0,231.0,100.0,92.0,train
4099,26_square,28,53,580.0,568.0,206.0,830.0,-374.0,262.0,train
4102,26_square,35,33,705.0,136.0,459.0,829.0,-246.0,693.0,train
4103,26_square,28,1,481.0,708.0,513.0,227.0,32.0,-481.0,train
4104,26_square,63,56,554.0,201.0,178.0,423.0,-376.0,222.0,train
4105,26_square,24,27,623.0,363.0,573.0,838.0,-50.0,475.0,train
4106,26_square,47,35,172.0,541.0,514.0,503.0,342.0,-38.0,train
4107,26_square,5,6,864.0,797.0,644.0,392.0,-220.0,-405.0,train
4109,26_square,67,45,178.0,189.0,397.0,532.0,219.0,343.0,train
4110,26_square,45,44,343.0,206.0,725.0,849.0,382.0,643.0,train
4111,26_square,0,57,161.0,436.0,314.0,554.0,153.0,118.0,train
4112,26_square,35,48,154.0,448.0,631.0,366.0,477.0,-82.0,train
4113,26_square,52,18,336.0,631.0,804.0,863.0,468.0,232.0,train
4114,26_square,41,60,887.0,782.0,104.0,861.0,-783.0,79.0,train
4115,26_square,33,32,577.0,191.0,273.0,337.0,-304.0,146.0,train
4116,26_square,40,8,141.0,353.0,798.0,873.0,657.0,520.0,train
4118,26_square,12,14,182.0,892.0,567.0,165.0,385.0,-727.0,train
4119,26_square,64,17,224.0,791.0,155.0,617.0,-69.0,-174.0,train
4120,26_square,32,7,802.0,522.0,851.0,594.0,49.0,72.0,train
4123,26_square,17,61,824.0,169.0,226.0,195.0,-598.0,26.0,train
4124,26_square,0,10,487.0,882.0,685.0,874.0,198.0,-8.0,train
4126,26_square,53,38,474.0,202.0,705.0,196.0,231.0,-6.0,train
4127,26_square,58,67,757.0,765.0,416.0,656.0,-341.0,-109.0,train
4128,26_square,54,2,780.0,349.0,818.0,425.0,38.0,76.0,train
4129,26_square,66,59,728.0,310.0,139.0,407.0,-589.0,97.0,train
4130,26_square,31,7,410.0,531.0,879.0,197.0,469.0,-334.0,train
4131,26_square,56,38,859.0,857.0,642.0,308.0,-217.0,-549.0,train
4132,26_square,47,26,330.0,286.0,606.0,472.0,276.0,186.0,train
4133,26_square,7,36,645.0,876.0,800.0,669.0,155.0,-207.0,train
4134,26_square,60,12,485.0,432.0,647.0,437.0,162.0,5.0,train
4135,26_square,64,7,353.0,439.0,319.0,850.0,-34.0,411.0,train
4137,26_square,54,65,708.0,333.0,456.0,416.0,-252.0,83.0,train
4138,26_square,16,29,822.0,677.0,344.0,295.0,-478.0,-382.0,train
4139,26_square,26,25,673.0,684.0,560.0,854.0,-113.0,170.0,train
4140,26_square,25,6,356.0,384.0,641.0,300.0,285.0,-84.0,train
4141,26_square,3,8,658.0,384.0,522.0,597.0,-136.0,213.0,train
4142,26_square,9,62,708.0,731.0,532.0,431.0,-176.0,-300.0,train
4143,26_square,39,26,527.0,243.0,436.0,513.0,-91.0,270.0,train
4144,26_square,14,49,652.0,236.0,634.0,424.0,-18.0,188.0,train
4145,26_square,68,60,153.0,129.0,861.0,567.0,708.0,438.0,train
4146,26_square,32,35,478.0,306.0,198.0,209.0,-280.0,-97.0,train
4147,26_square,10,14,296.0,480.0,617.0,736.0,321.0,256.0,train
4149,26_square,11,47,392.0,199.0,393.0,206.0,1.0,7.0,train
4150,26_square,6,4,366.0,728.0,518.0,587.0,152.0,-141.0,train
4151,26_square,43,68,775.0,817.0,807.0,839.0,32.0,22.0,train
4152,26_square,28,51,814.0,890.0,224.0,189.0,-590.0,-701.0,train
4154,26_square,62,20,798.0,121.0,837.0,722.0,39.0,601.0,train
4155,26_square,17,28,387.0,500.0,487.0,784.0,100.0,284.0,train
4156,26_square,68,34,220.0,820.0,270.0,708.0,50.0,-112.0,train
4157,26_square,64,22,612.0,428.0,768.0,416.0,156.0,-12.0,train
4158,26_square,21,36,357.0,722.0,843.0,720.0,486.0,-2.0,train
4159,26_square,31,43,573.0,579.0,511.0,283.0,-62.0,-296.0,train
4160,26_square,14,22,653.0,896.0,641.0,899.0,-12.0,3.0,train
4161,26_square,57,32,639.0,107.0,151.0,778.0,-488.0,671.0,train
4162,26_square,26,12,771.0,801.0,792.0,802.0,21.0,1.0,train
4164,26_square,30,6,493.0,551.0,842.0,766.0,349.0,215.0,train
4166,26_square,51,8,637.0,264.0,414.0,513.0,-223.0,249.0,train
4168,26_square,42,19,775.0,126.0,354.0,336.0,-421.0,210.0,train
4169,26_square,34,37,821.0,129.0,541.0,300.0,-280.0,171.0,train
4170,26_square,0,60,516.0,474.0,123.0,251.0,-393.0,-223.0,train
4171,26_square,14,46,468.0,386.0,726.0,596.0,258.0,210.0,train
4172,26_square,34,37,231.0,341.0,732.0,573.0,501.0,232.0,train
4173,26_square,16,14,208.0,726.0,872.0,584.0,664.0,-142.0,train
4174,26_square,46,19,533.0,735.0,714.0,812.0,181.0,77.0,train
4175,26_square,49,35,432.0,359.0,825.0,236.0,393.0,-123.0,train
4177,26_square,36,27,346.0,394.0,860.0,432.0,514.0,38.0,train
4178,26_square,68,55,146.0,166.0,659.0,378.0,513.0,212.0,train
4179,26_square,40,48,386.0,844.0,456.0,214.0,70.0,-630.0,train
4180,26_square,28,10,637.0,773.0,478.0,347.0,-159.0,-426.0,train
4181,26_square,65,37,276.0,758.0,185.0,731.0,-91.0,-27.0,train
4182,26_square,66,36,639.0,722.0,766.0,186.0,127.0,-536.0,train
4184,26_square,50,36,342.0,878.0,773.0,202.0,431.0,-676.0,train
4185,26_square,30,7,835.0,744.0,632.0,698.0,-203.0,-46.0,train
4186,26_square,53,63,240.0,322.0,288.0,321.0,48.0,-1.0,train
4187,26_square,53,49,720.0,554.0,343.0,724.0,-377.0,170.0,train
4188,26_square,15,22,175.0,459.0,513.0,758.0,338.0,299.0,train
4189,26_square,44,56,140.0,541.0,114.0,544.0,-26.0,3.0,train
4190,26_square,10,67,833.0,319.0,661.0,175.0,-172.0,-144.0,train
4191,26_square,31,42,136.0,182.0,256.0,609.0,120.0,427.0,train
4192,26_square,6,66,509.0,249.0,744.0,590.0,235.0,341.0,train
4194,26_square,16,14,390.0,229.0,262.0,818.0,-128.0,589.0,train
4195,26_square,32,42,440.0,342.0,427.0,719.0,-13.0,377.0,train
4196,26_square,26,66,212.0,133.0,534.0,659.0,322.0,526.0,train
4197,26_square,44,30,409.0,439.0,423.0,402.0,14.0,-37.0,train
4199,26_square,25,2,384.0,476.0,529.0,216.0,145.0,-260.0,train
4200,26_square,55,0,241.0,582.0,765.0,316.0,524.0,-266.0,train
4201,26_square,2,55,391.0,192.0,586.0,258.0,195.0,66.0,train
4202,26_square,58,51,894.0,547.0,248.0,344.0,-646.0,-203.0,train
4203,26_square,44,40,338.0,368.0,446.0,357.0,108.0,-11.0,train
4204,26_square,61,52,640.0,869.0,403.0,431.0,-237.0,-438.0,train
4205,26_square,62,53,527.0,264.0,188.0,767.0,-339.0,503.0,train
4206,26_square,51,32,783.0,670.0,852.0,573.0,69.0,-97.0,train
4207,26_square,61,28,525.0,419.0,747.0,462.0,222.0,43.0,train
4208,26_square,18,38,171.0,725.0,402.0,557.0,231.0,-168.0,train
4209,26_square,42,26,174.0,666.0,750.0,501.0,576.0,-165.0,train
4210,26_square,57,41,429.0,168.0,573.0,316.0,144.0,148.0,train
4211,26_square,37,42,121.0,112.0,465.0,125.0,344.0,13.0,train
4212,26_square,42,40,142.0,897.0,813.0,423.0,671.0,-474.0,train
4213,26_square,12,27,852.0,767.0,401.0,727.0,-451.0,-40.0,train
4214,26_square,15,44,758.0,319.0,540.0,271.0,-218.0,-48.0,train
4215,26_square,26,61,606.0,290.0,876.0,741.0,270.0,451.0,train
4216,26_square,56,25,575.0,398.0,312.0,369.0,-263.0,-29.0,train
4217,26_square,39,65,438.0,676.0,730.0,867.0,292.0,191.0,train
4218,26_square,64,54,336.0,543.0,254.0,783.0,-82.0,240.0,train
4219,26_square,25,67,861.0,811.0,592.0,761.0,-269.0,-50.0,train
4220,26_square,55,66,694.0,764.0,869.0,641.0,175.0,-123.0,train
4221,26_square,50,9,848.0,222.0,863.0,676.0,15.0,454.0,train
4222,26_square,34,28,420.0,478.0,779.0,270.0,359.0,-208.0,train
4224,26_square,36,41,635.0,757.0,636.0,478.0,1.0,-279.0,train
4225,26_square,1,38,104.0,308.0,150.0,500.0,46.0,192.0,train
4226,26_square,23,29,623.0,639.0,305.0,291.0,-318.0,-348.0,train
4227,26_square,61,16,871.0,131.0,669.0,539.0,-202.0,408.0,train
4228,26_square,12,22,733.0,142.0,194.0,144.0,-539.0,2.0,train
4229,26_square,33,13,473.0,380.0,778.0,613.0,305.0,233.0,train
4230,26_square,31,47,515.0,448.0,160.0,121.0,-355.0,-327.0,train
4231,26_square,59,37,132.0,733.0,232.0,244.0,100.0,-489.0,train
4232,26_square,25,46,358.0,333.0,866.0,423.0,508.0,90.0,train
4233,26_square,17,1,711.0,313.0,527.0,462.0,-184.0,149.0,train
4234,26_square,6,62,307.0,534.0,339.0,669.0,32.0,135.0,train
4235,26_square,0,15,188.0,227.0,332.0,517.0,144.0,290.0,train
4236,26_square,48,36,198.0,667.0,356.0,741.0,158.0,74.0,train
4238,26_square,15,49,443.0,250.0,813.0,629.0,370.0,379.0,train
4239,26_square,40,31,705.0,617.0,294.0,665.0,-411.0,48.0,train
4240,26_square,54,0,226.0,691.0,124.0,449.0,-102.0,-242.0,train
4243,26_square,28,6,274.0,287.0,405.0,244.0,131.0,-43.0,train
4245,26_square,33,61,395.0,216.0,120.0,372.0,-275.0,156.0,train
4246,26_square,18,51,855.0,882.0,755.0,850.0,-100.0,-32.0,train
4247,26_square,30,36,397.0,845.0,385.0,605.0,-12.0,-240.0,train
4248,26_square,26,17,212.0,315.0,750.0,860.0,538.0,545.0,train
4249,26_square,64,64,650.0,342.0,663.0,675.0,13.0,333.0,train
4250,26_square,32,35,817.0,730.0,371.0,328.0,-446.0,-402.0,train
4251,26_square,60,10,642.0,612.0,168.0,807.0,-474.0,195.0,train
4252,26_square,9,55,743.0,696.0,797.0,471.0,54.0,-225.0,train
4253,26_square,34,67,571.0,873.0,510.0,516.0,-61.0,-357.0,train
4254,26_square,25,47,795.0,183.0,411.0,420.0,-384.0,237.0,train
4256,26_square,27,62,686.0,407.0,276.0,327.0,-410.0,-80.0,train
4258,26_square,25,2,185.0,558.0,143.0,772.0,-42.0,214.0,train
4259,26_square,8,26,273.0,779.0,589.0,441.0,316.0,-338.0,train
4260,26_square,43,11,673.0,169.0,150.0,826.0,-523.0,657.0,train
4261,26_square,23,44,704.0,683.0,858.0,693.0,154.0,10.0,train
4262,26_square,23,2,339.0,238.0,879.0,173.0,540.0,-65.0,train
4264,26_square,1,48,111.0,350.0,739.0,197.0,628.0,-153.0,train
4265,26_square,7,33,791.0,134.0,878.0,573.0,87.0,439.0,train
4266,26_square,34,4,293.0,541.0,204.0,881.0,-89.0,340.0,train
4268,26_square,13,11,686.0,126.0,168.0,334.0,-518.0,208.0,train
4269,26_square,62,41,652.0,632.0,257.0,235.0,-395.0,-397.0,train
4270,26_square,28,66,234.0,673.0,312.0,238.0,78.0,-435.0,train
4272,26_square,3,20,596.0,388.0,696.0,333.0,100.0,-55.0,train
4274,26_square,26,20,296.0,711.0,626.0,854.0,330.0,143.0,train
4275,26_square,3,27,652.0,454.0,876.0,895.0,224.0,441.0,train
4276,26_square,63,65,188.0,867.0,233.0,416.0,45.0,-451.0,train
4277,26_square,50,34,828.0,656.0,587.0,760.0,-241.0,104.0,train
4278,26_square,67,47,287.0,629.0,309.0,735.0,22.0,106.0,train
4279,26_square,1,8,279.0,837.0,133.0,580.0,-146.0,-257.0,train
4280,26_square,45,2,254.0,186.0,558.0,278.0,304.0,92.0,train
4281,26_square,4,49,211.0,764.0,128.0,747.0,-83.0,-17.0,train
4282,26_square,21,34,238.0,135.0,371.0,616.0,133.0,481.0,train
4284,26_square,1,42,707.0,635.0,262.0,856.0,-445.0,221.0,train
4285,26_square,55,32,693.0,447.0,784.0,637.0,91.0,190.0,train
4286,26_square,67,28,776.0,651.0,538.0,675.0,-238.0,24.0,train
4287,26_square,54,2,155.0,544.0,832.0,839.0,677.0,295.0,train
4288,26_square,24,68,625.0,165.0,148.0,774.0,-477.0,609.0,train
4289,26_square,49,55,284.0,132.0,881.0,863.0,597.0,731.0,train
4290,26_square,8,58,220.0,402.0,614.0,660.0,394.0,258.0,train
4291,26_square,38,40,230.0,662.0,384.0,401.0,154.0,-261.0,train
4292,26_square,29,14,393.0,831.0,691.0,383.0,298.0,-448.0,train
4293,26_square,2,52,285.0,139.0,589.0,589.0,304.0,450.0,train
4294,26_square,49,63,639.0,250.0,298.0,587.0,-341.0,337.0,train
4296,26_square,49,49,355.0,251.0,676.0,306.0,321.0,55.0,train
4297,26_square,26,16,570.0,490.0,513.0,514.0,-57.0,24.0,train
4298,26_square,14,7,487.0,182.0,323.0,399.0,-164.0,217.0,train
4299,26_square,7,29,459.0,676.0,565.0,143.0,106.0,-533.0,train
4300,26_square,34,59,130.0,391.0,141.0,622.0,11.0,231.0,train
4301,26_square,19,65,872.0,707.0,562.0,136.0,-310.0,-571.0,train
4302,26_square,67,12,358.0,759.0,117.0,764.0,-241.0,5.0,train
4304,26_square,28,64,527.0,457.0,108.0,683.0,-419.0,226.0,train
4305,26_square,47,2,421.0,870.0,121.0,295.0,-300.0,-575.0,train
4306,26_square,61,10,466.0,362.0,397.0,749.0,-69.0,387.0,train
4307,26_square,58,12,873.0,878.0,348.0,313.0,-525.0,-565.0,train
4308,26_square,0,39,221.0,686.0,705.0,286.0,484.0,-400.0,train
4309,26_square,51,0,382.0,732.0,712.0,544.0,330.0,-188.0,train
4310,26_square,46,28,636.0,683.0,603.0,469.0,-33.0,-214.0,train
4311,26_square,27,6,631.0,894.0,390.0,808.0,-241.0,-86.0,train
4312,26_square,38,59,105.0,884.0,837.0,253.0,732.0,-631.0,train
4314,26_square,3,37,515.0,327.0,134.0,503.0,-381.0,176.0,train
4315,26_square,4,10,754.0,516.0,467.0,531.0,-287.0,15.0,train
4316,26_square,36,10,360.0,446.0,672.0,500.0,312.0,54.0,train
4319,26_square,48,59,543.0,708.0,417.0,271.0,-126.0,-437.0,train
4320,26_square,17,3,309.0,696.0,664.0,801.0,355.0,105.0,train
4321,26_square,32,44,625.0,539.0,899.0,427.0,274.0,-112.0,train
4322,26_square,56,46,891.0,341.0,524.0,595.0,-367.0,254.0,train
4323,26_square,42,66,225.0,456.0,460.0,112.0,235.0,-344.0,train
4324,26_square,13,35,796.0,653.0,754.0,167.0,-42.0,-486.0,train
4326,26_square,5,59,303.0,327.0,896.0,272.0,593.0,-55.0,train
4327,26_square,46,37,181.0,123.0,842.0,545.0,661.0,422.0,train
4328,26_square,63,38,308.0,562.0,814.0,120.0,506.0,-442.0,train
4329,26_square,60,18,165.0,363.0,695.0,220.0,530.0,-143.0,train
4330,26_square,18,43,454.0,793.0,189.0,351.0,-265.0,-442.0,train
4331,26_square,62,53,826.0,326.0,371.0,181.0,-455.0,-145.0,train
4333,26_square,55,19,638.0,876.0,607.0,765.0,-31.0,-111.0,train
4334,26_square,11,11,636.0,135.0,424.0,770.0,-212.0,635.0,train
4335,26_square,20,15,520.0,392.0,182.0,492.0,-338.0,100.0,train
4337,26_square,11,55,145.0,116.0,823.0,738.0,678.0,622.0,train
4338,26_square,5,13,847.0,895.0,253.0,170.0,-594.0,-725.0,train
4339,26_square,56,2,622.0,123.0,790.0,117.0,168.0,-6.0,train
4340,26_square,62,66,896.0,294.0,798.0,156.0,-98.0,-138.0,train
4341,26_square,54,54,874.0,160.0,437.0,780.0,-437.0,620.0,train
4342,26_square,53,61,790.0,506.0,472.0,865.0,-318.0,359.0,train
4343,26_square,66,38,707.0,590.0,800.0,386.0,93.0,-204.0,train
4344,26_square,45,1,713.0,657.0,209.0,325.0,-504.0,-332.0,train
4346,26_square,53,40,716.0,628.0,450.0,283.0,-266.0,-345.0,train
4347,26_square,2,28,219.0,520.0,867.0,302.0,648.0,-218.0,train
4348,26_square,3,36,607.0,249.0,751.0,209.0,144.0,-40.0,train
4349,26_square,14,39,298.0,524.0,572.0,394.0,274.0,-130.0,train
4351,26_square,42,15,762.0,787.0,714.0,692.0,-48.0,-95.0,train
4353,26_square,12,16,415.0,161.0,328.0,244.0,-87.0,83.0,train
4354,26_square,64,37,731.0,812.0,592.0,888.0,-139.0,76.0,train
4355,26_square,47,55,378.0,822.0,870.0,336.0,492.0,-486.0,train
4356,26_square,52,26,332.0,546.0,516.0,149.0,184.0,-397.0,train
4357,26_square,29,61,418.0,166.0,511.0,616.0,93.0,450.0,train
4358,26_square,63,7,422.0,179.0,613.0,354.0,191.0,175.0,train
4359,26_square,47,50,610.0,491.0,478.0,519.0,-132.0,28.0,train
4361,26_square,53,0,654.0,736.0,839.0,819.0,185.0,83.0,train
4363,26_square,29,61,243.0,629.0,387.0,136.0,144.0,-493.0,train
4364,26_square,21,12,761.0,223.0,411.0,786.0,-350.0,563.0,train
4365,26_square,34,44,547.0,329.0,740.0,240.0,193.0,-89.0,train
4367,26_square,37,17,884.0,589.0,468.0,509.0,-416.0,-80.0,train
4368,26_square,9,23,764.0,785.0,115.0,724.0,-649.0,-61.0,train
4369,26_square,46,4,527.0,462.0,397.0,468.0,-130.0,6.0,train
4370,26_square,36,4,611.0,745.0,812.0,514.0,201.0,-231.0,train
4371,26_square,59,51,389.0,279.0,784.0,349.0,395.0,70.0,train
4372,26_square,26,32,136.0,113.0,182.0,426.0,46.0,313.0,train
4373,26_square,32,20,228.0,880.0,139.0,454.0,-89.0,-426.0,train
4375,26_square,9,63,166.0,173.0,881.0,508.0,715.0,335.0,train
4376,26_square,25,48,218.0,277.0,398.0,705.0,180.0,428.0,train
4377,26_square,15,7,328.0,886.0,611.0,696.0,283.0,-190.0,train
4379,26_square,10,28,349.0,489.0,860.0,801.0,511.0,312.0,train
4381,26_square,31,62,618.0,496.0,571.0,293.0,-47.0,-203.0,train
4383,26_square,4,56,577.0,482.0,402.0,260.0,-175.0,-222.0,train
4384,26_square,48,54,693.0,591.0,228.0,793.0,-465.0,202.0,train
4385,26_square,51,62,606.0,410.0,827.0,513.0,221.0,103.0,train
4386,26_square,46,12,615.0,501.0,429.0,287.0,-186.0,-214.0,train
4387,26_square,8,52,376.0,584.0,463.0,216.0,87.0,-368.0,train
4388,26_square,63,6,328.0,658.0,719.0,332.0,391.0,-326.0,train
4389,26_square,54,26,898.0,315.0,655.0,703.0,-243.0,388.0,train
4390,26_square,25,34,404.0,875.0,115.0,595.0,-289.0,-280.0,train
4391,26_square,61,13,164.0,449.0,899.0,410.0,735.0,-39.0,train
4392,26_square,49,13,400.0,667.0,156.0,634.0,-244.0,-33.0,train
4393,26_square,17,39,479.0,132.0,313.0,269.0,-166.0,137.0,train
4394,26_square,31,50,597.0,387.0,385.0,704.0,-212.0,317.0,train
4395,26_square,10,7,778.0,163.0,619.0,811.0,-159.0,648.0,train
4398,26_square,41,11,187.0,564.0,650.0,315.0,463.0,-249.0,train
4399,26_square,17,50,296.0,301.0,894.0,477.0,598.0,176.0,train
4400,26_square,67,63,203.0,141.0,189.0,268.0,-14.0,127.0,train
4401,26_square,7,20,334.0,667.0,502.0,571.0,168.0,-96.0,train
4404,26_square,39,39,487.0,221.0,567.0,684.0,80.0,463.0,train
4405,26_square,43,23,322.0,749.0,287.0,254.0,-35.0,-495.0,train
4407,26_square,47,33,365.0,400.0,489.0,156.0,124.0,-244.0,train
4408,26_square,61,23,115.0,771.0,479.0,660.0,364.0,-111.0,train
4409,26_square,57,51,780.0,287.0,874.0,509.0,94.0,222.0,train
4411,26_square,42,42,862.0,439.0,285.0,686.0,-577.0,247.0,train
4412,26_square,15,38,822.0,419.0,887.0,218.0,65.0,-201.0,train
4413,26_square,67,0,785.0,261.0,319.0,597.0,-466.0,336.0,train
4416,26_square,54,67,880.0,647.0,169.0,583.0,-711.0,-64.0,train
4417,26_square,24,56,179.0,268.0,134.0,800.0,-45.0,532.0,train
4418,26_square,65,40,553.0,480.0,740.0,189.0,187.0,-291.0,train
4419,26_square,27,8,457.0,743.0,559.0,797.0,102.0,54.0,train
4420,26_square,51,33,299.0,406.0,797.0,266.0,498.0,-140.0,train
4421,26_square,4,55,249.0,841.0,507.0,157.0,258.0,-684.0,train
4422,26_square,68,29,696.0,746.0,870.0,874.0,174.0,128.0,train
4423,26_square,27,10,650.0,543.0,542.0,172.0,-108.0,-371.0,train
4425,26_square,62,46,635.0,890.0,131.0,126.0,-504.0,-764.0,train
4426,26_square,46,25,272.0,684.0,819.0,767.0,547.0,83.0,train
4427,26_square,39,47,700.0,719.0,561.0,841.0,-139.0,122.0,train
4429,26_square,40,1,803.0,313.0,751.0,881.0,-52.0,568.0,train
4430,26_square,59,36,752.0,331.0,395.0,888.0,-357.0,557.0,train
4431,26_square,4,53,177.0,598.0,300.0,454.0,123.0,-144.0,train
4433,26_square,36,56,898.0,858.0,225.0,298.0,-673.0,-560.0,train
4435,26_square,28,22,575.0,250.0,822.0,493.0,247.0,243.0,train
4436,26_square,46,45,412.0,735.0,129.0,351.0,-283.0,-384.0,train
4437,26_square,24,46,213.0,203.0,864.0,558.0,651.0,355.0,train
4438,26_square,51,27,769.0,637.0,315.0,155.0,-454.0,-482.0,train
4440,26_square,67,52,658.0,765.0,792.0,271.0,134.0,-494.0,train
4441,26_square,25,15,151.0,430.0,887.0,601.0,736.0,171.0,train
4442,26_square,56,0,880.0,308.0,358.0,367.0,-522.0,59.0,train
4443,26_square,64,7,370.0,545.0,392.0,557.0,22.0,12.0,train
4444,26_square,29,64,256.0,642.0,222.0,189.0,-34.0,-453.0,train
4445,26_square,3,3,729.0,789.0,421.0,787.0,-308.0,-2.0,train
4446,26_square,12,30,850.0,342.0,732.0,784.0,-118.0,442.0,train
4447,26_square,3,48,775.0,825.0,785.0,844.0,10.0,19.0,train
4448,26_square,21,65,434.0,779.0,793.0,357.0,359.0,-422.0,train
4449,26_square,51,43,820.0,773.0,785.0,357.0,-35.0,-416.0,train
4450,26_square,53,24,760.0,238.0,687.0,633.0,-73.0,395.0,train
4451,26_square,20,65,864.0,214.0,796.0,529.0,-68.0,315.0,train
4454,26_square,35,24,285.0,886.0,727.0,384.0,442.0,-502.0,train
4455,26_square,0,34,251.0,206.0,237.0,531.0,-14.0,325.0,train
4456,26_square,54,28,758.0,799.0,627.0,699.0,-131.0,-100.0,train
4457,26_square,57,31,580.0,275.0,459.0,378.0,-121.0,103.0,train
4458,26_square,15,39,445.0,796.0,441.0,182.0,-4.0,-614.0,train
4459,26_square,6,55,763.0,252.0,106.0,226.0,-657.0,-26.0,train
4460,26_square,7,31,508.0,482.0,115.0,293.0,-393.0,-189.0,train
4461,26_square,4,10,719.0,322.0,722.0,687.0,3.0,365.0,train
4462,26_square,11,64,755.0,847.0,197.0,586.0,-558.0,-261.0,train
4463,26_square,38,2,694.0,257.0,797.0,722.0,103.0,465.0,train
4464,26_square,23,22,312.0,649.0,735.0,671.0,423.0,22.0,train
4466,26_square,22,51,812.0,691.0,631.0,406.0,-181.0,-285.0,train
4467,26_square,62,13,228.0,579.0,411.0,116.0,183.0,-463.0,train
4468,26_square,20,37,213.0,583.0,123.0,779.0,-90.0,196.0,train
4469,26_square,13,3,507.0,756.0,728.0,322.0,221.0,-434.0,train
4470,26_square,17,22,421.0,153.0,510.0,249.0,89.0,96.0,train
4471,26_square,43,13,101.0,350.0,262.0,679.0,161.0,329.0,train
4472,26_square,39,57,199.0,888.0,594.0,560.0,395.0,-328.0,train
4473,26_square,44,40,733.0,667.0,255.0,831.0,-478.0,164.0,train
4474,26_square,52,32,238.0,615.0,329.0,317.0,91.0,-298.0,train
4476,26_square,38,38,385.0,399.0,607.0,159.0,222.0,-240.0,train
4477,26_square,27,9,805.0,787.0,134.0,805.0,-671.0,18.0,train
4478,26_square,4,35,896.0,200.0,700.0,307.0,-196.0,107.0,train
4480,26_square,35,44,609.0,249.0,810.0,490.0,201.0,241.0,train
4481,26_square,30,52,529.0,662.0,875.0,566.0,346.0,-96.0,train
4482,26_square,65,10,696.0,130.0,679.0,677.0,-17.0,547.0,train
4483,26_square,53,62,822.0,630.0,422.0,874.0,-400.0,244.0,train
4484,26_square,31,49,469.0,391.0,613.0,794.0,144.0,403.0,train
4485,26_square,16,45,864.0,321.0,591.0,417.0,-273.0,96.0,train
4486,26_square,65,46,362.0,531.0,651.0,886.0,289.0,355.0,train
4487,26_square,50,28,639.0,210.0,377.0,365.0,-262.0,155.0,train
4489,26_square,4,12,605.0,168.0,327.0,164.0,-278.0,-4.0,train
4490,26_square,33,40,632.0,656.0,525.0,499.0,-107.0,-157.0,train
4493,26_square,31,0,534.0,710.0,694.0,826.0,160.0,116.0,train
4494,26_square,59,47,552.0,246.0,724.0,803.0,172.0,557.0,train
4495,26_square,46,45,662.0,358.0,711.0,759.0,49.0,401.0,train
4496,26_square,20,18,267.0,782.0,776.0,524.0,509.0,-258.0,train
4497,26_square,47,52,426.0,510.0,819.0,145.0,393.0,-365.0,train
4498,26_square,19,8,686.0,878.0,134.0,459.0,-552.0,-419.0,train
4499,26_square,22,64,644.0,624.0,639.0,500.0,-5.0,-124.0,train
4500,14_square,31,10,133.0,610.0,775.0,670.0,642.0,60.0,train
4501,14_square,2,0,782.0,561.0,630.0,640.0,-152.0,79.0,train
4502,14_square,19,27,164.0,593.0,862.0,886.0,698.0,293.0,train
4503,14_square,68,53,784.0,521.0,211.0,283.0,-573.0,-238.0,train
4504,14_square,46,10,852.0,613.0,502.0,872.0,-350.0,259.0,train
4506,14_square,27,68,289.0,704.0,514.0,211.0,225.0,-493.0,train
4507,14_square,24,38,375.0,650.0,185.0,241.0,-190.0,-409.0,train
4508,14_square,68,25,624.0,350.0,156.0,735.0,-468.0,385.0,train
4509,14_square,47,27,296.0,713.0,618.0,566.0,322.0,-147.0,train
4510,14_square,16,12,774.0,224.0,110.0,455.0,-664.0,231.0,train
4511,14_square,20,14,261.0,177.0,551.0,572.0,290.0,395.0,train
4512,14_square,32,32,462.0,888.0,870.0,117.0,408.0,-771.0,train
4514,14_square,19,25,376.0,179.0,119.0,805.0,-257.0,626.0,train
4515,14_square,33,49,498.0,586.0,687.0,218.0,189.0,-368.0,train
4516,14_square,37,34,146.0,886.0,542.0,891.0,396.0,5.0,train
4517,14_square,65,18,647.0,176.0,867.0,123.0,220.0,-53.0,train
4521,14_square,33,62,277.0,747.0,299.0,890.0,22.0,143.0,train
4522,14_square,54,67,553.0,893.0,660.0,549.0,107.0,-344.0,train
4523,14_square,31,34,708.0,600.0,270.0,877.0,-438.0,277.0,train
4524,14_square,12,11,284.0,488.0,565.0,385.0,281.0,-103.0,train
4525,14_square,37,38,335.0,207.0,270.0,634.0,-65.0,427.0,train
4526,14_square,60,33,485.0,587.0,798.0,839.0,313.0,252.0,train
4527,14_square,49,41,591.0,597.0,695.0,300.0,104.0,-297.0,train
4528,14_square,35,50,475.0,407.0,257.0,307.0,-218.0,-100.0,train
4529,14_square,36,49,662.0,826.0,874.0,103.0,212.0,-723.0,train
4530,14_square,11,29,399.0,128.0,625.0,258.0,226.0,130.0,train
4531,14_square,54,64,819.0,192.0,853.0,329.0,34.0,137.0,train
4532,14_square,48,32,871.0,363.0,776.0,512.0,-95.0,149.0,train
4534,14_square,63,15,607.0,150.0,876.0,233.0,269.0,83.0,train
4535,14_square,55,26,887.0,454.0,900.0,635.0,13.0,181.0,train
4536,14_square,48,14,712.0,504.0,452.0,277.0,-260.0,-227.0,train
4537,14_square,59,15,795.0,345.0,340.0,651.0,-455.0,306.0,train
4538,14_square,64,60,497.0,806.0,598.0,210.0,101.0,-596.0,train
4540,14_square,40,50,100.0,776.0,669.0,390.0,569.0,-386.0,train
4541,14_square,7,44,703.0,415.0,307.0,166.0,-396.0,-249.0,train
4542,14_square,0,68,199.0,229.0,413.0,635.0,214.0,406.0,train
4543,14_square,4,44,718.0,845.0,533.0,840.0,-185.0,-5.0,train
4544,14_square,24,36,646.0,230.0,188.0,419.0,-458.0,189.0,train
4545,14_square,34,50,414.0,125.0,540.0,212.0,126.0,87.0,train
4546,14_square,11,26,138.0,713.0,691.0,264.0,553.0,-449.0,train
4547,14_square,61,5,653.0,352.0,428.0,185.0,-225.0,-167.0,train
4548,14_square,57,4,792.0,882.0,505.0,202.0,-287.0,-680.0,train
4549,14_square,11,31,191.0,750.0,760.0,695.0,569.0,-55.0,train
4550,14_square,31,0,283.0,631.0,733.0,796.0,450.0,165.0,train
4551,14_square,21,15,850.0,252.0,671.0,151.0,-179.0,-101.0,train
4555,14_square,6,5,180.0,183.0,196.0,482.0,16.0,299.0,train
4556,14_square,5,15,701.0,408.0,594.0,194.0,-107.0,-214.0,train
4557,14_square,30,7,380.0,834.0,685.0,438.0,305.0,-396.0,train
4558,14_square,4,17,298.0,585.0,716.0,251.0,418.0,-334.0,train
4559,14_square,24,67,237.0,797.0,129.0,644.0,-108.0,-153.0,train
4560,14_square,53,26,781.0,561.0,633.0,557.0,-148.0,-4.0,train
4561,14_square,16,50,317.0,846.0,707.0,839.0,390.0,-7.0,train
4562,14_square,55,29,900.0,278.0,782.0,612.0,-118.0,334.0,train
4563,14_square,27,43,597.0,159.0,172.0,160.0,-425.0,1.0,train
4564,14_square,56,43,748.0,617.0,641.0,178.0,-107.0,-439.0,train
4565,14_square,47,31,748.0,219.0,482.0,295.0,-266.0,76.0,train
4566,14_square,15,50,106.0,284.0,276.0,844.0,170.0,560.0,train
4567,14_square,14,36,561.0,692.0,247.0,530.0,-314.0,-162.0,train
4568,14_square,42,51,776.0,183.0,554.0,859.0,-222.0,676.0,train
4569,14_square,24,46,715.0,764.0,799.0,644.0,84.0,-120.0,train
4570,14_square,29,33,791.0,763.0,559.0,485.0,-232.0,-278.0,train
4571,14_square,62,37,364.0,618.0,164.0,505.0,-200.0,-113.0,train
4572,14_square,34,30,447.0,718.0,565.0,468.0,118.0,-250.0,train
4573,14_square,60,40,900.0,748.0,882.0,761.0,-18.0,13.0,train
4575,14_square,37,53,432.0,230.0,444.0,596.0,12.0,366.0,train
4576,14_square,16,28,425.0,119.0,408.0,489.0,-17.0,370.0,train
4577,14_square,46,48,755.0,663.0,548.0,457.0,-207.0,-206.0,train
4578,14_square,24,55,602.0,539.0,774.0,620.0,172.0,81.0,train
4579,14_square,5,47,710.0,329.0,256.0,314.0,-454.0,-15.0,train
4580,14_square,46,41,731.0,112.0,721.0,381.0,-10.0,269.0,train
4582,14_square,1,65,635.0,672.0,402.0,442.0,-233.0,-230.0,train
4583,14_square,30,58,250.0,628.0,240.0,773.0,-10.0,145.0,train
4584,14_square,46,19,595.0,100.0,509.0,878.0,-86.0,778.0,train
4585,14_square,67,42,393.0,433.0,332.0,102.0,-61.0,-331.0,train
4586,14_square,49,40,810.0,109.0,727.0,263.0,-83.0,154.0,train
4587,14_square,38,49,324.0,784.0,360.0,225.0,36.0,-559.0,train
4588,14_square,45,18,153.0,271.0,689.0,834.0,536.0,563.0,train
4589,14_square,46,41,668.0,669.0,357.0,699.0,-311.0,30.0,train
4590,14_square,67,8,153.0,420.0,506.0,556.0,353.0,136.0,train
4591,14_square,23,25,134.0,199.0,363.0,856.0,229.0,657.0,train
4592,14_square,8,20,347.0,771.0,682.0,800.0,335.0,29.0,train
4593,14_square,12,3,151.0,131.0,610.0,799.0,459.0,668.0,train
4594,14_square,45,5,596.0,667.0,614.0,574.0,18.0,-93.0,train
4595,14_square,34,28,123.0,328.0,483.0,469.0,360.0,141.0,train
4596,14_square,30,63,400.0,340.0,811.0,564.0,411.0,224.0,train
4598,14_square,51,66,557.0,810.0,103.0,550.0,-454.0,-260.0,train
4599,14_square,11,51,458.0,614.0,367.0,286.0,-91.0,-328.0,train
4600,14_square,15,47,233.0,766.0,822.0,488.0,589.0,-278.0,train
4601,14_square,24,33,744.0,377.0,328.0,153.0,-416.0,-224.0,train
4603,14_square,40,25,844.0,893.0,606.0,731.0,-238.0,-162.0,train
4605,14_square,41,62,126.0,274.0,694.0,197.0,568.0,-77.0,train
4606,14_square,51,44,604.0,876.0,460.0,116.0,-144.0,-760.0,train
4607,14_square,12,65,317.0,125.0,744.0,365.0,427.0,240.0,train
4609,14_square,6,8,899.0,383.0,631.0,601.0,-268.0,218.0,train
4611,14_square,28,7,841.0,861.0,838.0,222.0,-3.0,-639.0,train
4613,14_square,66,22,162.0,495.0,768.0,667.0,606.0,172.0,train
4614,14_square,2,47,108.0,120.0,846.0,705.0,738.0,585.0,train
4615,14_square,57,15,299.0,558.0,347.0,577.0,48.0,19.0,train
4616,14_square,58,23,165.0,366.0,721.0,744.0,556.0,378.0,train
4618,14_square,37,59,436.0,614.0,721.0,544.0,285.0,-70.0,train
4619,14_square,50,39,831.0,521.0,490.0,526.0,-341.0,5.0,train
4620,14_square,2,51,145.0,875.0,567.0,313.0,422.0,-562.0,train
4621,14_square,30,4,361.0,788.0,127.0,343.0,-234.0,-445.0,train
4622,14_square,5,32,870.0,682.0,564.0,165.0,-306.0,-517.0,train
4623,14_square,21,65,670.0,370.0,175.0,231.0,-495.0,-139.0,train
4624,14_square,42,54,707.0,893.0,665.0,196.0,-42.0,-697.0,train
4626,14_square,15,43,734.0,439.0,346.0,376.0,-388.0,-63.0,train
4627,14_square,17,13,479.0,571.0,449.0,199.0,-30.0,-372.0,train
4628,14_square,54,48,668.0,441.0,488.0,610.0,-180.0,169.0,train
4629,14_square,0,65,587.0,814.0,236.0,788.0,-351.0,-26.0,train
4631,14_square,65,62,808.0,106.0,532.0,870.0,-276.0,764.0,train
4632,14_square,60,41,748.0,478.0,705.0,103.0,-43.0,-375.0,train
4633,14_square,9,47,589.0,580.0,164.0,216.0,-425.0,-364.0,train
4638,14_square,21,15,619.0,788.0,406.0,449.0,-213.0,-339.0,train
4639,14_square,49,63,319.0,570.0,186.0,813.0,-133.0,243.0,train
4640,14_square,37,7,177.0,774.0,546.0,474.0,369.0,-300.0,train
4641,14_square,21,47,103.0,350.0,414.0,366.0,311.0,16.0,train
4643,14_square,45,29,643.0,781.0,401.0,310.0,-242.0,-471.0,train
4644,14_square,14,41,531.0,458.0,528.0,849.0,-3.0,391.0,train
4645,14_square,61,19,168.0,795.0,232.0,795.0,64.0,0.0,train
4646,14_square,63,46,881.0,460.0,204.0,464.0,-677.0,4.0,train
4647,14_square,66,36,679.0,715.0,556.0,263.0,-123.0,-452.0,train
4648,14_square,16,15,506.0,543.0,508.0,115.0,2.0,-428.0,train
4649,14_square,66,38,775.0,210.0,229.0,111.0,-546.0,-99.0,train
4650,14_square,2,45,771.0,332.0,346.0,311.0,-425.0,-21.0,train
4651,14_square,36,39,606.0,668.0,724.0,589.0,118.0,-79.0,train
4652,14_square,8,30,451.0,776.0,363.0,812.0,-88.0,36.0,train
4653,14_square,7,62,806.0,430.0,389.0,835.0,-417.0,405.0,train
4654,14_square,19,24,149.0,478.0,894.0,840.0,745.0,362.0,train
4656,14_square,4,63,579.0,851.0,891.0,689.0,312.0,-162.0,train
4657,14_square,55,57,822.0,286.0,649.0,258.0,-173.0,-28.0,train
4658,14_square,37,15,774.0,868.0,638.0,532.0,-136.0,-336.0,train
4659,14_square,24,43,344.0,559.0,855.0,578.0,511.0,19.0,train
4660,14_square,50,52,134.0,208.0,211.0,812.0,77.0,604.0,train
4661,14_square,33,40,545.0,627.0,896.0,848.0,351.0,221.0,train
4662,14_square,42,1,716.0,781.0,732.0,380.0,16.0,-401.0,train
4664,14_square,4,49,764.0,367.0,853.0,673.0,89.0,306.0,train
4665,14_square,22,11,536.0,151.0,581.0,114.0,45.0,-37.0,train
4666,14_square,40,5,575.0,549.0,438.0,297.0,-137.0,-252.0,train
4668,14_square,48,49,328.0,183.0,419.0,165.0,91.0,-18.0,train
4669,14_square,7,52,759.0,597.0,828.0,427.0,69.0,-170.0,train
4671,14_square,42,23,291.0,571.0,408.0,422.0,117.0,-149.0,train
4672,14_square,41,17,658.0,761.0,727.0,186.0,69.0,-575.0,train
4673,14_square,50,54,200.0,284.0,152.0,482.0,-48.0,198.0,train
4674,14_square,52,40,445.0,546.0,264.0,554.0,-181.0,8.0,train
4676,14_square,3,26,143.0,388.0,534.0,359.0,391.0,-29.0,train
4677,14_square,36,61,365.0,604.0,134.0,385.0,-231.0,-219.0,train
4679,14_square,41,54,304.0,897.0,791.0,613.0,487.0,-284.0,train
4680,14_square,5,43,300.0,227.0,707.0,544.0,407.0,317.0,train
4682,14_square,65,17,358.0,547.0,310.0,643.0,-48.0,96.0,train
4683,14_square,36,25,545.0,719.0,315.0,764.0,-230.0,45.0,train
4685,14_square,15,11,442.0,414.0,345.0,374.0,-97.0,-40.0,train
4686,14_square,30,6,891.0,526.0,415.0,724.0,-476.0,198.0,train
4687,14_square,63,3,777.0,561.0,290.0,276.0,-487.0,-285.0,train
4688,14_square,29,54,712.0,257.0,347.0,183.0,-365.0,-74.0,train
4689,14_square,3,2,850.0,661.0,452.0,772.0,-398.0,111.0,train
4693,14_square,20,33,217.0,237.0,380.0,832.0,163.0,595.0,train
4694,14_square,40,10,542.0,882.0,767.0,280.0,225.0,-602.0,train
4695,14_square,31,5,576.0,508.0,724.0,749.0,148.0,241.0,train
4696,14_square,67,64,791.0,114.0,734.0,394.0,-57.0,280.0,train
4698,14_square,20,29,862.0,720.0,534.0,819.0,-328.0,99.0,train
4700,14_square,26,20,875.0,900.0,815.0,775.0,-60.0,-125.0,train
4702,14_square,46,34,749.0,214.0,614.0,356.0,-135.0,142.0,train
4703,14_square,26,62,619.0,559.0,119.0,868.0,-500.0,309.0,train
4704,14_square,36,20,329.0,249.0,228.0,377.0,-101.0,128.0,train
4705,14_square,43,46,500.0,731.0,834.0,125.0,334.0,-606.0,train
4707,14_square,16,63,176.0,461.0,788.0,189.0,612.0,-272.0,train
4708,14_square,0,11,313.0,397.0,250.0,109.0,-63.0,-288.0,train
4709,14_square,34,18,455.0,682.0,346.0,664.0,-109.0,-18.0,train
4710,14_square,33,11,787.0,629.0,415.0,582.0,-372.0,-47.0,train
4712,14_square,53,8,812.0,737.0,416.0,165.0,-396.0,-572.0,train
4713,14_square,53,15,123.0,401.0,877.0,825.0,754.0,424.0,train
4714,14_square,9,30,769.0,134.0,711.0,117.0,-58.0,-17.0,train
4715,14_square,42,66,545.0,313.0,492.0,275.0,-53.0,-38.0,train
4716,14_square,51,13,623.0,104.0,813.0,547.0,190.0,443.0,train
4717,14_square,45,65,569.0,297.0,499.0,545.0,-70.0,248.0,train
4718,14_square,21,39,279.0,125.0,658.0,165.0,379.0,40.0,train
4719,14_square,16,32,593.0,512.0,554.0,403.0,-39.0,-109.0,train
4720,14_square,21,49,856.0,248.0,729.0,468.0,-127.0,220.0,train
4721,14_square,36,61,372.0,768.0,333.0,488.0,-39.0,-280.0,train
4722,14_square,50,65,294.0,688.0,315.0,649.0,21.0,-39.0,train
4723,14_square,2,24,217.0,616.0,738.0,221.0,521.0,-395.0,train
4726,14_square,35,57,232.0,506.0,447.0,182.0,215.0,-324.0,train
4727,14_square,18,23,723.0,826.0,849.0,305.0,126.0,-521.0,train
4728,14_square,6,3,407.0,899.0,186.0,655.0,-221.0,-244.0,train
4729,14_square,59,20,458.0,446.0,754.0,728.0,296.0,282.0,train
4732,14_square,3,33,275.0,354.0,805.0,266.0,530.0,-88.0,train
4733,14_square,13,27,649.0,246.0,513.0,399.0,-136.0,153.0,train
4734,14_square,33,26,850.0,435.0,358.0,560.0,-492.0,125.0,train
4737,14_square,24,42,780.0,433.0,408.0,276.0,-372.0,-157.0,train
4738,14_square,38,61,879.0,855.0,514.0,641.0,-365.0,-214.0,train
4739,14_square,65,18,324.0,291.0,409.0,245.0,85.0,-46.0,train
4740,14_square,58,48,563.0,283.0,402.0,669.0,-161.0,386.0,train
4742,14_square,13,29,326.0,463.0,133.0,741.0,-193.0,278.0,train
4743,14_square,65,22,326.0,861.0,384.0,522.0,58.0,-339.0,train
4745,14_square,40,28,634.0,715.0,345.0,697.0,-289.0,-18.0,train
4746,14_square,52,16,794.0,306.0,324.0,782.0,-470.0,476.0,train
4747,14_square,21,17,844.0,605.0,542.0,288.0,-302.0,-317.0,train
4748,14_square,11,54,586.0,695.0,348.0,375.0,-238.0,-320.0,train
4749,14_square,0,27,215.0,876.0,444.0,528.0,229.0,-348.0,train
4750,14_square,18,58,417.0,310.0,813.0,325.0,396.0,15.0,train
4751,14_square,54,31,143.0,415.0,832.0,533.0,689.0,118.0,train
4752,14_square,33,10,447.0,414.0,794.0,343.0,347.0,-71.0,train
4753,14_square,24,16,685.0,658.0,554.0,470.0,-131.0,-188.0,train
4754,14_square,4,51,779.0,740.0,484.0,783.0,-295.0,43.0,train
4755,14_square,62,43,351.0,566.0,358.0,715.0,7.0,149.0,train
4756,14_square,20,6,731.0,843.0,375.0,672.0,-356.0,-171.0,train
4757,14_square,12,1,812.0,733.0,359.0,862.0,-453.0,129.0,train
4759,14_square,24,50,285.0,200.0,296.0,880.0,11.0,680.0,train
4760,14_square,32,21,219.0,760.0,603.0,297.0,384.0,-463.0,train
4761,14_square,44,3,127.0,275.0,685.0,554.0,558.0,279.0,train
4762,14_square,52,41,471.0,578.0,717.0,674.0,246.0,96.0,train
4763,14_square,0,42,421.0,717.0,614.0,400.0,193.0,-317.0,train
4764,14_square,26,23,565.0,286.0,278.0,546.0,-287.0,260.0,train
4765,14_square,31,47,507.0,631.0,428.0,657.0,-79.0,26.0,train
4766,14_square,32,44,464.0,286.0,656.0,519.0,192.0,233.0,train
4767,14_square,60,35,522.0,754.0,699.0,851.0,177.0,97.0,train
4768,14_square,67,16,475.0,848.0,135.0,345.0,-340.0,-503.0,train
4769,14_square,27,14,300.0,742.0,211.0,145.0,-89.0,-597.0,train
4770,14_square,63,26,476.0,868.0,558.0,571.0,82.0,-297.0,train
4772,14_square,14,3,578.0,588.0,772.0,397.0,194.0,-191.0,train
4773,14_square,37,41,553.0,753.0,683.0,615.0,130.0,-138.0,train
4774,14_square,44,27,540.0,746.0,494.0,176.0,-46.0,-570.0,train
4775,14_square,60,5,490.0,500.0,212.0,501.0,-278.0,1.0,train
4776,14_square,48,20,369.0,866.0,664.0,631.0,295.0,-235.0,train
4777,14_square,13,59,485.0,287.0,350.0,793.0,-135.0,506.0,train
4778,14_square,51,34,588.0,883.0,639.0,308.0,51.0,-575.0,train
4779,14_square,1,24,202.0,334.0,412.0,112.0,210.0,-222.0,train
4780,14_square,26,65,523.0,243.0,172.0,669.0,-351.0,426.0,train
4781,14_square,25,34,315.0,403.0,131.0,587.0,-184.0,184.0,train
4782,14_square,24,24,126.0,838.0,103.0,820.0,-23.0,-18.0,train
4783,14_square,34,25,211.0,884.0,340.0,230.0,129.0,-654.0,train
4784,14_square,60,4,106.0,301.0,752.0,848.0,646.0,547.0,train
4785,14_square,35,16,282.0,684.0,225.0,800.0,-57.0,116.0,train
4787,14_square,11,44,801.0,120.0,486.0,300.0,-315.0,180.0,train
4788,14_square,27,66,224.0,766.0,363.0,865.0,139.0,99.0,train
4789,14_square,36,34,212.0,436.0,826.0,802.0,614.0,366.0,train
4791,14_square,8,39,532.0,538.0,220.0,334.0,-312.0,-204.0,train
4792,14_square,15,5,684.0,777.0,583.0,331.0,-101.0,-446.0,train
4794,14_square,14,61,867.0,296.0,743.0,109.0,-124.0,-187.0,train
4795,14_square,63,42,867.0,760.0,221.0,129.0,-646.0,-631.0,train
4796,14_square,1,2,765.0,125.0,464.0,269.0,-301.0,144.0,train
4797,14_square,15,31,391.0,344.0,767.0,344.0,376.0,0.0,train
4798,14_square,26,5,481.0,130.0,878.0,122.0,397.0,-8.0,train
4799,14_square,4,5,813.0,133.0,370.0,453.0,-443.0,320.0,train
4800,14_square,24,39,200.0,615.0,613.0,501.0,413.0,-114.0,train
4801,14_square,38,53,752.0,553.0,247.0,165.0,-505.0,-388.0,train
4802,14_square,19,21,596.0,883.0,153.0,599.0,-443.0,-284.0,train
4803,14_square,19,8,105.0,635.0,274.0,714.0,169.0,79.0,train
4804,14_square,36,26,819.0,271.0,534.0,864.0,-285.0,593.0,train
4805,14_square,49,37,105.0,217.0,837.0,337.0,732.0,120.0,train
4807,14_square,6,24,537.0,459.0,816.0,805.0,279.0,346.0,train
4808,14_square,15,10,828.0,763.0,222.0,704.0,-606.0,-59.0,train
4809,14_square,65,35,448.0,724.0,243.0,466.0,-205.0,-258.0,train
4811,14_square,11,57,298.0,519.0,751.0,603.0,453.0,84.0,train
4812,14_square,42,68,389.0,899.0,441.0,691.0,52.0,-208.0,train
4814,14_square,35,67,456.0,566.0,786.0,808.0,330.0,242.0,train
4815,14_square,26,31,843.0,419.0,382.0,654.0,-461.0,235.0,train
4817,14_square,52,14,698.0,450.0,878.0,619.0,180.0,169.0,train
4818,14_square,28,15,740.0,390.0,749.0,102.0,9.0,-288.0,train
4819,14_square,61,38,695.0,400.0,524.0,283.0,-171.0,-117.0,train
4820,14_square,17,18,432.0,729.0,169.0,374.0,-263.0,-355.0,train
4821,14_square,50,56,731.0,735.0,641.0,851.0,-90.0,116.0,train
4822,14_square,6,31,641.0,658.0,853.0,433.0,212.0,-225.0,train
4823,14_square,10,68,468.0,679.0,818.0,838.0,350.0,159.0,train
4824,14_square,31,60,619.0,254.0,164.0,557.0,-455.0,303.0,train
4825,14_square,19,31,137.0,328.0,700.0,107.0,563.0,-221.0,train
4827,14_square,31,20,654.0,540.0,530.0,726.0,-124.0,186.0,train
4828,14_square,30,62,391.0,756.0,474.0,118.0,83.0,-638.0,train
4830,14_square,17,25,291.0,400.0,223.0,124.0,-68.0,-276.0,train
4831,14_square,32,23,466.0,346.0,784.0,273.0,318.0,-73.0,train
4832,14_square,16,14,546.0,668.0,801.0,166.0,255.0,-502.0,train
4833,14_square,20,45,268.0,133.0,544.0,723.0,276.0,590.0,train
4835,14_square,53,1,512.0,604.0,818.0,265.0,306.0,-339.0,train
4837,14_square,28,45,887.0,241.0,430.0,660.0,-457.0,419.0,train
4838,14_square,35,68,823.0,114.0,106.0,351.0,-717.0,237.0,train
4839,14_square,22,23,787.0,115.0,207.0,885.0,-580.0,770.0,train
4841,14_square,21,20,454.0,157.0,472.0,794.0,18.0,637.0,train
4843,14_square,9,23,488.0,446.0,875.0,613.0,387.0,167.0,train
4844,14_square,62,67,556.0,292.0,598.0,856.0,42.0,564.0,train
4845,14_square,0,22,784.0,186.0,440.0,472.0,-344.0,286.0,train
4847,14_square,22,24,423.0,259.0,367.0,863.0,-56.0,604.0,train
4848,14_square,8,46,297.0,535.0,230.0,609.0,-67.0,74.0,train
4850,14_square,13,11,342.0,434.0,658.0,596.0,316.0,162.0,train
4851,14_square,4,16,720.0,655.0,481.0,833.0,-239.0,178.0,train
4853,14_square,49,17,126.0,187.0,459.0,107.0,333.0,-80.0,train
4854,14_square,64,31,563.0,268.0,297.0,375.0,-266.0,107.0,train
4855,14_square,44,26,322.0,588.0,278.0,532.0,-44.0,-56.0,train
4856,14_square,7,18,309.0,846.0,260.0,491.0,-49.0,-355.0,train
4857,14_square,4,29,884.0,443.0,151.0,548.0,-733.0,105.0,train
4858,14_square,10,7,821.0,159.0,581.0,217.0,-240.0,58.0,train
4859,14_square,46,47,563.0,851.0,326.0,329.0,-237.0,-522.0,train
4860,14_square,18,44,121.0,262.0,242.0,463.0,121.0,201.0,train
4861,14_square,7,67,240.0,342.0,172.0,657.0,-68.0,315.0,train
4862,14_square,33,4,125.0,416.0,371.0,643.0,246.0,227.0,train
4863,14_square,67,9,101.0,419.0,145.0,348.0,44.0,-71.0,train
4865,14_square,10,2,395.0,315.0,364.0,131.0,-31.0,-184.0,train
4867,14_square,54,68,564.0,553.0,204.0,104.0,-360.0,-449.0,train
4868,14_square,30,11,787.0,872.0,185.0,465.0,-602.0,-407.0,train
4869,14_square,63,22,855.0,140.0,824.0,444.0,-31.0,304.0,train
4870,14_square,44,50,529.0,539.0,619.0,762.0,90.0,223.0,train
4872,14_square,3,2,731.0,705.0,548.0,663.0,-183.0,-42.0,train
4873,14_square,24,7,258.0,104.0,201.0,186.0,-57.0,82.0,train
4874,14_square,22,16,771.0,335.0,568.0,630.0,-203.0,295.0,train
4875,14_square,64,66,548.0,562.0,767.0,254.0,219.0,-308.0,train
4876,14_square,54,15,712.0,249.0,502.0,114.0,-210.0,-135.0,train
4877,14_square,51,40,698.0,826.0,110.0,575.0,-588.0,-251.0,train
4878,14_square,19,49,164.0,678.0,634.0,468.0,470.0,-210.0,train
4880,14_square,10,40,302.0,838.0,538.0,758.0,236.0,-80.0,train
4881,14_square,34,15,201.0,412.0,151.0,672.0,-50.0,260.0,train
4882,14_square,31,35,544.0,710.0,108.0,805.0,-436.0,95.0,train
4883,14_square,21,35,861.0,219.0,295.0,633.0,-566.0,414.0,train
4884,14_square,4,19,540.0,586.0,415.0,410.0,-125.0,-176.0,train
4885,14_square,34,7,731.0,532.0,417.0,717.0,-314.0,185.0,train
4886,14_square,63,3,472.0,526.0,130.0,483.0,-342.0,-43.0,train
4887,14_square,31,7,851.0,109.0,224.0,555.0,-627.0,446.0,train
4888,14_square,66,26,429.0,449.0,290.0,258.0,-139.0,-191.0,train
4889,14_square,51,30,627.0,215.0,577.0,360.0,-50.0,145.0,train
4890,14_square,63,32,798.0,743.0,399.0,644.0,-399.0,-99.0,train
4891,14_square,22,51,827.0,459.0,319.0,201.0,-508.0,-258.0,train
4893,14_square,64,16,646.0,829.0,790.0,688.0,144.0,-141.0,train
4894,14_square,1,1,664.0,635.0,156.0,226.0,-508.0,-409.0,train
4895,14_square,14,20,751.0,489.0,867.0,859.0,116.0,370.0,train
4897,14_square,16,18,625.0,338.0,596.0,198.0,-29.0,-140.0,train
4898,14_square,41,6,504.0,260.0,354.0,609.0,-150.0,349.0,train
4900,14_square,54,1,235.0,720.0,326.0,599.0,91.0,-121.0,train
4901,14_square,27,60,339.0,227.0,697.0,336.0,358.0,109.0,train
4902,14_square,19,58,494.0,737.0,513.0,121.0,19.0,-616.0,train
4903,14_square,37,68,126.0,515.0,875.0,500.0,749.0,-15.0,train
4904,14_square,29,12,657.0,693.0,793.0,618.0,136.0,-75.0,train
4905,14_square,19,19,773.0,886.0,256.0,890.0,-517.0,4.0,train
4908,14_square,48,6,882.0,282.0,715.0,307.0,-167.0,25.0,train
4910,14_square,21,4,686.0,671.0,709.0,519.0,23.0,-152.0,train
4911,14_square,67,63,166.0,727.0,610.0,193.0,444.0,-534.0,train
4912,14_square,46,25,293.0,806.0,774.0,221.0,481.0,-585.0,train
4913,14_square,45,19,437.0,854.0,209.0,293.0,-228.0,-561.0,train
4914,14_square,28,21,419.0,682.0,210.0,819.0,-209.0,137.0,train
4915,14_square,11,58,689.0,737.0,678.0,792.0,-11.0,55.0,train
4916,14_square,60,40,409.0,675.0,170.0,129.0,-239.0,-546.0,train
4919,14_square,7,8,116.0,582.0,783.0,406.0,667.0,-176.0,train
4922,14_square,15,1,314.0,622.0,740.0,802.0,426.0,180.0,train
4924,14_square,24,52,420.0,220.0,647.0,608.0,227.0,388.0,train
4925,14_square,55,1,392.0,518.0,286.0,203.0,-106.0,-315.0,train
4926,14_square,65,28,712.0,820.0,364.0,551.0,-348.0,-269.0,train
4927,14_square,68,6,270.0,295.0,467.0,199.0,197.0,-96.0,train
4928,14_square,37,41,463.0,879.0,115.0,336.0,-348.0,-543.0,train
4929,14_square,5,17,708.0,859.0,873.0,754.0,165.0,-105.0,train
4930,14_square,16,35,305.0,801.0,580.0,804.0,275.0,3.0,train
4931,14_square,34,20,251.0,402.0,557.0,268.0,306.0,-134.0,train
4932,14_square,11,25,672.0,147.0,469.0,503.0,-203.0,356.0,train
4933,14_square,3,41,462.0,365.0,398.0,625.0,-64.0,260.0,train
4934,14_square,29,13,438.0,637.0,103.0,854.0,-335.0,217.0,train
4935,14_square,68,1,658.0,370.0,716.0,161.0,58.0,-209.0,train
4936,14_square,6,36,305.0,367.0,349.0,537.0,44.0,170.0,train
4938,14_square,41,38,654.0,518.0,505.0,202.0,-149.0,-316.0,train
4939,14_square,41,47,617.0,553.0,514.0,574.0,-103.0,21.0,train
4940,14_square,25,11,239.0,538.0,784.0,188.0,545.0,-350.0,train
4942,14_square,51,65,126.0,262.0,439.0,248.0,313.0,-14.0,train
4947,14_square,44,9,248.0,610.0,889.0,722.0,641.0,112.0,train
4948,14_square,24,16,498.0,646.0,796.0,751.0,298.0,105.0,train
4949,14_square,5,64,331.0,408.0,409.0,430.0,78.0,22.0,train
4950,14_square,2,27,336.0,794.0,398.0,758.0,62.0,-36.0,train
4951,14_square,46,39,665.0,596.0,140.0,519.0,-525.0,-77.0,train
4952,14_square,38,45,189.0,284.0,191.0,389.0,2.0,105.0,train
4954,14_square,16,13,696.0,531.0,505.0,761.0,-191.0,230.0,train
4955,14_square,8,12,293.0,437.0,753.0,214.0,460.0,-223.0,train
4956,14_square,45,59,483.0,265.0,293.0,129.0,-190.0,-136.0,train
4957,14_square,2,35,219.0,393.0,405.0,887.0,186.0,494.0,train
4958,14_square,27,59,197.0,576.0,829.0,313.0,632.0,-263.0,train
4959,14_square,38,40,154.0,676.0,395.0,207.0,241.0,-469.0,train
4960,14_square,64,52,216.0,503.0,693.0,283.0,477.0,-220.0,train
4962,14_square,65,4,782.0,627.0,779.0,646.0,-3.0,19.0,train
4963,14_square,44,0,478.0,287.0,776.0,238.0,298.0,-49.0,train
4965,14_square,23,25,843.0,289.0,194.0,182.0,-649.0,-107.0,train
4966,14_square,46,41,743.0,823.0,260.0,520.0,-483.0,-303.0,train
4968,14_square,9,38,160.0,751.0,173.0,596.0,13.0,-155.0,train
4969,14_square,46,61,436.0,203.0,187.0,870.0,-249.0,667.0,train
4970,14_square,61,43,379.0,322.0,631.0,503.0,252.0,181.0,train
4971,14_square,10,60,374.0,130.0,596.0,827.0,222.0,697.0,train
4973,14_square,26,56,259.0,504.0,142.0,876.0,-117.0,372.0,train
4974,14_square,30,19,106.0,620.0,722.0,419.0,616.0,-201.0,train
4977,14_square,62,33,104.0,808.0,716.0,471.0,612.0,-337.0,train
4979,14_square,9,4,829.0,532.0,366.0,755.0,-463.0,223.0,train
4980,14_square,21,7,542.0,265.0,113.0,196.0,-429.0,-69.0,train
4981,14_square,44,44,800.0,795.0,715.0,506.0,-85.0,-289.0,train
4982,14_square,67,50,494.0,214.0,142.0,851.0,-352.0,637.0,train
4984,14_square,28,51,769.0,749.0,258.0,375.0,-511.0,-374.0,train
4986,14_square,52,49,128.0,510.0,244.0,113.0,116.0,-397.0,train
4987,14_square,41,25,291.0,806.0,200.0,873.0,-91.0,67.0,train
4988,14_square,67,33,595.0,197.0,190.0,725.0,-405.0,528.0,train
4989,14_square,1,8,251.0,864.0,787.0,405.0,536.0,-459.0,train
4990,14_square,35,22,264.0,887.0,258.0,745.0,-6.0,-142.0,train
4991,14_square,22,27,846.0,497.0,324.0,617.0,-522.0,120.0,train
4992,14_square,13,64,622.0,260.0,768.0,838.0,146.0,578.0,train
4993,14_square,65,51,519.0,269.0,285.0,369.0,-234.0,100.0,train
4994,14_square,27,64,301.0,285.0,465.0,428.0,164.0,143.0,train
4995,14_square,28,58,590.0,414.0,464.0,310.0,-126.0,-104.0,train
4996,14_square,59,61,135.0,189.0,589.0,330.0,454.0,141.0,train
4997,14_square,35,35,560.0,119.0,872.0,897.0,312.0,778.0,train
4998,14_square,2,15,443.0,684.0,247.0,416.0,-196.0,-268.0,train
4999,14_square,49,19,897.0,323.0,409.0,206.0,-488.0,-117.0,train
5000,17_square,54,29,264.0,231.0,563.0,240.0,299.0,9.0,train
5001,17_square,10,61,316.0,896.0,151.0,554.0,-165.0,-342.0,train
5002,17_square,53,2,835.0,847.0,586.0,741.0,-249.0,-106.0,train
5003,17_square,42,50,858.0,169.0,878.0,340.0,20.0,171.0,train
5005,17_square,15,55,198.0,255.0,841.0,293.0,643.0,38.0,train
5006,17_square,2,22,787.0,719.0,321.0,643.0,-466.0,-76.0,train
5007,17_square,48,21,779.0,789.0,854.0,472.0,75.0,-317.0,train
5008,17_square,31,43,248.0,536.0,748.0,209.0,500.0,-327.0,train
5009,17_square,9,55,614.0,432.0,553.0,292.0,-61.0,-140.0,train
5010,17_square,7,12,514.0,681.0,584.0,809.0,70.0,128.0,train
5011,17_square,22,23,221.0,223.0,440.0,322.0,219.0,99.0,train
5012,17_square,11,66,813.0,368.0,328.0,722.0,-485.0,354.0,train
5013,17_square,16,61,852.0,896.0,754.0,293.0,-98.0,-603.0,train
5014,17_square,65,28,134.0,359.0,667.0,142.0,533.0,-217.0,train
5015,17_square,16,2,242.0,144.0,636.0,726.0,394.0,582.0,train
5017,17_square,43,49,405.0,422.0,872.0,405.0,467.0,-17.0,train
5018,17_square,5,21,274.0,591.0,136.0,289.0,-138.0,-302.0,train
5019,17_square,46,6,673.0,730.0,476.0,254.0,-197.0,-476.0,train
5021,17_square,3,45,897.0,503.0,121.0,721.0,-776.0,218.0,train
5022,17_square,22,2,134.0,597.0,487.0,217.0,353.0,-380.0,train
5023,17_square,20,68,269.0,759.0,688.0,122.0,419.0,-637.0,train
5024,17_square,27,0,500.0,528.0,772.0,453.0,272.0,-75.0,train
5025,17_square,65,15,780.0,819.0,812.0,752.0,32.0,-67.0,train
5026,17_square,45,18,703.0,239.0,387.0,741.0,-316.0,502.0,train
5027,17_square,2,23,169.0,765.0,741.0,187.0,572.0,-578.0,train
5028,17_square,57,14,616.0,773.0,433.0,618.0,-183.0,-155.0,train
5029,17_square,4,44,505.0,662.0,679.0,832.0,174.0,170.0,train
5030,17_square,30,18,534.0,450.0,638.0,643.0,104.0,193.0,train
5031,17_square,60,25,101.0,315.0,716.0,366.0,615.0,51.0,train
5032,17_square,29,28,415.0,519.0,673.0,525.0,258.0,6.0,train
5034,17_square,24,61,702.0,639.0,542.0,536.0,-160.0,-103.0,train
5035,17_square,7,35,293.0,737.0,683.0,553.0,390.0,-184.0,train
5036,17_square,7,21,443.0,514.0,743.0,198.0,300.0,-316.0,train
5038,17_square,55,46,709.0,516.0,557.0,229.0,-152.0,-287.0,train
5039,17_square,9,3,725.0,624.0,629.0,106.0,-96.0,-518.0,train
5040,17_square,10,49,271.0,561.0,821.0,528.0,550.0,-33.0,train
5041,17_square,48,63,373.0,463.0,892.0,141.0,519.0,-322.0,train
5042,17_square,67,42,804.0,366.0,417.0,737.0,-387.0,371.0,train
5043,17_square,59,25,163.0,382.0,882.0,147.0,719.0,-235.0,train
5044,17_square,34,38,730.0,758.0,745.0,787.0,15.0,29.0,train
5045,17_square,50,2,743.0,289.0,877.0,698.0,134.0,409.0,train
5046,17_square,11,21,357.0,386.0,509.0,735.0,152.0,349.0,train
5047,17_square,5,14,619.0,574.0,694.0,567.0,75.0,-7.0,train
5048,17_square,43,47,285.0,446.0,872.0,847.0,587.0,401.0,train
5049,17_square,31,59,635.0,647.0,139.0,121.0,-496.0,-526.0,train
5051,17_square,15,60,553.0,801.0,501.0,139.0,-52.0,-662.0,train
5052,17_square,23,52,471.0,467.0,368.0,292.0,-103.0,-175.0,train
5053,17_square,46,50,149.0,734.0,344.0,641.0,195.0,-93.0,train
5054,17_square,35,42,201.0,175.0,511.0,434.0,310.0,259.0,train
5055,17_square,25,21,390.0,158.0,430.0,820.0,40.0,662.0,train
5056,17_square,2,20,478.0,667.0,584.0,517.0,106.0,-150.0,train
5057,17_square,67,14,594.0,336.0,594.0,111.0,0.0,-225.0,train
5058,17_square,18,4,253.0,535.0,652.0,399.0,399.0,-136.0,train
5059,17_square,3,58,811.0,611.0,880.0,391.0,69.0,-220.0,train
5060,17_square,35,30,857.0,600.0,345.0,206.0,-512.0,-394.0,train
5061,17_square,58,58,210.0,354.0,368.0,126.0,158.0,-228.0,train
5063,17_square,25,33,699.0,130.0,439.0,284.0,-260.0,154.0,train
5064,17_square,24,58,467.0,141.0,283.0,578.0,-184.0,437.0,train
5065,17_square,8,65,347.0,675.0,272.0,595.0,-75.0,-80.0,train
5066,17_square,7,9,819.0,613.0,670.0,538.0,-149.0,-75.0,train
5067,17_square,37,36,877.0,365.0,309.0,634.0,-568.0,269.0,train
5068,17_square,13,32,479.0,412.0,296.0,587.0,-183.0,175.0,train
5069,17_square,45,54,309.0,414.0,287.0,843.0,-22.0,429.0,train
5070,17_square,24,35,609.0,409.0,807.0,282.0,198.0,-127.0,train
5071,17_square,22,1,632.0,436.0,739.0,782.0,107.0,346.0,train
5073,17_square,57,55,484.0,434.0,753.0,595.0,269.0,161.0,train
5074,17_square,4,53,392.0,802.0,180.0,441.0,-212.0,-361.0,train
5076,17_square,64,43,812.0,433.0,888.0,657.0,76.0,224.0,train
5077,17_square,62,58,813.0,577.0,831.0,462.0,18.0,-115.0,train
5078,17_square,19,63,684.0,208.0,499.0,250.0,-185.0,42.0,train
5079,17_square,33,29,824.0,154.0,277.0,332.0,-547.0,178.0,train
5080,17_square,47,60,881.0,169.0,851.0,687.0,-30.0,518.0,train
5081,17_square,49,25,189.0,763.0,410.0,773.0,221.0,10.0,train
5082,17_square,46,54,576.0,248.0,599.0,476.0,23.0,228.0,train
5083,17_square,32,59,592.0,253.0,895.0,694.0,303.0,441.0,train
5084,17_square,67,54,410.0,248.0,228.0,213.0,-182.0,-35.0,train
5085,17_square,49,59,868.0,138.0,789.0,654.0,-79.0,516.0,train
5086,17_square,11,63,823.0,686.0,799.0,662.0,-24.0,-24.0,train
5088,17_square,58,5,308.0,198.0,565.0,857.0,257.0,659.0,train
5089,17_square,66,48,862.0,886.0,359.0,881.0,-503.0,-5.0,train
5090,17_square,18,50,446.0,741.0,679.0,451.0,233.0,-290.0,train
5091,17_square,13,43,596.0,481.0,729.0,707.0,133.0,226.0,train
5092,17_square,6,49,200.0,865.0,856.0,339.0,656.0,-526.0,train
5094,17_square,21,2,523.0,538.0,537.0,316.0,14.0,-222.0,train
5095,17_square,68,4,162.0,467.0,126.0,611.0,-36.0,144.0,train
5097,17_square,0,56,493.0,344.0,135.0,223.0,-358.0,-121.0,train
5098,17_square,38,56,590.0,833.0,154.0,653.0,-436.0,-180.0,train
5099,17_square,27,21,393.0,763.0,457.0,588.0,64.0,-175.0,train
5100,17_square,1,4,519.0,696.0,362.0,589.0,-157.0,-107.0,train
5101,17_square,43,42,361.0,628.0,518.0,691.0,157.0,63.0,train
5103,17_square,3,60,285.0,865.0,149.0,648.0,-136.0,-217.0,train
5104,17_square,6,21,147.0,891.0,563.0,631.0,416.0,-260.0,train
5105,17_square,37,37,847.0,766.0,361.0,740.0,-486.0,-26.0,train
5106,17_square,62,58,542.0,859.0,247.0,174.0,-295.0,-685.0,train
5107,17_square,68,17,149.0,806.0,365.0,410.0,216.0,-396.0,train
5108,17_square,52,40,237.0,612.0,802.0,845.0,565.0,233.0,train
5109,17_square,5,16,277.0,685.0,605.0,364.0,328.0,-321.0,train
5111,17_square,45,54,419.0,126.0,646.0,470.0,227.0,344.0,train
5112,17_square,43,55,838.0,894.0,630.0,443.0,-208.0,-451.0,train
5114,17_square,15,34,372.0,658.0,298.0,592.0,-74.0,-66.0,train
5115,17_square,32,65,643.0,158.0,670.0,298.0,27.0,140.0,train
5116,17_square,2,27,843.0,414.0,303.0,297.0,-540.0,-117.0,train
5118,17_square,22,23,756.0,727.0,167.0,844.0,-589.0,117.0,train
5119,17_square,20,61,228.0,248.0,163.0,275.0,-65.0,27.0,train
5121,17_square,33,15,745.0,877.0,852.0,754.0,107.0,-123.0,train
5122,17_square,34,58,858.0,807.0,354.0,532.0,-504.0,-275.0,train
5123,17_square,4,40,429.0,669.0,501.0,102.0,72.0,-567.0,train
5125,17_square,9,17,142.0,427.0,459.0,739.0,317.0,312.0,train
5126,17_square,64,49,831.0,577.0,642.0,747.0,-189.0,170.0,train
5127,17_square,0,50,291.0,310.0,574.0,650.0,283.0,340.0,train
5128,17_square,66,62,516.0,845.0,601.0,717.0,85.0,-128.0,train
5129,17_square,49,49,106.0,164.0,676.0,649.0,570.0,485.0,train
5130,17_square,10,20,667.0,435.0,411.0,344.0,-256.0,-91.0,train
5131,17_square,3,41,462.0,187.0,492.0,419.0,30.0,232.0,train
5133,17_square,27,37,567.0,766.0,298.0,871.0,-269.0,105.0,train
5134,17_square,21,50,594.0,313.0,199.0,407.0,-395.0,94.0,train
5136,17_square,51,8,588.0,849.0,375.0,154.0,-213.0,-695.0,train
5137,17_square,26,42,512.0,531.0,702.0,383.0,190.0,-148.0,train
5138,17_square,13,36,844.0,448.0,475.0,750.0,-369.0,302.0,train
5139,17_square,50,41,427.0,415.0,282.0,672.0,-145.0,257.0,train
5140,17_square,62,27,272.0,634.0,189.0,124.0,-83.0,-510.0,train
5142,17_square,51,54,807.0,181.0,573.0,580.0,-234.0,399.0,train
5143,17_square,52,9,247.0,213.0,160.0,621.0,-87.0,408.0,train
5144,17_square,60,63,289.0,899.0,622.0,342.0,333.0,-557.0,train
5145,17_square,43,10,689.0,353.0,477.0,411.0,-212.0,58.0,train
5146,17_square,46,21,335.0,864.0,550.0,691.0,215.0,-173.0,train
5147,17_square,52,55,496.0,862.0,849.0,752.0,353.0,-110.0,train
5148,17_square,1,29,754.0,154.0,321.0,848.0,-433.0,694.0,train
5149,17_square,39,62,868.0,879.0,699.0,180.0,-169.0,-699.0,train
5150,17_square,43,67,573.0,526.0,122.0,401.0,-451.0,-125.0,train
5151,17_square,32,65,557.0,319.0,153.0,838.0,-404.0,519.0,train
5152,17_square,58,65,849.0,643.0,190.0,785.0,-659.0,142.0,train
5153,17_square,30,43,530.0,776.0,805.0,739.0,275.0,-37.0,train
5154,17_square,28,23,268.0,413.0,549.0,355.0,281.0,-58.0,train
5155,17_square,34,9,187.0,145.0,645.0,268.0,458.0,123.0,train
5156,17_square,52,56,835.0,743.0,386.0,711.0,-449.0,-32.0,train
5157,17_square,59,50,318.0,331.0,761.0,130.0,443.0,-201.0,train
5158,17_square,46,48,673.0,282.0,430.0,627.0,-243.0,345.0,train
5159,17_square,67,58,268.0,345.0,618.0,252.0,350.0,-93.0,train
5160,17_square,9,64,167.0,647.0,746.0,837.0,579.0,190.0,train
5162,17_square,54,42,690.0,202.0,298.0,582.0,-392.0,380.0,train
5163,17_square,55,12,455.0,153.0,136.0,896.0,-319.0,743.0,train
5165,17_square,65,25,196.0,480.0,859.0,511.0,663.0,31.0,train
5166,17_square,44,0,672.0,435.0,407.0,253.0,-265.0,-182.0,train
5167,17_square,46,23,600.0,114.0,274.0,534.0,-326.0,420.0,train
5170,17_square,67,56,599.0,472.0,786.0,607.0,187.0,135.0,train
5173,17_square,50,39,727.0,889.0,350.0,336.0,-377.0,-553.0,train
5175,17_square,47,53,209.0,890.0,456.0,816.0,247.0,-74.0,train
5176,17_square,54,55,393.0,438.0,170.0,268.0,-223.0,-170.0,train
5177,17_square,68,15,552.0,598.0,526.0,360.0,-26.0,-238.0,train
5178,17_square,22,14,161.0,256.0,580.0,392.0,419.0,136.0,train
5179,17_square,30,16,310.0,176.0,421.0,235.0,111.0,59.0,train
5180,17_square,9,11,541.0,800.0,407.0,678.0,-134.0,-122.0,train
5182,17_square,16,68,879.0,167.0,292.0,774.0,-587.0,607.0,train
5183,17_square,8,61,108.0,439.0,141.0,201.0,33.0,-238.0,train
5184,17_square,59,12,124.0,120.0,287.0,452.0,163.0,332.0,train
5186,17_square,24,44,518.0,579.0,616.0,644.0,98.0,65.0,train
5187,17_square,40,48,277.0,692.0,246.0,120.0,-31.0,-572.0,train
5188,17_square,10,45,526.0,805.0,370.0,874.0,-156.0,69.0,train
5189,17_square,28,30,656.0,435.0,326.0,555.0,-330.0,120.0,train
5190,17_square,22,0,777.0,301.0,654.0,739.0,-123.0,438.0,train
5193,17_square,44,37,569.0,528.0,368.0,820.0,-201.0,292.0,train
5194,17_square,23,12,390.0,781.0,402.0,897.0,12.0,116.0,train
5195,17_square,5,37,601.0,690.0,586.0,785.0,-15.0,95.0,train
5196,17_square,64,31,619.0,172.0,131.0,202.0,-488.0,30.0,train
5197,17_square,60,19,301.0,791.0,712.0,603.0,411.0,-188.0,train
5198,17_square,34,49,593.0,270.0,198.0,758.0,-395.0,488.0,train
5199,17_square,5,43,390.0,279.0,280.0,175.0,-110.0,-104.0,train
5201,17_square,14,36,404.0,154.0,835.0,739.0,431.0,585.0,train
5202,17_square,2,58,490.0,357.0,169.0,546.0,-321.0,189.0,train
5203,17_square,13,62,467.0,617.0,636.0,467.0,169.0,-150.0,train
5204,17_square,34,0,136.0,862.0,146.0,562.0,10.0,-300.0,train
5205,17_square,16,10,540.0,172.0,421.0,372.0,-119.0,200.0,train
5206,17_square,5,25,708.0,533.0,575.0,209.0,-133.0,-324.0,train
5207,17_square,18,28,156.0,501.0,419.0,593.0,263.0,92.0,train
5208,17_square,56,46,842.0,427.0,662.0,387.0,-180.0,-40.0,train
5209,17_square,43,12,336.0,220.0,164.0,688.0,-172.0,468.0,train
5210,17_square,44,58,744.0,402.0,580.0,541.0,-164.0,139.0,train
5213,17_square,61,60,591.0,100.0,371.0,278.0,-220.0,178.0,train
5214,17_square,16,23,862.0,481.0,711.0,284.0,-151.0,-197.0,train
5215,17_square,45,12,491.0,491.0,591.0,691.0,100.0,200.0,train
5216,17_square,12,64,221.0,131.0,199.0,785.0,-22.0,654.0,train
5217,17_square,18,29,656.0,186.0,515.0,689.0,-141.0,503.0,train
5218,17_square,62,9,770.0,134.0,308.0,522.0,-462.0,388.0,train
5219,17_square,35,5,537.0,272.0,810.0,242.0,273.0,-30.0,train
5220,17_square,30,20,187.0,184.0,783.0,727.0,596.0,543.0,train
5221,17_square,57,67,201.0,546.0,592.0,609.0,391.0,63.0,train
5222,17_square,50,13,302.0,758.0,162.0,797.0,-140.0,39.0,train
5223,17_square,3,38,397.0,895.0,812.0,676.0,415.0,-219.0,train
5225,17_square,23,33,643.0,504.0,782.0,379.0,139.0,-125.0,train
5226,17_square,62,43,312.0,237.0,348.0,863.0,36.0,626.0,train
5227,17_square,10,13,337.0,869.0,168.0,346.0,-169.0,-523.0,train
5228,17_square,47,12,706.0,445.0,819.0,247.0,113.0,-198.0,train
5229,17_square,46,49,130.0,367.0,619.0,472.0,489.0,105.0,train
5230,17_square,30,57,316.0,103.0,396.0,839.0,80.0,736.0,train
5231,17_square,57,43,636.0,163.0,256.0,680.0,-380.0,517.0,train
5232,17_square,60,67,268.0,523.0,637.0,662.0,369.0,139.0,train
5234,17_square,16,3,633.0,190.0,570.0,686.0,-63.0,496.0,train
5235,17_square,5,13,804.0,148.0,774.0,876.0,-30.0,728.0,train
5236,17_square,16,6,575.0,404.0,892.0,798.0,317.0,394.0,train
5237,17_square,46,17,472.0,660.0,236.0,868.0,-236.0,208.0,train
5238,17_square,54,57,508.0,313.0,532.0,821.0,24.0,508.0,train
5239,17_square,39,0,212.0,214.0,691.0,139.0,479.0,-75.0,train
5240,17_square,56,16,656.0,765.0,189.0,821.0,-467.0,56.0,train
5241,17_square,48,63,725.0,305.0,740.0,460.0,15.0,155.0,train
5242,17_square,4,61,704.0,343.0,755.0,308.0,51.0,-35.0,train
5243,17_square,60,41,215.0,282.0,649.0,489.0,434.0,207.0,train
5244,17_square,13,20,478.0,622.0,316.0,502.0,-162.0,-120.0,train
5245,17_square,58,28,208.0,418.0,690.0,611.0,482.0,193.0,train
5246,17_square,62,0,547.0,796.0,519.0,542.0,-28.0,-254.0,train
5247,17_square,4,44,680.0,553.0,151.0,684.0,-529.0,131.0,train
5248,17_square,51,47,730.0,203.0,772.0,436.0,42.0,233.0,train
5249,17_square,67,20,406.0,628.0,404.0,830.0,-2.0,202.0,train
5250,17_square,42,17,843.0,891.0,746.0,117.0,-97.0,-774.0,train
5252,17_square,59,59,503.0,236.0,875.0,846.0,372.0,610.0,train
5253,17_square,10,51,576.0,744.0,335.0,237.0,-241.0,-507.0,train
5254,17_square,33,65,243.0,144.0,673.0,418.0,430.0,274.0,train
5255,17_square,68,53,583.0,553.0,390.0,286.0,-193.0,-267.0,train
5256,17_square,23,28,424.0,354.0,315.0,234.0,-109.0,-120.0,train
5257,17_square,41,11,510.0,683.0,603.0,759.0,93.0,76.0,train
5258,17_square,47,66,703.0,269.0,177.0,556.0,-526.0,287.0,train
5259,17_square,38,30,686.0,318.0,272.0,782.0,-414.0,464.0,train
5260,17_square,24,31,558.0,707.0,228.0,866.0,-330.0,159.0,train
5261,17_square,7,31,170.0,230.0,179.0,201.0,9.0,-29.0,train
5262,17_square,12,47,687.0,164.0,506.0,564.0,-181.0,400.0,train
5263,17_square,6,23,110.0,184.0,894.0,360.0,784.0,176.0,train
5264,17_square,18,26,502.0,196.0,791.0,288.0,289.0,92.0,train
5265,17_square,4,23,400.0,746.0,182.0,518.0,-218.0,-228.0,train
5266,17_square,65,47,599.0,756.0,189.0,715.0,-410.0,-41.0,train
5267,17_square,13,18,557.0,112.0,622.0,351.0,65.0,239.0,train
5269,17_square,30,9,841.0,390.0,208.0,371.0,-633.0,-19.0,train
5270,17_square,41,60,797.0,410.0,844.0,551.0,47.0,141.0,train
5271,17_square,34,67,163.0,637.0,622.0,471.0,459.0,-166.0,train
5273,17_square,44,5,658.0,663.0,334.0,723.0,-324.0,60.0,train
5274,17_square,4,8,444.0,531.0,860.0,383.0,416.0,-148.0,train
5278,17_square,47,40,654.0,336.0,757.0,821.0,103.0,485.0,train
5279,17_square,22,68,620.0,339.0,339.0,477.0,-281.0,138.0,train
5280,17_square,51,67,469.0,350.0,410.0,154.0,-59.0,-196.0,train
5281,17_square,1,53,667.0,417.0,437.0,382.0,-230.0,-35.0,train
5282,17_square,28,3,328.0,369.0,730.0,354.0,402.0,-15.0,train
5283,17_square,36,6,292.0,797.0,702.0,325.0,410.0,-472.0,train
5284,17_square,7,48,538.0,809.0,344.0,618.0,-194.0,-191.0,train
5285,17_square,33,14,290.0,526.0,861.0,403.0,571.0,-123.0,train
5286,17_square,10,7,291.0,774.0,628.0,454.0,337.0,-320.0,train
5287,17_square,56,43,715.0,524.0,500.0,194.0,-215.0,-330.0,train
5289,17_square,66,59,460.0,161.0,224.0,565.0,-236.0,404.0,train
5290,17_square,35,2,368.0,669.0,540.0,252.0,172.0,-417.0,train
5291,17_square,37,53,553.0,573.0,147.0,127.0,-406.0,-446.0,train
5292,17_square,16,56,464.0,869.0,557.0,850.0,93.0,-19.0,train
5293,17_square,37,32,196.0,379.0,323.0,274.0,127.0,-105.0,train
5294,17_square,17,31,714.0,595.0,809.0,477.0,95.0,-118.0,train
5295,17_square,0,52,411.0,585.0,594.0,103.0,183.0,-482.0,train
5298,17_square,54,39,163.0,802.0,312.0,644.0,149.0,-158.0,train
5300,17_square,8,28,514.0,209.0,824.0,390.0,310.0,181.0,train
5301,17_square,62,65,440.0,621.0,176.0,680.0,-264.0,59.0,train
5302,17_square,56,4,463.0,562.0,367.0,454.0,-96.0,-108.0,train
5304,17_square,61,48,149.0,626.0,231.0,234.0,82.0,-392.0,train
5305,17_square,12,67,457.0,617.0,124.0,233.0,-333.0,-384.0,train
5306,17_square,4,11,685.0,157.0,722.0,259.0,37.0,102.0,train
5308,17_square,49,21,499.0,274.0,535.0,790.0,36.0,516.0,train
5310,17_square,47,40,799.0,197.0,136.0,525.0,-663.0,328.0,train
5311,17_square,61,18,454.0,498.0,758.0,691.0,304.0,193.0,train
5313,17_square,10,47,816.0,419.0,589.0,374.0,-227.0,-45.0,train
5314,17_square,59,63,747.0,201.0,593.0,484.0,-154.0,283.0,train
5315,17_square,57,48,127.0,275.0,498.0,355.0,371.0,80.0,train
5316,17_square,56,21,307.0,114.0,602.0,633.0,295.0,519.0,train
5317,17_square,3,68,503.0,433.0,864.0,874.0,361.0,441.0,train
5320,17_square,51,41,737.0,887.0,138.0,132.0,-599.0,-755.0,train
5321,17_square,19,61,265.0,711.0,436.0,283.0,171.0,-428.0,train
5323,17_square,51,15,843.0,194.0,883.0,571.0,40.0,377.0,train
5325,17_square,47,41,824.0,143.0,604.0,769.0,-220.0,626.0,train
5326,17_square,59,19,739.0,715.0,178.0,780.0,-561.0,65.0,train
5328,17_square,17,59,574.0,741.0,559.0,871.0,-15.0,130.0,train
5329,17_square,11,49,503.0,490.0,603.0,322.0,100.0,-168.0,train
5331,17_square,54,61,838.0,696.0,746.0,789.0,-92.0,93.0,train
5332,17_square,53,66,767.0,609.0,413.0,352.0,-354.0,-257.0,train
5333,17_square,42,15,148.0,122.0,763.0,532.0,615.0,410.0,train
5334,17_square,20,16,792.0,559.0,488.0,219.0,-304.0,-340.0,train
5335,17_square,42,32,830.0,420.0,545.0,857.0,-285.0,437.0,train
5336,17_square,12,10,477.0,548.0,432.0,803.0,-45.0,255.0,train
5337,17_square,29,30,164.0,131.0,775.0,438.0,611.0,307.0,train
5338,17_square,30,47,803.0,782.0,593.0,132.0,-210.0,-650.0,train
5339,17_square,5,0,718.0,336.0,162.0,147.0,-556.0,-189.0,train
5340,17_square,14,15,738.0,346.0,483.0,130.0,-255.0,-216.0,train
5341,17_square,54,32,514.0,643.0,628.0,155.0,114.0,-488.0,train
5342,17_square,35,3,870.0,572.0,552.0,122.0,-318.0,-450.0,train
5345,17_square,10,0,149.0,591.0,471.0,242.0,322.0,-349.0,train
5346,17_square,43,28,640.0,246.0,529.0,624.0,-111.0,378.0,train
5347,17_square,13,30,777.0,504.0,781.0,405.0,4.0,-99.0,train
5348,17_square,22,18,682.0,852.0,321.0,863.0,-361.0,11.0,train
5349,17_square,20,3,135.0,432.0,691.0,255.0,556.0,-177.0,train
5351,17_square,64,48,648.0,789.0,563.0,292.0,-85.0,-497.0,train
5352,17_square,29,37,391.0,262.0,831.0,635.0,440.0,373.0,train
5353,17_square,34,61,164.0,708.0,721.0,324.0,557.0,-384.0,train
5354,17_square,26,23,119.0,326.0,389.0,813.0,270.0,487.0,train
5356,17_square,29,64,269.0,243.0,699.0,738.0,430.0,495.0,train
5357,17_square,40,52,799.0,440.0,667.0,758.0,-132.0,318.0,train
5358,17_square,19,24,452.0,561.0,531.0,716.0,79.0,155.0,train
5359,17_square,32,3,129.0,224.0,871.0,238.0,742.0,14.0,train
5360,17_square,49,29,607.0,825.0,788.0,174.0,181.0,-651.0,train
5361,17_square,58,3,616.0,765.0,469.0,250.0,-147.0,-515.0,train
5363,17_square,13,17,210.0,213.0,877.0,591.0,667.0,378.0,train
5364,17_square,30,37,837.0,668.0,825.0,435.0,-12.0,-233.0,train
5366,17_square,38,41,531.0,691.0,114.0,834.0,-417.0,143.0,train
5367,17_square,47,17,841.0,134.0,879.0,294.0,38.0,160.0,train
5369,17_square,47,1,460.0,785.0,168.0,883.0,-292.0,98.0,train
5370,17_square,41,52,201.0,114.0,171.0,425.0,-30.0,311.0,train
5371,17_square,14,55,685.0,547.0,240.0,688.0,-445.0,141.0,train
5374,17_square,27,47,318.0,340.0,865.0,244.0,547.0,-96.0,train
5376,17_square,12,23,705.0,164.0,149.0,400.0,-556.0,236.0,train
5377,17_square,51,21,337.0,157.0,821.0,754.0,484.0,597.0,train
5379,17_square,37,27,135.0,386.0,781.0,207.0,646.0,-179.0,train
5380,17_square,61,54,559.0,660.0,784.0,748.0,225.0,88.0,train
5381,17_square,46,54,777.0,230.0,459.0,435.0,-318.0,205.0,train
5382,17_square,4,66,319.0,644.0,201.0,799.0,-118.0,155.0,train
5383,17_square,39,43,334.0,159.0,675.0,213.0,341.0,54.0,train
5385,17_square,32,66,706.0,782.0,228.0,649.0,-478.0,-133.0,train
5386,17_square,15,17,540.0,846.0,475.0,875.0,-65.0,29.0,train
5387,17_square,1,53,740.0,883.0,285.0,570.0,-455.0,-313.0,train
5388,17_square,11,43,676.0,386.0,120.0,296.0,-556.0,-90.0,train
5389,17_square,31,46,456.0,158.0,158.0,683.0,-298.0,525.0,train
5390,17_square,49,7,569.0,432.0,733.0,380.0,164.0,-52.0,train
5392,17_square,6,62,489.0,148.0,426.0,858.0,-63.0,710.0,train
5394,17_square,46,32,634.0,787.0,271.0,661.0,-363.0,-126.0,train
5395,17_square,13,41,323.0,248.0,429.0,452.0,106.0,204.0,train
5396,17_square,7,65,789.0,102.0,557.0,850.0,-232.0,748.0,train
5397,17_square,44,57,378.0,548.0,839.0,165.0,461.0,-383.0,train
5398,17_square,13,61,693.0,821.0,801.0,886.0,108.0,65.0,train
5400,17_square,20,37,240.0,743.0,685.0,294.0,445.0,-449.0,train
5403,17_square,44,68,501.0,200.0,575.0,176.0,74.0,-24.0,train
5404,17_square,42,0,386.0,494.0,273.0,639.0,-113.0,145.0,train
5406,17_square,54,60,230.0,747.0,793.0,626.0,563.0,-121.0,train
5407,17_square,66,8,534.0,301.0,395.0,261.0,-139.0,-40.0,train
5409,17_square,48,54,108.0,313.0,697.0,180.0,589.0,-133.0,train
5410,17_square,11,12,130.0,506.0,189.0,379.0,59.0,-127.0,train
5411,17_square,67,29,587.0,295.0,160.0,135.0,-427.0,-160.0,train
5413,17_square,54,8,524.0,551.0,708.0,838.0,184.0,287.0,train
5414,17_square,32,67,417.0,497.0,262.0,824.0,-155.0,327.0,train
5415,17_square,10,19,888.0,790.0,454.0,699.0,-434.0,-91.0,train
5417,17_square,64,46,519.0,168.0,410.0,359.0,-109.0,191.0,train
5418,17_square,9,48,412.0,587.0,329.0,175.0,-83.0,-412.0,train
5419,17_square,22,42,311.0,413.0,162.0,225.0,-149.0,-188.0,train
5420,17_square,59,51,654.0,750.0,497.0,678.0,-157.0,-72.0,train
5422,17_square,66,38,833.0,622.0,483.0,449.0,-350.0,-173.0,train
5423,17_square,15,40,524.0,151.0,350.0,713.0,-174.0,562.0,train
5426,17_square,19,61,151.0,476.0,274.0,465.0,123.0,-11.0,train
5427,17_square,57,45,727.0,427.0,845.0,258.0,118.0,-169.0,train
5428,17_square,9,6,383.0,493.0,506.0,324.0,123.0,-169.0,train
5431,17_square,50,36,763.0,223.0,191.0,883.0,-572.0,660.0,train
5432,17_square,54,33,306.0,828.0,562.0,863.0,256.0,35.0,train
5434,17_square,20,35,267.0,267.0,677.0,500.0,410.0,233.0,train
5435,17_square,65,26,520.0,474.0,590.0,746.0,70.0,272.0,train
5436,17_square,56,34,166.0,138.0,233.0,587.0,67.0,449.0,train
5437,17_square,31,19,430.0,367.0,693.0,287.0,263.0,-80.0,train
5439,17_square,23,13,354.0,371.0,219.0,550.0,-135.0,179.0,train
5441,17_square,66,61,450.0,592.0,346.0,808.0,-104.0,216.0,train
5442,17_square,41,66,457.0,251.0,582.0,836.0,125.0,585.0,train
5443,17_square,52,59,753.0,897.0,297.0,241.0,-456.0,-656.0,train
5444,17_square,8,34,734.0,136.0,236.0,858.0,-498.0,722.0,train
5445,17_square,24,58,684.0,203.0,243.0,406.0,-441.0,203.0,train
5446,17_square,43,2,427.0,195.0,616.0,424.0,189.0,229.0,train
5447,17_square,41,24,875.0,828.0,256.0,284.0,-619.0,-544.0,train
5448,17_square,2,17,283.0,327.0,449.0,683.0,166.0,356.0,train
5449,17_square,60,20,739.0,491.0,175.0,659.0,-564.0,168.0,train
5450,17_square,16,43,777.0,255.0,464.0,633.0,-313.0,378.0,train
5452,17_square,55,20,395.0,491.0,774.0,742.0,379.0,251.0,train
5454,17_square,4,49,302.0,777.0,325.0,584.0,23.0,-193.0,train
5456,17_square,1,4,791.0,150.0,765.0,139.0,-26.0,-11.0,train
5457,17_square,65,57,452.0,483.0,271.0,445.0,-181.0,-38.0,train
5458,17_square,55,65,315.0,839.0,761.0,320.0,446.0,-519.0,train
5462,17_square,30,38,727.0,293.0,124.0,508.0,-603.0,215.0,train
5463,17_square,20,20,386.0,773.0,682.0,434.0,296.0,-339.0,train
5464,17_square,61,47,270.0,688.0,484.0,426.0,214.0,-262.0,train
5465,17_square,9,23,548.0,306.0,662.0,166.0,114.0,-140.0,train
5466,17_square,4,12,546.0,301.0,421.0,837.0,-125.0,536.0,train
5467,17_square,4,52,364.0,303.0,535.0,670.0,171.0,367.0,train
5468,17_square,37,6,682.0,737.0,275.0,326.0,-407.0,-411.0,train
5469,17_square,40,24,420.0,235.0,678.0,826.0,258.0,591.0,train
5471,17_square,4,38,246.0,496.0,689.0,193.0,443.0,-303.0,train
5472,17_square,21,29,136.0,789.0,428.0,438.0,292.0,-351.0,train
5474,17_square,50,7,316.0,656.0,293.0,534.0,-23.0,-122.0,train
5475,17_square,64,18,131.0,558.0,579.0,499.0,448.0,-59.0,train
5476,17_square,17,24,851.0,118.0,722.0,666.0,-129.0,548.0,train
5477,17_square,21,7,359.0,779.0,309.0,215.0,-50.0,-564.0,train
5478,17_square,48,31,275.0,853.0,892.0,598.0,617.0,-255.0,train
5479,17_square,61,37,286.0,399.0,769.0,685.0,483.0,286.0,train
5480,17_square,28,0,621.0,396.0,238.0,694.0,-383.0,298.0,train
5481,17_square,24,12,131.0,639.0,301.0,642.0,170.0,3.0,train
5482,17_square,26,18,174.0,769.0,261.0,283.0,87.0,-486.0,train
5486,17_square,31,41,650.0,131.0,859.0,587.0,209.0,456.0,train
5487,17_square,42,13,365.0,454.0,312.0,177.0,-53.0,-277.0,train
5488,17_square,1,28,132.0,738.0,141.0,158.0,9.0,-580.0,train
5489,17_square,23,65,722.0,657.0,828.0,685.0,106.0,28.0,train
5490,17_square,20,29,189.0,636.0,549.0,453.0,360.0,-183.0,train
5491,17_square,64,40,654.0,267.0,210.0,477.0,-444.0,210.0,train
5493,17_square,48,31,788.0,586.0,856.0,454.0,68.0,-132.0,train
5494,17_square,60,46,540.0,553.0,722.0,388.0,182.0,-165.0,train
5495,17_square,16,57,547.0,486.0,726.0,519.0,179.0,33.0,train
5496,17_square,50,63,482.0,434.0,640.0,437.0,158.0,3.0,train
5497,17_square,67,46,684.0,211.0,357.0,771.0,-327.0,560.0,train
5498,17_square,12,52,228.0,787.0,820.0,136.0,592.0,-651.0,train
5500,21_square,16,64,302.0,131.0,575.0,839.0,273.0,708.0,train
5501,21_square,3,20,580.0,261.0,480.0,466.0,-100.0,205.0,train
5502,21_square,66,16,431.0,824.0,144.0,257.0,-287.0,-567.0,train
5504,21_square,45,45,183.0,562.0,335.0,147.0,152.0,-415.0,train
5505,21_square,40,43,296.0,649.0,698.0,413.0,402.0,-236.0,train
5508,21_square,8,28,273.0,562.0,658.0,811.0,385.0,249.0,train
5509,21_square,32,23,827.0,549.0,351.0,625.0,-476.0,76.0,train
5510,21_square,28,31,530.0,348.0,261.0,152.0,-269.0,-196.0,train
5511,21_square,54,38,700.0,761.0,624.0,434.0,-76.0,-327.0,train
5512,21_square,67,68,606.0,456.0,890.0,565.0,284.0,109.0,train
5513,21_square,13,36,861.0,607.0,194.0,788.0,-667.0,181.0,train
5514,21_square,17,3,678.0,605.0,747.0,695.0,69.0,90.0,train
5515,21_square,49,61,523.0,537.0,698.0,636.0,175.0,99.0,train
5517,21_square,6,67,480.0,576.0,284.0,648.0,-196.0,72.0,train
5518,21_square,11,66,194.0,183.0,714.0,352.0,520.0,169.0,train
5520,21_square,19,61,657.0,668.0,174.0,213.0,-483.0,-455.0,train
5521,21_square,43,46,579.0,891.0,670.0,249.0,91.0,-642.0,train
5522,21_square,40,24,808.0,841.0,518.0,797.0,-290.0,-44.0,train
5524,21_square,22,47,114.0,497.0,841.0,413.0,727.0,-84.0,train
5525,21_square,54,13,170.0,130.0,836.0,820.0,666.0,690.0,train
5526,21_square,10,12,750.0,121.0,630.0,640.0,-120.0,519.0,train
5527,21_square,26,12,862.0,109.0,585.0,767.0,-277.0,658.0,train
5528,21_square,29,49,688.0,129.0,518.0,687.0,-170.0,558.0,train
5529,21_square,12,52,596.0,889.0,793.0,813.0,197.0,-76.0,train
5531,21_square,11,29,864.0,155.0,489.0,514.0,-375.0,359.0,train
5532,21_square,19,13,499.0,323.0,895.0,824.0,396.0,501.0,train
5534,21_square,53,22,874.0,549.0,350.0,892.0,-524.0,343.0,train
5535,21_square,4,47,678.0,802.0,671.0,146.0,-7.0,-656.0,train
5536,21_square,13,2,214.0,116.0,265.0,897.0,51.0,781.0,train
5537,21_square,47,18,664.0,739.0,897.0,768.0,233.0,29.0,train
5538,21_square,51,6,348.0,523.0,832.0,256.0,484.0,-267.0,train
5539,21_square,12,61,154.0,296.0,213.0,440.0,59.0,144.0,train
5540,21_square,21,22,615.0,255.0,401.0,511.0,-214.0,256.0,train
5541,21_square,32,48,859.0,777.0,331.0,776.0,-528.0,-1.0,train
5542,21_square,61,11,548.0,351.0,197.0,359.0,-351.0,8.0,train
5543,21_square,6,33,432.0,877.0,485.0,315.0,53.0,-562.0,train
5544,21_square,51,54,378.0,864.0,472.0,582.0,94.0,-282.0,train
5545,21_square,50,36,849.0,745.0,347.0,316.0,-502.0,-429.0,train
5546,21_square,9,4,777.0,708.0,576.0,599.0,-201.0,-109.0,train
5547,21_square,41,13,745.0,665.0,622.0,373.0,-123.0,-292.0,train
5548,21_square,56,40,834.0,835.0,383.0,146.0,-451.0,-689.0,train
5549,21_square,19,46,449.0,659.0,554.0,441.0,105.0,-218.0,train
5550,21_square,4,35,336.0,743.0,407.0,633.0,71.0,-110.0,train
5552,21_square,10,6,576.0,857.0,548.0,717.0,-28.0,-140.0,train
5553,21_square,49,34,160.0,687.0,420.0,836.0,260.0,149.0,train
5554,21_square,27,54,644.0,643.0,310.0,637.0,-334.0,-6.0,train
5555,21_square,35,57,619.0,858.0,350.0,800.0,-269.0,-58.0,train
5556,21_square,60,50,230.0,153.0,731.0,667.0,501.0,514.0,train
5557,21_square,5,58,864.0,549.0,370.0,202.0,-494.0,-347.0,train
5558,21_square,21,41,614.0,653.0,173.0,703.0,-441.0,50.0,train
5559,21_square,25,64,519.0,252.0,333.0,556.0,-186.0,304.0,train
5560,21_square,64,49,873.0,712.0,729.0,462.0,-144.0,-250.0,train
5561,21_square,32,34,402.0,451.0,369.0,471.0,-33.0,20.0,train
5562,21_square,49,8,161.0,629.0,736.0,845.0,575.0,216.0,train
5563,21_square,47,58,257.0,756.0,224.0,762.0,-33.0,6.0,train
5566,21_square,8,66,806.0,409.0,390.0,317.0,-416.0,-92.0,train
5568,21_square,54,27,891.0,791.0,202.0,892.0,-689.0,101.0,train
5569,21_square,31,37,529.0,458.0,256.0,851.0,-273.0,393.0,train
5570,21_square,2,48,841.0,838.0,767.0,659.0,-74.0,-179.0,train
5571,21_square,33,10,297.0,830.0,709.0,219.0,412.0,-611.0,train
5572,21_square,36,64,867.0,188.0,219.0,733.0,-648.0,545.0,train
5573,21_square,18,58,658.0,271.0,809.0,880.0,151.0,609.0,train
5574,21_square,10,65,114.0,394.0,413.0,630.0,299.0,236.0,train
5575,21_square,60,25,193.0,639.0,289.0,567.0,96.0,-72.0,train
5576,21_square,39,49,326.0,167.0,412.0,595.0,86.0,428.0,train
5578,21_square,40,34,832.0,759.0,753.0,630.0,-79.0,-129.0,train
5579,21_square,20,10,487.0,703.0,355.0,318.0,-132.0,-385.0,train
5580,21_square,44,59,269.0,654.0,517.0,128.0,248.0,-526.0,train
5581,21_square,63,13,733.0,537.0,524.0,266.0,-209.0,-271.0,train
5582,21_square,64,3,446.0,262.0,462.0,267.0,16.0,5.0,train
5583,21_square,2,68,815.0,377.0,572.0,862.0,-243.0,485.0,train
5586,21_square,13,44,679.0,847.0,669.0,143.0,-10.0,-704.0,train
5588,21_square,46,48,696.0,336.0,335.0,709.0,-361.0,373.0,train
5589,21_square,11,65,522.0,525.0,816.0,343.0,294.0,-182.0,train
5591,21_square,15,38,546.0,451.0,733.0,378.0,187.0,-73.0,train
5592,21_square,18,63,305.0,524.0,519.0,124.0,214.0,-400.0,train
5593,21_square,60,28,460.0,874.0,257.0,512.0,-203.0,-362.0,train
5594,21_square,59,62,457.0,264.0,167.0,378.0,-290.0,114.0,train
5595,21_square,64,62,708.0,199.0,705.0,193.0,-3.0,-6.0,train
5597,21_square,40,0,510.0,354.0,296.0,187.0,-214.0,-167.0,train
5598,21_square,52,6,427.0,269.0,114.0,103.0,-313.0,-166.0,train
5599,21_square,61,61,134.0,449.0,359.0,420.0,225.0,-29.0,train
5600,21_square,49,51,765.0,760.0,507.0,787.0,-258.0,27.0,train
5601,21_square,62,19,150.0,366.0,778.0,876.0,628.0,510.0,train
5602,21_square,12,15,892.0,444.0,208.0,329.0,-684.0,-115.0,train
5603,21_square,57,20,422.0,783.0,206.0,720.0,-216.0,-63.0,train
5604,21_square,19,55,590.0,810.0,204.0,704.0,-386.0,-106.0,train
5605,21_square,41,30,487.0,370.0,863.0,499.0,376.0,129.0,train
5606,21_square,32,65,204.0,673.0,200.0,313.0,-4.0,-360.0,train
5607,21_square,55,64,680.0,491.0,343.0,696.0,-337.0,205.0,train
5608,21_square,44,63,749.0,746.0,331.0,155.0,-418.0,-591.0,train
5610,21_square,4,1,222.0,736.0,595.0,825.0,373.0,89.0,train
5611,21_square,53,45,525.0,573.0,334.0,672.0,-191.0,99.0,train
5612,21_square,61,0,383.0,507.0,764.0,611.0,381.0,104.0,train
5613,21_square,17,17,474.0,802.0,726.0,568.0,252.0,-234.0,train
5615,21_square,39,4,211.0,346.0,186.0,777.0,-25.0,431.0,train
5617,21_square,6,56,552.0,526.0,210.0,239.0,-342.0,-287.0,train
5618,21_square,36,4,889.0,672.0,568.0,513.0,-321.0,-159.0,train
5619,21_square,6,14,699.0,194.0,114.0,561.0,-585.0,367.0,train
5620,21_square,48,30,600.0,867.0,202.0,866.0,-398.0,-1.0,train
5622,21_square,19,40,761.0,695.0,513.0,164.0,-248.0,-531.0,train
5623,21_square,42,18,237.0,265.0,149.0,591.0,-88.0,326.0,train
5624,21_square,58,5,771.0,572.0,292.0,340.0,-479.0,-232.0,train
5625,21_square,7,44,547.0,169.0,689.0,499.0,142.0,330.0,train
5626,21_square,14,62,189.0,868.0,631.0,833.0,442.0,-35.0,train
5627,21_square,52,6,373.0,134.0,900.0,271.0,527.0,137.0,train
5628,21_square,44,7,366.0,246.0,853.0,800.0,487.0,554.0,train
5629,21_square,0,9,176.0,683.0,233.0,165.0,57.0,-518.0,train
5630,21_square,58,66,555.0,720.0,317.0,277.0,-238.0,-443.0,train
5631,21_square,58,60,722.0,255.0,318.0,305.0,-404.0,50.0,train
5632,21_square,24,61,501.0,840.0,349.0,525.0,-152.0,-315.0,train
5633,21_square,51,43,761.0,821.0,758.0,279.0,-3.0,-542.0,train
5634,21_square,58,1,615.0,689.0,216.0,596.0,-399.0,-93.0,train
5635,21_square,15,35,466.0,720.0,544.0,571.0,78.0,-149.0,train
5636,21_square,2,48,204.0,448.0,354.0,453.0,150.0,5.0,train
5637,21_square,17,28,541.0,166.0,355.0,702.0,-186.0,536.0,train
5638,21_square,66,39,569.0,857.0,297.0,832.0,-272.0,-25.0,train
5639,21_square,56,18,351.0,797.0,798.0,474.0,447.0,-323.0,train
5640,21_square,68,35,221.0,781.0,756.0,732.0,535.0,-49.0,train
5641,21_square,23,39,691.0,594.0,491.0,786.0,-200.0,192.0,train
5643,21_square,38,3,289.0,767.0,306.0,884.0,17.0,117.0,train
5644,21_square,44,38,328.0,773.0,722.0,382.0,394.0,-391.0,train
5645,21_square,14,29,658.0,504.0,153.0,320.0,-505.0,-184.0,train
5646,21_square,43,68,239.0,265.0,583.0,408.0,344.0,143.0,train
5647,21_square,65,42,235.0,431.0,565.0,522.0,330.0,91.0,train
5648,21_square,17,39,745.0,168.0,695.0,720.0,-50.0,552.0,train
5649,21_square,49,12,492.0,724.0,459.0,509.0,-33.0,-215.0,train
5650,21_square,21,29,750.0,646.0,668.0,699.0,-82.0,53.0,train
5651,21_square,8,34,435.0,310.0,502.0,717.0,67.0,407.0,train
5652,21_square,26,61,503.0,148.0,206.0,395.0,-297.0,247.0,train
5653,21_square,67,26,236.0,142.0,588.0,675.0,352.0,533.0,train
5654,21_square,41,26,653.0,333.0,380.0,363.0,-273.0,30.0,train
5655,21_square,3,18,335.0,742.0,184.0,343.0,-151.0,-399.0,train
5656,21_square,29,21,605.0,623.0,739.0,846.0,134.0,223.0,train
5657,21_square,25,44,282.0,806.0,145.0,709.0,-137.0,-97.0,train
5658,21_square,28,68,418.0,333.0,242.0,234.0,-176.0,-99.0,train
5659,21_square,22,3,330.0,318.0,454.0,574.0,124.0,256.0,train
5660,21_square,58,61,233.0,545.0,742.0,279.0,509.0,-266.0,train
5664,21_square,63,4,879.0,370.0,536.0,682.0,-343.0,312.0,train
5665,21_square,62,9,520.0,569.0,551.0,565.0,31.0,-4.0,train
5666,21_square,11,23,618.0,387.0,318.0,317.0,-300.0,-70.0,train
5667,21_square,36,29,687.0,513.0,717.0,655.0,30.0,142.0,train
5669,21_square,30,16,447.0,843.0,490.0,580.0,43.0,-263.0,train
5671,21_square,46,47,621.0,810.0,104.0,153.0,-517.0,-657.0,train
5672,21_square,67,53,582.0,448.0,624.0,720.0,42.0,272.0,train
5673,21_square,46,43,447.0,685.0,424.0,273.0,-23.0,-412.0,train
5674,21_square,53,33,850.0,446.0,486.0,831.0,-364.0,385.0,train
5676,21_square,18,58,411.0,514.0,339.0,131.0,-72.0,-383.0,train
5677,21_square,57,43,124.0,900.0,331.0,396.0,207.0,-504.0,train
5680,21_square,43,48,259.0,380.0,213.0,389.0,-46.0,9.0,train
5681,21_square,13,64,132.0,315.0,413.0,715.0,281.0,400.0,train
5682,21_square,26,16,417.0,235.0,395.0,855.0,-22.0,620.0,train
5685,21_square,0,0,595.0,680.0,260.0,605.0,-335.0,-75.0,train
5686,21_square,37,34,708.0,878.0,542.0,657.0,-166.0,-221.0,train
5687,21_square,0,20,522.0,593.0,236.0,432.0,-286.0,-161.0,train
5689,21_square,7,3,131.0,532.0,806.0,683.0,675.0,151.0,train
5690,21_square,1,62,140.0,549.0,259.0,430.0,119.0,-119.0,train
5691,21_square,23,33,885.0,449.0,447.0,234.0,-438.0,-215.0,train
5692,21_square,55,51,619.0,298.0,306.0,259.0,-313.0,-39.0,train
5693,21_square,3,5,409.0,873.0,360.0,120.0,-49.0,-753.0,train
5694,21_square,58,9,588.0,150.0,370.0,608.0,-218.0,458.0,train
5695,21_square,57,4,162.0,688.0,210.0,721.0,48.0,33.0,train
5696,21_square,50,32,654.0,447.0,650.0,199.0,-4.0,-248.0,train
5699,21_square,17,33,866.0,318.0,862.0,110.0,-4.0,-208.0,train
5700,21_square,18,58,664.0,733.0,366.0,835.0,-298.0,102.0,train
5701,21_square,1,30,212.0,160.0,280.0,341.0,68.0,181.0,train
5702,21_square,63,3,816.0,322.0,313.0,471.0,-503.0,149.0,train
5703,21_square,11,16,874.0,793.0,464.0,464.0,-410.0,-329.0,train
5704,21_square,45,45,895.0,137.0,407.0,514.0,-488.0,377.0,train
5705,21_square,49,21,655.0,791.0,149.0,789.0,-506.0,-2.0,train
5706,21_square,30,48,792.0,192.0,330.0,631.0,-462.0,439.0,train
5707,21_square,54,39,862.0,456.0,747.0,858.0,-115.0,402.0,train
5708,21_square,55,39,127.0,149.0,175.0,179.0,48.0,30.0,train
5710,21_square,26,46,542.0,732.0,654.0,746.0,112.0,14.0,train
5712,21_square,52,15,165.0,779.0,803.0,357.0,638.0,-422.0,train
5714,21_square,21,43,875.0,192.0,162.0,151.0,-713.0,-41.0,train
5715,21_square,2,7,352.0,353.0,681.0,867.0,329.0,514.0,train
5716,21_square,39,20,518.0,146.0,590.0,138.0,72.0,-8.0,train
5717,21_square,18,67,831.0,597.0,121.0,354.0,-710.0,-243.0,train
5718,21_square,64,62,196.0,332.0,270.0,859.0,74.0,527.0,train
5719,21_square,14,54,108.0,748.0,534.0,362.0,426.0,-386.0,train
5720,21_square,22,45,514.0,139.0,394.0,200.0,-120.0,61.0,train
5721,21_square,64,59,503.0,446.0,822.0,374.0,319.0,-72.0,train
5722,21_square,64,32,664.0,821.0,359.0,781.0,-305.0,-40.0,train
5723,21_square,31,62,598.0,772.0,438.0,643.0,-160.0,-129.0,train
5724,21_square,57,57,258.0,771.0,329.0,551.0,71.0,-220.0,train
5726,21_square,46,34,532.0,695.0,673.0,899.0,141.0,204.0,train
5728,21_square,66,15,444.0,797.0,367.0,331.0,-77.0,-466.0,train
5729,21_square,30,18,255.0,805.0,182.0,879.0,-73.0,74.0,train
5730,21_square,9,68,652.0,806.0,415.0,572.0,-237.0,-234.0,train
5731,21_square,46,30,571.0,190.0,778.0,130.0,207.0,-60.0,train
5732,21_square,0,25,234.0,357.0,532.0,588.0,298.0,231.0,train
5733,21_square,40,50,184.0,357.0,799.0,668.0,615.0,311.0,train
5734,21_square,55,1,716.0,316.0,879.0,474.0,163.0,158.0,train
5735,21_square,40,29,464.0,211.0,752.0,439.0,288.0,228.0,train
5736,21_square,45,4,406.0,205.0,213.0,691.0,-193.0,486.0,train
5737,21_square,34,44,154.0,468.0,354.0,290.0,200.0,-178.0,train
5739,21_square,7,66,740.0,208.0,672.0,347.0,-68.0,139.0,train
5740,21_square,58,30,852.0,769.0,766.0,751.0,-86.0,-18.0,train
5741,21_square,42,19,570.0,336.0,813.0,459.0,243.0,123.0,train
5742,21_square,5,50,384.0,298.0,125.0,865.0,-259.0,567.0,train
5744,21_square,27,38,849.0,668.0,761.0,292.0,-88.0,-376.0,train
5745,21_square,41,8,626.0,579.0,137.0,207.0,-489.0,-372.0,train
5746,21_square,23,29,492.0,632.0,397.0,528.0,-95.0,-104.0,train
5747,21_square,31,59,515.0,277.0,181.0,526.0,-334.0,249.0,train
5748,21_square,64,15,824.0,883.0,682.0,281.0,-142.0,-602.0,train
5749,21_square,20,15,538.0,216.0,374.0,499.0,-164.0,283.0,train
5750,21_square,34,61,854.0,851.0,360.0,811.0,-494.0,-40.0,train
5751,21_square,9,3,135.0,746.0,857.0,504.0,722.0,-242.0,train
5752,21_square,8,63,394.0,191.0,824.0,170.0,430.0,-21.0,train
5754,21_square,25,18,291.0,459.0,675.0,167.0,384.0,-292.0,train
5755,21_square,18,35,819.0,663.0,700.0,828.0,-119.0,165.0,train
5756,21_square,41,27,334.0,465.0,488.0,632.0,154.0,167.0,train
5757,21_square,64,42,767.0,360.0,729.0,540.0,-38.0,180.0,train
5758,21_square,42,17,336.0,843.0,223.0,565.0,-113.0,-278.0,train
5760,21_square,34,3,195.0,448.0,260.0,652.0,65.0,204.0,train
5761,21_square,55,54,871.0,854.0,404.0,176.0,-467.0,-678.0,train
5762,21_square,7,55,788.0,819.0,415.0,496.0,-373.0,-323.0,train
5763,21_square,42,5,226.0,190.0,875.0,427.0,649.0,237.0,train
5764,21_square,32,29,536.0,464.0,786.0,573.0,250.0,109.0,train
5765,21_square,4,12,708.0,751.0,153.0,792.0,-555.0,41.0,train
5766,21_square,29,25,829.0,218.0,865.0,761.0,36.0,543.0,train
5767,21_square,41,67,555.0,530.0,139.0,277.0,-416.0,-253.0,train
5768,21_square,48,32,261.0,596.0,558.0,124.0,297.0,-472.0,train
5769,21_square,24,54,147.0,642.0,531.0,753.0,384.0,111.0,train
5770,21_square,42,51,390.0,193.0,783.0,806.0,393.0,613.0,train
5771,21_square,49,55,828.0,258.0,185.0,186.0,-643.0,-72.0,train
5772,21_square,28,8,270.0,193.0,576.0,312.0,306.0,119.0,train
5774,21_square,53,33,744.0,209.0,543.0,320.0,-201.0,111.0,train
5775,21_square,21,12,378.0,829.0,512.0,655.0,134.0,-174.0,train
5776,21_square,42,11,515.0,457.0,352.0,736.0,-163.0,279.0,train
5777,21_square,10,4,280.0,546.0,884.0,160.0,604.0,-386.0,train
5779,21_square,39,8,890.0,179.0,117.0,426.0,-773.0,247.0,train
5781,21_square,54,21,242.0,789.0,725.0,472.0,483.0,-317.0,train
5782,21_square,45,24,707.0,256.0,633.0,645.0,-74.0,389.0,train
5783,21_square,59,41,145.0,648.0,736.0,877.0,591.0,229.0,train
5784,21_square,1,53,232.0,688.0,693.0,772.0,461.0,84.0,train
5785,21_square,32,8,899.0,312.0,753.0,180.0,-146.0,-132.0,train
5786,21_square,29,56,347.0,709.0,391.0,390.0,44.0,-319.0,train
5787,21_square,57,10,827.0,660.0,723.0,234.0,-104.0,-426.0,train
5788,21_square,0,15,845.0,481.0,258.0,505.0,-587.0,24.0,train
5791,21_square,49,65,389.0,468.0,623.0,328.0,234.0,-140.0,train
5792,21_square,56,17,452.0,506.0,546.0,160.0,94.0,-346.0,train
5796,21_square,62,31,529.0,278.0,532.0,571.0,3.0,293.0,train
5797,21_square,8,16,726.0,783.0,180.0,494.0,-546.0,-289.0,train
5799,21_square,51,34,721.0,251.0,882.0,888.0,161.0,637.0,train
5800,21_square,48,16,820.0,558.0,496.0,479.0,-324.0,-79.0,train
5802,21_square,48,15,237.0,856.0,327.0,186.0,90.0,-670.0,train
5803,21_square,50,22,564.0,131.0,366.0,699.0,-198.0,568.0,train
5804,21_square,39,33,616.0,861.0,650.0,900.0,34.0,39.0,train
5805,21_square,65,32,253.0,559.0,780.0,744.0,527.0,185.0,train
5806,21_square,7,8,373.0,727.0,683.0,374.0,310.0,-353.0,train
5808,21_square,53,46,102.0,343.0,265.0,178.0,163.0,-165.0,train
5809,21_square,43,50,454.0,417.0,118.0,749.0,-336.0,332.0,train
5810,21_square,47,64,109.0,863.0,541.0,466.0,432.0,-397.0,train
5811,21_square,14,4,825.0,458.0,648.0,746.0,-177.0,288.0,train
5812,21_square,60,21,519.0,636.0,536.0,556.0,17.0,-80.0,train
5813,21_square,35,11,346.0,393.0,885.0,479.0,539.0,86.0,train
5814,21_square,59,29,490.0,837.0,454.0,545.0,-36.0,-292.0,train
5815,21_square,5,40,516.0,719.0,644.0,661.0,128.0,-58.0,train
5817,21_square,61,5,468.0,343.0,831.0,400.0,363.0,57.0,train
5818,21_square,36,15,709.0,710.0,532.0,799.0,-177.0,89.0,train
5819,21_square,4,32,700.0,169.0,721.0,107.0,21.0,-62.0,train
5823,21_square,7,64,128.0,277.0,185.0,323.0,57.0,46.0,train
5824,21_square,15,63,353.0,822.0,558.0,102.0,205.0,-720.0,train
5825,21_square,63,20,148.0,753.0,463.0,516.0,315.0,-237.0,train
5826,21_square,26,61,224.0,879.0,690.0,350.0,466.0,-529.0,train
5827,21_square,54,3,846.0,602.0,644.0,262.0,-202.0,-340.0,train
5828,21_square,47,21,415.0,711.0,867.0,401.0,452.0,-310.0,train
5829,21_square,34,17,487.0,887.0,344.0,283.0,-143.0,-604.0,train
5830,21_square,58,55,296.0,375.0,765.0,702.0,469.0,327.0,train
5831,21_square,17,50,376.0,763.0,143.0,312.0,-233.0,-451.0,train
5832,21_square,42,49,675.0,299.0,674.0,124.0,-1.0,-175.0,train
5833,21_square,23,35,581.0,431.0,338.0,659.0,-243.0,228.0,train
5834,21_square,10,52,894.0,607.0,321.0,103.0,-573.0,-504.0,train
5835,21_square,32,40,799.0,555.0,722.0,737.0,-77.0,182.0,train
5837,21_square,57,45,822.0,159.0,244.0,741.0,-578.0,582.0,train
5838,21_square,24,19,624.0,331.0,207.0,622.0,-417.0,291.0,train
5839,21_square,43,11,749.0,190.0,157.0,734.0,-592.0,544.0,train
5840,21_square,38,16,623.0,811.0,276.0,621.0,-347.0,-190.0,train
5841,21_square,12,11,133.0,186.0,581.0,199.0,448.0,13.0,train
5842,21_square,40,22,364.0,127.0,780.0,467.0,416.0,340.0,train
5843,21_square,49,7,850.0,263.0,218.0,109.0,-632.0,-154.0,train
5844,21_square,3,18,845.0,416.0,217.0,633.0,-628.0,217.0,train
5845,21_square,64,51,698.0,379.0,794.0,152.0,96.0,-227.0,train
5846,21_square,21,67,182.0,109.0,201.0,689.0,19.0,580.0,train
5847,21_square,26,5,668.0,282.0,370.0,299.0,-298.0,17.0,train
5848,21_square,3,29,673.0,450.0,630.0,529.0,-43.0,79.0,train
5849,21_square,42,62,396.0,876.0,294.0,451.0,-102.0,-425.0,train
5850,21_square,6,67,168.0,856.0,492.0,818.0,324.0,-38.0,train
5853,21_square,20,51,184.0,521.0,844.0,162.0,660.0,-359.0,train
5854,21_square,29,58,499.0,188.0,585.0,864.0,86.0,676.0,train
5856,21_square,52,50,129.0,668.0,761.0,164.0,632.0,-504.0,train
5858,21_square,20,62,566.0,863.0,146.0,352.0,-420.0,-511.0,train
5859,21_square,41,26,109.0,363.0,291.0,564.0,182.0,201.0,train
5860,21_square,7,50,817.0,746.0,712.0,449.0,-105.0,-297.0,train
5861,21_square,25,60,809.0,750.0,779.0,422.0,-30.0,-328.0,train
5862,21_square,67,0,389.0,723.0,448.0,484.0,59.0,-239.0,train
5864,21_square,41,47,138.0,406.0,883.0,303.0,745.0,-103.0,train
5865,21_square,15,62,833.0,292.0,680.0,731.0,-153.0,439.0,train
5866,21_square,54,25,425.0,613.0,680.0,571.0,255.0,-42.0,train
5868,21_square,50,68,793.0,411.0,510.0,128.0,-283.0,-283.0,train
5869,21_square,47,28,221.0,472.0,152.0,597.0,-69.0,125.0,train
5870,21_square,36,16,584.0,429.0,611.0,574.0,27.0,145.0,train
5871,21_square,55,12,387.0,329.0,771.0,136.0,384.0,-193.0,train
5872,21_square,17,22,441.0,245.0,781.0,632.0,340.0,387.0,train
5873,21_square,68,54,190.0,878.0,794.0,285.0,604.0,-593.0,train
5874,21_square,35,55,585.0,821.0,677.0,166.0,92.0,-655.0,train
5875,21_square,26,24,818.0,837.0,408.0,650.0,-410.0,-187.0,train
5877,21_square,8,36,408.0,526.0,298.0,662.0,-110.0,136.0,train
5878,21_square,11,39,645.0,395.0,719.0,546.0,74.0,151.0,train
5880,21_square,54,28,655.0,112.0,874.0,469.0,219.0,357.0,train
5881,21_square,67,43,855.0,267.0,579.0,461.0,-276.0,194.0,train
5882,21_square,6,19,862.0,494.0,637.0,798.0,-225.0,304.0,train
5883,21_square,33,63,409.0,708.0,157.0,646.0,-252.0,-62.0,train
5884,21_square,66,25,824.0,258.0,519.0,291.0,-305.0,33.0,train
5886,21_square,59,45,124.0,689.0,157.0,572.0,33.0,-117.0,train
5887,21_square,40,44,669.0,433.0,452.0,509.0,-217.0,76.0,train
5888,21_square,24,0,364.0,130.0,464.0,793.0,100.0,663.0,train
5890,21_square,30,37,291.0,394.0,853.0,238.0,562.0,-156.0,train
5891,21_square,29,45,764.0,539.0,761.0,406.0,-3.0,-133.0,train
5892,21_square,5,52,358.0,266.0,465.0,708.0,107.0,442.0,train
5893,21_square,19,17,703.0,564.0,243.0,216.0,-460.0,-348.0,train
5894,21_square,65,30,578.0,611.0,338.0,585.0,-240.0,-26.0,train
5895,21_square,54,16,172.0,887.0,837.0,330.0,665.0,-557.0,train
5897,21_square,9,62,592.0,332.0,501.0,817.0,-91.0,485.0,train
5899,21_square,48,22,510.0,649.0,778.0,561.0,268.0,-88.0,train
5900,21_square,18,25,724.0,852.0,606.0,456.0,-118.0,-396.0,train
5901,21_square,24,25,528.0,359.0,374.0,460.0,-154.0,101.0,train
5903,21_square,13,44,207.0,569.0,639.0,619.0,432.0,50.0,train
5904,21_square,30,19,494.0,503.0,875.0,738.0,381.0,235.0,train
5906,21_square,44,63,599.0,281.0,517.0,378.0,-82.0,97.0,train
5907,21_square,17,5,584.0,877.0,493.0,683.0,-91.0,-194.0,train
5910,21_square,6,32,771.0,619.0,168.0,335.0,-603.0,-284.0,train
5911,21_square,1,58,880.0,633.0,562.0,839.0,-318.0,206.0,train
5913,21_square,54,25,765.0,551.0,467.0,785.0,-298.0,234.0,train
5914,21_square,17,44,163.0,661.0,517.0,197.0,354.0,-464.0,train
5915,21_square,55,25,223.0,176.0,244.0,352.0,21.0,176.0,train
5916,21_square,54,40,408.0,738.0,107.0,701.0,-301.0,-37.0,train
5917,21_square,56,45,559.0,587.0,583.0,845.0,24.0,258.0,train
5919,21_square,6,49,607.0,474.0,139.0,540.0,-468.0,66.0,train
5922,21_square,68,15,392.0,271.0,445.0,425.0,53.0,154.0,train
5923,21_square,65,57,647.0,621.0,855.0,751.0,208.0,130.0,train
5924,21_square,39,29,699.0,313.0,529.0,327.0,-170.0,14.0,train
5926,21_square,6,43,832.0,763.0,864.0,890.0,32.0,127.0,train
5927,21_square,27,59,160.0,112.0,667.0,497.0,507.0,385.0,train
5928,21_square,66,22,166.0,305.0,758.0,440.0,592.0,135.0,train
5929,21_square,5,7,731.0,536.0,193.0,512.0,-538.0,-24.0,train
5930,21_square,29,67,826.0,373.0,560.0,537.0,-266.0,164.0,train
5933,21_square,66,22,681.0,581.0,186.0,839.0,-495.0,258.0,train
5934,21_square,46,42,278.0,804.0,336.0,187.0,58.0,-617.0,train
5935,21_square,12,52,289.0,157.0,550.0,869.0,261.0,712.0,train
5937,21_square,67,40,566.0,611.0,840.0,553.0,274.0,-58.0,train
5938,21_square,1,12,734.0,214.0,276.0,796.0,-458.0,582.0,train
5939,21_square,9,7,807.0,241.0,365.0,780.0,-442.0,539.0,train
5940,21_square,18,45,312.0,119.0,848.0,812.0,536.0,693.0,train
5941,21_square,5,28,881.0,292.0,390.0,596.0,-491.0,304.0,train
5942,21_square,34,7,481.0,190.0,404.0,730.0,-77.0,540.0,train
5943,21_square,25,58,520.0,572.0,637.0,155.0,117.0,-417.0,train
5944,21_square,43,3,385.0,713.0,247.0,465.0,-138.0,-248.0,train
5945,21_square,61,23,787.0,100.0,761.0,397.0,-26.0,297.0,train
5946,21_square,53,26,821.0,210.0,535.0,372.0,-286.0,162.0,train
5947,21_square,24,53,205.0,798.0,456.0,274.0,251.0,-524.0,train
5948,21_square,19,46,664.0,854.0,727.0,327.0,63.0,-527.0,train
5949,21_square,49,11,825.0,611.0,509.0,505.0,-316.0,-106.0,train
5950,21_square,21,56,196.0,401.0,601.0,674.0,405.0,273.0,train
5951,21_square,36,31,380.0,321.0,393.0,172.0,13.0,-149.0,train
5953,21_square,54,3,726.0,248.0,732.0,125.0,6.0,-123.0,train
5954,21_square,22,27,267.0,851.0,326.0,662.0,59.0,-189.0,train
5955,21_square,49,40,846.0,527.0,254.0,710.0,-592.0,183.0,train
5956,21_square,15,31,862.0,287.0,140.0,703.0,-722.0,416.0,train
5957,21_square,26,49,713.0,752.0,593.0,351.0,-120.0,-401.0,train
5959,21_square,64,23,433.0,871.0,419.0,517.0,-14.0,-354.0,train
5960,21_square,20,37,484.0,582.0,726.0,552.0,242.0,-30.0,train
5961,21_square,48,14,137.0,574.0,741.0,297.0,604.0,-277.0,train
5962,21_square,37,0,882.0,722.0,507.0,320.0,-375.0,-402.0,train
5964,21_square,47,65,702.0,167.0,423.0,128.0,-279.0,-39.0,train
5965,21_square,38,49,176.0,359.0,143.0,419.0,-33.0,60.0,train
5966,21_square,7,59,609.0,870.0,463.0,625.0,-146.0,-245.0,train
5967,21_square,43,17,472.0,602.0,606.0,893.0,134.0,291.0,train
5971,21_square,47,65,762.0,726.0,227.0,195.0,-535.0,-531.0,train
5972,21_square,38,15,286.0,326.0,884.0,578.0,598.0,252.0,train
5973,21_square,63,63,131.0,544.0,469.0,469.0,338.0,-75.0,train
5974,21_square,52,61,794.0,821.0,484.0,431.0,-310.0,-390.0,train
5975,21_square,32,39,853.0,756.0,659.0,133.0,-194.0,-623.0,train
5976,21_square,28,5,315.0,713.0,520.0,762.0,205.0,49.0,train
5977,21_square,54,5,338.0,204.0,486.0,591.0,148.0,387.0,train
5978,21_square,50,31,300.0,737.0,745.0,818.0,445.0,81.0,train
5979,21_square,42,64,322.0,243.0,543.0,716.0,221.0,473.0,train
5981,21_square,39,5,313.0,448.0,166.0,544.0,-147.0,96.0,train
5982,21_square,48,14,550.0,104.0,893.0,261.0,343.0,157.0,train
5983,21_square,13,44,303.0,512.0,135.0,683.0,-168.0,171.0,train
5984,21_square,32,53,659.0,532.0,405.0,513.0,-254.0,-19.0,train
5985,21_square,4,6,824.0,502.0,817.0,589.0,-7.0,87.0,train
5986,21_square,46,62,455.0,675.0,769.0,860.0,314.0,185.0,train
5988,21_square,6,59,798.0,619.0,595.0,475.0,-203.0,-144.0,train
5989,21_square,1,9,263.0,245.0,568.0,296.0,305.0,51.0,train
5990,21_square,14,64,233.0,836.0,866.0,224.0,633.0,-612.0,train
5991,21_square,1,41,841.0,845.0,589.0,350.0,-252.0,-495.0,train
5992,21_square,29,26,343.0,207.0,840.0,360.0,497.0,153.0,train
5993,21_square,1,32,425.0,511.0,474.0,444.0,49.0,-67.0,train
5994,21_square,28,32,371.0,854.0,816.0,764.0,445.0,-90.0,train
5995,21_square,38,26,809.0,136.0,304.0,501.0,-505.0,365.0,train
5996,21_square,15,51,806.0,655.0,383.0,360.0,-423.0,-295.0,train
5997,21_square,5,63,139.0,611.0,845.0,377.0,706.0,-234.0,train
5999,21_square,67,11,713.0,634.0,399.0,625.0,-314.0,-9.0,train
6002,29_square,50,14,576.0,741.0,402.0,761.0,-174.0,20.0,train
6003,29_square,45,52,146.0,379.0,218.0,640.0,72.0,261.0,train
6004,29_square,8,17,851.0,457.0,651.0,799.0,-200.0,342.0,train
6005,29_square,67,50,392.0,272.0,278.0,187.0,-114.0,-85.0,train
6006,29_square,3,19,163.0,643.0,514.0,671.0,351.0,28.0,train
6007,29_square,25,3,590.0,136.0,126.0,224.0,-464.0,88.0,train
6008,29_square,2,52,803.0,454.0,353.0,656.0,-450.0,202.0,train
6009,29_square,56,50,185.0,647.0,458.0,672.0,273.0,25.0,train
6010,29_square,26,63,521.0,415.0,810.0,109.0,289.0,-306.0,train
6012,29_square,45,44,454.0,624.0,786.0,105.0,332.0,-519.0,train
6013,29_square,33,63,202.0,132.0,472.0,875.0,270.0,743.0,train
6015,29_square,66,47,531.0,795.0,517.0,410.0,-14.0,-385.0,train
6016,29_square,19,6,835.0,452.0,553.0,154.0,-282.0,-298.0,train
6017,29_square,67,34,215.0,493.0,492.0,240.0,277.0,-253.0,train
6018,29_square,49,67,157.0,758.0,343.0,208.0,186.0,-550.0,train
6019,29_square,23,27,311.0,396.0,122.0,489.0,-189.0,93.0,train
6021,29_square,50,67,477.0,137.0,230.0,623.0,-247.0,486.0,train
6022,29_square,21,6,738.0,738.0,180.0,706.0,-558.0,-32.0,train
6023,29_square,5,50,249.0,554.0,248.0,540.0,-1.0,-14.0,train
6024,29_square,9,44,589.0,432.0,754.0,848.0,165.0,416.0,train
6025,29_square,58,7,595.0,227.0,256.0,226.0,-339.0,-1.0,train
6026,29_square,63,61,822.0,212.0,374.0,210.0,-448.0,-2.0,train
6027,29_square,54,30,294.0,149.0,337.0,700.0,43.0,551.0,train
6028,29_square,64,50,380.0,797.0,437.0,110.0,57.0,-687.0,train
6029,29_square,7,25,572.0,859.0,900.0,748.0,328.0,-111.0,train
6031,29_square,65,38,511.0,616.0,594.0,321.0,83.0,-295.0,train
6032,29_square,10,59,513.0,553.0,630.0,354.0,117.0,-199.0,train
6033,29_square,41,58,129.0,405.0,368.0,786.0,239.0,381.0,train
6034,29_square,61,7,282.0,444.0,127.0,484.0,-155.0,40.0,train
6035,29_square,13,1,811.0,251.0,233.0,857.0,-578.0,606.0,train
6038,29_square,68,55,422.0,432.0,684.0,452.0,262.0,20.0,train
6040,29_square,48,37,794.0,595.0,338.0,221.0,-456.0,-374.0,train
6044,29_square,27,29,877.0,627.0,177.0,150.0,-700.0,-477.0,train
6045,29_square,34,36,585.0,320.0,237.0,351.0,-348.0,31.0,train
6046,29_square,23,26,899.0,517.0,591.0,595.0,-308.0,78.0,train
6047,29_square,13,1,740.0,766.0,826.0,468.0,86.0,-298.0,train
6048,29_square,19,51,179.0,470.0,364.0,253.0,185.0,-217.0,train
6049,29_square,29,21,394.0,127.0,475.0,842.0,81.0,715.0,train
6050,29_square,68,21,492.0,461.0,740.0,291.0,248.0,-170.0,train
6051,29_square,53,57,183.0,489.0,801.0,538.0,618.0,49.0,train
6053,29_square,58,67,528.0,402.0,729.0,318.0,201.0,-84.0,train
6054,29_square,2,14,545.0,178.0,424.0,399.0,-121.0,221.0,train
6056,29_square,62,10,194.0,798.0,579.0,898.0,385.0,100.0,train
6057,29_square,37,25,451.0,172.0,242.0,203.0,-209.0,31.0,train
6058,29_square,42,39,752.0,795.0,769.0,868.0,17.0,73.0,train
6061,29_square,47,36,653.0,757.0,164.0,100.0,-489.0,-657.0,train
6062,29_square,20,67,673.0,446.0,896.0,119.0,223.0,-327.0,train
6063,29_square,12,28,417.0,206.0,458.0,772.0,41.0,566.0,train
6064,29_square,17,13,386.0,301.0,694.0,637.0,308.0,336.0,train
6065,29_square,37,35,117.0,305.0,597.0,385.0,480.0,80.0,train
6066,29_square,33,54,883.0,498.0,432.0,477.0,-451.0,-21.0,train
6067,29_square,11,36,552.0,702.0,627.0,871.0,75.0,169.0,train
6069,29_square,37,53,473.0,425.0,141.0,596.0,-332.0,171.0,train
6070,29_square,62,27,201.0,755.0,765.0,133.0,564.0,-622.0,train
6071,29_square,65,62,747.0,225.0,317.0,560.0,-430.0,335.0,train
6072,29_square,38,65,652.0,845.0,608.0,199.0,-44.0,-646.0,train
6073,29_square,47,11,759.0,425.0,562.0,847.0,-197.0,422.0,train
6074,29_square,37,6,611.0,487.0,104.0,478.0,-507.0,-9.0,train
6075,29_square,45,25,858.0,454.0,627.0,397.0,-231.0,-57.0,train
6076,29_square,53,8,578.0,766.0,231.0,829.0,-347.0,63.0,train
6077,29_square,42,59,311.0,383.0,538.0,218.0,227.0,-165.0,train
6079,29_square,55,5,882.0,647.0,664.0,714.0,-218.0,67.0,train
6080,29_square,55,49,880.0,655.0,885.0,302.0,5.0,-353.0,train
6081,29_square,23,43,351.0,464.0,204.0,125.0,-147.0,-339.0,train
6083,29_square,19,37,472.0,235.0,234.0,329.0,-238.0,94.0,train
6084,29_square,26,47,481.0,880.0,183.0,567.0,-298.0,-313.0,train
6087,29_square,31,12,685.0,107.0,786.0,224.0,101.0,117.0,train
6088,29_square,29,14,517.0,602.0,556.0,483.0,39.0,-119.0,train
6089,29_square,29,36,696.0,246.0,134.0,331.0,-562.0,85.0,train
6090,29_square,17,15,245.0,663.0,455.0,328.0,210.0,-335.0,train
6091,29_square,12,26,252.0,540.0,647.0,799.0,395.0,259.0,train
6092,29_square,28,57,716.0,752.0,308.0,305.0,-408.0,-447.0,train
6093,29_square,56,28,403.0,129.0,284.0,591.0,-119.0,462.0,train
6094,29_square,64,33,832.0,846.0,675.0,117.0,-157.0,-729.0,train
6095,29_square,47,39,815.0,605.0,713.0,605.0,-102.0,0.0,train
6096,29_square,21,51,200.0,703.0,891.0,849.0,691.0,146.0,train
6097,29_square,6,3,347.0,266.0,553.0,275.0,206.0,9.0,train
6099,29_square,42,11,894.0,239.0,386.0,127.0,-508.0,-112.0,train
6100,29_square,63,52,734.0,847.0,483.0,378.0,-251.0,-469.0,train
6102,29_square,52,16,741.0,863.0,217.0,378.0,-524.0,-485.0,train
6103,29_square,2,47,647.0,552.0,472.0,340.0,-175.0,-212.0,train
6104,29_square,30,20,560.0,849.0,778.0,448.0,218.0,-401.0,train
6105,29_square,33,64,308.0,400.0,422.0,367.0,114.0,-33.0,train
6107,29_square,46,8,629.0,291.0,100.0,147.0,-529.0,-144.0,train
6108,29_square,4,14,807.0,465.0,127.0,405.0,-680.0,-60.0,train
6109,29_square,65,56,707.0,542.0,829.0,299.0,122.0,-243.0,train
6110,29_square,24,54,664.0,350.0,795.0,132.0,131.0,-218.0,train
6111,29_square,68,56,871.0,435.0,394.0,477.0,-477.0,42.0,train
6112,29_square,44,42,273.0,533.0,383.0,261.0,110.0,-272.0,train
6113,29_square,67,43,723.0,474.0,790.0,242.0,67.0,-232.0,train
6114,29_square,34,30,247.0,271.0,638.0,286.0,391.0,15.0,train
6115,29_square,8,45,459.0,667.0,402.0,898.0,-57.0,231.0,train
6116,29_square,43,64,457.0,866.0,508.0,669.0,51.0,-197.0,train
6117,29_square,0,9,465.0,358.0,445.0,257.0,-20.0,-101.0,train
6118,29_square,4,10,591.0,842.0,723.0,320.0,132.0,-522.0,train
6119,29_square,50,28,448.0,264.0,160.0,707.0,-288.0,443.0,train
6121,29_square,29,20,434.0,157.0,312.0,799.0,-122.0,642.0,train
6122,29_square,46,44,690.0,378.0,135.0,190.0,-555.0,-188.0,train
6124,29_square,61,1,215.0,537.0,132.0,502.0,-83.0,-35.0,train
6127,29_square,27,35,524.0,672.0,652.0,459.0,128.0,-213.0,train
6129,29_square,27,54,836.0,425.0,359.0,810.0,-477.0,385.0,train
6130,29_square,10,20,609.0,885.0,308.0,237.0,-301.0,-648.0,train
6131,29_square,14,7,133.0,469.0,848.0,752.0,715.0,283.0,train
6132,29_square,66,55,220.0,857.0,481.0,177.0,261.0,-680.0,train
6133,29_square,68,6,585.0,231.0,354.0,442.0,-231.0,211.0,train
6136,29_square,25,47,645.0,479.0,882.0,753.0,237.0,274.0,train
6138,29_square,64,41,209.0,107.0,851.0,167.0,642.0,60.0,train
6139,29_square,51,11,495.0,778.0,855.0,319.0,360.0,-459.0,train
6140,29_square,15,50,200.0,828.0,733.0,816.0,533.0,-12.0,train
6141,29_square,12,31,153.0,508.0,541.0,101.0,388.0,-407.0,train
6142,29_square,18,3,340.0,623.0,550.0,887.0,210.0,264.0,train
6144,29_square,38,31,777.0,873.0,168.0,387.0,-609.0,-486.0,train
6146,29_square,17,19,492.0,203.0,219.0,240.0,-273.0,37.0,train
6147,29_square,2,40,291.0,723.0,508.0,135.0,217.0,-588.0,train
6149,29_square,15,67,842.0,253.0,598.0,772.0,-244.0,519.0,train
6150,29_square,66,16,403.0,163.0,527.0,586.0,124.0,423.0,train
6151,29_square,56,38,212.0,385.0,643.0,807.0,431.0,422.0,train
6152,29_square,34,58,634.0,612.0,128.0,182.0,-506.0,-430.0,train
6153,29_square,1,26,748.0,350.0,783.0,595.0,35.0,245.0,train
6154,29_square,59,61,438.0,314.0,790.0,510.0,352.0,196.0,train
6155,29_square,43,41,564.0,359.0,767.0,212.0,203.0,-147.0,train
6157,29_square,31,59,872.0,631.0,406.0,835.0,-466.0,204.0,train
6158,29_square,26,53,452.0,877.0,510.0,576.0,58.0,-301.0,train
6159,29_square,42,20,874.0,280.0,613.0,547.0,-261.0,267.0,train
6160,29_square,46,27,657.0,219.0,550.0,772.0,-107.0,553.0,train
6161,29_square,67,17,204.0,186.0,219.0,713.0,15.0,527.0,train
6163,29_square,22,60,119.0,351.0,785.0,560.0,666.0,209.0,train
6166,29_square,38,25,648.0,707.0,164.0,446.0,-484.0,-261.0,train
6168,29_square,23,30,594.0,713.0,232.0,369.0,-362.0,-344.0,train
6170,29_square,4,19,135.0,771.0,324.0,212.0,189.0,-559.0,train
6171,29_square,59,4,362.0,247.0,458.0,345.0,96.0,98.0,train
6173,29_square,68,59,894.0,676.0,244.0,719.0,-650.0,43.0,train
6175,29_square,28,5,374.0,429.0,483.0,170.0,109.0,-259.0,train
6176,29_square,54,30,641.0,261.0,735.0,782.0,94.0,521.0,train
6177,29_square,23,60,134.0,247.0,652.0,550.0,518.0,303.0,train
6179,29_square,14,54,130.0,508.0,888.0,789.0,758.0,281.0,train
6180,29_square,31,57,458.0,411.0,347.0,784.0,-111.0,373.0,train
6181,29_square,2,13,182.0,325.0,607.0,624.0,425.0,299.0,train
6182,29_square,22,65,750.0,807.0,804.0,688.0,54.0,-119.0,train
6183,29_square,57,9,246.0,615.0,332.0,857.0,86.0,242.0,train
6185,29_square,48,17,269.0,413.0,695.0,229.0,426.0,-184.0,train
6186,29_square,32,30,582.0,586.0,417.0,413.0,-165.0,-173.0,train
6187,29_square,47,39,660.0,353.0,593.0,751.0,-67.0,398.0,train
6188,29_square,48,16,578.0,144.0,507.0,525.0,-71.0,381.0,train
6189,29_square,1,0,356.0,288.0,625.0,813.0,269.0,525.0,train
6190,29_square,28,46,697.0,832.0,418.0,268.0,-279.0,-564.0,train
6191,29_square,14,15,224.0,659.0,658.0,612.0,434.0,-47.0,train
6193,29_square,45,54,588.0,340.0,221.0,732.0,-367.0,392.0,train
6194,29_square,38,45,215.0,114.0,211.0,716.0,-4.0,602.0,train
6195,29_square,33,33,690.0,800.0,318.0,341.0,-372.0,-459.0,train
6196,29_square,8,67,258.0,843.0,670.0,762.0,412.0,-81.0,train
6197,29_square,0,11,129.0,553.0,536.0,393.0,407.0,-160.0,train
6198,29_square,63,25,874.0,884.0,183.0,458.0,-691.0,-426.0,train
6202,29_square,7,45,408.0,841.0,567.0,122.0,159.0,-719.0,train
6203,29_square,25,20,713.0,708.0,644.0,340.0,-69.0,-368.0,train
6204,29_square,15,13,446.0,284.0,332.0,180.0,-114.0,-104.0,train
6207,29_square,38,32,612.0,824.0,593.0,886.0,-19.0,62.0,train
6208,29_square,25,1,889.0,783.0,144.0,336.0,-745.0,-447.0,train
6209,29_square,20,49,487.0,304.0,616.0,219.0,129.0,-85.0,train
6211,29_square,25,15,278.0,893.0,573.0,252.0,295.0,-641.0,train
6212,29_square,30,11,143.0,544.0,318.0,144.0,175.0,-400.0,train
6213,29_square,26,44,344.0,295.0,463.0,885.0,119.0,590.0,train
6214,29_square,6,57,830.0,792.0,666.0,607.0,-164.0,-185.0,train
6215,29_square,24,5,871.0,131.0,358.0,311.0,-513.0,180.0,train
6217,29_square,36,50,503.0,437.0,655.0,212.0,152.0,-225.0,train
6219,29_square,55,1,842.0,240.0,772.0,355.0,-70.0,115.0,train
6220,29_square,61,61,583.0,455.0,123.0,762.0,-460.0,307.0,train
6221,29_square,3,46,526.0,250.0,900.0,529.0,374.0,279.0,train
6223,29_square,35,35,397.0,218.0,588.0,302.0,191.0,84.0,train
6224,29_square,46,32,262.0,451.0,460.0,654.0,198.0,203.0,train
6225,29_square,22,26,674.0,801.0,836.0,849.0,162.0,48.0,train
6226,29_square,13,59,100.0,535.0,396.0,133.0,296.0,-402.0,train
6228,29_square,57,38,375.0,183.0,391.0,601.0,16.0,418.0,train
6229,29_square,37,2,352.0,163.0,716.0,116.0,364.0,-47.0,train
6230,29_square,60,4,871.0,678.0,370.0,236.0,-501.0,-442.0,train
6236,29_square,19,51,176.0,573.0,252.0,735.0,76.0,162.0,train
6237,29_square,12,63,312.0,846.0,892.0,767.0,580.0,-79.0,train
6239,29_square,31,16,858.0,133.0,280.0,323.0,-578.0,190.0,train
6240,29_square,29,14,343.0,451.0,478.0,524.0,135.0,73.0,train
6241,29_square,56,33,421.0,875.0,154.0,376.0,-267.0,-499.0,train
6242,29_square,32,3,810.0,452.0,396.0,751.0,-414.0,299.0,train
6243,29_square,34,17,264.0,600.0,114.0,131.0,-150.0,-469.0,train
6244,29_square,53,7,796.0,198.0,274.0,561.0,-522.0,363.0,train
6245,29_square,24,9,525.0,824.0,568.0,628.0,43.0,-196.0,train
6246,29_square,33,68,551.0,658.0,194.0,458.0,-357.0,-200.0,train
6247,29_square,0,19,875.0,413.0,893.0,652.0,18.0,239.0,train
6248,29_square,60,34,487.0,469.0,301.0,233.0,-186.0,-236.0,train
6250,29_square,42,18,473.0,802.0,523.0,390.0,50.0,-412.0,train
6251,29_square,7,5,537.0,424.0,571.0,509.0,34.0,85.0,train
6253,29_square,18,65,702.0,774.0,601.0,482.0,-101.0,-292.0,train
6254,29_square,6,51,114.0,157.0,237.0,517.0,123.0,360.0,train
6257,29_square,7,37,278.0,370.0,717.0,501.0,439.0,131.0,train
6259,29_square,34,66,441.0,355.0,564.0,571.0,123.0,216.0,train
6260,29_square,36,33,826.0,438.0,810.0,373.0,-16.0,-65.0,train
6262,29_square,9,14,294.0,786.0,370.0,640.0,76.0,-146.0,train
6263,29_square,24,8,803.0,330.0,290.0,650.0,-513.0,320.0,train
6264,29_square,65,62,156.0,378.0,710.0,212.0,554.0,-166.0,train
6265,29_square,13,51,816.0,822.0,565.0,695.0,-251.0,-127.0,train
6267,29_square,8,51,861.0,866.0,636.0,704.0,-225.0,-162.0,train
6268,29_square,0,65,318.0,721.0,610.0,659.0,292.0,-62.0,train
6269,29_square,11,17,739.0,387.0,697.0,502.0,-42.0,115.0,train
6270,29_square,12,65,416.0,618.0,118.0,338.0,-298.0,-280.0,train
6271,29_square,19,42,791.0,840.0,784.0,178.0,-7.0,-662.0,train
6272,29_square,34,3,626.0,839.0,632.0,892.0,6.0,53.0,train
6273,29_square,64,7,858.0,530.0,475.0,514.0,-383.0,-16.0,train
6274,29_square,44,68,885.0,643.0,417.0,155.0,-468.0,-488.0,train
6275,29_square,68,1,438.0,408.0,865.0,758.0,427.0,350.0,train
6276,29_square,25,27,727.0,100.0,337.0,122.0,-390.0,22.0,train
6277,29_square,39,46,672.0,562.0,407.0,173.0,-265.0,-389.0,train
6279,29_square,51,27,326.0,833.0,822.0,663.0,496.0,-170.0,train
6280,29_square,29,52,888.0,346.0,545.0,569.0,-343.0,223.0,train
6281,29_square,20,2,542.0,124.0,673.0,142.0,131.0,18.0,train
6283,29_square,26,39,604.0,762.0,275.0,863.0,-329.0,101.0,train
6284,29_square,12,38,829.0,473.0,482.0,327.0,-347.0,-146.0,train
6286,29_square,60,28,754.0,391.0,496.0,821.0,-258.0,430.0,train
6287,29_square,51,39,435.0,854.0,797.0,472.0,362.0,-382.0,train
6288,29_square,19,11,428.0,448.0,236.0,771.0,-192.0,323.0,train
6289,29_square,16,4,688.0,390.0,267.0,492.0,-421.0,102.0,train
6291,29_square,34,28,138.0,443.0,682.0,188.0,544.0,-255.0,train
6292,29_square,16,50,754.0,191.0,643.0,640.0,-111.0,449.0,train
6293,29_square,59,67,125.0,489.0,886.0,766.0,761.0,277.0,train
6294,29_square,54,43,348.0,494.0,383.0,674.0,35.0,180.0,train
6295,29_square,35,5,414.0,331.0,236.0,246.0,-178.0,-85.0,train
6296,29_square,36,6,731.0,656.0,641.0,506.0,-90.0,-150.0,train
6298,29_square,42,59,561.0,403.0,333.0,466.0,-228.0,63.0,train
6299,29_square,40,59,757.0,775.0,497.0,380.0,-260.0,-395.0,train
6301,29_square,24,31,812.0,888.0,633.0,267.0,-179.0,-621.0,train
6302,29_square,6,4,801.0,372.0,149.0,754.0,-652.0,382.0,train
6304,29_square,26,62,110.0,555.0,165.0,711.0,55.0,156.0,train
6305,29_square,57,2,171.0,428.0,490.0,505.0,319.0,77.0,train
6306,29_square,53,32,636.0,336.0,643.0,692.0,7.0,356.0,train
6307,29_square,39,29,772.0,333.0,246.0,403.0,-526.0,70.0,train
6308,29_square,15,35,700.0,561.0,439.0,413.0,-261.0,-148.0,train
6309,29_square,46,41,735.0,452.0,129.0,312.0,-606.0,-140.0,train
6310,29_square,66,15,568.0,418.0,296.0,878.0,-272.0,460.0,train
6311,29_square,17,4,307.0,760.0,668.0,224.0,361.0,-536.0,train
6312,29_square,51,67,487.0,578.0,712.0,709.0,225.0,131.0,train
6313,29_square,39,38,182.0,702.0,150.0,729.0,-32.0,27.0,train
6314,29_square,29,17,115.0,695.0,865.0,618.0,750.0,-77.0,train
6315,29_square,58,28,739.0,586.0,220.0,269.0,-519.0,-317.0,train
6316,29_square,51,38,320.0,484.0,313.0,304.0,-7.0,-180.0,train
6317,29_square,5,11,898.0,275.0,595.0,346.0,-303.0,71.0,train
6318,29_square,54,59,381.0,185.0,593.0,761.0,212.0,576.0,train
6320,29_square,46,66,344.0,449.0,585.0,285.0,241.0,-164.0,train
6321,29_square,17,6,723.0,113.0,699.0,700.0,-24.0,587.0,train
6322,29_square,19,53,778.0,372.0,661.0,849.0,-117.0,477.0,train
6323,29_square,1,46,748.0,328.0,319.0,279.0,-429.0,-49.0,train
6325,29_square,22,25,329.0,556.0,663.0,680.0,334.0,124.0,train
6326,29_square,26,61,576.0,546.0,556.0,763.0,-20.0,217.0,train
6327,29_square,51,23,837.0,677.0,171.0,556.0,-666.0,-121.0,train
6328,29_square,23,44,373.0,302.0,447.0,297.0,74.0,-5.0,train
6329,29_square,58,6,585.0,428.0,423.0,506.0,-162.0,78.0,train
6331,29_square,54,24,564.0,715.0,451.0,790.0,-113.0,75.0,train
6332,29_square,13,45,557.0,647.0,429.0,727.0,-128.0,80.0,train
6335,29_square,9,14,746.0,713.0,447.0,751.0,-299.0,38.0,train
6336,29_square,19,38,275.0,597.0,370.0,556.0,95.0,-41.0,train
6338,29_square,45,13,624.0,474.0,652.0,794.0,28.0,320.0,train
6339,29_square,54,63,616.0,648.0,562.0,334.0,-54.0,-314.0,train
6342,29_square,12,28,793.0,739.0,389.0,315.0,-404.0,-424.0,train
6343,29_square,21,49,899.0,220.0,388.0,809.0,-511.0,589.0,train
6344,29_square,61,35,373.0,442.0,388.0,431.0,15.0,-11.0,train
6345,29_square,67,37,514.0,362.0,443.0,625.0,-71.0,263.0,train
6346,29_square,1,6,815.0,252.0,845.0,680.0,30.0,428.0,train
6347,29_square,58,32,509.0,346.0,503.0,540.0,-6.0,194.0,train
6348,29_square,6,5,390.0,843.0,598.0,311.0,208.0,-532.0,train
6349,29_square,68,32,420.0,389.0,624.0,475.0,204.0,86.0,train
6350,29_square,45,45,384.0,323.0,759.0,471.0,375.0,148.0,train
6351,29_square,16,34,464.0,610.0,271.0,569.0,-193.0,-41.0,train
6352,29_square,52,68,429.0,355.0,444.0,469.0,15.0,114.0,train
6353,29_square,62,28,268.0,867.0,575.0,831.0,307.0,-36.0,train
6354,29_square,58,28,367.0,456.0,329.0,500.0,-38.0,44.0,train
6355,29_square,29,37,623.0,201.0,480.0,686.0,-143.0,485.0,train
6356,29_square,61,42,603.0,204.0,551.0,307.0,-52.0,103.0,train
6357,29_square,3,44,869.0,597.0,329.0,429.0,-540.0,-168.0,train
6358,29_square,46,14,328.0,885.0,123.0,472.0,-205.0,-413.0,train
6360,29_square,48,13,424.0,827.0,450.0,727.0,26.0,-100.0,train
6361,29_square,57,65,507.0,515.0,316.0,460.0,-191.0,-55.0,train
6362,29_square,4,41,258.0,590.0,449.0,799.0,191.0,209.0,train
6363,29_square,53,56,409.0,654.0,381.0,315.0,-28.0,-339.0,train
6364,29_square,68,9,363.0,282.0,890.0,411.0,527.0,129.0,train
6365,29_square,49,2,254.0,307.0,480.0,682.0,226.0,375.0,train
6366,29_square,41,50,695.0,283.0,226.0,386.0,-469.0,103.0,train
6367,29_square,20,26,756.0,640.0,625.0,588.0,-131.0,-52.0,train
6368,29_square,2,0,465.0,450.0,817.0,521.0,352.0,71.0,train
6369,29_square,42,3,703.0,366.0,858.0,286.0,155.0,-80.0,train
6371,29_square,16,24,553.0,296.0,872.0,760.0,319.0,464.0,train
6372,29_square,54,27,827.0,452.0,215.0,721.0,-612.0,269.0,train
6374,29_square,26,68,120.0,462.0,463.0,525.0,343.0,63.0,train
6375,29_square,59,28,664.0,325.0,244.0,132.0,-420.0,-193.0,train
6376,29_square,41,4,894.0,107.0,110.0,526.0,-784.0,419.0,train
6377,29_square,40,41,248.0,513.0,392.0,381.0,144.0,-132.0,train
6379,29_square,32,31,167.0,608.0,483.0,564.0,316.0,-44.0,train
6380,29_square,11,8,179.0,848.0,750.0,245.0,571.0,-603.0,train
6384,29_square,26,12,142.0,465.0,720.0,663.0,578.0,198.0,train
6385,29_square,43,16,293.0,832.0,191.0,354.0,-102.0,-478.0,train
6386,29_square,68,41,786.0,256.0,673.0,626.0,-113.0,370.0,train
6387,29_square,50,6,512.0,773.0,298.0,644.0,-214.0,-129.0,train
6389,29_square,49,11,165.0,430.0,611.0,272.0,446.0,-158.0,train
6391,29_square,42,0,446.0,385.0,151.0,350.0,-295.0,-35.0,train
6392,29_square,15,65,849.0,591.0,424.0,764.0,-425.0,173.0,train
6393,29_square,16,1,675.0,327.0,580.0,372.0,-95.0,45.0,train
6394,29_square,53,61,809.0,389.0,454.0,455.0,-355.0,66.0,train
6395,29_square,62,41,330.0,676.0,715.0,503.0,385.0,-173.0,train
6396,29_square,30,14,389.0,363.0,750.0,824.0,361.0,461.0,train
6397,29_square,58,19,274.0,274.0,558.0,883.0,284.0,609.0,train
6398,29_square,9,60,321.0,307.0,611.0,568.0,290.0,261.0,train
6399,29_square,45,31,132.0,368.0,611.0,576.0,479.0,208.0,train
6400,29_square,27,6,564.0,722.0,600.0,661.0,36.0,-61.0,train
6401,29_square,12,45,742.0,433.0,724.0,116.0,-18.0,-317.0,train
6402,29_square,33,28,873.0,376.0,252.0,218.0,-621.0,-158.0,train
6403,29_square,58,55,244.0,833.0,487.0,523.0,243.0,-310.0,train
6404,29_square,5,0,161.0,345.0,467.0,218.0,306.0,-127.0,train
6405,29_square,35,50,332.0,676.0,141.0,627.0,-191.0,-49.0,train
6406,29_square,6,11,181.0,355.0,658.0,385.0,477.0,30.0,train
6408,29_square,26,43,718.0,224.0,446.0,448.0,-272.0,224.0,train
6409,29_square,32,54,363.0,286.0,113.0,558.0,-250.0,272.0,train
6410,29_square,17,3,534.0,749.0,387.0,506.0,-147.0,-243.0,train
6411,29_square,43,7,683.0,154.0,681.0,725.0,-2.0,571.0,train
6412,29_square,27,61,545.0,537.0,881.0,455.0,336.0,-82.0,train
6413,29_square,17,68,146.0,498.0,468.0,565.0,322.0,67.0,train
6414,29_square,43,21,628.0,363.0,549.0,330.0,-79.0,-33.0,train
6415,29_square,1,43,751.0,393.0,504.0,314.0,-247.0,-79.0,train
6417,29_square,48,12,357.0,290.0,811.0,535.0,454.0,245.0,train
6418,29_square,29,2,287.0,899.0,190.0,337.0,-97.0,-562.0,train
6419,29_square,37,49,181.0,439.0,616.0,663.0,435.0,224.0,train
6421,29_square,5,68,599.0,891.0,398.0,618.0,-201.0,-273.0,train
6422,29_square,63,48,561.0,893.0,768.0,204.0,207.0,-689.0,train
6423,29_square,49,14,229.0,602.0,311.0,880.0,82.0,278.0,train
6425,29_square,30,20,378.0,666.0,886.0,510.0,508.0,-156.0,train
6426,29_square,57,20,611.0,524.0,466.0,497.0,-145.0,-27.0,train
6428,29_square,51,31,266.0,756.0,600.0,125.0,334.0,-631.0,train
6430,29_square,58,23,553.0,698.0,299.0,554.0,-254.0,-144.0,train
6431,29_square,9,43,678.0,644.0,817.0,101.0,139.0,-543.0,train
6432,29_square,36,23,886.0,425.0,270.0,885.0,-616.0,460.0,train
6434,29_square,55,7,619.0,671.0,847.0,733.0,228.0,62.0,train
6435,29_square,57,13,256.0,835.0,671.0,690.0,415.0,-145.0,train
6436,29_square,66,16,485.0,349.0,324.0,636.0,-161.0,287.0,train
6437,29_square,46,10,893.0,726.0,416.0,632.0,-477.0,-94.0,train
6438,29_square,42,57,157.0,863.0,345.0,118.0,188.0,-745.0,train
6439,29_square,9,67,657.0,344.0,286.0,807.0,-371.0,463.0,train
6440,29_square,65,6,694.0,856.0,823.0,479.0,129.0,-377.0,train
6442,29_square,49,14,548.0,701.0,741.0,182.0,193.0,-519.0,train
6445,29_square,25,28,659.0,753.0,821.0,654.0,162.0,-99.0,train
6449,29_square,39,52,159.0,343.0,655.0,239.0,496.0,-104.0,train
6450,29_square,16,57,391.0,806.0,537.0,320.0,146.0,-486.0,train
6451,29_square,32,25,821.0,203.0,526.0,838.0,-295.0,635.0,train
6452,29_square,1,56,880.0,846.0,617.0,138.0,-263.0,-708.0,train
6453,29_square,21,22,128.0,182.0,373.0,877.0,245.0,695.0,train
6454,29_square,15,34,478.0,328.0,807.0,644.0,329.0,316.0,train
6455,29_square,1,37,617.0,255.0,492.0,368.0,-125.0,113.0,train
6456,29_square,55,34,271.0,600.0,288.0,472.0,17.0,-128.0,train
6457,29_square,64,61,475.0,166.0,840.0,707.0,365.0,541.0,train
6459,29_square,64,5,835.0,433.0,534.0,490.0,-301.0,57.0,train
6460,29_square,39,20,192.0,386.0,672.0,503.0,480.0,117.0,train
6461,29_square,57,67,145.0,335.0,367.0,603.0,222.0,268.0,train
6462,29_square,3,61,849.0,580.0,274.0,671.0,-575.0,91.0,train
6463,29_square,48,21,306.0,490.0,214.0,854.0,-92.0,364.0,train
6464,29_square,34,62,490.0,847.0,247.0,653.0,-243.0,-194.0,train
6465,29_square,33,64,311.0,860.0,334.0,185.0,23.0,-675.0,train
6466,29_square,45,11,517.0,610.0,496.0,621.0,-21.0,11.0,train
6467,29_square,15,57,239.0,623.0,250.0,322.0,11.0,-301.0,train
6468,29_square,5,29,661.0,760.0,177.0,178.0,-484.0,-582.0,train
6469,29_square,58,8,322.0,551.0,314.0,100.0,-8.0,-451.0,train
6470,29_square,21,4,252.0,692.0,619.0,459.0,367.0,-233.0,train
6473,29_square,45,10,499.0,333.0,240.0,172.0,-259.0,-161.0,train
6474,29_square,19,0,400.0,146.0,204.0,893.0,-196.0,747.0,train
6475,29_square,49,59,347.0,464.0,103.0,705.0,-244.0,241.0,train
6477,29_square,67,29,318.0,157.0,248.0,172.0,-70.0,15.0,train
6478,29_square,1,41,628.0,225.0,413.0,284.0,-215.0,59.0,train
6479,29_square,37,50,892.0,493.0,707.0,880.0,-185.0,387.0,train
6480,29_square,36,24,105.0,576.0,775.0,174.0,670.0,-402.0,train
6482,29_square,58,55,785.0,366.0,423.0,362.0,-362.0,-4.0,train
6483,29_square,28,7,531.0,349.0,581.0,651.0,50.0,302.0,train
6484,29_square,57,44,224.0,237.0,210.0,283.0,-14.0,46.0,train
6485,29_square,26,39,366.0,818.0,528.0,336.0,162.0,-482.0,train
6486,29_square,46,37,711.0,126.0,349.0,139.0,-362.0,13.0,train
6487,29_square,35,21,212.0,334.0,800.0,824.0,588.0,490.0,train
6488,29_square,24,26,215.0,403.0,511.0,187.0,296.0,-216.0,train
6489,29_square,43,5,897.0,523.0,357.0,448.0,-540.0,-75.0,train
6490,29_square,50,58,279.0,376.0,238.0,344.0,-41.0,-32.0,train
6492,29_square,51,32,297.0,465.0,707.0,899.0,410.0,434.0,train
6493,29_square,15,41,381.0,311.0,610.0,782.0,229.0,471.0,train
6494,29_square,27,14,571.0,197.0,200.0,667.0,-371.0,470.0,train
6495,29_square,22,24,125.0,715.0,250.0,519.0,125.0,-196.0,train
6497,29_square,62,11,894.0,230.0,343.0,131.0,-551.0,-99.0,train
6498,29_square,57,54,678.0,853.0,842.0,465.0,164.0,-388.0,train
6499,29_square,56,64,276.0,191.0,442.0,326.0,166.0,135.0,train
6500,28_square,8,59,481.0,237.0,698.0,813.0,217.0,576.0,train
6501,28_square,42,50,269.0,812.0,471.0,380.0,202.0,-432.0,train
6502,28_square,31,7,231.0,190.0,490.0,445.0,259.0,255.0,train
6503,28_square,39,38,824.0,237.0,314.0,391.0,-510.0,154.0,train
6505,28_square,15,43,258.0,514.0,323.0,455.0,65.0,-59.0,train
6506,28_square,61,49,680.0,140.0,600.0,667.0,-80.0,527.0,train
6507,28_square,6,67,134.0,790.0,372.0,500.0,238.0,-290.0,train
6509,28_square,53,64,399.0,591.0,491.0,254.0,92.0,-337.0,train
6510,28_square,59,45,397.0,279.0,547.0,724.0,150.0,445.0,train
6511,28_square,30,46,620.0,521.0,776.0,797.0,156.0,276.0,train
6513,28_square,31,41,756.0,268.0,149.0,552.0,-607.0,284.0,train
6514,28_square,55,51,462.0,790.0,308.0,364.0,-154.0,-426.0,train
6516,28_square,34,7,570.0,767.0,164.0,680.0,-406.0,-87.0,train
6517,28_square,1,17,557.0,606.0,304.0,620.0,-253.0,14.0,train
6519,28_square,50,49,322.0,518.0,100.0,737.0,-222.0,219.0,train
6520,28_square,32,39,637.0,480.0,629.0,713.0,-8.0,233.0,train
6521,28_square,1,9,491.0,316.0,514.0,165.0,23.0,-151.0,train
6522,28_square,37,66,674.0,699.0,774.0,351.0,100.0,-348.0,train
6523,28_square,62,26,415.0,262.0,200.0,574.0,-215.0,312.0,train
6525,28_square,30,68,612.0,642.0,797.0,489.0,185.0,-153.0,train
6526,28_square,30,61,327.0,780.0,591.0,678.0,264.0,-102.0,train
6528,28_square,14,9,396.0,168.0,470.0,755.0,74.0,587.0,train
6529,28_square,17,58,771.0,662.0,829.0,834.0,58.0,172.0,train
6530,28_square,53,47,281.0,418.0,323.0,631.0,42.0,213.0,train
6531,28_square,26,5,560.0,158.0,478.0,690.0,-82.0,532.0,train
6532,28_square,7,37,761.0,485.0,775.0,581.0,14.0,96.0,train
6533,28_square,64,40,277.0,175.0,244.0,599.0,-33.0,424.0,train
6534,28_square,35,45,833.0,654.0,204.0,736.0,-629.0,82.0,train
6535,28_square,37,56,525.0,691.0,725.0,492.0,200.0,-199.0,train
6536,28_square,51,45,692.0,819.0,364.0,362.0,-328.0,-457.0,train
6537,28_square,61,14,683.0,714.0,693.0,604.0,10.0,-110.0,train
6539,28_square,47,29,475.0,733.0,747.0,604.0,272.0,-129.0,train
6541,28_square,50,19,435.0,736.0,530.0,682.0,95.0,-54.0,train
6543,28_square,10,58,784.0,583.0,831.0,348.0,47.0,-235.0,train
6544,28_square,51,20,856.0,884.0,681.0,848.0,-175.0,-36.0,train
6545,28_square,48,1,857.0,560.0,332.0,215.0,-525.0,-345.0,train
6546,28_square,67,6,467.0,668.0,754.0,213.0,287.0,-455.0,train
6547,28_square,2,67,322.0,777.0,215.0,405.0,-107.0,-372.0,train
6548,28_square,24,3,175.0,272.0,169.0,613.0,-6.0,341.0,train
6549,28_square,22,59,412.0,472.0,205.0,899.0,-207.0,427.0,train
6551,28_square,45,62,758.0,519.0,342.0,770.0,-416.0,251.0,train
6553,28_square,35,29,394.0,110.0,289.0,753.0,-105.0,643.0,train
6554,28_square,46,2,300.0,255.0,316.0,360.0,16.0,105.0,train
6555,28_square,29,2,706.0,372.0,224.0,439.0,-482.0,67.0,train
6556,28_square,39,26,125.0,116.0,315.0,586.0,190.0,470.0,train
6557,28_square,38,21,120.0,626.0,776.0,722.0,656.0,96.0,train
6559,28_square,26,37,652.0,174.0,744.0,723.0,92.0,549.0,train
6560,28_square,11,37,865.0,638.0,619.0,251.0,-246.0,-387.0,train
6561,28_square,26,40,603.0,370.0,544.0,198.0,-59.0,-172.0,train
6562,28_square,43,64,317.0,105.0,386.0,791.0,69.0,686.0,train
6563,28_square,46,27,231.0,687.0,815.0,789.0,584.0,102.0,train
6564,28_square,65,25,771.0,797.0,676.0,610.0,-95.0,-187.0,train
6565,28_square,29,4,684.0,320.0,172.0,281.0,-512.0,-39.0,train
6567,28_square,26,59,683.0,821.0,499.0,558.0,-184.0,-263.0,train
6568,28_square,24,14,870.0,277.0,839.0,663.0,-31.0,386.0,train
6569,28_square,52,26,280.0,866.0,265.0,622.0,-15.0,-244.0,train
6570,28_square,49,67,758.0,128.0,287.0,620.0,-471.0,492.0,train
6571,28_square,39,0,871.0,671.0,812.0,204.0,-59.0,-467.0,train
6572,28_square,51,11,119.0,357.0,161.0,536.0,42.0,179.0,train
6573,28_square,53,41,546.0,604.0,274.0,385.0,-272.0,-219.0,train
6574,28_square,12,35,724.0,183.0,629.0,244.0,-95.0,61.0,train
6575,28_square,16,53,885.0,711.0,581.0,876.0,-304.0,165.0,train
6576,28_square,38,35,797.0,271.0,220.0,794.0,-577.0,523.0,train
6577,28_square,52,44,659.0,766.0,800.0,452.0,141.0,-314.0,train
6578,28_square,18,65,743.0,584.0,338.0,891.0,-405.0,307.0,train
6579,28_square,1,4,801.0,826.0,170.0,451.0,-631.0,-375.0,train
6583,28_square,58,23,769.0,402.0,378.0,263.0,-391.0,-139.0,train
6584,28_square,56,18,595.0,546.0,604.0,716.0,9.0,170.0,train
6585,28_square,10,46,831.0,221.0,148.0,501.0,-683.0,280.0,train
6587,28_square,5,64,747.0,288.0,717.0,192.0,-30.0,-96.0,train
6588,28_square,61,67,259.0,189.0,448.0,368.0,189.0,179.0,train
6589,28_square,60,9,355.0,449.0,155.0,722.0,-200.0,273.0,train
6590,28_square,30,19,469.0,460.0,836.0,640.0,367.0,180.0,train
6592,28_square,56,16,365.0,780.0,132.0,807.0,-233.0,27.0,train
6593,28_square,68,62,386.0,637.0,850.0,468.0,464.0,-169.0,train
6594,28_square,8,37,499.0,137.0,360.0,489.0,-139.0,352.0,train
6595,28_square,47,66,730.0,896.0,639.0,165.0,-91.0,-731.0,train
6596,28_square,62,15,722.0,870.0,566.0,444.0,-156.0,-426.0,train
6597,28_square,39,50,546.0,376.0,600.0,345.0,54.0,-31.0,train
6598,28_square,24,44,306.0,522.0,431.0,711.0,125.0,189.0,train
6599,28_square,26,19,591.0,658.0,464.0,413.0,-127.0,-245.0,train
6600,28_square,27,15,223.0,521.0,536.0,710.0,313.0,189.0,train
6601,28_square,59,67,300.0,556.0,505.0,804.0,205.0,248.0,train
6603,28_square,0,33,337.0,332.0,654.0,450.0,317.0,118.0,train
6605,28_square,29,49,564.0,188.0,736.0,478.0,172.0,290.0,train
6607,28_square,2,41,781.0,323.0,487.0,205.0,-294.0,-118.0,train
6608,28_square,23,37,619.0,418.0,208.0,449.0,-411.0,31.0,train
6609,28_square,15,21,752.0,463.0,455.0,495.0,-297.0,32.0,train
6610,28_square,25,23,230.0,730.0,425.0,892.0,195.0,162.0,train
6612,28_square,57,59,884.0,815.0,760.0,220.0,-124.0,-595.0,train
6613,28_square,26,20,705.0,416.0,291.0,138.0,-414.0,-278.0,train
6614,28_square,47,7,621.0,141.0,714.0,697.0,93.0,556.0,train
6615,28_square,26,35,683.0,598.0,712.0,630.0,29.0,32.0,train
6616,28_square,20,60,703.0,681.0,572.0,544.0,-131.0,-137.0,train
6618,28_square,61,58,450.0,278.0,215.0,724.0,-235.0,446.0,train
6620,28_square,64,58,448.0,785.0,332.0,255.0,-116.0,-530.0,train
6622,28_square,60,23,213.0,652.0,798.0,709.0,585.0,57.0,train
6623,28_square,52,68,523.0,792.0,640.0,575.0,117.0,-217.0,train
6624,28_square,63,45,123.0,450.0,394.0,245.0,271.0,-205.0,train
6625,28_square,5,9,880.0,761.0,213.0,306.0,-667.0,-455.0,train
6626,28_square,33,23,690.0,520.0,367.0,812.0,-323.0,292.0,train
6627,28_square,34,14,679.0,705.0,175.0,256.0,-504.0,-449.0,train
6629,28_square,15,61,235.0,480.0,768.0,118.0,533.0,-362.0,train
6630,28_square,20,25,628.0,722.0,219.0,151.0,-409.0,-571.0,train
6631,28_square,44,20,786.0,787.0,493.0,237.0,-293.0,-550.0,train
6632,28_square,11,40,711.0,271.0,101.0,313.0,-610.0,42.0,train
6633,28_square,51,0,895.0,751.0,344.0,467.0,-551.0,-284.0,train
6634,28_square,47,24,252.0,208.0,839.0,407.0,587.0,199.0,train
6635,28_square,35,0,875.0,616.0,441.0,414.0,-434.0,-202.0,train
6638,28_square,31,32,139.0,171.0,692.0,814.0,553.0,643.0,train
6639,28_square,41,51,262.0,860.0,295.0,614.0,33.0,-246.0,train
6640,28_square,43,1,572.0,430.0,300.0,638.0,-272.0,208.0,train
6641,28_square,2,41,284.0,172.0,795.0,492.0,511.0,320.0,train
6643,28_square,7,22,761.0,100.0,235.0,595.0,-526.0,495.0,train
6644,28_square,60,35,317.0,853.0,665.0,641.0,348.0,-212.0,train
6645,28_square,51,41,463.0,287.0,675.0,283.0,212.0,-4.0,train
6646,28_square,53,30,582.0,146.0,529.0,792.0,-53.0,646.0,train
6647,28_square,68,27,619.0,510.0,677.0,831.0,58.0,321.0,train
6648,28_square,61,22,141.0,738.0,401.0,314.0,260.0,-424.0,train
6649,28_square,60,39,759.0,879.0,261.0,792.0,-498.0,-87.0,train
6651,28_square,22,59,123.0,289.0,484.0,360.0,361.0,71.0,train
6654,28_square,35,42,739.0,103.0,100.0,115.0,-639.0,12.0,train
6655,28_square,27,45,804.0,541.0,142.0,504.0,-662.0,-37.0,train
6656,28_square,10,15,526.0,163.0,278.0,193.0,-248.0,30.0,train
6658,28_square,21,26,409.0,483.0,497.0,737.0,88.0,254.0,train
6659,28_square,61,47,529.0,690.0,728.0,692.0,199.0,2.0,train
6660,28_square,29,15,132.0,450.0,233.0,474.0,101.0,24.0,train
6662,28_square,0,37,711.0,481.0,253.0,489.0,-458.0,8.0,train
6663,28_square,6,21,856.0,811.0,601.0,800.0,-255.0,-11.0,train
6664,28_square,15,26,197.0,872.0,546.0,224.0,349.0,-648.0,train
6666,28_square,49,65,244.0,844.0,446.0,295.0,202.0,-549.0,train
6668,28_square,20,16,707.0,554.0,228.0,651.0,-479.0,97.0,train
6669,28_square,25,67,346.0,245.0,882.0,648.0,536.0,403.0,train
6670,28_square,68,62,682.0,783.0,829.0,288.0,147.0,-495.0,train
6671,28_square,65,53,185.0,467.0,556.0,756.0,371.0,289.0,train
6672,28_square,0,40,743.0,813.0,138.0,815.0,-605.0,2.0,train
6673,28_square,36,50,311.0,311.0,110.0,633.0,-201.0,322.0,train
6675,28_square,23,35,387.0,768.0,178.0,303.0,-209.0,-465.0,train
6676,28_square,37,42,434.0,523.0,565.0,445.0,131.0,-78.0,train
6677,28_square,24,27,701.0,266.0,586.0,314.0,-115.0,48.0,train
6678,28_square,5,59,163.0,116.0,656.0,736.0,493.0,620.0,train
6679,28_square,41,50,765.0,697.0,125.0,429.0,-640.0,-268.0,train
6680,28_square,7,7,715.0,544.0,588.0,656.0,-127.0,112.0,train
6681,28_square,18,58,289.0,695.0,662.0,182.0,373.0,-513.0,train
6683,28_square,46,47,801.0,339.0,548.0,719.0,-253.0,380.0,train
6684,28_square,16,10,477.0,611.0,715.0,249.0,238.0,-362.0,train
6685,28_square,37,7,674.0,796.0,459.0,509.0,-215.0,-287.0,train
6686,28_square,18,51,404.0,321.0,290.0,634.0,-114.0,313.0,train
6689,28_square,11,61,756.0,276.0,510.0,275.0,-246.0,-1.0,train
6690,28_square,38,15,793.0,695.0,524.0,161.0,-269.0,-534.0,train
6691,28_square,22,37,469.0,458.0,344.0,591.0,-125.0,133.0,train
6692,28_square,51,9,623.0,698.0,511.0,437.0,-112.0,-261.0,train
6693,28_square,49,50,201.0,177.0,255.0,135.0,54.0,-42.0,train
6695,28_square,33,42,287.0,357.0,221.0,609.0,-66.0,252.0,train
6697,28_square,31,32,137.0,108.0,753.0,236.0,616.0,128.0,train
6698,28_square,13,5,512.0,331.0,771.0,215.0,259.0,-116.0,train
6699,28_square,7,59,491.0,364.0,494.0,729.0,3.0,365.0,train
6700,28_square,48,47,850.0,825.0,665.0,610.0,-185.0,-215.0,train
6701,28_square,52,37,508.0,670.0,181.0,781.0,-327.0,111.0,train
6703,28_square,37,51,239.0,696.0,658.0,532.0,419.0,-164.0,train
6704,28_square,9,0,827.0,235.0,605.0,342.0,-222.0,107.0,train
6705,28_square,14,19,867.0,197.0,443.0,373.0,-424.0,176.0,train
6706,28_square,38,54,323.0,341.0,659.0,431.0,336.0,90.0,train
6707,28_square,10,55,151.0,812.0,421.0,620.0,270.0,-192.0,train
6708,28_square,63,30,178.0,383.0,665.0,361.0,487.0,-22.0,train
6709,28_square,39,63,587.0,156.0,247.0,621.0,-340.0,465.0,train
6710,28_square,27,13,428.0,393.0,326.0,536.0,-102.0,143.0,train
6711,28_square,20,4,774.0,778.0,676.0,367.0,-98.0,-411.0,train
6712,28_square,38,32,715.0,244.0,873.0,627.0,158.0,383.0,train
6713,28_square,8,35,174.0,626.0,809.0,800.0,635.0,174.0,train
6714,28_square,42,40,538.0,259.0,827.0,343.0,289.0,84.0,train
6715,28_square,25,49,458.0,894.0,437.0,113.0,-21.0,-781.0,train
6716,28_square,39,45,144.0,814.0,602.0,291.0,458.0,-523.0,train
6717,28_square,36,56,135.0,119.0,189.0,103.0,54.0,-16.0,train
6718,28_square,14,41,167.0,608.0,430.0,370.0,263.0,-238.0,train
6719,28_square,68,58,743.0,492.0,178.0,421.0,-565.0,-71.0,train
6720,28_square,53,38,760.0,706.0,106.0,732.0,-654.0,26.0,train
6723,28_square,44,24,103.0,192.0,603.0,419.0,500.0,227.0,train
6724,28_square,41,27,638.0,872.0,233.0,738.0,-405.0,-134.0,train
6725,28_square,54,64,125.0,113.0,513.0,833.0,388.0,720.0,train
6726,28_square,50,59,405.0,808.0,392.0,716.0,-13.0,-92.0,train
6728,28_square,31,51,474.0,422.0,136.0,734.0,-338.0,312.0,train
6729,28_square,64,35,603.0,571.0,821.0,248.0,218.0,-323.0,train
6730,28_square,10,62,603.0,746.0,187.0,376.0,-416.0,-370.0,train
6731,28_square,13,47,382.0,460.0,755.0,463.0,373.0,3.0,train
6732,28_square,2,67,202.0,896.0,893.0,579.0,691.0,-317.0,train
6733,28_square,6,4,887.0,776.0,642.0,448.0,-245.0,-328.0,train
6734,28_square,2,33,616.0,110.0,652.0,871.0,36.0,761.0,train
6736,28_square,51,59,698.0,704.0,781.0,865.0,83.0,161.0,train
6737,28_square,56,5,792.0,832.0,544.0,413.0,-248.0,-419.0,train
6738,28_square,49,26,507.0,896.0,201.0,794.0,-306.0,-102.0,train
6739,28_square,44,15,678.0,474.0,251.0,505.0,-427.0,31.0,train
6740,28_square,18,22,191.0,297.0,177.0,392.0,-14.0,95.0,train
6741,28_square,3,13,684.0,256.0,677.0,479.0,-7.0,223.0,train
6742,28_square,58,39,331.0,606.0,127.0,460.0,-204.0,-146.0,train
6744,28_square,48,49,637.0,619.0,673.0,128.0,36.0,-491.0,train
6745,28_square,60,58,530.0,835.0,540.0,221.0,10.0,-614.0,train
6746,28_square,9,40,870.0,220.0,458.0,186.0,-412.0,-34.0,train
6749,28_square,27,34,139.0,872.0,412.0,897.0,273.0,25.0,train
6750,28_square,63,6,146.0,331.0,117.0,103.0,-29.0,-228.0,train
6751,28_square,58,68,321.0,791.0,267.0,865.0,-54.0,74.0,train
6752,28_square,34,55,188.0,257.0,518.0,634.0,330.0,377.0,train
6753,28_square,16,10,613.0,259.0,609.0,740.0,-4.0,481.0,train
6754,28_square,24,52,825.0,618.0,621.0,432.0,-204.0,-186.0,train
6756,28_square,33,20,287.0,523.0,813.0,493.0,526.0,-30.0,train
6758,28_square,23,29,800.0,771.0,310.0,405.0,-490.0,-366.0,train
6759,28_square,64,20,388.0,345.0,453.0,476.0,65.0,131.0,train
6760,28_square,18,9,838.0,688.0,529.0,866.0,-309.0,178.0,train
6761,28_square,68,18,264.0,318.0,418.0,499.0,154.0,181.0,train
6762,28_square,64,20,679.0,260.0,693.0,868.0,14.0,608.0,train
6763,28_square,24,15,424.0,756.0,427.0,474.0,3.0,-282.0,train
6764,28_square,8,58,779.0,844.0,213.0,731.0,-566.0,-113.0,train
6765,28_square,37,53,666.0,387.0,822.0,215.0,156.0,-172.0,train
6766,28_square,24,57,429.0,839.0,768.0,786.0,339.0,-53.0,train
6769,28_square,43,29,573.0,484.0,699.0,862.0,126.0,378.0,train
6770,28_square,40,0,139.0,723.0,765.0,492.0,626.0,-231.0,train
6771,28_square,55,20,457.0,193.0,359.0,683.0,-98.0,490.0,train
6772,28_square,45,44,426.0,516.0,706.0,145.0,280.0,-371.0,train
6773,28_square,48,49,222.0,420.0,742.0,826.0,520.0,406.0,train
6775,28_square,13,19,491.0,749.0,498.0,156.0,7.0,-593.0,train
6776,28_square,13,11,165.0,278.0,398.0,418.0,233.0,140.0,train
6777,28_square,17,59,632.0,568.0,624.0,339.0,-8.0,-229.0,train
6778,28_square,8,54,879.0,563.0,781.0,606.0,-98.0,43.0,train
6779,28_square,13,57,731.0,244.0,162.0,174.0,-569.0,-70.0,train
6780,28_square,25,9,376.0,290.0,254.0,597.0,-122.0,307.0,train
6781,28_square,8,13,862.0,755.0,868.0,705.0,6.0,-50.0,train
6782,28_square,64,49,318.0,570.0,677.0,624.0,359.0,54.0,train
6783,28_square,42,38,877.0,577.0,295.0,804.0,-582.0,227.0,train
6784,28_square,59,47,511.0,444.0,415.0,579.0,-96.0,135.0,train
6785,28_square,3,38,694.0,363.0,196.0,328.0,-498.0,-35.0,train
6786,28_square,9,61,387.0,428.0,730.0,503.0,343.0,75.0,train
6787,28_square,8,41,340.0,611.0,703.0,674.0,363.0,63.0,train
6789,28_square,30,14,102.0,172.0,114.0,617.0,12.0,445.0,train
6790,28_square,17,55,627.0,689.0,656.0,328.0,29.0,-361.0,train
6791,28_square,50,9,852.0,827.0,858.0,555.0,6.0,-272.0,train
6792,28_square,49,26,689.0,382.0,243.0,684.0,-446.0,302.0,train
6793,28_square,0,29,312.0,764.0,676.0,345.0,364.0,-419.0,train
6794,28_square,28,56,316.0,277.0,351.0,738.0,35.0,461.0,train
6795,28_square,14,43,714.0,898.0,348.0,358.0,-366.0,-540.0,train
6796,28_square,11,62,757.0,452.0,515.0,281.0,-242.0,-171.0,train
6798,28_square,26,45,701.0,107.0,639.0,310.0,-62.0,203.0,train
6800,28_square,52,66,589.0,532.0,564.0,250.0,-25.0,-282.0,train
6801,28_square,39,46,176.0,204.0,344.0,462.0,168.0,258.0,train
6802,28_square,26,35,874.0,298.0,855.0,116.0,-19.0,-182.0,train
6804,28_square,50,36,419.0,145.0,367.0,658.0,-52.0,513.0,train
6805,28_square,32,25,836.0,260.0,449.0,628.0,-387.0,368.0,train
6806,28_square,5,45,537.0,301.0,208.0,758.0,-329.0,457.0,train
6807,28_square,68,2,513.0,571.0,444.0,833.0,-69.0,262.0,train
6808,28_square,36,40,831.0,426.0,786.0,474.0,-45.0,48.0,train
6809,28_square,44,45,510.0,681.0,567.0,228.0,57.0,-453.0,train
6810,28_square,4,62,200.0,517.0,126.0,407.0,-74.0,-110.0,train
6812,28_square,29,5,640.0,622.0,198.0,840.0,-442.0,218.0,train
6813,28_square,20,40,473.0,886.0,651.0,348.0,178.0,-538.0,train
6814,28_square,28,0,324.0,771.0,544.0,504.0,220.0,-267.0,train
6815,28_square,55,9,242.0,579.0,350.0,659.0,108.0,80.0,train
6816,28_square,26,44,478.0,782.0,334.0,435.0,-144.0,-347.0,train
6817,28_square,10,28,893.0,203.0,587.0,261.0,-306.0,58.0,train
6818,28_square,5,60,360.0,164.0,197.0,525.0,-163.0,361.0,train
6819,28_square,8,33,160.0,649.0,269.0,312.0,109.0,-337.0,train
6820,28_square,42,1,125.0,815.0,594.0,344.0,469.0,-471.0,train
6822,28_square,57,68,149.0,349.0,238.0,744.0,89.0,395.0,train
6823,28_square,61,15,632.0,467.0,670.0,101.0,38.0,-366.0,train
6824,28_square,30,3,653.0,893.0,339.0,701.0,-314.0,-192.0,train
6826,28_square,10,48,289.0,291.0,419.0,440.0,130.0,149.0,train
6827,28_square,50,18,411.0,275.0,230.0,818.0,-181.0,543.0,train
6828,28_square,44,49,147.0,335.0,849.0,466.0,702.0,131.0,train
6829,28_square,58,1,218.0,118.0,657.0,599.0,439.0,481.0,train
6830,28_square,47,32,763.0,613.0,388.0,623.0,-375.0,10.0,train
6831,28_square,9,64,505.0,689.0,512.0,111.0,7.0,-578.0,train
6832,28_square,23,5,754.0,245.0,159.0,166.0,-595.0,-79.0,train
6836,28_square,66,68,892.0,847.0,875.0,405.0,-17.0,-442.0,train
6837,28_square,62,26,885.0,602.0,687.0,694.0,-198.0,92.0,train
6838,28_square,47,43,701.0,749.0,810.0,520.0,109.0,-229.0,train
6839,28_square,47,62,198.0,378.0,457.0,847.0,259.0,469.0,train
6840,28_square,28,41,635.0,443.0,649.0,731.0,14.0,288.0,train
6841,28_square,62,37,834.0,439.0,858.0,624.0,24.0,185.0,train
6842,28_square,27,51,789.0,644.0,578.0,774.0,-211.0,130.0,train
6843,28_square,45,18,123.0,457.0,834.0,782.0,711.0,325.0,train
6844,28_square,26,1,864.0,527.0,152.0,260.0,-712.0,-267.0,train
6846,28_square,20,27,222.0,818.0,178.0,526.0,-44.0,-292.0,train
6847,28_square,6,54,348.0,780.0,413.0,285.0,65.0,-495.0,train
6848,28_square,23,37,101.0,467.0,766.0,491.0,665.0,24.0,train
6849,28_square,25,0,490.0,356.0,459.0,633.0,-31.0,277.0,train
6850,28_square,37,5,193.0,394.0,865.0,858.0,672.0,464.0,train
6851,28_square,5,48,817.0,317.0,386.0,602.0,-431.0,285.0,train
6852,28_square,28,60,646.0,186.0,260.0,862.0,-386.0,676.0,train
6853,28_square,62,40,488.0,164.0,335.0,241.0,-153.0,77.0,train
6854,28_square,31,24,194.0,769.0,746.0,215.0,552.0,-554.0,train
6855,28_square,18,34,314.0,442.0,159.0,450.0,-155.0,8.0,train
6856,28_square,37,44,145.0,554.0,550.0,776.0,405.0,222.0,train
6857,28_square,43,24,178.0,126.0,562.0,722.0,384.0,596.0,train
6859,28_square,18,48,310.0,633.0,240.0,504.0,-70.0,-129.0,train
6860,28_square,47,33,706.0,317.0,499.0,227.0,-207.0,-90.0,train
6861,28_square,21,58,179.0,661.0,577.0,737.0,398.0,76.0,train
6862,28_square,16,1,298.0,806.0,284.0,657.0,-14.0,-149.0,train
6863,28_square,39,51,704.0,524.0,667.0,498.0,-37.0,-26.0,train
6864,28_square,10,36,556.0,556.0,848.0,457.0,292.0,-99.0,train
6866,28_square,37,1,241.0,296.0,126.0,101.0,-115.0,-195.0,train
6867,28_square,61,67,707.0,643.0,536.0,887.0,-171.0,244.0,train
6868,28_square,13,5,839.0,355.0,105.0,569.0,-734.0,214.0,train
6870,28_square,62,16,522.0,394.0,458.0,484.0,-64.0,90.0,train
6871,28_square,23,13,394.0,890.0,342.0,855.0,-52.0,-35.0,train
6872,28_square,68,46,298.0,381.0,104.0,612.0,-194.0,231.0,train
6873,28_square,34,46,177.0,848.0,467.0,776.0,290.0,-72.0,train
6874,28_square,68,51,129.0,345.0,663.0,227.0,534.0,-118.0,train
6875,28_square,29,30,407.0,618.0,677.0,471.0,270.0,-147.0,train
6877,28_square,20,63,792.0,706.0,400.0,720.0,-392.0,14.0,train
6878,28_square,60,31,415.0,763.0,705.0,774.0,290.0,11.0,train
6879,28_square,50,47,275.0,548.0,196.0,501.0,-79.0,-47.0,train
6880,28_square,6,29,896.0,686.0,562.0,319.0,-334.0,-367.0,train
6881,28_square,53,27,652.0,388.0,385.0,281.0,-267.0,-107.0,train
6883,28_square,2,12,731.0,150.0,491.0,821.0,-240.0,671.0,train
6884,28_square,31,40,881.0,154.0,838.0,799.0,-43.0,645.0,train
6886,28_square,18,13,156.0,708.0,359.0,719.0,203.0,11.0,train
6887,28_square,11,21,884.0,272.0,597.0,495.0,-287.0,223.0,train
6888,28_square,7,54,862.0,756.0,455.0,584.0,-407.0,-172.0,train
6889,28_square,20,17,519.0,730.0,176.0,830.0,-343.0,100.0,train
6890,28_square,65,46,412.0,247.0,450.0,738.0,38.0,491.0,train
6891,28_square,33,50,839.0,497.0,144.0,288.0,-695.0,-209.0,train
6892,28_square,38,18,694.0,252.0,892.0,178.0,198.0,-74.0,train
6893,28_square,21,63,718.0,609.0,879.0,304.0,161.0,-305.0,train
6894,28_square,12,44,519.0,639.0,263.0,731.0,-256.0,92.0,train
6895,28_square,32,27,540.0,691.0,797.0,777.0,257.0,86.0,train
6897,28_square,39,50,830.0,653.0,411.0,341.0,-419.0,-312.0,train
6898,28_square,51,16,609.0,590.0,133.0,518.0,-476.0,-72.0,train
6899,28_square,36,32,480.0,805.0,257.0,555.0,-223.0,-250.0,train
6900,28_square,32,22,147.0,234.0,836.0,360.0,689.0,126.0,train
6901,28_square,1,65,539.0,693.0,379.0,803.0,-160.0,110.0,train
6902,28_square,45,65,564.0,729.0,223.0,578.0,-341.0,-151.0,train
6905,28_square,56,21,693.0,779.0,422.0,236.0,-271.0,-543.0,train
6906,28_square,47,63,853.0,776.0,637.0,293.0,-216.0,-483.0,train
6907,28_square,32,9,545.0,239.0,831.0,893.0,286.0,654.0,train
6908,28_square,65,24,486.0,240.0,378.0,385.0,-108.0,145.0,train
6909,28_square,59,21,717.0,827.0,105.0,433.0,-612.0,-394.0,train
6910,28_square,66,41,882.0,452.0,596.0,668.0,-286.0,216.0,train
6911,28_square,34,47,175.0,721.0,519.0,696.0,344.0,-25.0,train
6912,28_square,7,5,171.0,678.0,689.0,525.0,518.0,-153.0,train
6913,28_square,45,63,306.0,790.0,153.0,162.0,-153.0,-628.0,train
6915,28_square,7,19,640.0,835.0,748.0,680.0,108.0,-155.0,train
6916,28_square,47,27,551.0,673.0,183.0,245.0,-368.0,-428.0,train
6917,28_square,61,24,759.0,691.0,218.0,432.0,-541.0,-259.0,train
6919,28_square,29,33,596.0,516.0,181.0,787.0,-415.0,271.0,train
6920,28_square,37,11,237.0,519.0,585.0,305.0,348.0,-214.0,train
6921,28_square,36,14,807.0,634.0,495.0,220.0,-312.0,-414.0,train
6922,28_square,6,58,348.0,547.0,313.0,386.0,-35.0,-161.0,train
6923,28_square,52,8,219.0,303.0,352.0,842.0,133.0,539.0,train
6924,28_square,61,24,230.0,343.0,108.0,731.0,-122.0,388.0,train
6926,28_square,18,27,584.0,645.0,729.0,115.0,145.0,-530.0,train
6927,28_square,2,22,285.0,690.0,719.0,798.0,434.0,108.0,train
6928,28_square,9,20,854.0,839.0,857.0,305.0,3.0,-534.0,train
6929,28_square,14,40,193.0,244.0,321.0,681.0,128.0,437.0,train
6930,28_square,55,29,734.0,350.0,479.0,501.0,-255.0,151.0,train
6931,28_square,13,39,506.0,173.0,141.0,804.0,-365.0,631.0,train
6933,28_square,62,9,824.0,143.0,500.0,482.0,-324.0,339.0,train
6934,28_square,63,29,651.0,637.0,313.0,741.0,-338.0,104.0,train
6937,28_square,62,0,643.0,824.0,467.0,651.0,-176.0,-173.0,train
6938,28_square,18,28,648.0,660.0,420.0,351.0,-228.0,-309.0,train
6939,28_square,42,67,659.0,898.0,445.0,802.0,-214.0,-96.0,train
6941,28_square,34,59,483.0,570.0,549.0,572.0,66.0,2.0,train
6943,28_square,62,19,396.0,442.0,614.0,874.0,218.0,432.0,train
6944,28_square,40,21,823.0,428.0,525.0,735.0,-298.0,307.0,train
6945,28_square,68,5,866.0,678.0,579.0,313.0,-287.0,-365.0,train
6947,28_square,20,22,734.0,744.0,221.0,433.0,-513.0,-311.0,train
6949,28_square,38,2,347.0,356.0,473.0,265.0,126.0,-91.0,train
6951,28_square,66,4,404.0,133.0,396.0,397.0,-8.0,264.0,train
6952,28_square,19,64,385.0,364.0,812.0,353.0,427.0,-11.0,train
6953,28_square,8,11,240.0,703.0,226.0,191.0,-14.0,-512.0,train
6954,28_square,10,32,107.0,217.0,229.0,462.0,122.0,245.0,train
6955,28_square,4,44,661.0,224.0,269.0,870.0,-392.0,646.0,train
6956,28_square,55,0,139.0,436.0,245.0,793.0,106.0,357.0,train
6957,28_square,57,54,516.0,246.0,733.0,490.0,217.0,244.0,train
6958,28_square,18,52,890.0,430.0,187.0,365.0,-703.0,-65.0,train
6959,28_square,29,44,668.0,468.0,742.0,447.0,74.0,-21.0,train
6960,28_square,20,32,625.0,701.0,434.0,710.0,-191.0,9.0,train
6961,28_square,19,23,488.0,863.0,199.0,310.0,-289.0,-553.0,train
6962,28_square,35,31,850.0,420.0,860.0,726.0,10.0,306.0,train
6963,28_square,34,46,724.0,384.0,877.0,391.0,153.0,7.0,train
6964,28_square,41,16,303.0,450.0,469.0,163.0,166.0,-287.0,train
6965,28_square,19,24,732.0,127.0,666.0,340.0,-66.0,213.0,train
6969,28_square,28,50,206.0,348.0,850.0,158.0,644.0,-190.0,train
6970,28_square,40,17,329.0,215.0,103.0,177.0,-226.0,-38.0,train
6971,28_square,30,23,555.0,829.0,285.0,416.0,-270.0,-413.0,train
6973,28_square,30,9,593.0,781.0,710.0,241.0,117.0,-540.0,train
6974,28_square,16,42,184.0,179.0,794.0,488.0,610.0,309.0,train
6976,28_square,64,36,481.0,524.0,814.0,740.0,333.0,216.0,train
6977,28_square,23,39,133.0,167.0,243.0,475.0,110.0,308.0,train
6979,28_square,52,31,864.0,442.0,277.0,649.0,-587.0,207.0,train
6980,28_square,47,50,873.0,870.0,523.0,367.0,-350.0,-503.0,train
6981,28_square,18,48,377.0,293.0,804.0,781.0,427.0,488.0,train
6982,28_square,15,43,159.0,258.0,646.0,884.0,487.0,626.0,train
6983,28_square,55,9,826.0,354.0,897.0,215.0,71.0,-139.0,train
6986,28_square,36,18,645.0,725.0,427.0,802.0,-218.0,77.0,train
6987,28_square,53,66,741.0,759.0,180.0,494.0,-561.0,-265.0,train
6988,28_square,66,62,546.0,364.0,206.0,442.0,-340.0,78.0,train
6990,28_square,33,24,511.0,525.0,107.0,606.0,-404.0,81.0,train
6991,28_square,4,45,486.0,805.0,427.0,255.0,-59.0,-550.0,train
6992,28_square,41,59,717.0,215.0,295.0,134.0,-422.0,-81.0,train
6995,28_square,10,28,814.0,521.0,591.0,797.0,-223.0,276.0,train
6996,28_square,48,14,296.0,812.0,125.0,246.0,-171.0,-566.0,train
6998,28_square,46,56,217.0,587.0,133.0,181.0,-84.0,-406.0,train
6999,28_square,62,15,808.0,801.0,702.0,510.0,-106.0,-291.0,train
7000,20_square,14,64,600.0,612.0,884.0,490.0,284.0,-122.0,train
7001,20_square,34,65,806.0,467.0,187.0,174.0,-619.0,-293.0,train
7002,20_square,29,60,817.0,823.0,116.0,708.0,-701.0,-115.0,train
7006,20_square,35,36,626.0,803.0,424.0,754.0,-202.0,-49.0,train
7007,20_square,65,53,637.0,203.0,417.0,673.0,-220.0,470.0,train
7008,20_square,35,21,648.0,460.0,129.0,462.0,-519.0,2.0,train
7011,20_square,28,49,140.0,768.0,682.0,649.0,542.0,-119.0,train
7013,20_square,53,25,890.0,531.0,113.0,681.0,-777.0,150.0,train
7015,20_square,39,67,878.0,200.0,435.0,737.0,-443.0,537.0,train
7016,20_square,47,8,335.0,632.0,227.0,630.0,-108.0,-2.0,train
7017,20_square,64,48,722.0,203.0,328.0,594.0,-394.0,391.0,train
7018,20_square,31,42,831.0,845.0,610.0,783.0,-221.0,-62.0,train
7019,20_square,57,29,711.0,667.0,160.0,127.0,-551.0,-540.0,train
7020,20_square,1,48,106.0,254.0,174.0,712.0,68.0,458.0,train
7021,20_square,42,25,261.0,366.0,513.0,888.0,252.0,522.0,train
7023,20_square,22,41,517.0,231.0,172.0,794.0,-345.0,563.0,train
7024,20_square,48,10,897.0,623.0,665.0,567.0,-232.0,-56.0,train
7025,20_square,38,52,794.0,663.0,160.0,586.0,-634.0,-77.0,train
7027,20_square,7,48,430.0,125.0,675.0,845.0,245.0,720.0,train
7028,20_square,61,13,675.0,101.0,814.0,221.0,139.0,120.0,train
7029,20_square,45,42,678.0,318.0,739.0,112.0,61.0,-206.0,train
7030,20_square,21,60,890.0,835.0,189.0,188.0,-701.0,-647.0,train
7031,20_square,12,58,373.0,614.0,892.0,532.0,519.0,-82.0,train
7032,20_square,29,52,794.0,171.0,622.0,484.0,-172.0,313.0,train
7034,20_square,45,36,172.0,614.0,349.0,851.0,177.0,237.0,train
7035,20_square,6,24,261.0,475.0,547.0,473.0,286.0,-2.0,train
7036,20_square,10,9,465.0,451.0,161.0,181.0,-304.0,-270.0,train
7037,20_square,16,42,504.0,790.0,282.0,657.0,-222.0,-133.0,train
7039,20_square,67,35,519.0,224.0,867.0,734.0,348.0,510.0,train
7040,20_square,64,52,216.0,781.0,711.0,801.0,495.0,20.0,train
7041,20_square,6,8,481.0,303.0,113.0,747.0,-368.0,444.0,train
7043,20_square,32,24,656.0,875.0,515.0,108.0,-141.0,-767.0,train
7046,20_square,68,26,126.0,869.0,477.0,355.0,351.0,-514.0,train
7047,20_square,33,34,778.0,500.0,850.0,658.0,72.0,158.0,train
7048,20_square,21,35,624.0,173.0,501.0,275.0,-123.0,102.0,train
7050,20_square,5,4,235.0,208.0,834.0,820.0,599.0,612.0,train
7051,20_square,39,1,116.0,470.0,795.0,477.0,679.0,7.0,train
7052,20_square,36,14,380.0,349.0,335.0,759.0,-45.0,410.0,train
7053,20_square,54,17,439.0,470.0,275.0,782.0,-164.0,312.0,train
7054,20_square,64,28,787.0,344.0,287.0,193.0,-500.0,-151.0,train
7055,20_square,11,27,623.0,692.0,656.0,411.0,33.0,-281.0,train
7056,20_square,12,45,361.0,574.0,497.0,806.0,136.0,232.0,train
7059,20_square,7,40,604.0,899.0,292.0,624.0,-312.0,-275.0,train
7060,20_square,61,27,656.0,772.0,373.0,726.0,-283.0,-46.0,train
7061,20_square,44,10,598.0,780.0,508.0,510.0,-90.0,-270.0,train
7062,20_square,49,58,522.0,601.0,161.0,139.0,-361.0,-462.0,train
7063,20_square,13,0,662.0,363.0,286.0,422.0,-376.0,59.0,train
7064,20_square,44,32,100.0,671.0,607.0,700.0,507.0,29.0,train
7065,20_square,35,26,560.0,180.0,175.0,364.0,-385.0,184.0,train
7066,20_square,56,0,738.0,678.0,256.0,675.0,-482.0,-3.0,train
7067,20_square,41,39,803.0,437.0,661.0,520.0,-142.0,83.0,train
7068,20_square,63,3,536.0,780.0,514.0,480.0,-22.0,-300.0,train
7069,20_square,60,59,229.0,144.0,403.0,258.0,174.0,114.0,train
7071,20_square,58,16,322.0,171.0,508.0,292.0,186.0,121.0,train
7072,20_square,59,17,457.0,481.0,377.0,450.0,-80.0,-31.0,train
7073,20_square,58,48,758.0,812.0,850.0,544.0,92.0,-268.0,train
7074,20_square,9,42,494.0,807.0,364.0,417.0,-130.0,-390.0,train
7075,20_square,45,2,228.0,391.0,524.0,195.0,296.0,-196.0,train
7076,20_square,33,32,702.0,651.0,851.0,557.0,149.0,-94.0,train
7077,20_square,50,49,256.0,363.0,530.0,151.0,274.0,-212.0,train
7078,20_square,50,9,378.0,453.0,853.0,605.0,475.0,152.0,train
7079,20_square,20,21,115.0,884.0,145.0,747.0,30.0,-137.0,train
7081,20_square,36,0,894.0,453.0,461.0,401.0,-433.0,-52.0,train
7082,20_square,39,65,675.0,771.0,296.0,769.0,-379.0,-2.0,train
7083,20_square,34,14,372.0,505.0,201.0,270.0,-171.0,-235.0,train
7084,20_square,30,55,394.0,108.0,713.0,211.0,319.0,103.0,train
7085,20_square,66,67,513.0,564.0,411.0,683.0,-102.0,119.0,train
7087,20_square,56,54,619.0,334.0,457.0,568.0,-162.0,234.0,train
7088,20_square,39,41,672.0,207.0,683.0,635.0,11.0,428.0,train
7089,20_square,62,17,458.0,170.0,822.0,430.0,364.0,260.0,train
7090,20_square,55,59,371.0,250.0,283.0,554.0,-88.0,304.0,train
7091,20_square,60,41,896.0,267.0,815.0,408.0,-81.0,141.0,train
7093,20_square,22,56,548.0,787.0,741.0,580.0,193.0,-207.0,train
7094,20_square,38,48,881.0,109.0,900.0,121.0,19.0,12.0,train
7095,20_square,49,59,267.0,421.0,621.0,547.0,354.0,126.0,train
7096,20_square,48,13,796.0,574.0,526.0,512.0,-270.0,-62.0,train
7099,20_square,8,58,332.0,322.0,643.0,717.0,311.0,395.0,train
7101,20_square,12,58,227.0,176.0,897.0,878.0,670.0,702.0,train
7102,20_square,62,33,603.0,526.0,797.0,533.0,194.0,7.0,train
7103,20_square,11,38,221.0,428.0,440.0,407.0,219.0,-21.0,train
7105,20_square,65,55,105.0,142.0,246.0,461.0,141.0,319.0,train
7106,20_square,62,12,741.0,723.0,845.0,885.0,104.0,162.0,train
7107,20_square,13,2,790.0,606.0,216.0,784.0,-574.0,178.0,train
7108,20_square,18,11,869.0,811.0,729.0,431.0,-140.0,-380.0,train
7109,20_square,34,55,405.0,588.0,372.0,254.0,-33.0,-334.0,train
7110,20_square,28,24,175.0,529.0,431.0,900.0,256.0,371.0,train
7111,20_square,38,32,682.0,789.0,568.0,401.0,-114.0,-388.0,train
7112,20_square,35,49,182.0,889.0,320.0,116.0,138.0,-773.0,train
7113,20_square,16,52,117.0,469.0,439.0,478.0,322.0,9.0,train
7114,20_square,6,26,231.0,250.0,589.0,437.0,358.0,187.0,train
7115,20_square,22,59,393.0,408.0,880.0,449.0,487.0,41.0,train
7116,20_square,18,1,189.0,882.0,660.0,382.0,471.0,-500.0,train
7118,20_square,25,8,774.0,395.0,504.0,823.0,-270.0,428.0,train
7120,20_square,0,33,802.0,756.0,221.0,339.0,-581.0,-417.0,train
7121,20_square,18,38,662.0,583.0,823.0,557.0,161.0,-26.0,train
7122,20_square,41,66,141.0,518.0,560.0,398.0,419.0,-120.0,train
7123,20_square,57,11,724.0,225.0,106.0,368.0,-618.0,143.0,train
7124,20_square,15,65,623.0,278.0,681.0,530.0,58.0,252.0,train
7125,20_square,33,59,697.0,159.0,201.0,363.0,-496.0,204.0,train
7126,20_square,15,27,602.0,528.0,189.0,390.0,-413.0,-138.0,train
7127,20_square,2,43,439.0,188.0,219.0,705.0,-220.0,517.0,train
7128,20_square,55,8,290.0,862.0,730.0,515.0,440.0,-347.0,train
7129,20_square,41,50,585.0,520.0,372.0,511.0,-213.0,-9.0,train
7130,20_square,41,17,272.0,197.0,584.0,410.0,312.0,213.0,train
7132,20_square,65,38,768.0,803.0,850.0,812.0,82.0,9.0,train
7133,20_square,68,50,684.0,789.0,300.0,775.0,-384.0,-14.0,train
7135,20_square,17,24,486.0,895.0,556.0,268.0,70.0,-627.0,train
7136,20_square,1,37,731.0,559.0,295.0,183.0,-436.0,-376.0,train
7137,20_square,32,14,447.0,563.0,531.0,675.0,84.0,112.0,train
7138,20_square,8,12,138.0,694.0,167.0,769.0,29.0,75.0,train
7139,20_square,34,42,614.0,478.0,460.0,705.0,-154.0,227.0,train
7140,20_square,25,52,646.0,760.0,291.0,100.0,-355.0,-660.0,train
7142,20_square,23,3,657.0,429.0,311.0,132.0,-346.0,-297.0,train
7143,20_square,63,61,591.0,381.0,635.0,204.0,44.0,-177.0,train
7144,20_square,39,61,369.0,769.0,537.0,512.0,168.0,-257.0,train
7145,20_square,18,13,179.0,777.0,681.0,383.0,502.0,-394.0,train
7146,20_square,23,15,172.0,291.0,123.0,646.0,-49.0,355.0,train
7147,20_square,2,29,340.0,894.0,255.0,739.0,-85.0,-155.0,train
7148,20_square,60,12,758.0,454.0,231.0,273.0,-527.0,-181.0,train
7149,20_square,48,64,735.0,614.0,486.0,722.0,-249.0,108.0,train
7150,20_square,6,24,837.0,718.0,123.0,416.0,-714.0,-302.0,train
7152,20_square,16,64,747.0,299.0,866.0,181.0,119.0,-118.0,train
7153,20_square,1,51,569.0,869.0,394.0,210.0,-175.0,-659.0,train
7154,20_square,13,40,121.0,438.0,586.0,123.0,465.0,-315.0,train
7155,20_square,38,43,276.0,255.0,760.0,797.0,484.0,542.0,train
7156,20_square,15,39,460.0,785.0,243.0,395.0,-217.0,-390.0,train
7157,20_square,34,2,610.0,738.0,731.0,552.0,121.0,-186.0,train
7159,20_square,68,23,211.0,872.0,847.0,141.0,636.0,-731.0,train
7160,20_square,10,1,270.0,847.0,162.0,368.0,-108.0,-479.0,train
7161,20_square,22,27,576.0,379.0,882.0,414.0,306.0,35.0,train
7162,20_square,56,9,546.0,661.0,395.0,756.0,-151.0,95.0,train
7163,20_square,68,58,882.0,360.0,573.0,876.0,-309.0,516.0,train
7164,20_square,45,31,891.0,737.0,282.0,753.0,-609.0,16.0,train
7165,20_square,1,50,601.0,608.0,363.0,264.0,-238.0,-344.0,train
7166,20_square,36,68,665.0,617.0,201.0,872.0,-464.0,255.0,train
7167,20_square,31,62,157.0,332.0,624.0,344.0,467.0,12.0,train
7168,20_square,38,59,853.0,450.0,189.0,563.0,-664.0,113.0,train
7169,20_square,21,57,752.0,458.0,600.0,756.0,-152.0,298.0,train
7170,20_square,18,58,786.0,769.0,196.0,340.0,-590.0,-429.0,train
7171,20_square,37,3,496.0,469.0,434.0,306.0,-62.0,-163.0,train
7173,20_square,45,39,676.0,790.0,249.0,349.0,-427.0,-441.0,train
7175,20_square,4,23,271.0,630.0,198.0,459.0,-73.0,-171.0,train
7176,20_square,4,65,110.0,702.0,288.0,753.0,178.0,51.0,train
7177,20_square,63,29,228.0,882.0,882.0,636.0,654.0,-246.0,train
7178,20_square,52,39,276.0,491.0,254.0,496.0,-22.0,5.0,train
7181,20_square,42,23,517.0,742.0,575.0,542.0,58.0,-200.0,train
7182,20_square,20,35,629.0,607.0,688.0,481.0,59.0,-126.0,train
7183,20_square,9,14,227.0,887.0,378.0,286.0,151.0,-601.0,train
7184,20_square,16,13,729.0,284.0,596.0,251.0,-133.0,-33.0,train
7185,20_square,58,68,583.0,717.0,576.0,856.0,-7.0,139.0,train
7186,20_square,24,10,324.0,319.0,574.0,659.0,250.0,340.0,train
7187,20_square,67,57,177.0,544.0,350.0,123.0,173.0,-421.0,train
7188,20_square,56,10,541.0,568.0,396.0,775.0,-145.0,207.0,train
7189,20_square,3,57,513.0,436.0,405.0,453.0,-108.0,17.0,train
7190,20_square,48,25,359.0,591.0,287.0,321.0,-72.0,-270.0,train
7191,20_square,44,20,698.0,273.0,363.0,109.0,-335.0,-164.0,train
7193,20_square,63,7,268.0,278.0,545.0,370.0,277.0,92.0,train
7194,20_square,16,8,820.0,865.0,841.0,759.0,21.0,-106.0,train
7195,20_square,18,42,368.0,718.0,302.0,795.0,-66.0,77.0,train
7196,20_square,7,27,243.0,223.0,492.0,172.0,249.0,-51.0,train
7197,20_square,33,59,664.0,804.0,350.0,621.0,-314.0,-183.0,train
7198,20_square,15,58,275.0,888.0,278.0,884.0,3.0,-4.0,train
7199,20_square,58,3,880.0,544.0,369.0,876.0,-511.0,332.0,train
7200,20_square,24,11,216.0,383.0,679.0,637.0,463.0,254.0,train
7202,20_square,57,32,398.0,819.0,560.0,576.0,162.0,-243.0,train
7203,20_square,51,10,144.0,359.0,387.0,175.0,243.0,-184.0,train
7204,20_square,57,28,122.0,484.0,451.0,808.0,329.0,324.0,train
7205,20_square,22,4,507.0,756.0,157.0,449.0,-350.0,-307.0,train
7206,20_square,40,66,354.0,504.0,503.0,170.0,149.0,-334.0,train
7207,20_square,31,30,241.0,553.0,713.0,355.0,472.0,-198.0,train
7208,20_square,10,9,575.0,535.0,774.0,720.0,199.0,185.0,train
7209,20_square,40,21,842.0,780.0,350.0,293.0,-492.0,-487.0,train
7210,20_square,22,61,650.0,511.0,642.0,409.0,-8.0,-102.0,train
7212,20_square,11,47,833.0,510.0,306.0,361.0,-527.0,-149.0,train
7213,20_square,61,64,230.0,834.0,667.0,678.0,437.0,-156.0,train
7214,20_square,36,59,517.0,718.0,561.0,184.0,44.0,-534.0,train
7215,20_square,57,20,438.0,620.0,201.0,867.0,-237.0,247.0,train
7216,20_square,36,33,826.0,817.0,847.0,206.0,21.0,-611.0,train
7218,20_square,9,49,528.0,423.0,119.0,604.0,-409.0,181.0,train
7219,20_square,11,44,317.0,103.0,668.0,166.0,351.0,63.0,train
7222,20_square,62,49,104.0,810.0,528.0,344.0,424.0,-466.0,train
7223,20_square,2,13,486.0,229.0,500.0,460.0,14.0,231.0,train
7224,20_square,64,33,733.0,134.0,342.0,650.0,-391.0,516.0,train
7225,20_square,11,21,644.0,398.0,558.0,420.0,-86.0,22.0,train
7227,20_square,32,39,104.0,363.0,344.0,576.0,240.0,213.0,train
7228,20_square,10,8,328.0,230.0,900.0,631.0,572.0,401.0,train
7229,20_square,53,12,888.0,515.0,233.0,880.0,-655.0,365.0,train
7230,20_square,45,66,697.0,159.0,112.0,862.0,-585.0,703.0,train
7232,20_square,28,45,523.0,370.0,427.0,329.0,-96.0,-41.0,train
7233,20_square,38,1,869.0,573.0,636.0,798.0,-233.0,225.0,train
7234,20_square,66,50,440.0,440.0,587.0,574.0,147.0,134.0,train
7235,20_square,67,34,605.0,556.0,451.0,744.0,-154.0,188.0,train
7237,20_square,7,24,615.0,360.0,292.0,714.0,-323.0,354.0,train
7238,20_square,21,49,595.0,120.0,472.0,267.0,-123.0,147.0,train
7239,20_square,41,60,544.0,536.0,334.0,785.0,-210.0,249.0,train
7240,20_square,4,31,672.0,635.0,399.0,322.0,-273.0,-313.0,train
7241,20_square,36,18,791.0,292.0,235.0,389.0,-556.0,97.0,train
7242,20_square,46,5,288.0,138.0,251.0,334.0,-37.0,196.0,train
7243,20_square,61,41,189.0,881.0,871.0,761.0,682.0,-120.0,train
7244,20_square,61,43,276.0,793.0,470.0,454.0,194.0,-339.0,train
7245,20_square,59,37,447.0,602.0,725.0,412.0,278.0,-190.0,train
7246,20_square,47,38,442.0,447.0,276.0,298.0,-166.0,-149.0,train
7248,20_square,61,27,887.0,446.0,847.0,131.0,-40.0,-315.0,train
7249,20_square,63,44,319.0,728.0,635.0,256.0,316.0,-472.0,train
7251,20_square,18,8,427.0,389.0,446.0,584.0,19.0,195.0,train
7252,20_square,27,6,675.0,499.0,542.0,295.0,-133.0,-204.0,train
7253,20_square,13,68,895.0,635.0,377.0,380.0,-518.0,-255.0,train
7254,20_square,6,0,169.0,883.0,720.0,483.0,551.0,-400.0,train
7255,20_square,45,14,522.0,257.0,345.0,213.0,-177.0,-44.0,train
7256,20_square,53,11,170.0,262.0,579.0,780.0,409.0,518.0,train
7257,20_square,28,54,611.0,257.0,814.0,344.0,203.0,87.0,train
7258,20_square,0,40,820.0,165.0,204.0,430.0,-616.0,265.0,train
7261,20_square,18,36,526.0,518.0,816.0,618.0,290.0,100.0,train
7262,20_square,55,0,592.0,193.0,449.0,119.0,-143.0,-74.0,train
7263,20_square,20,57,472.0,699.0,595.0,249.0,123.0,-450.0,train
7264,20_square,18,21,415.0,492.0,666.0,626.0,251.0,134.0,train
7265,20_square,26,61,858.0,338.0,597.0,778.0,-261.0,440.0,train
7266,20_square,54,3,279.0,241.0,715.0,583.0,436.0,342.0,train
7267,20_square,67,4,875.0,539.0,145.0,623.0,-730.0,84.0,train
7268,20_square,52,59,755.0,677.0,480.0,364.0,-275.0,-313.0,train
7269,20_square,54,52,266.0,368.0,117.0,595.0,-149.0,227.0,train
7271,20_square,28,58,293.0,734.0,407.0,425.0,114.0,-309.0,train
7272,20_square,28,34,319.0,467.0,324.0,898.0,5.0,431.0,train
7274,20_square,0,16,169.0,430.0,441.0,221.0,272.0,-209.0,train
7275,20_square,58,6,116.0,880.0,295.0,144.0,179.0,-736.0,train
7276,20_square,59,29,721.0,774.0,562.0,415.0,-159.0,-359.0,train
7277,20_square,27,5,118.0,161.0,853.0,376.0,735.0,215.0,train
7278,20_square,42,39,850.0,478.0,508.0,889.0,-342.0,411.0,train
7279,20_square,66,44,879.0,317.0,278.0,568.0,-601.0,251.0,train
7283,20_square,47,42,390.0,729.0,809.0,383.0,419.0,-346.0,train
7285,20_square,22,31,457.0,108.0,620.0,462.0,163.0,354.0,train
7286,20_square,43,22,693.0,111.0,243.0,419.0,-450.0,308.0,train
7287,20_square,34,33,263.0,529.0,559.0,522.0,296.0,-7.0,train
7288,20_square,62,15,275.0,720.0,757.0,200.0,482.0,-520.0,train
7289,20_square,32,55,859.0,771.0,331.0,228.0,-528.0,-543.0,train
7290,20_square,42,22,794.0,478.0,329.0,543.0,-465.0,65.0,train
7291,20_square,63,25,801.0,536.0,695.0,685.0,-106.0,149.0,train
7292,20_square,0,41,376.0,718.0,337.0,835.0,-39.0,117.0,train
7293,20_square,31,52,135.0,805.0,359.0,866.0,224.0,61.0,train
7294,20_square,0,29,494.0,490.0,884.0,157.0,390.0,-333.0,train
7295,20_square,39,4,858.0,813.0,585.0,146.0,-273.0,-667.0,train
7296,20_square,3,12,548.0,660.0,726.0,890.0,178.0,230.0,train
7297,20_square,23,64,655.0,882.0,884.0,844.0,229.0,-38.0,train
7298,20_square,16,56,307.0,240.0,886.0,893.0,579.0,653.0,train
7299,20_square,57,8,586.0,242.0,193.0,594.0,-393.0,352.0,train
7300,20_square,16,52,150.0,326.0,478.0,665.0,328.0,339.0,train
7303,20_square,62,39,477.0,709.0,296.0,628.0,-181.0,-81.0,train
7304,20_square,18,5,153.0,870.0,178.0,254.0,25.0,-616.0,train
7306,20_square,43,52,363.0,714.0,740.0,877.0,377.0,163.0,train
7307,20_square,5,20,210.0,599.0,165.0,110.0,-45.0,-489.0,train
7308,20_square,56,24,223.0,534.0,474.0,634.0,251.0,100.0,train
7309,20_square,61,8,411.0,490.0,364.0,188.0,-47.0,-302.0,train
7310,20_square,21,30,481.0,334.0,853.0,798.0,372.0,464.0,train
7311,20_square,62,13,106.0,212.0,817.0,605.0,711.0,393.0,train
7312,20_square,44,20,236.0,150.0,258.0,646.0,22.0,496.0,train
7313,20_square,38,7,471.0,292.0,227.0,107.0,-244.0,-185.0,train
7314,20_square,20,42,622.0,389.0,378.0,527.0,-244.0,138.0,train
7315,20_square,10,65,670.0,429.0,589.0,506.0,-81.0,77.0,train
7316,20_square,36,38,465.0,334.0,791.0,482.0,326.0,148.0,train
7317,20_square,53,30,445.0,644.0,105.0,326.0,-340.0,-318.0,train
7319,20_square,68,5,392.0,166.0,113.0,116.0,-279.0,-50.0,train
7320,20_square,22,44,835.0,606.0,557.0,720.0,-278.0,114.0,train
7321,20_square,9,21,632.0,300.0,577.0,591.0,-55.0,291.0,train
7322,20_square,68,34,343.0,856.0,245.0,825.0,-98.0,-31.0,train
7324,20_square,29,11,648.0,696.0,342.0,341.0,-306.0,-355.0,train
7327,20_square,14,39,642.0,844.0,134.0,836.0,-508.0,-8.0,train
7328,20_square,59,30,304.0,780.0,589.0,793.0,285.0,13.0,train
7329,20_square,44,62,643.0,500.0,396.0,396.0,-247.0,-104.0,train
7330,20_square,52,66,781.0,823.0,220.0,775.0,-561.0,-48.0,train
7331,20_square,11,31,674.0,267.0,261.0,886.0,-413.0,619.0,train
7332,20_square,52,20,626.0,408.0,218.0,670.0,-408.0,262.0,train
7334,20_square,38,9,773.0,185.0,808.0,338.0,35.0,153.0,train
7335,20_square,29,64,458.0,440.0,386.0,753.0,-72.0,313.0,train
7336,20_square,10,53,387.0,279.0,621.0,685.0,234.0,406.0,train
7337,20_square,39,21,282.0,234.0,829.0,712.0,547.0,478.0,train
7338,20_square,34,17,129.0,768.0,516.0,323.0,387.0,-445.0,train
7339,20_square,3,10,571.0,828.0,695.0,886.0,124.0,58.0,train
7340,20_square,9,23,174.0,458.0,652.0,458.0,478.0,0.0,train
7341,20_square,35,6,231.0,811.0,739.0,754.0,508.0,-57.0,train
7342,20_square,44,46,194.0,573.0,148.0,697.0,-46.0,124.0,train
7343,20_square,52,34,521.0,453.0,642.0,420.0,121.0,-33.0,train
7344,20_square,33,46,707.0,790.0,657.0,793.0,-50.0,3.0,train
7345,20_square,57,54,167.0,436.0,169.0,703.0,2.0,267.0,train
7347,20_square,14,0,711.0,183.0,325.0,521.0,-386.0,338.0,train
7348,20_square,67,24,836.0,310.0,532.0,154.0,-304.0,-156.0,train
7349,20_square,60,20,850.0,256.0,444.0,247.0,-406.0,-9.0,train
7350,20_square,38,19,474.0,679.0,653.0,550.0,179.0,-129.0,train
7351,20_square,23,50,273.0,556.0,658.0,176.0,385.0,-380.0,train
7352,20_square,50,19,289.0,270.0,547.0,103.0,258.0,-167.0,train
7353,20_square,66,1,566.0,222.0,328.0,568.0,-238.0,346.0,train
7354,20_square,4,19,563.0,897.0,455.0,377.0,-108.0,-520.0,train
7355,20_square,65,25,700.0,196.0,125.0,236.0,-575.0,40.0,train
7356,20_square,58,21,163.0,863.0,512.0,491.0,349.0,-372.0,train
7357,20_square,11,44,588.0,886.0,425.0,294.0,-163.0,-592.0,train
7358,20_square,29,58,512.0,248.0,621.0,223.0,109.0,-25.0,train
7359,20_square,43,22,850.0,485.0,422.0,593.0,-428.0,108.0,train
7360,20_square,17,42,436.0,273.0,835.0,251.0,399.0,-22.0,train
7361,20_square,48,16,193.0,112.0,859.0,698.0,666.0,586.0,train
7362,20_square,68,29,609.0,563.0,541.0,241.0,-68.0,-322.0,train
7363,20_square,63,32,738.0,354.0,385.0,460.0,-353.0,106.0,train
7364,20_square,52,51,598.0,747.0,678.0,773.0,80.0,26.0,train
7366,20_square,11,11,303.0,566.0,392.0,516.0,89.0,-50.0,train
7367,20_square,8,62,888.0,597.0,162.0,197.0,-726.0,-400.0,train
7369,20_square,29,52,192.0,500.0,587.0,525.0,395.0,25.0,train
7370,20_square,26,10,264.0,543.0,584.0,213.0,320.0,-330.0,train
7371,20_square,61,34,822.0,547.0,768.0,652.0,-54.0,105.0,train
7372,20_square,56,68,857.0,530.0,108.0,355.0,-749.0,-175.0,train
7373,20_square,15,4,539.0,439.0,296.0,443.0,-243.0,4.0,train
7374,20_square,33,49,613.0,181.0,427.0,432.0,-186.0,251.0,train
7375,20_square,54,12,876.0,299.0,391.0,302.0,-485.0,3.0,train
7376,20_square,43,9,366.0,132.0,260.0,399.0,-106.0,267.0,train
7377,20_square,63,51,638.0,228.0,728.0,789.0,90.0,561.0,train
7378,20_square,6,30,527.0,488.0,398.0,329.0,-129.0,-159.0,train
7379,20_square,1,52,460.0,796.0,787.0,466.0,327.0,-330.0,train
7380,20_square,37,14,688.0,811.0,788.0,303.0,100.0,-508.0,train
7381,20_square,11,40,311.0,172.0,792.0,407.0,481.0,235.0,train
7382,20_square,32,64,582.0,439.0,554.0,759.0,-28.0,320.0,train
7383,20_square,45,46,548.0,253.0,167.0,704.0,-381.0,451.0,train
7384,20_square,25,68,835.0,593.0,857.0,791.0,22.0,198.0,train
7385,20_square,30,30,146.0,233.0,296.0,112.0,150.0,-121.0,train
7386,20_square,56,9,838.0,576.0,333.0,716.0,-505.0,140.0,train
7387,20_square,7,39,428.0,548.0,331.0,326.0,-97.0,-222.0,train
7388,20_square,15,38,316.0,853.0,313.0,809.0,-3.0,-44.0,train
7389,20_square,30,2,223.0,283.0,608.0,102.0,385.0,-181.0,train
7390,20_square,53,8,715.0,117.0,341.0,800.0,-374.0,683.0,train
7391,20_square,35,44,395.0,844.0,789.0,621.0,394.0,-223.0,train
7392,20_square,27,37,651.0,447.0,151.0,369.0,-500.0,-78.0,train
7393,20_square,28,54,784.0,529.0,863.0,282.0,79.0,-247.0,train
7394,20_square,28,67,569.0,294.0,654.0,100.0,85.0,-194.0,train
7395,20_square,7,65,824.0,141.0,567.0,165.0,-257.0,24.0,train
7396,20_square,27,68,289.0,465.0,124.0,632.0,-165.0,167.0,train
7397,20_square,20,52,488.0,895.0,212.0,804.0,-276.0,-91.0,train
7398,20_square,54,68,654.0,741.0,249.0,891.0,-405.0,150.0,train
7399,20_square,58,36,210.0,102.0,897.0,531.0,687.0,429.0,train
7402,20_square,12,61,815.0,744.0,567.0,899.0,-248.0,155.0,train
7403,20_square,61,8,336.0,320.0,269.0,383.0,-67.0,63.0,train
7405,20_square,20,20,667.0,547.0,726.0,881.0,59.0,334.0,train
7406,20_square,8,53,450.0,278.0,878.0,152.0,428.0,-126.0,train
7407,20_square,59,48,156.0,830.0,623.0,314.0,467.0,-516.0,train
7408,20_square,5,34,481.0,522.0,596.0,307.0,115.0,-215.0,train
7409,20_square,43,41,188.0,737.0,637.0,114.0,449.0,-623.0,train
7411,20_square,43,26,191.0,815.0,573.0,799.0,382.0,-16.0,train
7413,20_square,49,32,210.0,395.0,496.0,427.0,286.0,32.0,train
7415,20_square,43,54,772.0,322.0,714.0,647.0,-58.0,325.0,train
7416,20_square,39,55,613.0,589.0,327.0,661.0,-286.0,72.0,train
7417,20_square,68,66,555.0,693.0,819.0,238.0,264.0,-455.0,train
7418,20_square,27,3,871.0,328.0,484.0,892.0,-387.0,564.0,train
7420,20_square,15,35,512.0,507.0,527.0,369.0,15.0,-138.0,train
7421,20_square,8,12,216.0,134.0,847.0,378.0,631.0,244.0,train
7422,20_square,0,26,561.0,352.0,242.0,855.0,-319.0,503.0,train
7423,20_square,62,23,332.0,186.0,642.0,417.0,310.0,231.0,train
7424,20_square,28,53,720.0,480.0,136.0,559.0,-584.0,79.0,train
7426,20_square,41,59,422.0,662.0,442.0,298.0,20.0,-364.0,train
7427,20_square,66,13,361.0,665.0,434.0,885.0,73.0,220.0,train
7428,20_square,25,8,489.0,344.0,702.0,523.0,213.0,179.0,train
7429,20_square,60,52,461.0,655.0,356.0,782.0,-105.0,127.0,train
7431,20_square,36,15,770.0,624.0,814.0,237.0,44.0,-387.0,train
7432,20_square,68,52,456.0,214.0,675.0,159.0,219.0,-55.0,train
7433,20_square,60,23,426.0,127.0,745.0,362.0,319.0,235.0,train
7434,20_square,44,21,371.0,200.0,702.0,208.0,331.0,8.0,train
7435,20_square,65,21,620.0,760.0,338.0,194.0,-282.0,-566.0,train
7436,20_square,40,54,817.0,690.0,421.0,612.0,-396.0,-78.0,train
7437,20_square,49,37,267.0,348.0,305.0,763.0,38.0,415.0,train
7438,20_square,24,65,498.0,810.0,294.0,856.0,-204.0,46.0,train
7441,20_square,47,41,846.0,307.0,818.0,840.0,-28.0,533.0,train
7442,20_square,0,13,116.0,626.0,645.0,502.0,529.0,-124.0,train
7444,20_square,68,35,126.0,880.0,853.0,479.0,727.0,-401.0,train
7445,20_square,22,6,320.0,533.0,507.0,759.0,187.0,226.0,train
7446,20_square,13,62,201.0,703.0,547.0,161.0,346.0,-542.0,train
7447,20_square,4,52,749.0,566.0,455.0,427.0,-294.0,-139.0,train
7448,20_square,2,52,102.0,676.0,664.0,514.0,562.0,-162.0,train
7449,20_square,18,27,269.0,700.0,630.0,885.0,361.0,185.0,train
7450,20_square,59,40,702.0,412.0,757.0,608.0,55.0,196.0,train
7451,20_square,17,5,462.0,237.0,287.0,757.0,-175.0,520.0,train
7453,20_square,37,1,549.0,572.0,476.0,679.0,-73.0,107.0,train
7454,20_square,0,11,558.0,144.0,750.0,700.0,192.0,556.0,train
7455,20_square,21,51,788.0,776.0,806.0,716.0,18.0,-60.0,train
7456,20_square,1,5,390.0,384.0,163.0,595.0,-227.0,211.0,train
7459,20_square,30,28,590.0,462.0,818.0,150.0,228.0,-312.0,train
7460,20_square,23,33,177.0,487.0,831.0,851.0,654.0,364.0,train
7461,20_square,13,66,711.0,199.0,846.0,792.0,135.0,593.0,train
7462,20_square,2,27,568.0,161.0,419.0,900.0,-149.0,739.0,train
7463,20_square,56,54,296.0,616.0,686.0,863.0,390.0,247.0,train
7464,20_square,11,62,461.0,806.0,444.0,537.0,-17.0,-269.0,train
7465,20_square,33,25,494.0,648.0,149.0,715.0,-345.0,67.0,train
7467,20_square,17,20,281.0,617.0,371.0,711.0,90.0,94.0,train
7468,20_square,19,46,157.0,235.0,371.0,222.0,214.0,-13.0,train
7469,20_square,16,20,675.0,711.0,875.0,108.0,200.0,-603.0,train
7470,20_square,58,58,378.0,491.0,587.0,444.0,209.0,-47.0,train
7471,20_square,66,53,532.0,786.0,155.0,190.0,-377.0,-596.0,train
7472,20_square,40,61,887.0,859.0,484.0,893.0,-403.0,34.0,train
7473,20_square,68,64,382.0,469.0,751.0,860.0,369.0,391.0,train
7474,20_square,29,34,359.0,469.0,701.0,714.0,342.0,245.0,train
7475,20_square,56,29,690.0,737.0,783.0,777.0,93.0,40.0,train
7476,20_square,11,7,331.0,349.0,623.0,157.0,292.0,-192.0,train
7477,20_square,44,30,255.0,824.0,342.0,522.0,87.0,-302.0,train
7478,20_square,56,40,227.0,138.0,703.0,254.0,476.0,116.0,train
7479,20_square,24,65,249.0,140.0,368.0,473.0,119.0,333.0,train
7480,20_square,47,10,227.0,376.0,106.0,109.0,-121.0,-267.0,train
7481,20_square,20,34,215.0,388.0,297.0,137.0,82.0,-251.0,train
7485,20_square,48,27,900.0,591.0,143.0,525.0,-757.0,-66.0,train
7486,20_square,10,16,303.0,214.0,695.0,381.0,392.0,167.0,train
7487,20_square,39,4,476.0,682.0,367.0,312.0,-109.0,-370.0,train
7488,20_square,33,38,223.0,506.0,664.0,172.0,441.0,-334.0,train
7489,20_square,50,37,807.0,255.0,479.0,879.0,-328.0,624.0,train
7490,20_square,25,59,858.0,745.0,344.0,522.0,-514.0,-223.0,train
7493,20_square,54,43,639.0,490.0,392.0,145.0,-247.0,-345.0,train
7494,20_square,16,15,134.0,164.0,190.0,491.0,56.0,327.0,train
7495,20_square,54,35,515.0,675.0,651.0,569.0,136.0,-106.0,train
7498,20_square,29,17,794.0,834.0,636.0,819.0,-158.0,-15.0,train
7499,20_square,52,17,126.0,634.0,488.0,107.0,362.0,-527.0,train
7500,16_square,48,46,479.0,174.0,863.0,575.0,384.0,401.0,train
7501,16_square,57,52,430.0,466.0,296.0,253.0,-134.0,-213.0,train
7502,16_square,6,35,783.0,287.0,835.0,206.0,52.0,-81.0,train
7503,16_square,11,6,877.0,360.0,381.0,590.0,-496.0,230.0,train
7504,16_square,55,1,232.0,384.0,415.0,534.0,183.0,150.0,train
7505,16_square,10,14,147.0,189.0,686.0,271.0,539.0,82.0,train
7506,16_square,13,31,806.0,557.0,768.0,723.0,-38.0,166.0,train
7507,16_square,31,57,335.0,518.0,468.0,727.0,133.0,209.0,train
7509,16_square,53,47,191.0,237.0,124.0,410.0,-67.0,173.0,train
7510,16_square,28,7,199.0,821.0,408.0,457.0,209.0,-364.0,train
7511,16_square,66,40,352.0,461.0,328.0,425.0,-24.0,-36.0,train
7512,16_square,32,36,400.0,614.0,418.0,246.0,18.0,-368.0,train
7513,16_square,56,8,650.0,540.0,227.0,432.0,-423.0,-108.0,train
7514,16_square,46,32,511.0,792.0,636.0,401.0,125.0,-391.0,train
7515,16_square,52,58,625.0,860.0,197.0,344.0,-428.0,-516.0,train
7516,16_square,19,68,127.0,154.0,697.0,107.0,570.0,-47.0,train
7517,16_square,20,67,215.0,267.0,430.0,842.0,215.0,575.0,train
7519,16_square,67,18,747.0,526.0,319.0,503.0,-428.0,-23.0,train
7520,16_square,66,14,241.0,441.0,841.0,199.0,600.0,-242.0,train
7521,16_square,20,65,318.0,472.0,524.0,882.0,206.0,410.0,train
7522,16_square,31,17,164.0,651.0,752.0,562.0,588.0,-89.0,train
7523,16_square,48,19,858.0,490.0,541.0,720.0,-317.0,230.0,train
7524,16_square,4,53,591.0,480.0,879.0,552.0,288.0,72.0,train
7525,16_square,2,38,603.0,336.0,542.0,429.0,-61.0,93.0,train
7526,16_square,15,52,606.0,756.0,507.0,757.0,-99.0,1.0,train
7527,16_square,66,60,728.0,747.0,840.0,108.0,112.0,-639.0,train
7529,16_square,8,21,453.0,857.0,529.0,335.0,76.0,-522.0,train
7530,16_square,52,20,130.0,356.0,891.0,795.0,761.0,439.0,train
7531,16_square,31,65,666.0,752.0,559.0,808.0,-107.0,56.0,train
7533,16_square,56,18,664.0,371.0,132.0,641.0,-532.0,270.0,train
7536,16_square,61,41,454.0,687.0,742.0,552.0,288.0,-135.0,train
7537,16_square,7,55,206.0,131.0,367.0,155.0,161.0,24.0,train
7538,16_square,37,65,157.0,635.0,411.0,599.0,254.0,-36.0,train
7539,16_square,53,65,446.0,706.0,513.0,713.0,67.0,7.0,train
7540,16_square,67,50,346.0,213.0,305.0,337.0,-41.0,124.0,train
7541,16_square,53,27,167.0,143.0,789.0,492.0,622.0,349.0,train
7542,16_square,54,40,369.0,318.0,500.0,677.0,131.0,359.0,train
7543,16_square,32,6,156.0,784.0,747.0,299.0,591.0,-485.0,train
7544,16_square,68,50,446.0,366.0,407.0,453.0,-39.0,87.0,train
7545,16_square,18,43,405.0,671.0,718.0,139.0,313.0,-532.0,train
7546,16_square,58,1,613.0,273.0,234.0,304.0,-379.0,31.0,train
7549,16_square,29,66,344.0,558.0,500.0,478.0,156.0,-80.0,train
7551,16_square,59,56,897.0,772.0,735.0,452.0,-162.0,-320.0,train
7553,16_square,57,14,665.0,811.0,411.0,316.0,-254.0,-495.0,train
7554,16_square,1,9,302.0,683.0,501.0,512.0,199.0,-171.0,train
7555,16_square,12,28,189.0,260.0,658.0,113.0,469.0,-147.0,train
7557,16_square,3,20,356.0,424.0,608.0,661.0,252.0,237.0,train
7559,16_square,58,53,709.0,629.0,872.0,465.0,163.0,-164.0,train
7560,16_square,50,19,292.0,653.0,830.0,697.0,538.0,44.0,train
7561,16_square,25,53,282.0,505.0,414.0,160.0,132.0,-345.0,train
7562,16_square,36,44,810.0,580.0,753.0,688.0,-57.0,108.0,train
7563,16_square,64,46,216.0,318.0,661.0,519.0,445.0,201.0,train
7564,16_square,66,10,168.0,231.0,271.0,293.0,103.0,62.0,train
7567,16_square,13,21,212.0,744.0,706.0,239.0,494.0,-505.0,train
7568,16_square,66,63,490.0,373.0,503.0,510.0,13.0,137.0,train
7569,16_square,13,47,683.0,665.0,655.0,727.0,-28.0,62.0,train
7570,16_square,30,47,372.0,463.0,757.0,682.0,385.0,219.0,train
7571,16_square,51,7,208.0,267.0,503.0,665.0,295.0,398.0,train
7572,16_square,65,40,115.0,629.0,738.0,788.0,623.0,159.0,train
7573,16_square,56,1,353.0,347.0,433.0,493.0,80.0,146.0,train
7574,16_square,30,63,685.0,580.0,131.0,135.0,-554.0,-445.0,train
7575,16_square,47,27,381.0,676.0,567.0,274.0,186.0,-402.0,train
7576,16_square,42,30,292.0,409.0,337.0,570.0,45.0,161.0,train
7577,16_square,66,12,884.0,101.0,334.0,552.0,-550.0,451.0,train
7578,16_square,0,27,137.0,676.0,882.0,492.0,745.0,-184.0,train
7580,16_square,39,7,493.0,189.0,757.0,193.0,264.0,4.0,train
7581,16_square,56,34,486.0,871.0,224.0,225.0,-262.0,-646.0,train
7583,16_square,2,40,334.0,464.0,213.0,808.0,-121.0,344.0,train
7584,16_square,38,12,206.0,691.0,353.0,150.0,147.0,-541.0,train
7585,16_square,11,9,853.0,398.0,638.0,255.0,-215.0,-143.0,train
7586,16_square,14,52,386.0,604.0,706.0,403.0,320.0,-201.0,train
7587,16_square,49,63,639.0,524.0,287.0,405.0,-352.0,-119.0,train
7588,16_square,36,55,559.0,757.0,245.0,340.0,-314.0,-417.0,train
7589,16_square,48,29,384.0,123.0,294.0,770.0,-90.0,647.0,train
7590,16_square,38,17,575.0,562.0,169.0,193.0,-406.0,-369.0,train
7591,16_square,57,15,533.0,531.0,331.0,688.0,-202.0,157.0,train
7592,16_square,8,24,550.0,154.0,573.0,502.0,23.0,348.0,train
7593,16_square,12,17,781.0,401.0,475.0,406.0,-306.0,5.0,train
7594,16_square,43,51,808.0,234.0,110.0,846.0,-698.0,612.0,train
7596,16_square,31,46,407.0,176.0,707.0,650.0,300.0,474.0,train
7597,16_square,13,12,326.0,391.0,490.0,701.0,164.0,310.0,train
7598,16_square,14,40,400.0,334.0,670.0,574.0,270.0,240.0,train
7600,16_square,61,42,859.0,216.0,611.0,871.0,-248.0,655.0,train
7601,16_square,38,61,275.0,549.0,716.0,712.0,441.0,163.0,train
7603,16_square,44,17,281.0,204.0,340.0,651.0,59.0,447.0,train
7604,16_square,46,29,813.0,732.0,296.0,676.0,-517.0,-56.0,train
7605,16_square,5,15,756.0,627.0,492.0,607.0,-264.0,-20.0,train
7606,16_square,56,62,377.0,616.0,897.0,317.0,520.0,-299.0,train
7607,16_square,14,40,697.0,282.0,464.0,231.0,-233.0,-51.0,train
7609,16_square,57,15,402.0,812.0,893.0,405.0,491.0,-407.0,train
7611,16_square,56,35,106.0,504.0,101.0,470.0,-5.0,-34.0,train
7612,16_square,4,46,202.0,206.0,520.0,173.0,318.0,-33.0,train
7614,16_square,39,45,666.0,759.0,645.0,386.0,-21.0,-373.0,train
7615,16_square,35,55,369.0,272.0,895.0,579.0,526.0,307.0,train
7616,16_square,41,54,169.0,731.0,859.0,641.0,690.0,-90.0,train
7617,16_square,60,45,507.0,391.0,569.0,594.0,62.0,203.0,train
7618,16_square,64,58,396.0,102.0,421.0,571.0,25.0,469.0,train
7619,16_square,1,36,889.0,860.0,369.0,323.0,-520.0,-537.0,train
7620,16_square,8,2,497.0,302.0,855.0,495.0,358.0,193.0,train
7621,16_square,40,9,501.0,233.0,797.0,778.0,296.0,545.0,train
7622,16_square,14,17,631.0,375.0,300.0,154.0,-331.0,-221.0,train
7623,16_square,32,21,423.0,872.0,783.0,446.0,360.0,-426.0,train
7624,16_square,47,29,590.0,881.0,368.0,594.0,-222.0,-287.0,train
7625,16_square,28,19,183.0,504.0,485.0,751.0,302.0,247.0,train
7626,16_square,23,38,765.0,174.0,483.0,695.0,-282.0,521.0,train
7627,16_square,0,18,312.0,133.0,117.0,526.0,-195.0,393.0,train
7628,16_square,16,16,395.0,585.0,588.0,492.0,193.0,-93.0,train
7630,16_square,36,28,510.0,187.0,753.0,424.0,243.0,237.0,train
7631,16_square,60,32,455.0,467.0,771.0,778.0,316.0,311.0,train
7633,16_square,41,11,340.0,702.0,414.0,666.0,74.0,-36.0,train
7634,16_square,62,22,659.0,161.0,103.0,595.0,-556.0,434.0,train
7635,16_square,35,53,862.0,445.0,797.0,834.0,-65.0,389.0,train
7636,16_square,6,30,242.0,273.0,882.0,340.0,640.0,67.0,train
7637,16_square,57,4,586.0,596.0,151.0,412.0,-435.0,-184.0,train
7638,16_square,22,63,404.0,457.0,478.0,658.0,74.0,201.0,train
7639,16_square,44,24,526.0,807.0,257.0,764.0,-269.0,-43.0,train
7640,16_square,56,19,422.0,406.0,329.0,785.0,-93.0,379.0,train
7643,16_square,65,26,361.0,531.0,640.0,697.0,279.0,166.0,train
7644,16_square,10,36,620.0,522.0,566.0,302.0,-54.0,-220.0,train
7645,16_square,31,9,634.0,830.0,532.0,528.0,-102.0,-302.0,train
7647,16_square,53,13,562.0,597.0,664.0,873.0,102.0,276.0,train
7648,16_square,4,10,308.0,485.0,684.0,522.0,376.0,37.0,train
7649,16_square,18,4,891.0,665.0,140.0,778.0,-751.0,113.0,train
7650,16_square,46,12,712.0,418.0,538.0,708.0,-174.0,290.0,train
7651,16_square,43,55,479.0,878.0,513.0,855.0,34.0,-23.0,train
7652,16_square,44,53,595.0,165.0,512.0,504.0,-83.0,339.0,train
7653,16_square,4,49,542.0,454.0,874.0,410.0,332.0,-44.0,train
7654,16_square,38,44,782.0,120.0,851.0,676.0,69.0,556.0,train
7655,16_square,63,50,298.0,550.0,516.0,188.0,218.0,-362.0,train
7657,16_square,66,44,896.0,613.0,623.0,552.0,-273.0,-61.0,train
7658,16_square,34,27,419.0,731.0,406.0,134.0,-13.0,-597.0,train
7659,16_square,32,53,431.0,447.0,185.0,667.0,-246.0,220.0,train
7661,16_square,29,8,715.0,330.0,676.0,885.0,-39.0,555.0,train
7662,16_square,3,5,332.0,282.0,383.0,887.0,51.0,605.0,train
7664,16_square,19,67,333.0,613.0,593.0,141.0,260.0,-472.0,train
7665,16_square,10,52,744.0,701.0,795.0,279.0,51.0,-422.0,train
7666,16_square,14,4,282.0,112.0,305.0,863.0,23.0,751.0,train
7667,16_square,51,59,365.0,672.0,479.0,615.0,114.0,-57.0,train
7668,16_square,58,54,662.0,459.0,505.0,895.0,-157.0,436.0,train
7669,16_square,64,38,843.0,471.0,235.0,162.0,-608.0,-309.0,train
7670,16_square,34,47,525.0,635.0,456.0,223.0,-69.0,-412.0,train
7673,16_square,61,33,219.0,458.0,448.0,830.0,229.0,372.0,train
7674,16_square,63,41,300.0,552.0,884.0,674.0,584.0,122.0,train
7675,16_square,57,24,440.0,170.0,283.0,679.0,-157.0,509.0,train
7676,16_square,34,16,477.0,870.0,619.0,891.0,142.0,21.0,train
7677,16_square,3,5,595.0,871.0,139.0,386.0,-456.0,-485.0,train
7678,16_square,25,5,716.0,127.0,456.0,840.0,-260.0,713.0,train
7679,16_square,16,12,206.0,250.0,682.0,704.0,476.0,454.0,train
7681,16_square,27,2,285.0,600.0,295.0,761.0,10.0,161.0,train
7682,16_square,8,35,534.0,181.0,859.0,549.0,325.0,368.0,train
7683,16_square,1,67,476.0,410.0,223.0,339.0,-253.0,-71.0,train
7685,16_square,39,65,239.0,275.0,817.0,261.0,578.0,-14.0,train
7686,16_square,62,45,779.0,832.0,409.0,704.0,-370.0,-128.0,train
7687,16_square,66,26,511.0,704.0,246.0,270.0,-265.0,-434.0,train
7688,16_square,66,10,538.0,755.0,234.0,242.0,-304.0,-513.0,train
7689,16_square,49,27,873.0,534.0,870.0,188.0,-3.0,-346.0,train
7690,16_square,34,31,575.0,675.0,344.0,640.0,-231.0,-35.0,train
7691,16_square,54,11,524.0,829.0,685.0,538.0,161.0,-291.0,train
7692,16_square,67,45,804.0,700.0,376.0,202.0,-428.0,-498.0,train
7693,16_square,26,22,453.0,793.0,231.0,207.0,-222.0,-586.0,train
7694,16_square,58,25,198.0,892.0,773.0,681.0,575.0,-211.0,train
7695,16_square,43,54,549.0,861.0,627.0,641.0,78.0,-220.0,train
7696,16_square,10,55,370.0,704.0,866.0,765.0,496.0,61.0,train
7697,16_square,10,59,660.0,324.0,482.0,396.0,-178.0,72.0,train
7698,16_square,2,46,607.0,824.0,586.0,175.0,-21.0,-649.0,train
7699,16_square,6,28,696.0,878.0,588.0,171.0,-108.0,-707.0,train
7700,16_square,41,64,201.0,242.0,817.0,535.0,616.0,293.0,train
7701,16_square,2,6,357.0,249.0,124.0,234.0,-233.0,-15.0,train
7703,16_square,8,28,163.0,851.0,187.0,630.0,24.0,-221.0,train
7704,16_square,25,25,792.0,633.0,327.0,842.0,-465.0,209.0,train
7705,16_square,63,67,861.0,426.0,725.0,270.0,-136.0,-156.0,train
7706,16_square,43,9,483.0,238.0,351.0,371.0,-132.0,133.0,train
7707,16_square,67,63,533.0,325.0,519.0,372.0,-14.0,47.0,train
7710,16_square,59,4,625.0,551.0,448.0,569.0,-177.0,18.0,train
7711,16_square,35,1,151.0,794.0,400.0,241.0,249.0,-553.0,train
7712,16_square,45,57,818.0,430.0,750.0,878.0,-68.0,448.0,train
7713,16_square,3,17,294.0,130.0,588.0,325.0,294.0,195.0,train
7714,16_square,4,36,631.0,765.0,875.0,293.0,244.0,-472.0,train
7715,16_square,37,43,556.0,257.0,455.0,373.0,-101.0,116.0,train
7716,16_square,27,16,617.0,746.0,567.0,147.0,-50.0,-599.0,train
7718,16_square,26,37,828.0,174.0,194.0,525.0,-634.0,351.0,train
7719,16_square,59,19,541.0,258.0,498.0,284.0,-43.0,26.0,train
7720,16_square,56,43,362.0,809.0,609.0,275.0,247.0,-534.0,train
7721,16_square,15,61,680.0,189.0,174.0,464.0,-506.0,275.0,train
7723,16_square,63,54,261.0,424.0,792.0,624.0,531.0,200.0,train
7724,16_square,57,1,304.0,678.0,288.0,599.0,-16.0,-79.0,train
7725,16_square,22,25,830.0,286.0,483.0,639.0,-347.0,353.0,train
7726,16_square,11,28,125.0,106.0,623.0,825.0,498.0,719.0,train
7727,16_square,43,60,125.0,696.0,700.0,262.0,575.0,-434.0,train
7728,16_square,14,67,332.0,267.0,196.0,344.0,-136.0,77.0,train
7730,16_square,55,56,300.0,161.0,217.0,665.0,-83.0,504.0,train
7734,16_square,0,47,345.0,507.0,858.0,183.0,513.0,-324.0,train
7735,16_square,29,43,211.0,587.0,652.0,506.0,441.0,-81.0,train
7737,16_square,50,63,376.0,382.0,224.0,786.0,-152.0,404.0,train
7738,16_square,56,12,118.0,387.0,480.0,680.0,362.0,293.0,train
7739,16_square,60,28,128.0,439.0,247.0,651.0,119.0,212.0,train
7741,16_square,55,3,635.0,135.0,167.0,669.0,-468.0,534.0,train
7742,16_square,30,32,315.0,438.0,782.0,547.0,467.0,109.0,train
7743,16_square,9,40,412.0,428.0,606.0,579.0,194.0,151.0,train
7744,16_square,5,38,590.0,267.0,529.0,317.0,-61.0,50.0,train
7746,16_square,50,32,900.0,234.0,214.0,683.0,-686.0,449.0,train
7747,16_square,5,29,287.0,123.0,231.0,559.0,-56.0,436.0,train
7748,16_square,25,7,405.0,703.0,654.0,349.0,249.0,-354.0,train
7749,16_square,14,15,287.0,568.0,661.0,864.0,374.0,296.0,train
7751,16_square,49,45,524.0,778.0,468.0,351.0,-56.0,-427.0,train
7752,16_square,28,31,324.0,472.0,206.0,831.0,-118.0,359.0,train
7756,16_square,56,41,545.0,597.0,819.0,315.0,274.0,-282.0,train
7757,16_square,6,55,722.0,609.0,804.0,388.0,82.0,-221.0,train
7758,16_square,6,0,221.0,629.0,766.0,514.0,545.0,-115.0,train
7759,16_square,68,5,616.0,474.0,153.0,872.0,-463.0,398.0,train
7760,16_square,39,18,691.0,875.0,244.0,182.0,-447.0,-693.0,train
7762,16_square,35,23,895.0,893.0,750.0,358.0,-145.0,-535.0,train
7763,16_square,68,51,473.0,830.0,840.0,793.0,367.0,-37.0,train
7764,16_square,1,16,196.0,175.0,257.0,422.0,61.0,247.0,train
7765,16_square,38,13,693.0,379.0,869.0,583.0,176.0,204.0,train
7766,16_square,6,46,148.0,299.0,279.0,512.0,131.0,213.0,train
7767,16_square,6,31,848.0,286.0,211.0,552.0,-637.0,266.0,train
7768,16_square,67,33,347.0,270.0,110.0,468.0,-237.0,198.0,train
7769,16_square,22,41,886.0,105.0,578.0,518.0,-308.0,413.0,train
7770,16_square,65,17,886.0,829.0,856.0,490.0,-30.0,-339.0,train
7773,16_square,64,34,331.0,663.0,546.0,142.0,215.0,-521.0,train
7774,16_square,6,9,698.0,659.0,251.0,711.0,-447.0,52.0,train
7775,16_square,54,31,358.0,102.0,744.0,190.0,386.0,88.0,train
7776,16_square,15,9,187.0,146.0,111.0,894.0,-76.0,748.0,train
7777,16_square,49,21,605.0,475.0,356.0,661.0,-249.0,186.0,train
7778,16_square,41,39,620.0,707.0,178.0,579.0,-442.0,-128.0,train
7779,16_square,56,10,725.0,166.0,433.0,555.0,-292.0,389.0,train
7780,16_square,64,31,513.0,634.0,226.0,133.0,-287.0,-501.0,train
7781,16_square,32,63,389.0,516.0,647.0,149.0,258.0,-367.0,train
7782,16_square,67,20,510.0,236.0,836.0,197.0,326.0,-39.0,train
7783,16_square,55,43,388.0,547.0,182.0,469.0,-206.0,-78.0,train
7784,16_square,19,17,503.0,493.0,536.0,474.0,33.0,-19.0,train
7786,16_square,46,67,165.0,208.0,100.0,383.0,-65.0,175.0,train
7787,16_square,30,6,618.0,692.0,750.0,226.0,132.0,-466.0,train
7788,16_square,36,57,143.0,486.0,384.0,382.0,241.0,-104.0,train
7789,16_square,8,53,630.0,308.0,125.0,673.0,-505.0,365.0,train
7791,16_square,3,7,611.0,567.0,884.0,544.0,273.0,-23.0,train
7792,16_square,2,38,648.0,101.0,488.0,653.0,-160.0,552.0,train
7793,16_square,56,35,356.0,409.0,754.0,441.0,398.0,32.0,train
7794,16_square,67,22,150.0,406.0,381.0,850.0,231.0,444.0,train
7795,16_square,1,24,134.0,591.0,165.0,414.0,31.0,-177.0,train
7796,16_square,37,26,495.0,331.0,259.0,276.0,-236.0,-55.0,train
7797,16_square,37,21,282.0,705.0,536.0,582.0,254.0,-123.0,train
7798,16_square,63,16,284.0,615.0,605.0,768.0,321.0,153.0,train
7799,16_square,16,62,463.0,807.0,148.0,556.0,-315.0,-251.0,train
7801,16_square,59,12,334.0,400.0,348.0,861.0,14.0,461.0,train
7805,16_square,68,38,541.0,302.0,835.0,402.0,294.0,100.0,train
7806,16_square,12,49,323.0,712.0,457.0,483.0,134.0,-229.0,train
7807,16_square,8,38,871.0,212.0,609.0,631.0,-262.0,419.0,train
7808,16_square,14,57,118.0,546.0,267.0,621.0,149.0,75.0,train
7809,16_square,26,3,781.0,889.0,783.0,400.0,2.0,-489.0,train
7810,16_square,31,42,429.0,526.0,693.0,568.0,264.0,42.0,train
7811,16_square,51,40,692.0,790.0,688.0,791.0,-4.0,1.0,train
7812,16_square,56,60,251.0,710.0,731.0,189.0,480.0,-521.0,train
7815,16_square,10,19,694.0,280.0,280.0,137.0,-414.0,-143.0,train
7816,16_square,62,20,161.0,357.0,262.0,321.0,101.0,-36.0,train
7817,16_square,24,19,458.0,354.0,450.0,250.0,-8.0,-104.0,train
7818,16_square,2,47,163.0,819.0,328.0,639.0,165.0,-180.0,train
7819,16_square,36,23,507.0,163.0,726.0,270.0,219.0,107.0,train
7820,16_square,65,5,371.0,111.0,493.0,527.0,122.0,416.0,train
7821,16_square,41,18,640.0,569.0,605.0,276.0,-35.0,-293.0,train
7822,16_square,11,9,745.0,557.0,558.0,527.0,-187.0,-30.0,train
7823,16_square,46,37,190.0,845.0,427.0,860.0,237.0,15.0,train
7824,16_square,27,21,501.0,520.0,283.0,230.0,-218.0,-290.0,train
7825,16_square,39,57,746.0,810.0,531.0,113.0,-215.0,-697.0,train
7826,16_square,3,11,536.0,311.0,700.0,861.0,164.0,550.0,train
7828,16_square,3,39,231.0,367.0,477.0,625.0,246.0,258.0,train
7829,16_square,19,37,199.0,598.0,668.0,668.0,469.0,70.0,train
7831,16_square,4,53,773.0,196.0,255.0,352.0,-518.0,156.0,train
7833,16_square,37,21,305.0,777.0,812.0,513.0,507.0,-264.0,train
7835,16_square,36,3,116.0,345.0,689.0,240.0,573.0,-105.0,train
7836,16_square,66,0,827.0,299.0,769.0,386.0,-58.0,87.0,train
7837,16_square,68,61,716.0,563.0,499.0,699.0,-217.0,136.0,train
7838,16_square,65,9,528.0,516.0,749.0,621.0,221.0,105.0,train
7839,16_square,30,30,229.0,763.0,733.0,533.0,504.0,-230.0,train
7840,16_square,33,14,464.0,439.0,404.0,476.0,-60.0,37.0,train
7841,16_square,4,58,663.0,456.0,757.0,291.0,94.0,-165.0,train
7842,16_square,40,34,218.0,624.0,805.0,813.0,587.0,189.0,train
7845,16_square,35,15,668.0,204.0,571.0,309.0,-97.0,105.0,train
7846,16_square,47,17,296.0,704.0,682.0,223.0,386.0,-481.0,train
7847,16_square,48,2,117.0,575.0,318.0,862.0,201.0,287.0,train
7849,16_square,20,39,642.0,698.0,636.0,471.0,-6.0,-227.0,train
7850,16_square,21,32,365.0,526.0,102.0,883.0,-263.0,357.0,train
7851,16_square,2,52,157.0,782.0,809.0,680.0,652.0,-102.0,train
7852,16_square,4,48,109.0,700.0,440.0,770.0,331.0,70.0,train
7853,16_square,35,39,309.0,628.0,493.0,301.0,184.0,-327.0,train
7854,16_square,68,28,631.0,595.0,732.0,346.0,101.0,-249.0,train
7855,16_square,16,32,459.0,646.0,898.0,275.0,439.0,-371.0,train
7856,16_square,35,39,349.0,708.0,805.0,459.0,456.0,-249.0,train
7857,16_square,40,0,379.0,436.0,146.0,316.0,-233.0,-120.0,train
7860,16_square,9,26,477.0,691.0,106.0,278.0,-371.0,-413.0,train
7861,16_square,21,64,792.0,396.0,536.0,640.0,-256.0,244.0,train
7863,16_square,29,42,748.0,731.0,475.0,207.0,-273.0,-524.0,train
7865,16_square,37,2,412.0,801.0,215.0,425.0,-197.0,-376.0,train
7866,16_square,0,22,119.0,540.0,176.0,212.0,57.0,-328.0,train
7867,16_square,27,46,793.0,416.0,836.0,688.0,43.0,272.0,train
7868,16_square,30,41,883.0,587.0,105.0,226.0,-778.0,-361.0,train
7869,16_square,64,29,320.0,423.0,185.0,113.0,-135.0,-310.0,train
7870,16_square,14,11,811.0,467.0,598.0,230.0,-213.0,-237.0,train
7871,16_square,50,55,485.0,293.0,882.0,198.0,397.0,-95.0,train
7872,16_square,47,32,102.0,407.0,430.0,883.0,328.0,476.0,train
7873,16_square,66,25,600.0,650.0,274.0,248.0,-326.0,-402.0,train
7874,16_square,68,2,430.0,628.0,178.0,666.0,-252.0,38.0,train
7875,16_square,68,57,779.0,311.0,782.0,764.0,3.0,453.0,train
7876,16_square,12,31,820.0,222.0,284.0,350.0,-536.0,128.0,train
7879,16_square,0,5,653.0,199.0,243.0,173.0,-410.0,-26.0,train
7881,16_square,57,59,809.0,660.0,572.0,518.0,-237.0,-142.0,train
7882,16_square,58,35,762.0,534.0,349.0,187.0,-413.0,-347.0,train
7883,16_square,37,27,766.0,650.0,358.0,889.0,-408.0,239.0,train
7884,16_square,9,23,447.0,115.0,582.0,485.0,135.0,370.0,train
7885,16_square,52,33,813.0,772.0,606.0,897.0,-207.0,125.0,train
7886,16_square,53,37,600.0,124.0,133.0,724.0,-467.0,600.0,train
7887,16_square,8,26,876.0,190.0,567.0,849.0,-309.0,659.0,train
7888,16_square,49,12,427.0,587.0,360.0,796.0,-67.0,209.0,train
7889,16_square,39,16,293.0,253.0,257.0,481.0,-36.0,228.0,train
7890,16_square,4,4,207.0,438.0,528.0,538.0,321.0,100.0,train
7891,16_square,46,7,518.0,750.0,688.0,495.0,170.0,-255.0,train
7892,16_square,20,39,370.0,174.0,575.0,117.0,205.0,-57.0,train
7894,16_square,48,22,582.0,708.0,217.0,172.0,-365.0,-536.0,train
7896,16_square,2,38,130.0,795.0,683.0,617.0,553.0,-178.0,train
7897,16_square,60,54,136.0,715.0,159.0,801.0,23.0,86.0,train
7899,16_square,43,29,702.0,193.0,856.0,134.0,154.0,-59.0,train
7900,16_square,9,39,785.0,311.0,894.0,711.0,109.0,400.0,train
7901,16_square,10,41,874.0,864.0,284.0,465.0,-590.0,-399.0,train
7903,16_square,0,35,457.0,609.0,353.0,110.0,-104.0,-499.0,train
7904,16_square,54,23,612.0,106.0,115.0,283.0,-497.0,177.0,train
7905,16_square,47,42,410.0,124.0,813.0,835.0,403.0,711.0,train
7906,16_square,9,38,105.0,244.0,520.0,183.0,415.0,-61.0,train
7907,16_square,44,2,389.0,160.0,239.0,227.0,-150.0,67.0,train
7908,16_square,40,67,434.0,313.0,183.0,140.0,-251.0,-173.0,train
7909,16_square,59,68,167.0,446.0,641.0,674.0,474.0,228.0,train
7910,16_square,48,19,628.0,229.0,759.0,704.0,131.0,475.0,train
7911,16_square,47,31,731.0,228.0,482.0,737.0,-249.0,509.0,train
7914,16_square,66,7,799.0,188.0,761.0,201.0,-38.0,13.0,train
7915,16_square,61,3,429.0,824.0,771.0,142.0,342.0,-682.0,train
7916,16_square,43,50,711.0,846.0,389.0,800.0,-322.0,-46.0,train
7917,16_square,49,49,124.0,469.0,734.0,182.0,610.0,-287.0,train
7919,16_square,50,26,121.0,535.0,182.0,120.0,61.0,-415.0,train
7920,16_square,36,35,603.0,485.0,215.0,802.0,-388.0,317.0,train
7922,16_square,23,43,855.0,182.0,566.0,589.0,-289.0,407.0,train
7923,16_square,50,16,420.0,422.0,826.0,703.0,406.0,281.0,train
7924,16_square,39,41,247.0,368.0,382.0,483.0,135.0,115.0,train
7925,16_square,53,29,273.0,292.0,871.0,167.0,598.0,-125.0,train
7926,16_square,19,22,777.0,391.0,375.0,128.0,-402.0,-263.0,train
7927,16_square,55,57,114.0,218.0,122.0,613.0,8.0,395.0,train
7928,16_square,4,42,587.0,180.0,317.0,106.0,-270.0,-74.0,train
7929,16_square,23,48,452.0,175.0,155.0,669.0,-297.0,494.0,train
7932,16_square,20,42,382.0,132.0,380.0,826.0,-2.0,694.0,train
7933,16_square,43,66,598.0,405.0,607.0,627.0,9.0,222.0,train
7934,16_square,61,20,871.0,208.0,898.0,183.0,27.0,-25.0,train
7935,16_square,12,0,288.0,733.0,303.0,389.0,15.0,-344.0,train
7936,16_square,58,62,540.0,432.0,293.0,749.0,-247.0,317.0,train
7937,16_square,12,0,497.0,743.0,602.0,236.0,105.0,-507.0,train
7938,16_square,54,36,611.0,811.0,644.0,206.0,33.0,-605.0,train
7940,16_square,40,65,397.0,230.0,768.0,207.0,371.0,-23.0,train
7942,16_square,18,27,101.0,866.0,359.0,272.0,258.0,-594.0,train
7944,16_square,57,12,706.0,236.0,591.0,181.0,-115.0,-55.0,train
7945,16_square,47,35,129.0,297.0,272.0,278.0,143.0,-19.0,train
7946,16_square,27,21,332.0,346.0,582.0,352.0,250.0,6.0,train
7947,16_square,65,47,434.0,368.0,487.0,578.0,53.0,210.0,train
7948,16_square,29,0,346.0,155.0,728.0,345.0,382.0,190.0,train
7949,16_square,60,57,104.0,858.0,175.0,136.0,71.0,-722.0,train
7950,16_square,22,27,568.0,769.0,478.0,466.0,-90.0,-303.0,train
7951,16_square,32,13,586.0,754.0,155.0,467.0,-431.0,-287.0,train
7952,16_square,52,53,161.0,238.0,614.0,690.0,453.0,452.0,train
7954,16_square,9,43,350.0,476.0,467.0,737.0,117.0,261.0,train
7956,16_square,43,21,577.0,883.0,878.0,125.0,301.0,-758.0,train
7957,16_square,38,20,374.0,495.0,185.0,642.0,-189.0,147.0,train
7958,16_square,62,24,189.0,716.0,742.0,207.0,553.0,-509.0,train
7959,16_square,57,48,880.0,380.0,236.0,126.0,-644.0,-254.0,train
7960,16_square,9,6,184.0,344.0,715.0,154.0,531.0,-190.0,train
7961,16_square,51,63,637.0,385.0,188.0,366.0,-449.0,-19.0,train
7962,16_square,39,18,462.0,354.0,298.0,261.0,-164.0,-93.0,train
7963,16_square,50,5,636.0,354.0,355.0,235.0,-281.0,-119.0,train
7964,16_square,23,55,636.0,496.0,256.0,771.0,-380.0,275.0,train
7965,16_square,22,40,619.0,508.0,374.0,830.0,-245.0,322.0,train
7967,16_square,17,29,764.0,475.0,263.0,496.0,-501.0,21.0,train
7968,16_square,2,21,610.0,865.0,882.0,139.0,272.0,-726.0,train
7969,16_square,61,19,807.0,149.0,257.0,789.0,-550.0,640.0,train
7970,16_square,12,61,857.0,276.0,232.0,330.0,-625.0,54.0,train
7971,16_square,26,39,380.0,584.0,461.0,708.0,81.0,124.0,train
7972,16_square,44,58,668.0,298.0,373.0,362.0,-295.0,64.0,train
7973,16_square,64,57,610.0,795.0,850.0,802.0,240.0,7.0,train
7974,16_square,14,60,450.0,878.0,107.0,461.0,-343.0,-417.0,train
7977,16_square,27,7,331.0,591.0,795.0,873.0,464.0,282.0,train
7978,16_square,2,13,235.0,772.0,893.0,805.0,658.0,33.0,train
7980,16_square,13,37,234.0,345.0,424.0,411.0,190.0,66.0,train
7981,16_square,41,6,734.0,290.0,261.0,640.0,-473.0,350.0,train
7982,16_square,51,59,825.0,625.0,725.0,891.0,-100.0,266.0,train
7983,16_square,36,2,177.0,573.0,686.0,176.0,509.0,-397.0,train
7985,16_square,56,55,402.0,607.0,421.0,116.0,19.0,-491.0,train
7987,16_square,20,11,393.0,247.0,819.0,643.0,426.0,396.0,train
7988,16_square,28,50,237.0,605.0,168.0,740.0,-69.0,135.0,train
7989,16_square,9,48,251.0,422.0,590.0,614.0,339.0,192.0,train
7990,16_square,18,67,427.0,199.0,370.0,822.0,-57.0,623.0,train
7991,16_square,19,64,390.0,395.0,261.0,235.0,-129.0,-160.0,train
7993,16_square,58,58,894.0,150.0,496.0,131.0,-398.0,-19.0,train
7995,16_square,34,48,648.0,767.0,444.0,835.0,-204.0,68.0,train
7997,16_square,6,31,818.0,607.0,368.0,206.0,-450.0,-401.0,train
7998,16_square,50,19,259.0,530.0,757.0,399.0,498.0,-131.0,train
7999,16_square,18,25,899.0,514.0,379.0,605.0,-520.0,91.0,train
8001,11_square,25,21,768.0,298.0,781.0,182.0,13.0,-116.0,train
8002,11_square,35,30,704.0,774.0,334.0,365.0,-370.0,-409.0,train
8003,11_square,37,10,767.0,708.0,448.0,806.0,-319.0,98.0,train
8004,11_square,15,63,416.0,214.0,216.0,683.0,-200.0,469.0,train
8005,11_square,19,22,467.0,512.0,684.0,160.0,217.0,-352.0,train
8006,11_square,29,3,269.0,569.0,510.0,774.0,241.0,205.0,train
8007,11_square,2,5,313.0,798.0,338.0,337.0,25.0,-461.0,train
8010,11_square,64,47,781.0,628.0,486.0,158.0,-295.0,-470.0,train
8012,11_square,23,0,527.0,529.0,237.0,814.0,-290.0,285.0,train
8013,11_square,37,43,877.0,500.0,290.0,351.0,-587.0,-149.0,train
8014,11_square,43,32,866.0,128.0,651.0,106.0,-215.0,-22.0,train
8015,11_square,41,21,551.0,240.0,830.0,152.0,279.0,-88.0,train
8017,11_square,52,63,429.0,596.0,516.0,663.0,87.0,67.0,train
8018,11_square,43,41,593.0,216.0,691.0,600.0,98.0,384.0,train
8019,11_square,39,54,636.0,640.0,389.0,230.0,-247.0,-410.0,train
8021,11_square,2,61,605.0,341.0,481.0,647.0,-124.0,306.0,train
8022,11_square,51,38,724.0,167.0,760.0,348.0,36.0,181.0,train
8023,11_square,64,2,331.0,574.0,488.0,674.0,157.0,100.0,train
8024,11_square,8,2,112.0,551.0,109.0,215.0,-3.0,-336.0,train
8027,11_square,27,39,439.0,713.0,420.0,504.0,-19.0,-209.0,train
8028,11_square,25,55,368.0,320.0,134.0,734.0,-234.0,414.0,train
8030,11_square,12,23,232.0,724.0,538.0,749.0,306.0,25.0,train
8031,11_square,5,61,111.0,567.0,210.0,271.0,99.0,-296.0,train
8032,11_square,37,54,750.0,622.0,474.0,621.0,-276.0,-1.0,train
8033,11_square,35,21,297.0,440.0,418.0,177.0,121.0,-263.0,train
8034,11_square,1,36,796.0,797.0,228.0,606.0,-568.0,-191.0,train
8035,11_square,29,37,850.0,587.0,361.0,721.0,-489.0,134.0,train
8036,11_square,17,36,337.0,387.0,165.0,871.0,-172.0,484.0,train
8037,11_square,26,24,713.0,565.0,147.0,882.0,-566.0,317.0,train
8038,11_square,14,53,685.0,280.0,518.0,594.0,-167.0,314.0,train
8039,11_square,34,32,830.0,553.0,139.0,153.0,-691.0,-400.0,train
8040,11_square,26,27,539.0,736.0,577.0,791.0,38.0,55.0,train
8041,11_square,12,54,570.0,602.0,326.0,648.0,-244.0,46.0,train
8042,11_square,53,32,892.0,354.0,216.0,165.0,-676.0,-189.0,train
8043,11_square,21,23,602.0,131.0,621.0,188.0,19.0,57.0,train
8045,11_square,16,59,693.0,213.0,437.0,100.0,-256.0,-113.0,train
8046,11_square,38,10,523.0,362.0,732.0,301.0,209.0,-61.0,train
8047,11_square,17,10,282.0,884.0,222.0,125.0,-60.0,-759.0,train
8048,11_square,27,17,563.0,188.0,446.0,375.0,-117.0,187.0,train
8050,11_square,61,38,733.0,479.0,266.0,614.0,-467.0,135.0,train
8051,11_square,12,0,765.0,141.0,214.0,468.0,-551.0,327.0,train
8053,11_square,41,61,370.0,836.0,212.0,806.0,-158.0,-30.0,train
8054,11_square,0,31,236.0,369.0,698.0,295.0,462.0,-74.0,train
8055,11_square,12,8,647.0,258.0,622.0,347.0,-25.0,89.0,train
8056,11_square,63,40,861.0,115.0,242.0,890.0,-619.0,775.0,train
8057,11_square,51,1,790.0,301.0,239.0,858.0,-551.0,557.0,train
8059,11_square,15,67,334.0,588.0,133.0,859.0,-201.0,271.0,train
8062,11_square,61,6,816.0,367.0,867.0,172.0,51.0,-195.0,train
8063,11_square,28,32,555.0,186.0,286.0,275.0,-269.0,89.0,train
8064,11_square,20,6,166.0,478.0,296.0,225.0,130.0,-253.0,train
8065,11_square,53,25,546.0,825.0,216.0,133.0,-330.0,-692.0,train
8067,11_square,13,60,790.0,737.0,656.0,373.0,-134.0,-364.0,train
8068,11_square,36,40,765.0,375.0,534.0,301.0,-231.0,-74.0,train
8069,11_square,10,57,673.0,888.0,409.0,614.0,-264.0,-274.0,train
8070,11_square,25,25,663.0,326.0,854.0,168.0,191.0,-158.0,train
8071,11_square,8,65,383.0,295.0,788.0,618.0,405.0,323.0,train
8072,11_square,61,7,779.0,296.0,125.0,624.0,-654.0,328.0,train
8073,11_square,7,43,361.0,185.0,398.0,333.0,37.0,148.0,train
8074,11_square,29,21,628.0,816.0,288.0,758.0,-340.0,-58.0,train
8075,11_square,50,35,491.0,247.0,410.0,559.0,-81.0,312.0,train
8076,11_square,38,44,504.0,232.0,276.0,139.0,-228.0,-93.0,train
8077,11_square,42,37,880.0,437.0,508.0,243.0,-372.0,-194.0,train
8079,11_square,60,46,280.0,813.0,456.0,573.0,176.0,-240.0,train
8081,11_square,58,12,487.0,788.0,562.0,867.0,75.0,79.0,train
8084,11_square,23,15,205.0,804.0,856.0,297.0,651.0,-507.0,train
8085,11_square,2,35,320.0,674.0,360.0,441.0,40.0,-233.0,train
8086,11_square,9,36,758.0,330.0,701.0,793.0,-57.0,463.0,train
8088,11_square,67,49,190.0,512.0,441.0,144.0,251.0,-368.0,train
8089,11_square,65,65,274.0,626.0,490.0,875.0,216.0,249.0,train
8090,11_square,20,14,300.0,777.0,383.0,734.0,83.0,-43.0,train
8092,11_square,58,18,645.0,858.0,866.0,791.0,221.0,-67.0,train
8093,11_square,5,43,122.0,834.0,569.0,752.0,447.0,-82.0,train
8094,11_square,28,58,444.0,321.0,124.0,173.0,-320.0,-148.0,train
8095,11_square,23,35,443.0,776.0,707.0,665.0,264.0,-111.0,train
8096,11_square,9,4,465.0,653.0,892.0,518.0,427.0,-135.0,train
8098,11_square,48,23,229.0,188.0,620.0,672.0,391.0,484.0,train
8099,11_square,6,65,720.0,301.0,624.0,157.0,-96.0,-144.0,train
8100,11_square,63,7,604.0,371.0,354.0,489.0,-250.0,118.0,train
8102,11_square,39,13,507.0,290.0,695.0,614.0,188.0,324.0,train
8105,11_square,35,54,569.0,257.0,173.0,156.0,-396.0,-101.0,train
8106,11_square,55,29,708.0,248.0,156.0,405.0,-552.0,157.0,train
8107,11_square,16,39,391.0,504.0,780.0,207.0,389.0,-297.0,train
8108,11_square,14,64,765.0,184.0,118.0,844.0,-647.0,660.0,train
8109,11_square,21,65,540.0,860.0,208.0,610.0,-332.0,-250.0,train
8110,11_square,51,67,840.0,473.0,550.0,876.0,-290.0,403.0,train
8111,11_square,3,56,729.0,636.0,169.0,898.0,-560.0,262.0,train
8112,11_square,29,19,253.0,210.0,852.0,610.0,599.0,400.0,train
8114,11_square,44,23,698.0,253.0,102.0,683.0,-596.0,430.0,train
8115,11_square,51,58,132.0,619.0,244.0,858.0,112.0,239.0,train
8116,11_square,52,8,242.0,305.0,309.0,789.0,67.0,484.0,train
8117,11_square,67,67,444.0,278.0,832.0,180.0,388.0,-98.0,train
8118,11_square,28,43,707.0,656.0,438.0,740.0,-269.0,84.0,train
8119,11_square,66,16,385.0,489.0,877.0,468.0,492.0,-21.0,train
8120,11_square,48,34,670.0,545.0,559.0,199.0,-111.0,-346.0,train
8121,11_square,21,54,876.0,131.0,897.0,520.0,21.0,389.0,train
8122,11_square,47,33,231.0,268.0,876.0,582.0,645.0,314.0,train
8123,11_square,54,60,818.0,655.0,171.0,196.0,-647.0,-459.0,train
8124,11_square,31,47,345.0,705.0,870.0,345.0,525.0,-360.0,train
8125,11_square,40,17,162.0,124.0,672.0,289.0,510.0,165.0,train
8127,11_square,54,7,874.0,420.0,472.0,347.0,-402.0,-73.0,train
8128,11_square,5,5,691.0,290.0,407.0,447.0,-284.0,157.0,train
8129,11_square,40,13,304.0,140.0,195.0,244.0,-109.0,104.0,train
8130,11_square,18,26,821.0,482.0,839.0,412.0,18.0,-70.0,train
8132,11_square,47,17,430.0,499.0,885.0,662.0,455.0,163.0,train
8133,11_square,32,5,796.0,839.0,114.0,748.0,-682.0,-91.0,train
8135,11_square,25,29,175.0,659.0,253.0,398.0,78.0,-261.0,train
8136,11_square,8,3,118.0,343.0,761.0,829.0,643.0,486.0,train
8137,11_square,27,66,542.0,450.0,679.0,210.0,137.0,-240.0,train
8138,11_square,51,3,604.0,841.0,129.0,582.0,-475.0,-259.0,train
8139,11_square,33,47,612.0,623.0,856.0,652.0,244.0,29.0,train
8141,11_square,67,16,143.0,327.0,266.0,545.0,123.0,218.0,train
8142,11_square,5,64,866.0,892.0,592.0,501.0,-274.0,-391.0,train
8143,11_square,45,35,603.0,541.0,545.0,524.0,-58.0,-17.0,train
8144,11_square,37,68,784.0,822.0,672.0,747.0,-112.0,-75.0,train
8146,11_square,57,7,570.0,429.0,711.0,397.0,141.0,-32.0,train
8147,11_square,62,54,745.0,672.0,633.0,196.0,-112.0,-476.0,train
8148,11_square,18,45,882.0,247.0,395.0,767.0,-487.0,520.0,train
8149,11_square,35,52,843.0,495.0,847.0,555.0,4.0,60.0,train
8151,11_square,39,62,262.0,321.0,357.0,153.0,95.0,-168.0,train
8152,11_square,31,28,114.0,215.0,867.0,745.0,753.0,530.0,train
8153,11_square,57,68,496.0,364.0,786.0,543.0,290.0,179.0,train
8154,11_square,53,62,203.0,204.0,702.0,368.0,499.0,164.0,train
8156,11_square,67,26,723.0,713.0,364.0,805.0,-359.0,92.0,train
8157,11_square,41,56,785.0,207.0,440.0,466.0,-345.0,259.0,train
8159,11_square,23,18,847.0,454.0,631.0,807.0,-216.0,353.0,train
8160,11_square,32,3,669.0,572.0,446.0,649.0,-223.0,77.0,train
8161,11_square,48,66,682.0,314.0,356.0,105.0,-326.0,-209.0,train
8162,11_square,26,41,413.0,500.0,756.0,302.0,343.0,-198.0,train
8163,11_square,52,13,126.0,296.0,642.0,306.0,516.0,10.0,train
8164,11_square,20,11,781.0,408.0,421.0,248.0,-360.0,-160.0,train
8165,11_square,48,20,359.0,113.0,771.0,525.0,412.0,412.0,train
8166,11_square,42,57,305.0,832.0,860.0,422.0,555.0,-410.0,train
8167,11_square,46,31,667.0,251.0,731.0,129.0,64.0,-122.0,train
8168,11_square,34,44,262.0,304.0,457.0,177.0,195.0,-127.0,train
8170,11_square,57,36,186.0,768.0,724.0,654.0,538.0,-114.0,train
8171,11_square,36,62,803.0,135.0,721.0,483.0,-82.0,348.0,train
8172,11_square,35,37,204.0,679.0,780.0,684.0,576.0,5.0,train
8173,11_square,6,34,261.0,210.0,580.0,556.0,319.0,346.0,train
8174,11_square,62,17,123.0,591.0,807.0,120.0,684.0,-471.0,train
8176,11_square,5,0,516.0,605.0,330.0,875.0,-186.0,270.0,train
8177,11_square,14,41,560.0,889.0,756.0,284.0,196.0,-605.0,train
8178,11_square,29,10,177.0,130.0,340.0,560.0,163.0,430.0,train
8179,11_square,65,4,319.0,319.0,201.0,226.0,-118.0,-93.0,train
8180,11_square,58,43,577.0,202.0,466.0,492.0,-111.0,290.0,train
8181,11_square,41,8,105.0,199.0,107.0,770.0,2.0,571.0,train
8182,11_square,11,38,375.0,129.0,349.0,666.0,-26.0,537.0,train
8183,11_square,66,58,524.0,646.0,477.0,596.0,-47.0,-50.0,train
8186,11_square,4,24,613.0,493.0,785.0,402.0,172.0,-91.0,train
8187,11_square,49,15,409.0,190.0,825.0,668.0,416.0,478.0,train
8188,11_square,43,50,873.0,578.0,522.0,606.0,-351.0,28.0,train
8189,11_square,2,63,149.0,808.0,661.0,593.0,512.0,-215.0,train
8190,11_square,36,52,872.0,850.0,134.0,738.0,-738.0,-112.0,train
8192,11_square,10,59,310.0,368.0,454.0,350.0,144.0,-18.0,train
8194,11_square,35,31,714.0,451.0,680.0,115.0,-34.0,-336.0,train
8195,11_square,61,65,746.0,481.0,796.0,226.0,50.0,-255.0,train
8196,11_square,17,27,800.0,536.0,715.0,137.0,-85.0,-399.0,train
8197,11_square,44,20,350.0,212.0,191.0,620.0,-159.0,408.0,train
8198,11_square,31,17,730.0,403.0,864.0,631.0,134.0,228.0,train
8199,11_square,22,35,145.0,544.0,242.0,162.0,97.0,-382.0,train
8200,11_square,63,37,332.0,522.0,337.0,869.0,5.0,347.0,train
8201,11_square,41,57,336.0,394.0,133.0,834.0,-203.0,440.0,train
8202,11_square,27,32,682.0,676.0,320.0,103.0,-362.0,-573.0,train
8203,11_square,68,30,293.0,439.0,221.0,723.0,-72.0,284.0,train
8204,11_square,59,28,266.0,514.0,479.0,719.0,213.0,205.0,train
8205,11_square,23,40,649.0,334.0,596.0,582.0,-53.0,248.0,train
8207,11_square,1,34,528.0,835.0,447.0,769.0,-81.0,-66.0,train
8208,11_square,43,46,644.0,492.0,627.0,454.0,-17.0,-38.0,train
8209,11_square,55,58,802.0,827.0,820.0,642.0,18.0,-185.0,train
8213,11_square,13,3,778.0,768.0,258.0,415.0,-520.0,-353.0,train
8214,11_square,0,24,170.0,605.0,108.0,651.0,-62.0,46.0,train
8215,11_square,52,51,314.0,317.0,553.0,325.0,239.0,8.0,train
8216,11_square,68,7,227.0,757.0,516.0,621.0,289.0,-136.0,train
8217,11_square,57,47,133.0,876.0,426.0,703.0,293.0,-173.0,train
8219,11_square,51,64,694.0,463.0,433.0,719.0,-261.0,256.0,train
8220,11_square,60,12,573.0,589.0,234.0,759.0,-339.0,170.0,train
8224,11_square,10,31,232.0,629.0,688.0,764.0,456.0,135.0,train
8225,11_square,21,25,895.0,860.0,436.0,147.0,-459.0,-713.0,train
8227,11_square,36,68,822.0,240.0,883.0,867.0,61.0,627.0,train
8229,11_square,15,54,864.0,558.0,817.0,182.0,-47.0,-376.0,train
8230,11_square,26,1,688.0,759.0,758.0,537.0,70.0,-222.0,train
8231,11_square,51,40,197.0,341.0,204.0,825.0,7.0,484.0,train
8232,11_square,65,53,239.0,331.0,734.0,811.0,495.0,480.0,train
8233,11_square,65,34,289.0,376.0,828.0,754.0,539.0,378.0,train
8234,11_square,0,10,661.0,787.0,850.0,781.0,189.0,-6.0,train
8236,11_square,32,24,236.0,752.0,858.0,661.0,622.0,-91.0,train
8237,11_square,34,8,522.0,503.0,181.0,435.0,-341.0,-68.0,train
8238,11_square,44,40,704.0,564.0,406.0,199.0,-298.0,-365.0,train
8239,11_square,27,27,272.0,367.0,720.0,227.0,448.0,-140.0,train
8240,11_square,48,16,212.0,779.0,223.0,666.0,11.0,-113.0,train
8242,11_square,21,1,119.0,107.0,834.0,660.0,715.0,553.0,train
8243,11_square,54,37,629.0,896.0,417.0,571.0,-212.0,-325.0,train
8246,11_square,33,4,322.0,885.0,211.0,492.0,-111.0,-393.0,train
8247,11_square,55,30,195.0,844.0,796.0,625.0,601.0,-219.0,train
8248,11_square,47,42,870.0,550.0,204.0,640.0,-666.0,90.0,train
8249,11_square,57,34,623.0,402.0,523.0,124.0,-100.0,-278.0,train
8250,11_square,30,64,364.0,665.0,368.0,150.0,4.0,-515.0,train
8251,11_square,17,60,887.0,212.0,751.0,676.0,-136.0,464.0,train
8252,11_square,19,44,321.0,546.0,318.0,113.0,-3.0,-433.0,train
8253,11_square,2,52,827.0,256.0,820.0,860.0,-7.0,604.0,train
8255,11_square,56,61,516.0,149.0,177.0,854.0,-339.0,705.0,train
8256,11_square,11,8,615.0,610.0,348.0,279.0,-267.0,-331.0,train
8258,11_square,39,9,106.0,783.0,677.0,278.0,571.0,-505.0,train
8259,11_square,43,13,842.0,130.0,702.0,373.0,-140.0,243.0,train
8260,11_square,56,31,362.0,797.0,633.0,652.0,271.0,-145.0,train
8261,11_square,68,45,145.0,575.0,739.0,230.0,594.0,-345.0,train
8262,11_square,21,35,148.0,233.0,260.0,683.0,112.0,450.0,train
8263,11_square,52,21,459.0,809.0,219.0,851.0,-240.0,42.0,train
8264,11_square,19,19,304.0,682.0,798.0,223.0,494.0,-459.0,train
8265,11_square,66,68,570.0,330.0,426.0,478.0,-144.0,148.0,train
8267,11_square,44,12,590.0,131.0,859.0,654.0,269.0,523.0,train
8269,11_square,46,54,757.0,390.0,283.0,643.0,-474.0,253.0,train
8270,11_square,44,26,744.0,298.0,443.0,224.0,-301.0,-74.0,train
8271,11_square,18,10,323.0,639.0,601.0,407.0,278.0,-232.0,train
8272,11_square,35,32,329.0,287.0,405.0,686.0,76.0,399.0,train
8273,11_square,50,55,138.0,832.0,860.0,483.0,722.0,-349.0,train
8274,11_square,16,52,161.0,405.0,582.0,480.0,421.0,75.0,train
8275,11_square,63,37,440.0,747.0,363.0,112.0,-77.0,-635.0,train
8276,11_square,40,68,826.0,875.0,647.0,369.0,-179.0,-506.0,train
8277,11_square,18,40,474.0,778.0,183.0,740.0,-291.0,-38.0,train
8279,11_square,49,6,630.0,231.0,397.0,507.0,-233.0,276.0,train
8280,11_square,11,49,697.0,448.0,828.0,211.0,131.0,-237.0,train
8281,11_square,21,17,364.0,895.0,214.0,537.0,-150.0,-358.0,train
8282,11_square,64,4,784.0,816.0,189.0,403.0,-595.0,-413.0,train
8283,11_square,41,22,828.0,244.0,204.0,100.0,-624.0,-144.0,train
8284,11_square,68,23,559.0,429.0,539.0,577.0,-20.0,148.0,train
8285,11_square,32,40,822.0,381.0,569.0,256.0,-253.0,-125.0,train
8286,11_square,32,42,894.0,143.0,651.0,234.0,-243.0,91.0,train
8287,11_square,8,67,378.0,647.0,759.0,751.0,381.0,104.0,train
8288,11_square,60,66,830.0,720.0,620.0,760.0,-210.0,40.0,train
8289,11_square,14,38,779.0,465.0,690.0,475.0,-89.0,10.0,train
8290,11_square,53,66,432.0,225.0,278.0,135.0,-154.0,-90.0,train
8291,11_square,11,1,218.0,399.0,100.0,252.0,-118.0,-147.0,train
8292,11_square,59,1,449.0,662.0,716.0,263.0,267.0,-399.0,train
8293,11_square,6,34,247.0,706.0,666.0,806.0,419.0,100.0,train
8294,11_square,0,33,688.0,875.0,719.0,275.0,31.0,-600.0,train
8295,11_square,34,68,549.0,761.0,665.0,326.0,116.0,-435.0,train
8296,11_square,39,10,460.0,462.0,862.0,652.0,402.0,190.0,train
8297,11_square,8,41,255.0,724.0,634.0,840.0,379.0,116.0,train
8298,11_square,61,57,482.0,756.0,472.0,848.0,-10.0,92.0,train
8299,11_square,0,37,880.0,102.0,510.0,386.0,-370.0,284.0,train
8300,11_square,36,12,356.0,887.0,806.0,637.0,450.0,-250.0,train
8301,11_square,56,7,533.0,700.0,386.0,436.0,-147.0,-264.0,train
8303,11_square,62,20,551.0,878.0,392.0,125.0,-159.0,-753.0,train
8305,11_square,48,51,177.0,490.0,390.0,274.0,213.0,-216.0,train
8307,11_square,63,36,796.0,681.0,229.0,504.0,-567.0,-177.0,train
8308,11_square,33,44,782.0,538.0,523.0,889.0,-259.0,351.0,train
8309,11_square,40,30,363.0,422.0,726.0,250.0,363.0,-172.0,train
8310,11_square,14,18,616.0,725.0,708.0,284.0,92.0,-441.0,train
8312,11_square,47,60,856.0,153.0,761.0,173.0,-95.0,20.0,train
8313,11_square,15,24,211.0,559.0,722.0,601.0,511.0,42.0,train
8314,11_square,44,47,114.0,557.0,231.0,244.0,117.0,-313.0,train
8315,11_square,58,38,646.0,241.0,312.0,233.0,-334.0,-8.0,train
8316,11_square,42,39,554.0,399.0,110.0,262.0,-444.0,-137.0,train
8317,11_square,23,3,104.0,801.0,859.0,555.0,755.0,-246.0,train
8318,11_square,31,49,281.0,594.0,772.0,426.0,491.0,-168.0,train
8319,11_square,60,23,591.0,214.0,254.0,172.0,-337.0,-42.0,train
8320,11_square,45,19,705.0,281.0,650.0,628.0,-55.0,347.0,train
8321,11_square,5,18,610.0,412.0,639.0,159.0,29.0,-253.0,train
8322,11_square,61,20,188.0,732.0,463.0,759.0,275.0,27.0,train
8323,11_square,29,39,132.0,737.0,825.0,570.0,693.0,-167.0,train
8325,11_square,28,60,662.0,565.0,242.0,512.0,-420.0,-53.0,train
8326,11_square,65,51,678.0,797.0,148.0,200.0,-530.0,-597.0,train
8327,11_square,41,65,700.0,545.0,173.0,245.0,-527.0,-300.0,train
8328,11_square,26,25,343.0,534.0,101.0,360.0,-242.0,-174.0,train
8330,11_square,42,60,329.0,251.0,769.0,770.0,440.0,519.0,train
8331,11_square,31,18,457.0,166.0,195.0,649.0,-262.0,483.0,train
8332,11_square,36,14,210.0,302.0,633.0,537.0,423.0,235.0,train
8333,11_square,2,11,249.0,760.0,787.0,174.0,538.0,-586.0,train
8334,11_square,3,62,522.0,638.0,350.0,887.0,-172.0,249.0,train
8336,11_square,29,14,598.0,801.0,634.0,680.0,36.0,-121.0,train
8337,11_square,62,3,203.0,258.0,197.0,173.0,-6.0,-85.0,train
8339,11_square,34,0,812.0,375.0,874.0,629.0,62.0,254.0,train
8340,11_square,57,14,349.0,645.0,342.0,879.0,-7.0,234.0,train
8341,11_square,55,58,772.0,570.0,880.0,371.0,108.0,-199.0,train
8342,11_square,49,16,163.0,120.0,170.0,163.0,7.0,43.0,train
8343,11_square,41,59,884.0,267.0,316.0,354.0,-568.0,87.0,train
8346,11_square,60,41,708.0,516.0,261.0,518.0,-447.0,2.0,train
8347,11_square,54,44,131.0,803.0,184.0,724.0,53.0,-79.0,train
8348,11_square,22,62,502.0,656.0,346.0,226.0,-156.0,-430.0,train
8349,11_square,43,13,475.0,246.0,362.0,359.0,-113.0,113.0,train
8350,11_square,19,62,573.0,427.0,246.0,846.0,-327.0,419.0,train
8351,11_square,30,7,761.0,214.0,694.0,381.0,-67.0,167.0,train
8352,11_square,43,31,438.0,384.0,273.0,757.0,-165.0,373.0,train
8353,11_square,53,0,357.0,296.0,875.0,492.0,518.0,196.0,train
8356,11_square,13,24,467.0,837.0,692.0,332.0,225.0,-505.0,train
8357,11_square,59,13,795.0,800.0,895.0,180.0,100.0,-620.0,train
8358,11_square,48,29,419.0,471.0,756.0,371.0,337.0,-100.0,train
8359,11_square,13,12,214.0,206.0,789.0,252.0,575.0,46.0,train
8360,11_square,46,33,418.0,180.0,504.0,349.0,86.0,169.0,train
8361,11_square,8,4,213.0,571.0,319.0,799.0,106.0,228.0,train
8362,11_square,52,40,791.0,819.0,221.0,854.0,-570.0,35.0,train
8363,11_square,12,32,514.0,788.0,751.0,889.0,237.0,101.0,train
8364,11_square,13,55,770.0,523.0,622.0,873.0,-148.0,350.0,train
8365,11_square,52,5,213.0,835.0,158.0,372.0,-55.0,-463.0,train
8366,11_square,55,52,674.0,386.0,714.0,545.0,40.0,159.0,train
8367,11_square,44,21,589.0,198.0,603.0,123.0,14.0,-75.0,train
8368,11_square,45,66,127.0,632.0,575.0,565.0,448.0,-67.0,train
8369,11_square,26,63,622.0,158.0,518.0,417.0,-104.0,259.0,train
8370,11_square,57,53,313.0,384.0,322.0,139.0,9.0,-245.0,train
8372,11_square,20,36,733.0,756.0,142.0,304.0,-591.0,-452.0,train
8373,11_square,52,8,772.0,353.0,722.0,627.0,-50.0,274.0,train
8374,11_square,12,65,510.0,402.0,657.0,822.0,147.0,420.0,train
8375,11_square,49,47,535.0,742.0,666.0,128.0,131.0,-614.0,train
8376,11_square,34,54,737.0,313.0,741.0,765.0,4.0,452.0,train
8378,11_square,53,12,254.0,707.0,531.0,218.0,277.0,-489.0,train
8379,11_square,26,1,816.0,479.0,790.0,462.0,-26.0,-17.0,train
8380,11_square,55,50,692.0,250.0,290.0,203.0,-402.0,-47.0,train
8381,11_square,5,57,264.0,375.0,501.0,404.0,237.0,29.0,train
8382,11_square,68,9,707.0,695.0,673.0,589.0,-34.0,-106.0,train
8383,11_square,9,19,664.0,795.0,730.0,484.0,66.0,-311.0,train
8384,11_square,42,32,454.0,510.0,842.0,464.0,388.0,-46.0,train
8386,11_square,23,0,741.0,170.0,405.0,706.0,-336.0,536.0,train
8387,11_square,62,38,608.0,141.0,272.0,734.0,-336.0,593.0,train
8388,11_square,58,44,357.0,420.0,312.0,482.0,-45.0,62.0,train
8389,11_square,50,35,278.0,165.0,882.0,215.0,604.0,50.0,train
8390,11_square,53,27,514.0,898.0,720.0,594.0,206.0,-304.0,train
8392,11_square,35,54,795.0,650.0,196.0,628.0,-599.0,-22.0,train
8393,11_square,59,43,889.0,367.0,809.0,720.0,-80.0,353.0,train
8394,11_square,60,11,822.0,753.0,441.0,748.0,-381.0,-5.0,train
8395,11_square,24,48,482.0,296.0,652.0,823.0,170.0,527.0,train
8397,11_square,49,58,675.0,146.0,440.0,728.0,-235.0,582.0,train
8398,11_square,59,65,735.0,335.0,116.0,134.0,-619.0,-201.0,train
8400,11_square,11,62,279.0,679.0,317.0,421.0,38.0,-258.0,train
8401,11_square,11,11,113.0,276.0,158.0,422.0,45.0,146.0,train
8402,11_square,19,15,260.0,602.0,701.0,595.0,441.0,-7.0,train
8403,11_square,41,53,833.0,777.0,594.0,354.0,-239.0,-423.0,train
8404,11_square,67,1,338.0,336.0,699.0,802.0,361.0,466.0,train
8407,11_square,33,41,348.0,319.0,275.0,736.0,-73.0,417.0,train
8408,11_square,14,56,597.0,660.0,538.0,127.0,-59.0,-533.0,train
8409,11_square,53,21,746.0,370.0,751.0,312.0,5.0,-58.0,train
8410,11_square,34,54,569.0,666.0,711.0,747.0,142.0,81.0,train
8411,11_square,38,0,696.0,637.0,277.0,459.0,-419.0,-178.0,train
8412,11_square,13,27,262.0,286.0,150.0,276.0,-112.0,-10.0,train
8413,11_square,1,56,101.0,895.0,374.0,498.0,273.0,-397.0,train
8414,11_square,48,38,725.0,653.0,241.0,584.0,-484.0,-69.0,train
8416,11_square,59,15,661.0,275.0,695.0,376.0,34.0,101.0,train
8418,11_square,14,21,830.0,130.0,833.0,436.0,3.0,306.0,train
8419,11_square,13,54,741.0,229.0,725.0,133.0,-16.0,-96.0,train
8420,11_square,53,24,144.0,200.0,348.0,864.0,204.0,664.0,train
8421,11_square,12,61,326.0,723.0,475.0,449.0,149.0,-274.0,train
8422,11_square,7,26,325.0,638.0,711.0,710.0,386.0,72.0,train
8423,11_square,9,18,767.0,738.0,640.0,431.0,-127.0,-307.0,train
8424,11_square,31,31,454.0,279.0,100.0,171.0,-354.0,-108.0,train
8425,11_square,55,54,776.0,565.0,766.0,529.0,-10.0,-36.0,train
8426,11_square,15,25,459.0,716.0,849.0,744.0,390.0,28.0,train
8427,11_square,7,44,172.0,159.0,897.0,466.0,725.0,307.0,train
8428,11_square,17,0,125.0,782.0,417.0,790.0,292.0,8.0,train
8429,11_square,62,61,718.0,202.0,125.0,873.0,-593.0,671.0,train
8430,11_square,14,49,493.0,411.0,546.0,340.0,53.0,-71.0,train
8431,11_square,61,44,481.0,633.0,585.0,519.0,104.0,-114.0,train
8432,11_square,16,67,728.0,431.0,166.0,232.0,-562.0,-199.0,train
8433,11_square,3,64,348.0,836.0,653.0,837.0,305.0,1.0,train
8436,11_square,10,53,510.0,575.0,211.0,761.0,-299.0,186.0,train
8437,11_square,66,41,895.0,576.0,262.0,383.0,-633.0,-193.0,train
8438,11_square,29,49,311.0,328.0,499.0,826.0,188.0,498.0,train
8439,11_square,47,66,161.0,516.0,694.0,159.0,533.0,-357.0,train
8440,11_square,56,56,251.0,133.0,111.0,698.0,-140.0,565.0,train
8441,11_square,18,49,679.0,507.0,517.0,688.0,-162.0,181.0,train
8442,11_square,23,49,627.0,800.0,318.0,755.0,-309.0,-45.0,train
8443,11_square,40,12,319.0,610.0,110.0,244.0,-209.0,-366.0,train
8444,11_square,37,44,299.0,640.0,201.0,390.0,-98.0,-250.0,train
8445,11_square,16,8,419.0,111.0,385.0,348.0,-34.0,237.0,train
8447,11_square,25,53,631.0,723.0,264.0,196.0,-367.0,-527.0,train
8449,11_square,19,55,767.0,326.0,385.0,191.0,-382.0,-135.0,train
8450,11_square,45,43,216.0,279.0,566.0,191.0,350.0,-88.0,train
8451,11_square,18,24,663.0,187.0,328.0,287.0,-335.0,100.0,train
8452,11_square,23,61,268.0,744.0,711.0,383.0,443.0,-361.0,train
8453,11_square,6,67,487.0,130.0,350.0,431.0,-137.0,301.0,train
8454,11_square,19,48,509.0,899.0,859.0,239.0,350.0,-660.0,train
8455,11_square,2,37,553.0,605.0,147.0,523.0,-406.0,-82.0,train
8457,11_square,33,62,518.0,173.0,678.0,131.0,160.0,-42.0,train
8458,11_square,16,2,521.0,496.0,303.0,236.0,-218.0,-260.0,train
8459,11_square,43,46,751.0,532.0,561.0,161.0,-190.0,-371.0,train
8460,11_square,38,14,188.0,426.0,505.0,427.0,317.0,1.0,train
8461,11_square,10,36,680.0,289.0,427.0,147.0,-253.0,-142.0,train
8462,11_square,56,38,320.0,658.0,738.0,531.0,418.0,-127.0,train
8463,11_square,64,61,275.0,266.0,570.0,829.0,295.0,563.0,train
8465,11_square,61,18,643.0,519.0,103.0,328.0,-540.0,-191.0,train
8467,11_square,26,41,349.0,431.0,636.0,767.0,287.0,336.0,train
8468,11_square,38,38,183.0,229.0,296.0,357.0,113.0,128.0,train
8469,11_square,61,3,310.0,246.0,516.0,452.0,206.0,206.0,train
8470,11_square,24,3,409.0,404.0,831.0,103.0,422.0,-301.0,train
8471,11_square,7,57,137.0,407.0,100.0,769.0,-37.0,362.0,train
8472,11_square,23,25,602.0,746.0,334.0,671.0,-268.0,-75.0,train
8473,11_square,58,51,883.0,523.0,824.0,760.0,-59.0,237.0,train
8475,11_square,48,21,278.0,351.0,337.0,268.0,59.0,-83.0,train
8477,11_square,46,47,531.0,618.0,315.0,479.0,-216.0,-139.0,train
8478,11_square,64,48,549.0,373.0,440.0,123.0,-109.0,-250.0,train
8480,11_square,30,2,759.0,399.0,255.0,324.0,-504.0,-75.0,train
8481,11_square,41,24,444.0,465.0,480.0,704.0,36.0,239.0,train
8482,11_square,5,65,570.0,813.0,494.0,640.0,-76.0,-173.0,train
8483,11_square,36,40,884.0,805.0,848.0,582.0,-36.0,-223.0,train
8487,11_square,64,56,533.0,578.0,831.0,686.0,298.0,108.0,train
8488,11_square,21,25,604.0,130.0,532.0,143.0,-72.0,13.0,train
8489,11_square,42,9,552.0,789.0,117.0,850.0,-435.0,61.0,train
8490,11_square,47,64,724.0,450.0,426.0,507.0,-298.0,57.0,train
8491,11_square,6,60,422.0,713.0,873.0,372.0,451.0,-341.0,train
8492,11_square,46,45,682.0,113.0,769.0,176.0,87.0,63.0,train
8493,11_square,48,35,282.0,452.0,802.0,289.0,520.0,-163.0,train
8494,11_square,19,38,683.0,387.0,322.0,478.0,-361.0,91.0,train
8496,11_square,44,39,778.0,364.0,446.0,187.0,-332.0,-177.0,train
8498,11_square,27,6,231.0,369.0,713.0,453.0,482.0,84.0,train
8499,11_square,39,48,170.0,346.0,593.0,838.0,423.0,492.0,train
8501,1_square,29,15,890.0,139.0,531.0,891.0,-359.0,752.0,train
8502,1_square,42,9,394.0,257.0,653.0,799.0,259.0,542.0,train
8503,1_square,25,66,628.0,682.0,338.0,807.0,-290.0,125.0,train
8504,1_square,26,24,339.0,574.0,100.0,392.0,-239.0,-182.0,train
8505,1_square,44,32,203.0,492.0,628.0,767.0,425.0,275.0,train
8506,1_square,37,2,871.0,743.0,543.0,661.0,-328.0,-82.0,train
8507,1_square,64,15,860.0,365.0,672.0,537.0,-188.0,172.0,train
8509,1_square,56,47,292.0,677.0,271.0,693.0,-21.0,16.0,train
8510,1_square,51,62,405.0,101.0,400.0,343.0,-5.0,242.0,train
8512,1_square,5,7,773.0,189.0,358.0,814.0,-415.0,625.0,train
8513,1_square,2,0,460.0,276.0,137.0,178.0,-323.0,-98.0,train
8514,1_square,39,19,692.0,191.0,160.0,434.0,-532.0,243.0,train
8515,1_square,57,25,823.0,826.0,667.0,229.0,-156.0,-597.0,train
8516,1_square,64,3,834.0,114.0,218.0,388.0,-616.0,274.0,train
8518,1_square,17,37,664.0,314.0,354.0,183.0,-310.0,-131.0,train
8519,1_square,35,43,166.0,827.0,452.0,211.0,286.0,-616.0,train
8520,1_square,3,25,826.0,625.0,704.0,605.0,-122.0,-20.0,train
8521,1_square,12,65,192.0,725.0,165.0,821.0,-27.0,96.0,train
8522,1_square,32,45,409.0,523.0,730.0,555.0,321.0,32.0,train
8523,1_square,42,27,885.0,121.0,559.0,628.0,-326.0,507.0,train
8524,1_square,11,54,786.0,100.0,120.0,268.0,-666.0,168.0,train
8526,1_square,34,1,543.0,314.0,260.0,625.0,-283.0,311.0,train
8527,1_square,44,40,582.0,534.0,206.0,489.0,-376.0,-45.0,train
8528,1_square,53,19,162.0,376.0,460.0,695.0,298.0,319.0,train
8529,1_square,29,64,510.0,459.0,435.0,299.0,-75.0,-160.0,train
8530,1_square,30,50,241.0,819.0,246.0,564.0,5.0,-255.0,train
8531,1_square,2,34,639.0,393.0,676.0,367.0,37.0,-26.0,train
8532,1_square,33,41,788.0,820.0,673.0,428.0,-115.0,-392.0,train
8533,1_square,42,30,290.0,111.0,323.0,524.0,33.0,413.0,train
8534,1_square,17,41,517.0,858.0,101.0,400.0,-416.0,-458.0,train
8535,1_square,3,23,180.0,358.0,449.0,669.0,269.0,311.0,train
8536,1_square,10,7,298.0,895.0,836.0,479.0,538.0,-416.0,train
8537,1_square,7,34,579.0,639.0,197.0,820.0,-382.0,181.0,train
8538,1_square,27,15,694.0,554.0,671.0,733.0,-23.0,179.0,train
8539,1_square,16,2,178.0,772.0,860.0,200.0,682.0,-572.0,train
8540,1_square,20,14,663.0,814.0,175.0,463.0,-488.0,-351.0,train
8541,1_square,51,51,524.0,882.0,582.0,169.0,58.0,-713.0,train
8545,1_square,45,60,673.0,487.0,528.0,238.0,-145.0,-249.0,train
8546,1_square,47,62,422.0,829.0,228.0,700.0,-194.0,-129.0,train
8549,1_square,29,46,278.0,870.0,826.0,791.0,548.0,-79.0,train
8552,1_square,11,15,278.0,814.0,666.0,670.0,388.0,-144.0,train
8553,1_square,20,40,551.0,233.0,850.0,817.0,299.0,584.0,train
8554,1_square,25,67,268.0,326.0,870.0,662.0,602.0,336.0,train
8556,1_square,5,21,802.0,419.0,319.0,644.0,-483.0,225.0,train
8557,1_square,59,32,503.0,605.0,116.0,757.0,-387.0,152.0,train
8558,1_square,14,17,417.0,231.0,883.0,546.0,466.0,315.0,train
8559,1_square,42,23,155.0,505.0,796.0,710.0,641.0,205.0,train
8560,1_square,65,40,246.0,474.0,533.0,195.0,287.0,-279.0,train
8561,1_square,7,27,696.0,738.0,682.0,214.0,-14.0,-524.0,train
8562,1_square,64,19,760.0,555.0,473.0,711.0,-287.0,156.0,train
8563,1_square,36,47,638.0,405.0,578.0,711.0,-60.0,306.0,train
8564,1_square,16,14,337.0,477.0,334.0,309.0,-3.0,-168.0,train
8565,1_square,56,55,117.0,801.0,889.0,894.0,772.0,93.0,train
8566,1_square,2,13,478.0,539.0,853.0,486.0,375.0,-53.0,train
8567,1_square,2,61,737.0,330.0,557.0,665.0,-180.0,335.0,train
8568,1_square,27,13,263.0,706.0,372.0,186.0,109.0,-520.0,train
8569,1_square,55,17,175.0,505.0,220.0,773.0,45.0,268.0,train
8570,1_square,0,8,573.0,214.0,307.0,598.0,-266.0,384.0,train
8571,1_square,19,15,687.0,837.0,209.0,195.0,-478.0,-642.0,train
8572,1_square,61,52,386.0,383.0,437.0,295.0,51.0,-88.0,train
8573,1_square,48,63,453.0,139.0,120.0,527.0,-333.0,388.0,train
8575,1_square,28,0,296.0,671.0,867.0,154.0,571.0,-517.0,train
8576,1_square,9,48,267.0,228.0,563.0,353.0,296.0,125.0,train
8578,1_square,26,28,305.0,452.0,387.0,531.0,82.0,79.0,train
8579,1_square,7,3,336.0,154.0,874.0,600.0,538.0,446.0,train
8581,1_square,25,41,283.0,564.0,450.0,891.0,167.0,327.0,train
8582,1_square,20,42,506.0,563.0,125.0,291.0,-381.0,-272.0,train
8583,1_square,38,3,547.0,624.0,387.0,415.0,-160.0,-209.0,train
8584,1_square,3,35,664.0,358.0,731.0,241.0,67.0,-117.0,train
8585,1_square,64,0,645.0,852.0,161.0,734.0,-484.0,-118.0,train
8586,1_square,61,11,193.0,131.0,202.0,866.0,9.0,735.0,train
8587,1_square,57,32,113.0,362.0,174.0,744.0,61.0,382.0,train
8589,1_square,5,4,199.0,625.0,123.0,233.0,-76.0,-392.0,train
8591,1_square,30,12,652.0,746.0,268.0,467.0,-384.0,-279.0,train
8593,1_square,21,35,762.0,299.0,112.0,657.0,-650.0,358.0,train
8594,1_square,54,8,362.0,799.0,870.0,881.0,508.0,82.0,train
8595,1_square,13,62,621.0,594.0,769.0,457.0,148.0,-137.0,train
8596,1_square,43,46,265.0,883.0,161.0,650.0,-104.0,-233.0,train
8597,1_square,31,36,276.0,517.0,254.0,606.0,-22.0,89.0,train
8598,1_square,32,40,872.0,317.0,710.0,614.0,-162.0,297.0,train
8599,1_square,17,11,814.0,429.0,237.0,478.0,-577.0,49.0,train
8600,1_square,64,45,779.0,501.0,286.0,370.0,-493.0,-131.0,train
8601,1_square,15,45,805.0,171.0,689.0,589.0,-116.0,418.0,train
8603,1_square,43,12,255.0,374.0,149.0,439.0,-106.0,65.0,train
8604,1_square,22,3,641.0,748.0,293.0,221.0,-348.0,-527.0,train
8605,1_square,5,62,837.0,138.0,847.0,777.0,10.0,639.0,train
8607,1_square,9,15,272.0,438.0,632.0,100.0,360.0,-338.0,train
8609,1_square,37,46,635.0,442.0,455.0,600.0,-180.0,158.0,train
8610,1_square,50,20,564.0,399.0,890.0,397.0,326.0,-2.0,train
8611,1_square,67,28,438.0,722.0,193.0,225.0,-245.0,-497.0,train
8613,1_square,11,44,824.0,248.0,462.0,468.0,-362.0,220.0,train
8614,1_square,63,2,332.0,624.0,679.0,387.0,347.0,-237.0,train
8616,1_square,29,39,650.0,226.0,364.0,628.0,-286.0,402.0,train
8617,1_square,57,0,654.0,384.0,175.0,144.0,-479.0,-240.0,train
8618,1_square,11,37,118.0,512.0,355.0,685.0,237.0,173.0,train
8619,1_square,23,42,393.0,245.0,686.0,534.0,293.0,289.0,train
8620,1_square,44,65,670.0,237.0,191.0,186.0,-479.0,-51.0,train
8621,1_square,10,17,413.0,482.0,846.0,654.0,433.0,172.0,train
8622,1_square,14,18,378.0,522.0,293.0,813.0,-85.0,291.0,train
8623,1_square,10,57,254.0,745.0,312.0,456.0,58.0,-289.0,train
8624,1_square,46,24,755.0,487.0,850.0,589.0,95.0,102.0,train
8626,1_square,26,3,703.0,190.0,197.0,725.0,-506.0,535.0,train
8628,1_square,49,15,443.0,266.0,224.0,301.0,-219.0,35.0,train
8629,1_square,2,6,547.0,202.0,445.0,584.0,-102.0,382.0,train
8630,1_square,18,30,600.0,634.0,623.0,767.0,23.0,133.0,train
8631,1_square,3,7,718.0,561.0,845.0,735.0,127.0,174.0,train
8632,1_square,53,2,101.0,695.0,295.0,304.0,194.0,-391.0,train
8633,1_square,20,5,161.0,618.0,279.0,499.0,118.0,-119.0,train
8635,1_square,47,41,308.0,615.0,893.0,562.0,585.0,-53.0,train
8636,1_square,46,34,768.0,192.0,215.0,247.0,-553.0,55.0,train
8637,1_square,17,27,894.0,181.0,792.0,635.0,-102.0,454.0,train
8638,1_square,35,6,785.0,196.0,161.0,783.0,-624.0,587.0,train
8639,1_square,27,12,241.0,880.0,783.0,226.0,542.0,-654.0,train
8640,1_square,47,24,375.0,597.0,771.0,702.0,396.0,105.0,train
8642,1_square,26,38,581.0,172.0,661.0,598.0,80.0,426.0,train
8643,1_square,34,47,843.0,756.0,548.0,897.0,-295.0,141.0,train
8644,1_square,5,47,289.0,705.0,875.0,424.0,586.0,-281.0,train
8645,1_square,62,67,147.0,594.0,216.0,332.0,69.0,-262.0,train
8646,1_square,17,51,481.0,598.0,706.0,592.0,225.0,-6.0,train
8647,1_square,38,54,589.0,748.0,277.0,407.0,-312.0,-341.0,train
8648,1_square,60,46,456.0,597.0,865.0,439.0,409.0,-158.0,train
8649,1_square,60,31,526.0,220.0,844.0,692.0,318.0,472.0,train
8650,1_square,13,13,515.0,226.0,835.0,115.0,320.0,-111.0,train
8651,1_square,14,25,272.0,124.0,179.0,559.0,-93.0,435.0,train
8652,1_square,26,17,358.0,193.0,875.0,573.0,517.0,380.0,train
8653,1_square,2,59,415.0,755.0,616.0,281.0,201.0,-474.0,train
8654,1_square,22,63,238.0,671.0,332.0,559.0,94.0,-112.0,train
8655,1_square,49,63,540.0,302.0,861.0,595.0,321.0,293.0,train
8656,1_square,10,24,728.0,837.0,260.0,522.0,-468.0,-315.0,train
8657,1_square,62,47,514.0,145.0,313.0,397.0,-201.0,252.0,train
8659,1_square,48,24,550.0,298.0,400.0,500.0,-150.0,202.0,train
8660,1_square,7,6,314.0,139.0,621.0,160.0,307.0,21.0,train
8662,1_square,60,29,647.0,128.0,719.0,155.0,72.0,27.0,train
8663,1_square,44,9,254.0,414.0,623.0,580.0,369.0,166.0,train
8664,1_square,54,6,597.0,114.0,148.0,566.0,-449.0,452.0,train
8665,1_square,67,39,841.0,163.0,523.0,213.0,-318.0,50.0,train
8667,1_square,22,0,781.0,369.0,900.0,575.0,119.0,206.0,train
8668,1_square,54,12,709.0,122.0,203.0,252.0,-506.0,130.0,train
8669,1_square,5,65,599.0,257.0,658.0,124.0,59.0,-133.0,train
8670,1_square,41,7,233.0,455.0,234.0,322.0,1.0,-133.0,train
8671,1_square,1,7,290.0,690.0,632.0,479.0,342.0,-211.0,train
8673,1_square,63,53,899.0,464.0,837.0,147.0,-62.0,-317.0,train
8674,1_square,50,3,613.0,533.0,525.0,404.0,-88.0,-129.0,train
8675,1_square,8,52,631.0,834.0,439.0,512.0,-192.0,-322.0,train
8676,1_square,31,58,429.0,444.0,694.0,127.0,265.0,-317.0,train
8677,1_square,54,30,620.0,141.0,467.0,157.0,-153.0,16.0,train
8679,1_square,54,33,241.0,261.0,534.0,271.0,293.0,10.0,train
8680,1_square,29,15,698.0,760.0,229.0,512.0,-469.0,-248.0,train
8681,1_square,58,6,536.0,257.0,219.0,479.0,-317.0,222.0,train
8682,1_square,32,62,740.0,503.0,742.0,892.0,2.0,389.0,train
8684,1_square,17,58,472.0,769.0,617.0,686.0,145.0,-83.0,train
8685,1_square,32,43,173.0,361.0,746.0,372.0,573.0,11.0,train
8688,1_square,67,23,366.0,116.0,792.0,161.0,426.0,45.0,train
8689,1_square,27,19,136.0,782.0,843.0,422.0,707.0,-360.0,train
8690,1_square,6,13,260.0,863.0,441.0,446.0,181.0,-417.0,train
8691,1_square,8,16,503.0,304.0,539.0,337.0,36.0,33.0,train
8692,1_square,56,61,382.0,134.0,215.0,415.0,-167.0,281.0,train
8693,1_square,65,40,708.0,376.0,274.0,690.0,-434.0,314.0,train
8695,1_square,22,43,337.0,687.0,461.0,226.0,124.0,-461.0,train
8696,1_square,14,20,840.0,561.0,326.0,600.0,-514.0,39.0,train
8697,1_square,20,22,202.0,618.0,392.0,401.0,190.0,-217.0,train
8701,1_square,46,58,261.0,798.0,344.0,317.0,83.0,-481.0,train
8703,1_square,55,26,458.0,804.0,602.0,439.0,144.0,-365.0,train
8704,1_square,36,0,567.0,871.0,147.0,393.0,-420.0,-478.0,train
8705,1_square,17,40,488.0,566.0,160.0,275.0,-328.0,-291.0,train
8706,1_square,19,31,338.0,705.0,651.0,671.0,313.0,-34.0,train
8707,1_square,47,43,816.0,354.0,114.0,633.0,-702.0,279.0,train
8708,1_square,66,30,707.0,371.0,595.0,637.0,-112.0,266.0,train
8709,1_square,19,27,742.0,219.0,307.0,688.0,-435.0,469.0,train
8711,1_square,63,4,774.0,731.0,843.0,161.0,69.0,-570.0,train
8712,1_square,28,45,731.0,480.0,829.0,779.0,98.0,299.0,train
8714,1_square,51,34,887.0,459.0,489.0,738.0,-398.0,279.0,train
8715,1_square,4,50,393.0,576.0,832.0,364.0,439.0,-212.0,train
8717,1_square,21,0,595.0,111.0,444.0,166.0,-151.0,55.0,train
8719,1_square,1,33,653.0,875.0,893.0,255.0,240.0,-620.0,train
8720,1_square,34,18,811.0,394.0,226.0,540.0,-585.0,146.0,train
8721,1_square,24,7,590.0,379.0,621.0,370.0,31.0,-9.0,train
8722,1_square,46,16,624.0,228.0,146.0,179.0,-478.0,-49.0,train
8723,1_square,30,37,209.0,543.0,488.0,772.0,279.0,229.0,train
8725,1_square,52,20,731.0,338.0,542.0,242.0,-189.0,-96.0,train
8726,1_square,16,56,251.0,427.0,375.0,803.0,124.0,376.0,train
8728,1_square,35,49,435.0,279.0,596.0,584.0,161.0,305.0,train
8729,1_square,40,12,529.0,843.0,246.0,176.0,-283.0,-667.0,train
8730,1_square,40,1,307.0,483.0,182.0,658.0,-125.0,175.0,train
8731,1_square,40,45,575.0,663.0,425.0,282.0,-150.0,-381.0,train
8733,1_square,60,18,107.0,256.0,255.0,718.0,148.0,462.0,train
8734,1_square,7,5,861.0,442.0,662.0,541.0,-199.0,99.0,train
8735,1_square,63,55,835.0,193.0,556.0,374.0,-279.0,181.0,train
8736,1_square,21,24,875.0,808.0,474.0,362.0,-401.0,-446.0,train
8739,1_square,52,6,143.0,280.0,594.0,408.0,451.0,128.0,train
8740,1_square,20,49,207.0,122.0,610.0,892.0,403.0,770.0,train
8742,1_square,28,17,582.0,702.0,243.0,602.0,-339.0,-100.0,train
8743,1_square,55,0,536.0,313.0,284.0,735.0,-252.0,422.0,train
8744,1_square,46,58,870.0,270.0,889.0,859.0,19.0,589.0,train
8745,1_square,40,55,798.0,513.0,515.0,679.0,-283.0,166.0,train
8746,1_square,54,17,271.0,484.0,463.0,889.0,192.0,405.0,train
8749,1_square,19,43,895.0,232.0,389.0,679.0,-506.0,447.0,train
8750,1_square,62,18,313.0,395.0,491.0,321.0,178.0,-74.0,train
8751,1_square,0,65,701.0,659.0,795.0,294.0,94.0,-365.0,train
8753,1_square,27,23,388.0,324.0,454.0,560.0,66.0,236.0,train
8755,1_square,60,2,188.0,421.0,421.0,296.0,233.0,-125.0,train
8756,1_square,56,25,178.0,447.0,113.0,421.0,-65.0,-26.0,train
8757,1_square,12,63,268.0,668.0,771.0,686.0,503.0,18.0,train
8758,1_square,16,9,809.0,874.0,765.0,346.0,-44.0,-528.0,train
8759,1_square,43,50,879.0,153.0,256.0,620.0,-623.0,467.0,train
8760,1_square,34,14,204.0,673.0,786.0,688.0,582.0,15.0,train
8761,1_square,59,43,298.0,303.0,715.0,491.0,417.0,188.0,train
8762,1_square,60,14,216.0,671.0,833.0,189.0,617.0,-482.0,train
8763,1_square,32,15,102.0,709.0,766.0,536.0,664.0,-173.0,train
8764,1_square,63,21,191.0,578.0,311.0,835.0,120.0,257.0,train
8766,1_square,21,8,459.0,806.0,870.0,169.0,411.0,-637.0,train
8767,1_square,39,57,530.0,474.0,642.0,799.0,112.0,325.0,train
8768,1_square,48,68,264.0,132.0,611.0,587.0,347.0,455.0,train
8769,1_square,22,62,708.0,466.0,880.0,737.0,172.0,271.0,train
8770,1_square,18,36,737.0,689.0,516.0,168.0,-221.0,-521.0,train
8771,1_square,56,48,365.0,839.0,376.0,828.0,11.0,-11.0,train
8773,1_square,16,29,851.0,197.0,395.0,593.0,-456.0,396.0,train
8774,1_square,53,13,584.0,718.0,488.0,227.0,-96.0,-491.0,train
8775,1_square,52,44,576.0,642.0,891.0,844.0,315.0,202.0,train
8777,1_square,64,24,608.0,478.0,182.0,320.0,-426.0,-158.0,train
8779,1_square,37,16,100.0,834.0,256.0,846.0,156.0,12.0,train
8780,1_square,48,21,164.0,531.0,892.0,782.0,728.0,251.0,train
8781,1_square,54,3,491.0,794.0,381.0,341.0,-110.0,-453.0,train
8782,1_square,50,53,720.0,836.0,526.0,695.0,-194.0,-141.0,train
8783,1_square,39,64,557.0,160.0,458.0,477.0,-99.0,317.0,train
8784,1_square,26,67,395.0,176.0,277.0,181.0,-118.0,5.0,train
8785,1_square,9,55,731.0,175.0,308.0,181.0,-423.0,6.0,train
8786,1_square,32,60,814.0,354.0,388.0,100.0,-426.0,-254.0,train
8787,1_square,42,57,275.0,683.0,826.0,766.0,551.0,83.0,train
8789,1_square,30,7,821.0,486.0,854.0,237.0,33.0,-249.0,train
8790,1_square,36,12,754.0,501.0,699.0,115.0,-55.0,-386.0,train
8792,1_square,43,64,746.0,851.0,786.0,671.0,40.0,-180.0,train
8793,1_square,19,47,265.0,900.0,742.0,485.0,477.0,-415.0,train
8794,1_square,17,12,327.0,538.0,777.0,404.0,450.0,-134.0,train
8797,1_square,2,39,394.0,319.0,589.0,366.0,195.0,47.0,train
8798,1_square,36,12,432.0,534.0,162.0,606.0,-270.0,72.0,train
8799,1_square,68,52,389.0,675.0,196.0,197.0,-193.0,-478.0,train
8801,1_square,60,0,523.0,849.0,190.0,515.0,-333.0,-334.0,train
8802,1_square,27,55,414.0,382.0,542.0,724.0,128.0,342.0,train
8805,1_square,22,4,164.0,168.0,603.0,192.0,439.0,24.0,train
8806,1_square,30,66,434.0,195.0,664.0,889.0,230.0,694.0,train
8807,1_square,38,68,677.0,200.0,585.0,867.0,-92.0,667.0,train
8808,1_square,51,26,203.0,800.0,795.0,143.0,592.0,-657.0,train
8810,1_square,16,5,400.0,185.0,876.0,614.0,476.0,429.0,train
8811,1_square,32,2,665.0,825.0,660.0,210.0,-5.0,-615.0,train
8812,1_square,27,49,187.0,879.0,779.0,249.0,592.0,-630.0,train
8814,1_square,42,42,230.0,575.0,225.0,489.0,-5.0,-86.0,train
8815,1_square,19,65,696.0,622.0,587.0,193.0,-109.0,-429.0,train
8816,1_square,51,48,313.0,737.0,298.0,711.0,-15.0,-26.0,train
8817,1_square,68,26,330.0,602.0,433.0,513.0,103.0,-89.0,train
8818,1_square,44,64,616.0,370.0,120.0,195.0,-496.0,-175.0,train
8822,1_square,1,52,159.0,155.0,651.0,237.0,492.0,82.0,train
8823,1_square,39,31,212.0,447.0,138.0,897.0,-74.0,450.0,train
8824,1_square,59,26,238.0,194.0,380.0,107.0,142.0,-87.0,train
8826,1_square,20,7,393.0,261.0,541.0,497.0,148.0,236.0,train
8827,1_square,57,4,527.0,375.0,605.0,591.0,78.0,216.0,train
8828,1_square,53,66,562.0,205.0,619.0,545.0,57.0,340.0,train
8829,1_square,37,30,303.0,447.0,674.0,606.0,371.0,159.0,train
8830,1_square,40,3,652.0,473.0,599.0,863.0,-53.0,390.0,train
8831,1_square,6,19,250.0,351.0,533.0,321.0,283.0,-30.0,train
8832,1_square,48,47,155.0,261.0,892.0,380.0,737.0,119.0,train
8833,1_square,5,48,181.0,123.0,367.0,292.0,186.0,169.0,train
8834,1_square,13,10,581.0,378.0,305.0,159.0,-276.0,-219.0,train
8835,1_square,37,11,289.0,667.0,528.0,656.0,239.0,-11.0,train
8836,1_square,43,40,858.0,514.0,268.0,564.0,-590.0,50.0,train
8837,1_square,55,31,811.0,276.0,347.0,558.0,-464.0,282.0,train
8838,1_square,29,32,289.0,412.0,218.0,792.0,-71.0,380.0,train
8840,1_square,33,28,759.0,825.0,329.0,449.0,-430.0,-376.0,train
8843,1_square,9,32,835.0,602.0,450.0,103.0,-385.0,-499.0,train
8845,1_square,6,41,150.0,498.0,651.0,544.0,501.0,46.0,train
8846,1_square,11,48,623.0,328.0,448.0,215.0,-175.0,-113.0,train
8847,1_square,11,48,210.0,185.0,434.0,647.0,224.0,462.0,train
8848,1_square,35,41,723.0,650.0,465.0,238.0,-258.0,-412.0,train
8849,1_square,66,20,215.0,530.0,892.0,257.0,677.0,-273.0,train
8850,1_square,63,2,337.0,327.0,157.0,755.0,-180.0,428.0,train
8851,1_square,39,23,387.0,598.0,332.0,624.0,-55.0,26.0,train
8852,1_square,24,16,513.0,471.0,622.0,548.0,109.0,77.0,train
8853,1_square,27,20,421.0,278.0,141.0,788.0,-280.0,510.0,train
8855,1_square,36,18,767.0,738.0,506.0,305.0,-261.0,-433.0,train
8856,1_square,13,30,339.0,528.0,660.0,854.0,321.0,326.0,train
8857,1_square,54,41,685.0,218.0,301.0,894.0,-384.0,676.0,train
8858,1_square,23,0,254.0,433.0,451.0,788.0,197.0,355.0,train
8859,1_square,36,39,655.0,874.0,151.0,471.0,-504.0,-403.0,train
8860,1_square,43,38,650.0,632.0,686.0,421.0,36.0,-211.0,train
8861,1_square,54,61,664.0,837.0,278.0,550.0,-386.0,-287.0,train
8862,1_square,68,59,805.0,748.0,745.0,746.0,-60.0,-2.0,train
8863,1_square,42,8,800.0,567.0,756.0,660.0,-44.0,93.0,train
8864,1_square,27,34,524.0,124.0,121.0,121.0,-403.0,-3.0,train
8865,1_square,2,2,342.0,140.0,139.0,897.0,-203.0,757.0,train
8866,1_square,48,58,401.0,807.0,197.0,342.0,-204.0,-465.0,train
8867,1_square,65,63,310.0,139.0,832.0,145.0,522.0,6.0,train
8868,1_square,50,20,898.0,855.0,317.0,537.0,-581.0,-318.0,train
8869,1_square,51,1,795.0,420.0,801.0,287.0,6.0,-133.0,train
8872,1_square,34,49,759.0,250.0,615.0,602.0,-144.0,352.0,train
8873,1_square,56,41,433.0,807.0,656.0,403.0,223.0,-404.0,train
8875,1_square,3,22,226.0,677.0,545.0,412.0,319.0,-265.0,train
8876,1_square,68,50,304.0,382.0,111.0,191.0,-193.0,-191.0,train
8877,1_square,57,55,424.0,345.0,300.0,252.0,-124.0,-93.0,train
8878,1_square,38,18,242.0,645.0,357.0,876.0,115.0,231.0,train
8879,1_square,27,32,654.0,337.0,612.0,641.0,-42.0,304.0,train
8880,1_square,1,67,621.0,342.0,851.0,361.0,230.0,19.0,train
8883,1_square,26,68,702.0,677.0,299.0,653.0,-403.0,-24.0,train
8884,1_square,68,5,761.0,174.0,454.0,295.0,-307.0,121.0,train
8885,1_square,24,41,266.0,228.0,865.0,199.0,599.0,-29.0,train
8886,1_square,45,48,759.0,786.0,537.0,438.0,-222.0,-348.0,train
8887,1_square,5,28,212.0,650.0,380.0,882.0,168.0,232.0,train
8888,1_square,12,37,322.0,116.0,172.0,212.0,-150.0,96.0,train
8889,1_square,47,49,107.0,204.0,149.0,676.0,42.0,472.0,train
8890,1_square,7,45,704.0,763.0,455.0,215.0,-249.0,-548.0,train
8891,1_square,62,40,235.0,667.0,895.0,796.0,660.0,129.0,train
8892,1_square,63,45,443.0,265.0,598.0,343.0,155.0,78.0,train
8893,1_square,26,36,478.0,786.0,103.0,152.0,-375.0,-634.0,train
8894,1_square,15,14,105.0,595.0,334.0,869.0,229.0,274.0,train
8895,1_square,12,31,774.0,621.0,620.0,739.0,-154.0,118.0,train
8896,1_square,10,65,221.0,681.0,698.0,562.0,477.0,-119.0,train
8898,1_square,30,60,204.0,267.0,277.0,118.0,73.0,-149.0,train
8899,1_square,18,1,335.0,655.0,204.0,231.0,-131.0,-424.0,train
8901,1_square,41,30,887.0,240.0,214.0,437.0,-673.0,197.0,train
8902,1_square,24,66,620.0,428.0,324.0,355.0,-296.0,-73.0,train
8903,1_square,21,21,442.0,282.0,890.0,434.0,448.0,152.0,train
8904,1_square,37,33,722.0,118.0,119.0,354.0,-603.0,236.0,train
8905,1_square,9,11,276.0,440.0,593.0,620.0,317.0,180.0,train
8906,1_square,40,45,538.0,170.0,327.0,855.0,-211.0,685.0,train
8907,1_square,30,24,703.0,682.0,369.0,850.0,-334.0,168.0,train
8909,1_square,21,59,357.0,532.0,755.0,862.0,398.0,330.0,train
8910,1_square,29,18,372.0,453.0,454.0,344.0,82.0,-109.0,train
8911,1_square,34,8,158.0,689.0,232.0,631.0,74.0,-58.0,train
8913,1_square,16,36,632.0,118.0,779.0,436.0,147.0,318.0,train
8914,1_square,41,21,117.0,650.0,649.0,542.0,532.0,-108.0,train
8915,1_square,33,45,186.0,315.0,407.0,357.0,221.0,42.0,train
8916,1_square,9,34,417.0,480.0,605.0,688.0,188.0,208.0,train
8917,1_square,35,28,340.0,186.0,204.0,419.0,-136.0,233.0,train
8918,1_square,7,58,577.0,838.0,461.0,205.0,-116.0,-633.0,train
8919,1_square,2,34,246.0,585.0,480.0,326.0,234.0,-259.0,train
8920,1_square,25,34,369.0,808.0,400.0,666.0,31.0,-142.0,train
8921,1_square,34,51,118.0,425.0,738.0,556.0,620.0,131.0,train
8923,1_square,40,6,148.0,769.0,482.0,308.0,334.0,-461.0,train
8924,1_square,58,14,306.0,886.0,796.0,462.0,490.0,-424.0,train
8925,1_square,62,17,718.0,689.0,725.0,352.0,7.0,-337.0,train
8928,1_square,41,54,505.0,448.0,662.0,571.0,157.0,123.0,train
8929,1_square,14,8,105.0,619.0,104.0,353.0,-1.0,-266.0,train
8930,1_square,53,33,313.0,789.0,633.0,843.0,320.0,54.0,train
8931,1_square,50,34,462.0,781.0,535.0,707.0,73.0,-74.0,train
8932,1_square,51,3,769.0,228.0,524.0,407.0,-245.0,179.0,train
8933,1_square,48,9,227.0,639.0,857.0,595.0,630.0,-44.0,train
8934,1_square,58,54,415.0,576.0,273.0,104.0,-142.0,-472.0,train
8935,1_square,58,13,870.0,337.0,749.0,894.0,-121.0,557.0,train
8936,1_square,48,22,460.0,875.0,288.0,389.0,-172.0,-486.0,train
8937,1_square,37,64,880.0,305.0,626.0,742.0,-254.0,437.0,train
8938,1_square,4,62,706.0,593.0,828.0,330.0,122.0,-263.0,train
8940,1_square,61,41,358.0,718.0,449.0,729.0,91.0,11.0,train
8941,1_square,56,36,827.0,347.0,323.0,320.0,-504.0,-27.0,train
8942,1_square,44,10,484.0,502.0,863.0,102.0,379.0,-400.0,train
8943,1_square,40,68,197.0,602.0,123.0,339.0,-74.0,-263.0,train
8944,1_square,14,24,502.0,275.0,542.0,423.0,40.0,148.0,train
8945,1_square,29,17,840.0,297.0,485.0,433.0,-355.0,136.0,train
8947,1_square,19,35,347.0,818.0,611.0,623.0,264.0,-195.0,train
8949,1_square,30,63,747.0,598.0,690.0,178.0,-57.0,-420.0,train
8950,1_square,52,46,167.0,444.0,136.0,773.0,-31.0,329.0,train
8951,1_square,15,30,598.0,140.0,392.0,885.0,-206.0,745.0,train
8955,1_square,4,33,203.0,254.0,546.0,147.0,343.0,-107.0,train
8956,1_square,61,28,457.0,403.0,898.0,491.0,441.0,88.0,train
8957,1_square,8,7,447.0,647.0,120.0,207.0,-327.0,-440.0,train
8958,1_square,37,33,565.0,820.0,849.0,560.0,284.0,-260.0,train
8960,1_square,5,38,156.0,536.0,746.0,629.0,590.0,93.0,train
8961,1_square,55,10,725.0,101.0,630.0,644.0,-95.0,543.0,train
8962,1_square,6,18,492.0,572.0,477.0,746.0,-15.0,174.0,train
8963,1_square,28,7,142.0,119.0,799.0,510.0,657.0,391.0,train
8964,1_square,41,10,565.0,314.0,414.0,635.0,-151.0,321.0,train
8965,1_square,63,24,860.0,852.0,243.0,645.0,-617.0,-207.0,train
8967,1_square,58,30,417.0,236.0,156.0,787.0,-261.0,551.0,train
8968,1_square,63,33,205.0,577.0,536.0,538.0,331.0,-39.0,train
8969,1_square,19,4,796.0,159.0,419.0,766.0,-377.0,607.0,train
8970,1_square,11,26,136.0,350.0,826.0,384.0,690.0,34.0,train
8971,1_square,7,48,169.0,377.0,746.0,592.0,577.0,215.0,train
8972,1_square,39,5,590.0,331.0,561.0,578.0,-29.0,247.0,train
8973,1_square,32,59,679.0,344.0,166.0,821.0,-513.0,477.0,train
8974,1_square,59,52,156.0,425.0,158.0,177.0,2.0,-248.0,train
8975,1_square,31,42,892.0,273.0,592.0,351.0,-300.0,78.0,train
8977,1_square,39,6,782.0,846.0,880.0,285.0,98.0,-561.0,train
8979,1_square,15,66,272.0,429.0,449.0,809.0,177.0,380.0,train
8980,1_square,53,13,223.0,127.0,668.0,770.0,445.0,643.0,train
8981,1_square,1,18,845.0,175.0,677.0,330.0,-168.0,155.0,train
8982,1_square,18,67,765.0,141.0,175.0,712.0,-590.0,571.0,train
8983,1_square,51,6,560.0,209.0,204.0,355.0,-356.0,146.0,train
8984,1_square,53,16,679.0,102.0,396.0,310.0,-283.0,208.0,train
8986,1_square,13,17,550.0,541.0,756.0,616.0,206.0,75.0,train
8987,1_square,11,17,350.0,405.0,769.0,823.0,419.0,418.0,train
8988,1_square,20,25,191.0,135.0,892.0,192.0,701.0,57.0,train
8990,1_square,45,18,767.0,833.0,376.0,472.0,-391.0,-361.0,train
8991,1_square,53,23,242.0,577.0,158.0,840.0,-84.0,263.0,train
8992,1_square,1,59,265.0,744.0,621.0,724.0,356.0,-20.0,train
8994,1_square,7,44,811.0,123.0,167.0,899.0,-644.0,776.0,train
8995,1_square,11,25,878.0,706.0,363.0,524.0,-515.0,-182.0,train
8996,1_square,28,65,115.0,387.0,155.0,368.0,40.0,-19.0,train
8997,1_square,37,60,106.0,544.0,587.0,164.0,481.0,-380.0,train
8999,1_square,58,33,148.0,568.0,785.0,822.0,637.0,254.0,train
9000,12_square,27,58,712.0,842.0,620.0,558.0,-92.0,-284.0,train
9002,12_square,13,28,754.0,261.0,287.0,388.0,-467.0,127.0,train
9003,12_square,33,55,374.0,155.0,558.0,115.0,184.0,-40.0,train
9004,12_square,33,24,387.0,505.0,571.0,479.0,184.0,-26.0,train
9005,12_square,52,64,863.0,357.0,830.0,837.0,-33.0,480.0,train
9006,12_square,16,1,740.0,864.0,807.0,199.0,67.0,-665.0,train
9007,12_square,10,38,823.0,293.0,632.0,717.0,-191.0,424.0,train
9008,12_square,45,40,389.0,606.0,526.0,891.0,137.0,285.0,train
9009,12_square,32,3,320.0,736.0,129.0,295.0,-191.0,-441.0,train
9010,12_square,57,67,676.0,852.0,867.0,393.0,191.0,-459.0,train
9011,12_square,3,41,758.0,792.0,819.0,844.0,61.0,52.0,train
9012,12_square,19,28,377.0,230.0,105.0,168.0,-272.0,-62.0,train
9013,12_square,56,36,841.0,270.0,667.0,858.0,-174.0,588.0,train
9014,12_square,40,38,486.0,123.0,481.0,552.0,-5.0,429.0,train
9015,12_square,24,50,363.0,240.0,392.0,532.0,29.0,292.0,train
9016,12_square,13,8,482.0,838.0,111.0,494.0,-371.0,-344.0,train
9017,12_square,52,0,123.0,848.0,436.0,565.0,313.0,-283.0,train
9018,12_square,26,66,694.0,108.0,811.0,474.0,117.0,366.0,train
9020,12_square,61,11,118.0,361.0,600.0,873.0,482.0,512.0,train
9021,12_square,29,67,414.0,509.0,521.0,234.0,107.0,-275.0,train
9024,12_square,13,61,349.0,621.0,191.0,748.0,-158.0,127.0,train
9025,12_square,29,44,376.0,429.0,520.0,462.0,144.0,33.0,train
9027,12_square,21,32,669.0,575.0,505.0,473.0,-164.0,-102.0,train
9028,12_square,42,53,824.0,260.0,265.0,144.0,-559.0,-116.0,train
9029,12_square,30,3,126.0,732.0,547.0,241.0,421.0,-491.0,train
9031,12_square,33,55,407.0,172.0,587.0,701.0,180.0,529.0,train
9032,12_square,6,15,366.0,718.0,505.0,476.0,139.0,-242.0,train
9033,12_square,60,9,876.0,210.0,413.0,647.0,-463.0,437.0,train
9034,12_square,65,2,893.0,542.0,897.0,209.0,4.0,-333.0,train
9035,12_square,13,59,119.0,821.0,626.0,337.0,507.0,-484.0,train
9036,12_square,56,24,221.0,632.0,463.0,161.0,242.0,-471.0,train
9037,12_square,5,43,430.0,158.0,212.0,745.0,-218.0,587.0,train
9039,12_square,28,55,302.0,780.0,651.0,751.0,349.0,-29.0,train
9040,12_square,32,8,510.0,529.0,773.0,638.0,263.0,109.0,train
9042,12_square,41,10,158.0,728.0,636.0,725.0,478.0,-3.0,train
9043,12_square,23,57,675.0,686.0,439.0,713.0,-236.0,27.0,train
9044,12_square,41,62,160.0,706.0,530.0,303.0,370.0,-403.0,train
9045,12_square,56,11,257.0,791.0,857.0,862.0,600.0,71.0,train
9046,12_square,65,57,238.0,421.0,541.0,553.0,303.0,132.0,train
9048,12_square,56,47,771.0,798.0,438.0,405.0,-333.0,-393.0,train
9049,12_square,56,55,736.0,769.0,572.0,683.0,-164.0,-86.0,train
9050,12_square,50,21,684.0,136.0,475.0,787.0,-209.0,651.0,train
9051,12_square,31,7,598.0,585.0,185.0,653.0,-413.0,68.0,train
9052,12_square,67,13,298.0,371.0,216.0,701.0,-82.0,330.0,train
9053,12_square,68,52,482.0,797.0,778.0,766.0,296.0,-31.0,train
9054,12_square,42,11,611.0,570.0,804.0,463.0,193.0,-107.0,train
9055,12_square,26,16,810.0,789.0,381.0,300.0,-429.0,-489.0,train
9056,12_square,28,14,264.0,793.0,891.0,874.0,627.0,81.0,train
9058,12_square,26,62,682.0,676.0,605.0,120.0,-77.0,-556.0,train
9059,12_square,48,57,252.0,123.0,407.0,477.0,155.0,354.0,train
9060,12_square,22,43,123.0,743.0,777.0,505.0,654.0,-238.0,train
9061,12_square,34,18,429.0,796.0,158.0,700.0,-271.0,-96.0,train
9062,12_square,3,23,727.0,719.0,616.0,216.0,-111.0,-503.0,train
9063,12_square,46,22,578.0,746.0,848.0,620.0,270.0,-126.0,train
9064,12_square,36,68,112.0,193.0,162.0,149.0,50.0,-44.0,train
9065,12_square,18,22,124.0,808.0,686.0,249.0,562.0,-559.0,train
9067,12_square,12,6,115.0,171.0,480.0,296.0,365.0,125.0,train
9068,12_square,54,64,748.0,751.0,621.0,631.0,-127.0,-120.0,train
9069,12_square,21,49,339.0,748.0,230.0,813.0,-109.0,65.0,train
9070,12_square,23,7,698.0,544.0,352.0,290.0,-346.0,-254.0,train
9071,12_square,43,54,525.0,368.0,261.0,138.0,-264.0,-230.0,train
9074,12_square,33,9,554.0,435.0,716.0,533.0,162.0,98.0,train
9075,12_square,16,67,303.0,877.0,131.0,288.0,-172.0,-589.0,train
9076,12_square,25,16,255.0,726.0,320.0,123.0,65.0,-603.0,train
9077,12_square,55,40,574.0,141.0,815.0,506.0,241.0,365.0,train
9078,12_square,32,34,223.0,136.0,281.0,418.0,58.0,282.0,train
9079,12_square,4,67,840.0,164.0,331.0,263.0,-509.0,99.0,train
9080,12_square,48,65,160.0,602.0,874.0,518.0,714.0,-84.0,train
9081,12_square,1,7,397.0,767.0,176.0,420.0,-221.0,-347.0,train
9082,12_square,26,42,721.0,158.0,687.0,519.0,-34.0,361.0,train
9083,12_square,23,11,782.0,251.0,488.0,304.0,-294.0,53.0,train
9084,12_square,51,67,877.0,284.0,328.0,394.0,-549.0,110.0,train
9085,12_square,66,1,102.0,802.0,532.0,498.0,430.0,-304.0,train
9086,12_square,53,46,514.0,105.0,502.0,778.0,-12.0,673.0,train
9087,12_square,11,57,562.0,371.0,632.0,272.0,70.0,-99.0,train
9088,12_square,54,38,695.0,747.0,148.0,872.0,-547.0,125.0,train
9089,12_square,28,57,828.0,763.0,727.0,176.0,-101.0,-587.0,train
9091,12_square,24,8,241.0,223.0,777.0,791.0,536.0,568.0,train
9092,12_square,3,8,118.0,181.0,432.0,312.0,314.0,131.0,train
9093,12_square,11,31,407.0,866.0,196.0,495.0,-211.0,-371.0,train
9094,12_square,40,45,673.0,528.0,162.0,356.0,-511.0,-172.0,train
9095,12_square,30,39,780.0,133.0,658.0,296.0,-122.0,163.0,train
9096,12_square,9,26,189.0,333.0,633.0,694.0,444.0,361.0,train
9097,12_square,67,60,310.0,411.0,605.0,753.0,295.0,342.0,train
9098,12_square,27,8,568.0,340.0,682.0,453.0,114.0,113.0,train
9099,12_square,2,17,128.0,113.0,888.0,891.0,760.0,778.0,train
9100,12_square,3,21,226.0,867.0,622.0,464.0,396.0,-403.0,train
9102,12_square,2,6,217.0,403.0,683.0,602.0,466.0,199.0,train
9104,12_square,22,60,116.0,283.0,822.0,236.0,706.0,-47.0,train
9105,12_square,56,4,713.0,609.0,331.0,297.0,-382.0,-312.0,train
9106,12_square,32,31,882.0,898.0,411.0,358.0,-471.0,-540.0,train
9107,12_square,26,4,500.0,286.0,191.0,157.0,-309.0,-129.0,train
9108,12_square,36,3,450.0,350.0,773.0,784.0,323.0,434.0,train
9109,12_square,41,52,484.0,475.0,569.0,194.0,85.0,-281.0,train
9111,12_square,33,8,423.0,410.0,633.0,269.0,210.0,-141.0,train
9112,12_square,39,31,547.0,219.0,835.0,641.0,288.0,422.0,train
9114,12_square,60,52,663.0,228.0,600.0,779.0,-63.0,551.0,train
9116,12_square,40,43,717.0,501.0,731.0,292.0,14.0,-209.0,train
9117,12_square,67,28,402.0,580.0,636.0,539.0,234.0,-41.0,train
9118,12_square,32,51,755.0,302.0,491.0,614.0,-264.0,312.0,train
9120,12_square,35,64,177.0,778.0,816.0,159.0,639.0,-619.0,train
9121,12_square,20,7,642.0,672.0,755.0,123.0,113.0,-549.0,train
9122,12_square,11,0,117.0,567.0,309.0,631.0,192.0,64.0,train
9123,12_square,24,68,544.0,756.0,383.0,843.0,-161.0,87.0,train
9124,12_square,17,52,148.0,169.0,497.0,782.0,349.0,613.0,train
9126,12_square,36,51,381.0,334.0,449.0,141.0,68.0,-193.0,train
9128,12_square,56,2,178.0,188.0,660.0,300.0,482.0,112.0,train
9129,12_square,64,59,288.0,744.0,533.0,486.0,245.0,-258.0,train
9130,12_square,12,23,204.0,885.0,725.0,308.0,521.0,-577.0,train
9133,12_square,11,66,864.0,792.0,610.0,188.0,-254.0,-604.0,train
9134,12_square,36,35,810.0,824.0,585.0,327.0,-225.0,-497.0,train
9135,12_square,32,53,308.0,505.0,565.0,684.0,257.0,179.0,train
9136,12_square,43,64,159.0,168.0,705.0,719.0,546.0,551.0,train
9137,12_square,60,67,196.0,545.0,768.0,739.0,572.0,194.0,train
9138,12_square,36,20,636.0,668.0,564.0,143.0,-72.0,-525.0,train
9139,12_square,24,62,588.0,321.0,730.0,693.0,142.0,372.0,train
9140,12_square,50,1,176.0,174.0,726.0,343.0,550.0,169.0,train
9141,12_square,10,27,511.0,438.0,288.0,490.0,-223.0,52.0,train
9142,12_square,51,55,433.0,145.0,732.0,770.0,299.0,625.0,train
9143,12_square,34,10,446.0,167.0,299.0,409.0,-147.0,242.0,train
9145,12_square,15,19,235.0,763.0,460.0,879.0,225.0,116.0,train
9146,12_square,65,0,398.0,771.0,671.0,376.0,273.0,-395.0,train
9147,12_square,5,38,368.0,720.0,750.0,645.0,382.0,-75.0,train
9148,12_square,60,45,196.0,297.0,634.0,667.0,438.0,370.0,train
9149,12_square,7,40,252.0,160.0,288.0,285.0,36.0,125.0,train
9150,12_square,33,8,707.0,664.0,343.0,695.0,-364.0,31.0,train
9152,12_square,21,29,671.0,323.0,855.0,737.0,184.0,414.0,train
9153,12_square,3,40,113.0,433.0,510.0,321.0,397.0,-112.0,train
9154,12_square,43,33,295.0,652.0,826.0,649.0,531.0,-3.0,train
9156,12_square,43,34,693.0,835.0,394.0,643.0,-299.0,-192.0,train
9157,12_square,52,49,564.0,249.0,621.0,563.0,57.0,314.0,train
9158,12_square,58,4,184.0,744.0,477.0,611.0,293.0,-133.0,train
9159,12_square,49,35,715.0,885.0,251.0,589.0,-464.0,-296.0,train
9160,12_square,58,7,327.0,223.0,554.0,658.0,227.0,435.0,train
9162,12_square,45,23,259.0,212.0,645.0,189.0,386.0,-23.0,train
9164,12_square,46,62,397.0,802.0,528.0,499.0,131.0,-303.0,train
9165,12_square,42,49,232.0,509.0,231.0,425.0,-1.0,-84.0,train
9166,12_square,0,66,900.0,130.0,251.0,865.0,-649.0,735.0,train
9167,12_square,47,37,203.0,250.0,536.0,820.0,333.0,570.0,train
9168,12_square,22,23,644.0,876.0,530.0,176.0,-114.0,-700.0,train
9169,12_square,21,43,119.0,840.0,772.0,280.0,653.0,-560.0,train
9170,12_square,16,28,426.0,203.0,484.0,449.0,58.0,246.0,train
9172,12_square,40,5,768.0,441.0,468.0,304.0,-300.0,-137.0,train
9173,12_square,7,50,866.0,199.0,431.0,154.0,-435.0,-45.0,train
9174,12_square,21,44,294.0,533.0,671.0,629.0,377.0,96.0,train
9176,12_square,42,9,756.0,790.0,594.0,163.0,-162.0,-627.0,train
9177,12_square,6,55,306.0,859.0,134.0,263.0,-172.0,-596.0,train
9178,12_square,3,38,503.0,700.0,285.0,830.0,-218.0,130.0,train
9180,12_square,49,14,644.0,355.0,358.0,569.0,-286.0,214.0,train
9181,12_square,35,61,488.0,213.0,103.0,602.0,-385.0,389.0,train
9182,12_square,66,43,849.0,762.0,688.0,896.0,-161.0,134.0,train
9183,12_square,37,21,644.0,219.0,870.0,674.0,226.0,455.0,train
9184,12_square,50,25,680.0,589.0,413.0,441.0,-267.0,-148.0,train
9185,12_square,49,20,101.0,327.0,695.0,849.0,594.0,522.0,train
9187,12_square,31,25,356.0,894.0,618.0,393.0,262.0,-501.0,train
9189,12_square,59,1,587.0,763.0,366.0,698.0,-221.0,-65.0,train
9190,12_square,49,43,737.0,512.0,879.0,796.0,142.0,284.0,train
9191,12_square,44,39,193.0,615.0,759.0,648.0,566.0,33.0,train
9192,12_square,0,63,801.0,811.0,171.0,896.0,-630.0,85.0,train
9193,12_square,3,63,534.0,483.0,237.0,412.0,-297.0,-71.0,train
9194,12_square,33,45,735.0,219.0,353.0,817.0,-382.0,598.0,train
9195,12_square,21,5,204.0,320.0,867.0,826.0,663.0,506.0,train
9196,12_square,63,61,227.0,233.0,682.0,837.0,455.0,604.0,train
9197,12_square,19,21,803.0,632.0,777.0,795.0,-26.0,163.0,train
9198,12_square,41,36,669.0,515.0,315.0,544.0,-354.0,29.0,train
9199,12_square,7,41,357.0,839.0,455.0,131.0,98.0,-708.0,train
9201,12_square,64,48,646.0,817.0,340.0,783.0,-306.0,-34.0,train
9204,12_square,19,42,375.0,478.0,828.0,867.0,453.0,389.0,train
9205,12_square,51,32,638.0,683.0,296.0,541.0,-342.0,-142.0,train
9207,12_square,19,47,293.0,645.0,259.0,274.0,-34.0,-371.0,train
9208,12_square,15,64,125.0,759.0,167.0,433.0,42.0,-326.0,train
9209,12_square,67,28,780.0,197.0,490.0,239.0,-290.0,42.0,train
9210,12_square,11,46,889.0,287.0,808.0,393.0,-81.0,106.0,train
9211,12_square,24,17,824.0,203.0,446.0,131.0,-378.0,-72.0,train
9212,12_square,8,40,650.0,778.0,220.0,663.0,-430.0,-115.0,train
9213,12_square,9,46,436.0,469.0,428.0,227.0,-8.0,-242.0,train
9214,12_square,19,13,868.0,727.0,612.0,743.0,-256.0,16.0,train
9215,12_square,66,22,429.0,898.0,358.0,325.0,-71.0,-573.0,train
9216,12_square,31,58,674.0,522.0,776.0,204.0,102.0,-318.0,train
9217,12_square,37,14,588.0,380.0,651.0,402.0,63.0,22.0,train
9218,12_square,56,3,165.0,388.0,514.0,613.0,349.0,225.0,train
9219,12_square,32,12,617.0,518.0,864.0,667.0,247.0,149.0,train
9220,12_square,58,24,429.0,749.0,500.0,574.0,71.0,-175.0,train
9221,12_square,60,37,106.0,139.0,477.0,555.0,371.0,416.0,train
9222,12_square,25,28,159.0,275.0,185.0,894.0,26.0,619.0,train
9223,12_square,24,54,753.0,170.0,731.0,113.0,-22.0,-57.0,train
9224,12_square,34,36,337.0,208.0,786.0,212.0,449.0,4.0,train
9225,12_square,66,38,331.0,208.0,573.0,556.0,242.0,348.0,train
9226,12_square,52,0,470.0,895.0,863.0,869.0,393.0,-26.0,train
9227,12_square,40,15,692.0,116.0,706.0,460.0,14.0,344.0,train
9228,12_square,26,2,520.0,205.0,768.0,194.0,248.0,-11.0,train
9229,12_square,44,35,767.0,656.0,732.0,162.0,-35.0,-494.0,train
9231,12_square,49,24,273.0,449.0,515.0,794.0,242.0,345.0,train
9232,12_square,29,62,391.0,775.0,780.0,865.0,389.0,90.0,train
9235,12_square,43,5,705.0,437.0,828.0,280.0,123.0,-157.0,train
9236,12_square,32,11,548.0,533.0,595.0,179.0,47.0,-354.0,train
9238,12_square,17,26,753.0,526.0,644.0,519.0,-109.0,-7.0,train
9239,12_square,55,10,446.0,263.0,565.0,626.0,119.0,363.0,train
9240,12_square,64,3,421.0,101.0,639.0,820.0,218.0,719.0,train
9241,12_square,3,39,844.0,184.0,868.0,582.0,24.0,398.0,train
9243,12_square,40,35,388.0,524.0,378.0,606.0,-10.0,82.0,train
9244,12_square,63,44,653.0,263.0,146.0,822.0,-507.0,559.0,train
9245,12_square,64,21,240.0,608.0,800.0,727.0,560.0,119.0,train
9248,12_square,5,59,526.0,743.0,428.0,335.0,-98.0,-408.0,train
9249,12_square,37,23,391.0,156.0,541.0,170.0,150.0,14.0,train
9250,12_square,1,21,778.0,244.0,774.0,200.0,-4.0,-44.0,train
9255,12_square,15,58,849.0,554.0,482.0,713.0,-367.0,159.0,train
9256,12_square,67,12,215.0,191.0,353.0,730.0,138.0,539.0,train
9257,12_square,11,61,667.0,266.0,475.0,403.0,-192.0,137.0,train
9259,12_square,42,27,737.0,498.0,161.0,349.0,-576.0,-149.0,train
9260,12_square,18,44,745.0,632.0,284.0,378.0,-461.0,-254.0,train
9261,12_square,20,15,832.0,716.0,468.0,483.0,-364.0,-233.0,train
9262,12_square,61,24,285.0,175.0,105.0,515.0,-180.0,340.0,train
9263,12_square,54,56,312.0,551.0,435.0,398.0,123.0,-153.0,train
9264,12_square,43,21,718.0,131.0,331.0,178.0,-387.0,47.0,train
9265,12_square,43,34,403.0,202.0,288.0,554.0,-115.0,352.0,train
9266,12_square,56,33,261.0,380.0,572.0,742.0,311.0,362.0,train
9267,12_square,47,16,491.0,880.0,397.0,723.0,-94.0,-157.0,train
9268,12_square,18,64,291.0,660.0,827.0,891.0,536.0,231.0,train
9269,12_square,1,36,205.0,605.0,892.0,697.0,687.0,92.0,train
9270,12_square,57,30,599.0,608.0,585.0,212.0,-14.0,-396.0,train
9271,12_square,60,49,445.0,254.0,666.0,560.0,221.0,306.0,train
9272,12_square,5,7,422.0,757.0,571.0,653.0,149.0,-104.0,train
9273,12_square,43,31,411.0,266.0,686.0,609.0,275.0,343.0,train
9275,12_square,43,59,399.0,320.0,661.0,233.0,262.0,-87.0,train
9276,12_square,45,63,451.0,704.0,813.0,403.0,362.0,-301.0,train
9277,12_square,33,1,858.0,678.0,379.0,547.0,-479.0,-131.0,train
9279,12_square,40,25,343.0,253.0,685.0,617.0,342.0,364.0,train
9280,12_square,5,47,543.0,500.0,523.0,174.0,-20.0,-326.0,train
9281,12_square,17,20,468.0,452.0,490.0,243.0,22.0,-209.0,train
9282,12_square,53,31,584.0,834.0,255.0,712.0,-329.0,-122.0,train
9283,12_square,8,59,732.0,549.0,848.0,880.0,116.0,331.0,train
9284,12_square,40,49,482.0,499.0,445.0,294.0,-37.0,-205.0,train
9286,12_square,36,47,633.0,541.0,755.0,387.0,122.0,-154.0,train
9287,12_square,57,30,606.0,808.0,658.0,597.0,52.0,-211.0,train
9288,12_square,40,23,210.0,650.0,539.0,150.0,329.0,-500.0,train
9289,12_square,58,59,464.0,534.0,192.0,291.0,-272.0,-243.0,train
9290,12_square,58,40,380.0,447.0,123.0,523.0,-257.0,76.0,train
9292,12_square,18,13,561.0,107.0,831.0,898.0,270.0,791.0,train
9294,12_square,32,46,347.0,778.0,402.0,674.0,55.0,-104.0,train
9296,12_square,41,53,516.0,250.0,559.0,536.0,43.0,286.0,train
9297,12_square,37,21,884.0,423.0,630.0,724.0,-254.0,301.0,train
9299,12_square,19,43,428.0,602.0,518.0,141.0,90.0,-461.0,train
9300,12_square,41,12,378.0,125.0,135.0,706.0,-243.0,581.0,train
9301,12_square,2,24,266.0,539.0,539.0,639.0,273.0,100.0,train
9302,12_square,20,28,778.0,216.0,811.0,650.0,33.0,434.0,train
9303,12_square,41,32,544.0,470.0,686.0,431.0,142.0,-39.0,train
9305,12_square,4,9,293.0,294.0,397.0,380.0,104.0,86.0,train
9306,12_square,15,1,851.0,517.0,794.0,872.0,-57.0,355.0,train
9307,12_square,3,19,257.0,309.0,356.0,579.0,99.0,270.0,train
9308,12_square,18,3,784.0,799.0,385.0,535.0,-399.0,-264.0,train
9309,12_square,51,25,595.0,614.0,858.0,455.0,263.0,-159.0,train
9311,12_square,19,66,389.0,135.0,563.0,122.0,174.0,-13.0,train
9312,12_square,7,19,227.0,602.0,379.0,796.0,152.0,194.0,train
9313,12_square,59,23,167.0,877.0,365.0,528.0,198.0,-349.0,train
9315,12_square,1,55,305.0,218.0,503.0,810.0,198.0,592.0,train
9317,12_square,32,14,572.0,531.0,249.0,794.0,-323.0,263.0,train
9318,12_square,12,38,571.0,255.0,262.0,276.0,-309.0,21.0,train
9319,12_square,11,21,461.0,530.0,637.0,213.0,176.0,-317.0,train
9320,12_square,23,58,592.0,732.0,172.0,681.0,-420.0,-51.0,train
9321,12_square,7,3,274.0,535.0,693.0,586.0,419.0,51.0,train
9322,12_square,27,7,150.0,868.0,619.0,371.0,469.0,-497.0,train
9324,12_square,17,36,651.0,315.0,765.0,417.0,114.0,102.0,train
9325,12_square,7,51,440.0,674.0,580.0,444.0,140.0,-230.0,train
9326,12_square,12,32,217.0,116.0,261.0,859.0,44.0,743.0,train
9327,12_square,11,20,341.0,846.0,266.0,353.0,-75.0,-493.0,train
9328,12_square,65,68,242.0,617.0,857.0,266.0,615.0,-351.0,train
9329,12_square,13,20,543.0,732.0,653.0,743.0,110.0,11.0,train
9330,12_square,61,57,285.0,509.0,494.0,842.0,209.0,333.0,train
9331,12_square,64,26,478.0,654.0,155.0,656.0,-323.0,2.0,train
9333,12_square,49,46,251.0,129.0,186.0,326.0,-65.0,197.0,train
9334,12_square,0,54,552.0,140.0,660.0,359.0,108.0,219.0,train
9335,12_square,10,68,370.0,845.0,691.0,584.0,321.0,-261.0,train
9336,12_square,26,34,556.0,612.0,246.0,855.0,-310.0,243.0,train
9337,12_square,11,14,524.0,758.0,775.0,300.0,251.0,-458.0,train
9338,12_square,15,60,651.0,217.0,373.0,716.0,-278.0,499.0,train
9339,12_square,68,7,614.0,301.0,467.0,218.0,-147.0,-83.0,train
9340,12_square,4,65,734.0,713.0,381.0,529.0,-353.0,-184.0,train
9341,12_square,63,52,446.0,501.0,240.0,169.0,-206.0,-332.0,train
9342,12_square,58,65,529.0,521.0,491.0,495.0,-38.0,-26.0,train
9343,12_square,28,38,674.0,384.0,312.0,882.0,-362.0,498.0,train
9344,12_square,7,9,587.0,860.0,855.0,679.0,268.0,-181.0,train
9345,12_square,35,5,591.0,373.0,132.0,833.0,-459.0,460.0,train
9348,12_square,13,5,494.0,808.0,670.0,874.0,176.0,66.0,train
9349,12_square,62,12,738.0,125.0,564.0,633.0,-174.0,508.0,train
9352,12_square,1,3,671.0,511.0,763.0,780.0,92.0,269.0,train
9353,12_square,42,13,108.0,344.0,104.0,814.0,-4.0,470.0,train
9354,12_square,38,6,380.0,853.0,367.0,676.0,-13.0,-177.0,train
9355,12_square,15,39,525.0,140.0,419.0,377.0,-106.0,237.0,train
9357,12_square,32,36,179.0,849.0,566.0,480.0,387.0,-369.0,train
9359,12_square,64,39,404.0,869.0,145.0,342.0,-259.0,-527.0,train
9360,12_square,28,62,175.0,890.0,871.0,513.0,696.0,-377.0,train
9363,12_square,44,53,344.0,110.0,251.0,802.0,-93.0,692.0,train
9364,12_square,24,59,627.0,247.0,719.0,526.0,92.0,279.0,train
9366,12_square,46,68,721.0,374.0,722.0,303.0,1.0,-71.0,train
9367,12_square,18,58,648.0,689.0,732.0,460.0,84.0,-229.0,train
9368,12_square,27,55,198.0,609.0,737.0,656.0,539.0,47.0,train
9370,12_square,14,9,659.0,621.0,876.0,167.0,217.0,-454.0,train
9371,12_square,41,50,856.0,534.0,189.0,895.0,-667.0,361.0,train
9373,12_square,42,45,307.0,251.0,609.0,186.0,302.0,-65.0,train
9374,12_square,63,27,448.0,861.0,165.0,693.0,-283.0,-168.0,train
9375,12_square,53,17,305.0,578.0,186.0,415.0,-119.0,-163.0,train
9377,12_square,1,38,156.0,267.0,300.0,856.0,144.0,589.0,train
9378,12_square,2,65,722.0,344.0,335.0,186.0,-387.0,-158.0,train
9379,12_square,51,23,835.0,759.0,679.0,647.0,-156.0,-112.0,train
9380,12_square,19,4,819.0,765.0,481.0,797.0,-338.0,32.0,train
9381,12_square,18,6,895.0,205.0,531.0,347.0,-364.0,142.0,train
9382,12_square,35,2,889.0,319.0,620.0,712.0,-269.0,393.0,train
9383,12_square,41,19,289.0,798.0,319.0,671.0,30.0,-127.0,train
9384,12_square,52,40,298.0,253.0,611.0,151.0,313.0,-102.0,train
9385,12_square,31,62,896.0,435.0,177.0,894.0,-719.0,459.0,train
9386,12_square,11,58,777.0,208.0,359.0,113.0,-418.0,-95.0,train
9387,12_square,68,10,240.0,484.0,115.0,786.0,-125.0,302.0,train
9388,12_square,7,0,252.0,768.0,114.0,257.0,-138.0,-511.0,train
9389,12_square,61,13,719.0,144.0,553.0,658.0,-166.0,514.0,train
9390,12_square,42,60,327.0,554.0,451.0,797.0,124.0,243.0,train
9394,12_square,47,57,700.0,471.0,837.0,796.0,137.0,325.0,train
9395,12_square,37,14,254.0,887.0,140.0,134.0,-114.0,-753.0,train
9397,12_square,6,27,725.0,803.0,343.0,329.0,-382.0,-474.0,train
9398,12_square,44,13,536.0,430.0,485.0,222.0,-51.0,-208.0,train
9400,12_square,44,52,327.0,439.0,682.0,844.0,355.0,405.0,train
9402,12_square,29,63,160.0,863.0,802.0,764.0,642.0,-99.0,train
9403,12_square,11,45,470.0,570.0,658.0,425.0,188.0,-145.0,train
9406,12_square,29,41,708.0,712.0,293.0,713.0,-415.0,1.0,train
9407,12_square,38,15,383.0,577.0,722.0,844.0,339.0,267.0,train
9409,12_square,13,64,809.0,688.0,598.0,188.0,-211.0,-500.0,train
9410,12_square,8,36,131.0,839.0,736.0,174.0,605.0,-665.0,train
9411,12_square,28,52,489.0,267.0,793.0,618.0,304.0,351.0,train
9412,12_square,18,25,624.0,468.0,238.0,178.0,-386.0,-290.0,train
9413,12_square,17,61,271.0,657.0,776.0,538.0,505.0,-119.0,train
9414,12_square,49,1,306.0,197.0,747.0,681.0,441.0,484.0,train
9415,12_square,33,24,446.0,469.0,419.0,874.0,-27.0,405.0,train
9416,12_square,51,22,722.0,333.0,103.0,520.0,-619.0,187.0,train
9417,12_square,35,58,415.0,515.0,680.0,568.0,265.0,53.0,train
9418,12_square,31,56,690.0,342.0,625.0,882.0,-65.0,540.0,train
9419,12_square,41,58,808.0,721.0,768.0,365.0,-40.0,-356.0,train
9420,12_square,0,55,178.0,511.0,323.0,493.0,145.0,-18.0,train
9421,12_square,27,12,600.0,128.0,417.0,853.0,-183.0,725.0,train
9422,12_square,10,28,123.0,427.0,448.0,180.0,325.0,-247.0,train
9423,12_square,26,43,665.0,739.0,824.0,479.0,159.0,-260.0,train
9424,12_square,44,45,566.0,852.0,886.0,378.0,320.0,-474.0,train
9426,12_square,63,38,761.0,351.0,127.0,417.0,-634.0,66.0,train
9427,12_square,23,29,502.0,270.0,298.0,448.0,-204.0,178.0,train
9428,12_square,36,38,739.0,801.0,192.0,840.0,-547.0,39.0,train
9429,12_square,11,2,805.0,639.0,198.0,643.0,-607.0,4.0,train
9430,12_square,50,46,397.0,649.0,294.0,317.0,-103.0,-332.0,train
9431,12_square,27,66,353.0,566.0,236.0,348.0,-117.0,-218.0,train
9432,12_square,10,38,606.0,678.0,670.0,739.0,64.0,61.0,train
9433,12_square,12,59,540.0,803.0,409.0,388.0,-131.0,-415.0,train
9434,12_square,38,3,109.0,719.0,884.0,714.0,775.0,-5.0,train
9435,12_square,7,60,124.0,442.0,760.0,418.0,636.0,-24.0,train
9437,12_square,47,59,651.0,549.0,320.0,195.0,-331.0,-354.0,train
9438,12_square,60,60,810.0,461.0,552.0,457.0,-258.0,-4.0,train
9439,12_square,52,27,516.0,861.0,630.0,269.0,114.0,-592.0,train
9441,12_square,3,67,774.0,697.0,342.0,407.0,-432.0,-290.0,train
9442,12_square,58,60,738.0,707.0,619.0,589.0,-119.0,-118.0,train
9443,12_square,18,63,246.0,875.0,186.0,868.0,-60.0,-7.0,train
9444,12_square,50,0,436.0,559.0,415.0,257.0,-21.0,-302.0,train
9445,12_square,38,48,298.0,313.0,187.0,639.0,-111.0,326.0,train
9446,12_square,14,18,273.0,471.0,195.0,552.0,-78.0,81.0,train
9447,12_square,63,24,609.0,707.0,840.0,739.0,231.0,32.0,train
9452,12_square,50,68,418.0,699.0,689.0,757.0,271.0,58.0,train
9453,12_square,3,22,770.0,476.0,218.0,423.0,-552.0,-53.0,train
9455,12_square,45,55,304.0,796.0,641.0,294.0,337.0,-502.0,train
9456,12_square,11,48,210.0,425.0,816.0,346.0,606.0,-79.0,train
9457,12_square,48,45,317.0,411.0,348.0,351.0,31.0,-60.0,train
9458,12_square,6,56,605.0,304.0,235.0,435.0,-370.0,131.0,train
9461,12_square,19,18,505.0,363.0,646.0,608.0,141.0,245.0,train
9462,12_square,7,1,645.0,862.0,266.0,655.0,-379.0,-207.0,train
9463,12_square,65,9,157.0,417.0,829.0,380.0,672.0,-37.0,train
9464,12_square,35,51,545.0,333.0,641.0,332.0,96.0,-1.0,train
9467,12_square,54,1,506.0,166.0,513.0,353.0,7.0,187.0,train
9469,12_square,47,38,507.0,505.0,724.0,900.0,217.0,395.0,train
9470,12_square,6,22,180.0,561.0,545.0,166.0,365.0,-395.0,train
9471,12_square,44,52,692.0,869.0,212.0,650.0,-480.0,-219.0,train
9472,12_square,42,26,551.0,317.0,209.0,458.0,-342.0,141.0,train
9473,12_square,6,62,564.0,730.0,541.0,179.0,-23.0,-551.0,train
9474,12_square,35,59,349.0,670.0,674.0,103.0,325.0,-567.0,train
9475,12_square,12,23,121.0,766.0,511.0,447.0,390.0,-319.0,train
9477,12_square,53,20,674.0,375.0,278.0,898.0,-396.0,523.0,train
9478,12_square,19,12,384.0,234.0,114.0,434.0,-270.0,200.0,train
9479,12_square,18,47,263.0,186.0,704.0,781.0,441.0,595.0,train
9480,12_square,37,19,296.0,200.0,584.0,885.0,288.0,685.0,train
9481,12_square,6,3,499.0,233.0,202.0,255.0,-297.0,22.0,train
9485,12_square,27,35,419.0,710.0,711.0,750.0,292.0,40.0,train
9486,12_square,45,15,797.0,761.0,390.0,286.0,-407.0,-475.0,train
9487,12_square,39,29,737.0,613.0,731.0,811.0,-6.0,198.0,train
9488,12_square,5,37,523.0,677.0,410.0,838.0,-113.0,161.0,train
9490,12_square,55,38,733.0,543.0,785.0,291.0,52.0,-252.0,train
9491,12_square,54,8,606.0,870.0,860.0,550.0,254.0,-320.0,train
9493,12_square,68,68,881.0,263.0,451.0,378.0,-430.0,115.0,train
9494,12_square,42,47,445.0,782.0,220.0,454.0,-225.0,-328.0,train
9495,12_square,8,2,884.0,597.0,557.0,370.0,-327.0,-227.0,train
9496,12_square,2,65,275.0,501.0,190.0,251.0,-85.0,-250.0,train
9498,12_square,37,30,594.0,647.0,238.0,755.0,-356.0,108.0,train
9499,12_square,4,14,705.0,753.0,128.0,828.0,-577.0,75.0,train
9500,4_square,18,7,837.0,122.0,351.0,592.0,-486.0,470.0,train
9501,4_square,11,26,626.0,112.0,875.0,188.0,249.0,76.0,train
9502,4_square,4,10,527.0,842.0,198.0,459.0,-329.0,-383.0,train
9503,4_square,57,0,136.0,302.0,504.0,302.0,368.0,0.0,train
9504,4_square,61,33,479.0,869.0,745.0,316.0,266.0,-553.0,train
9506,4_square,43,51,226.0,682.0,486.0,711.0,260.0,29.0,train
9507,4_square,35,58,683.0,895.0,696.0,371.0,13.0,-524.0,train
9509,4_square,62,55,118.0,429.0,541.0,440.0,423.0,11.0,train
9510,4_square,57,32,157.0,189.0,456.0,418.0,299.0,229.0,train
9511,4_square,33,0,191.0,457.0,790.0,637.0,599.0,180.0,train
9512,4_square,25,41,494.0,591.0,238.0,334.0,-256.0,-257.0,train
9513,4_square,10,14,466.0,463.0,816.0,745.0,350.0,282.0,train
9515,4_square,55,44,270.0,260.0,541.0,700.0,271.0,440.0,train
9516,4_square,45,63,478.0,175.0,885.0,720.0,407.0,545.0,train
9518,4_square,55,46,864.0,240.0,543.0,609.0,-321.0,369.0,train
9519,4_square,39,24,820.0,527.0,165.0,271.0,-655.0,-256.0,train
9521,4_square,21,30,246.0,259.0,315.0,760.0,69.0,501.0,train
9522,4_square,9,61,141.0,580.0,820.0,733.0,679.0,153.0,train
9525,4_square,14,28,769.0,440.0,646.0,476.0,-123.0,36.0,train
9526,4_square,29,17,647.0,401.0,138.0,744.0,-509.0,343.0,train
9527,4_square,43,46,231.0,582.0,453.0,718.0,222.0,136.0,train
9529,4_square,22,41,546.0,538.0,881.0,809.0,335.0,271.0,train
9530,4_square,54,39,323.0,740.0,240.0,482.0,-83.0,-258.0,train
9531,4_square,6,51,363.0,688.0,261.0,290.0,-102.0,-398.0,train
9533,4_square,48,19,481.0,330.0,869.0,730.0,388.0,400.0,train
9534,4_square,39,40,200.0,161.0,457.0,592.0,257.0,431.0,train
9535,4_square,9,30,163.0,335.0,765.0,590.0,602.0,255.0,train
9537,4_square,33,24,302.0,556.0,311.0,519.0,9.0,-37.0,train
9538,4_square,25,1,781.0,557.0,359.0,817.0,-422.0,260.0,train
9539,4_square,43,11,539.0,185.0,576.0,648.0,37.0,463.0,train
9540,4_square,63,47,389.0,678.0,479.0,143.0,90.0,-535.0,train
9541,4_square,6,15,160.0,512.0,379.0,665.0,219.0,153.0,train
9542,4_square,39,45,750.0,794.0,521.0,735.0,-229.0,-59.0,train
9543,4_square,33,41,223.0,552.0,227.0,139.0,4.0,-413.0,train
9544,4_square,45,3,424.0,642.0,110.0,606.0,-314.0,-36.0,train
9545,4_square,4,9,725.0,164.0,244.0,430.0,-481.0,266.0,train
9546,4_square,68,6,447.0,505.0,286.0,481.0,-161.0,-24.0,train
9547,4_square,14,2,859.0,415.0,169.0,164.0,-690.0,-251.0,train
9548,4_square,0,53,645.0,446.0,505.0,735.0,-140.0,289.0,train
9550,4_square,58,19,222.0,795.0,181.0,896.0,-41.0,101.0,train
9551,4_square,63,32,333.0,854.0,551.0,125.0,218.0,-729.0,train
9552,4_square,35,21,374.0,108.0,783.0,416.0,409.0,308.0,train
9553,4_square,35,66,404.0,530.0,861.0,669.0,457.0,139.0,train
9554,4_square,14,63,284.0,683.0,841.0,119.0,557.0,-564.0,train
9555,4_square,5,39,453.0,416.0,558.0,428.0,105.0,12.0,train
9556,4_square,50,25,753.0,738.0,383.0,787.0,-370.0,49.0,train
9557,4_square,25,64,837.0,202.0,690.0,368.0,-147.0,166.0,train
9558,4_square,0,13,703.0,397.0,796.0,420.0,93.0,23.0,train
9559,4_square,31,63,674.0,817.0,722.0,819.0,48.0,2.0,train
9560,4_square,18,54,407.0,507.0,827.0,484.0,420.0,-23.0,train
9561,4_square,12,19,563.0,590.0,167.0,517.0,-396.0,-73.0,train
9563,4_square,9,57,145.0,793.0,323.0,603.0,178.0,-190.0,train
9565,4_square,22,42,885.0,219.0,114.0,635.0,-771.0,416.0,train
9570,4_square,67,51,628.0,417.0,898.0,205.0,270.0,-212.0,train
9571,4_square,46,22,350.0,685.0,196.0,420.0,-154.0,-265.0,train
9572,4_square,36,55,749.0,510.0,261.0,540.0,-488.0,30.0,train
9573,4_square,29,61,169.0,140.0,673.0,640.0,504.0,500.0,train
9574,4_square,10,58,652.0,249.0,589.0,820.0,-63.0,571.0,train
9576,4_square,56,42,608.0,680.0,578.0,491.0,-30.0,-189.0,train
9577,4_square,58,59,306.0,875.0,711.0,250.0,405.0,-625.0,train
9578,4_square,42,43,883.0,323.0,283.0,754.0,-600.0,431.0,train
9579,4_square,54,40,810.0,815.0,361.0,498.0,-449.0,-317.0,train
9580,4_square,20,21,411.0,363.0,645.0,856.0,234.0,493.0,train
9582,4_square,5,28,109.0,624.0,266.0,438.0,157.0,-186.0,train
9583,4_square,43,25,302.0,387.0,625.0,141.0,323.0,-246.0,train
9584,4_square,56,49,316.0,198.0,496.0,504.0,180.0,306.0,train
9585,4_square,26,61,875.0,381.0,360.0,578.0,-515.0,197.0,train
9586,4_square,0,61,416.0,852.0,623.0,859.0,207.0,7.0,train
9588,4_square,50,51,393.0,129.0,236.0,104.0,-157.0,-25.0,train
9589,4_square,33,16,352.0,464.0,621.0,384.0,269.0,-80.0,train
9590,4_square,63,27,775.0,230.0,759.0,688.0,-16.0,458.0,train
9593,4_square,53,59,265.0,158.0,774.0,329.0,509.0,171.0,train
9594,4_square,22,60,131.0,273.0,896.0,300.0,765.0,27.0,train
9596,4_square,28,10,151.0,679.0,114.0,495.0,-37.0,-184.0,train
9597,4_square,28,15,450.0,715.0,774.0,529.0,324.0,-186.0,train
9599,4_square,65,27,367.0,755.0,375.0,519.0,8.0,-236.0,train
9600,4_square,26,42,752.0,382.0,228.0,345.0,-524.0,-37.0,train
9601,4_square,42,14,669.0,224.0,522.0,499.0,-147.0,275.0,train
9602,4_square,30,33,527.0,109.0,774.0,143.0,247.0,34.0,train
9603,4_square,25,5,670.0,853.0,730.0,157.0,60.0,-696.0,train
9604,4_square,66,49,555.0,449.0,190.0,762.0,-365.0,313.0,train
9605,4_square,66,37,744.0,653.0,554.0,101.0,-190.0,-552.0,train
9606,4_square,20,2,249.0,274.0,550.0,762.0,301.0,488.0,train
9608,4_square,34,34,856.0,712.0,344.0,594.0,-512.0,-118.0,train
9609,4_square,58,45,763.0,879.0,725.0,577.0,-38.0,-302.0,train
9610,4_square,14,28,380.0,331.0,837.0,868.0,457.0,537.0,train
9611,4_square,8,49,216.0,713.0,409.0,370.0,193.0,-343.0,train
9614,4_square,35,52,220.0,603.0,324.0,731.0,104.0,128.0,train
9615,4_square,50,67,303.0,609.0,260.0,580.0,-43.0,-29.0,train
9617,4_square,2,53,658.0,215.0,572.0,510.0,-86.0,295.0,train
9618,4_square,32,21,589.0,892.0,632.0,270.0,43.0,-622.0,train
9620,4_square,59,44,678.0,448.0,699.0,239.0,21.0,-209.0,train
9624,4_square,49,23,133.0,449.0,600.0,641.0,467.0,192.0,train
9625,4_square,6,19,864.0,375.0,480.0,803.0,-384.0,428.0,train
9627,4_square,4,43,246.0,541.0,451.0,640.0,205.0,99.0,train
9629,4_square,34,48,525.0,766.0,165.0,183.0,-360.0,-583.0,train
9630,4_square,1,15,631.0,338.0,137.0,101.0,-494.0,-237.0,train
9631,4_square,12,19,405.0,761.0,502.0,378.0,97.0,-383.0,train
9632,4_square,19,63,272.0,628.0,286.0,488.0,14.0,-140.0,train
9633,4_square,22,13,535.0,640.0,809.0,282.0,274.0,-358.0,train
9634,4_square,39,53,442.0,674.0,350.0,649.0,-92.0,-25.0,train
9635,4_square,15,19,600.0,294.0,390.0,243.0,-210.0,-51.0,train
9636,4_square,41,66,400.0,218.0,149.0,568.0,-251.0,350.0,train
9637,4_square,56,7,770.0,468.0,610.0,488.0,-160.0,20.0,train
9638,4_square,28,55,407.0,405.0,397.0,302.0,-10.0,-103.0,train
9639,4_square,38,22,743.0,208.0,163.0,378.0,-580.0,170.0,train
9640,4_square,38,65,627.0,433.0,757.0,283.0,130.0,-150.0,train
9641,4_square,61,37,540.0,601.0,549.0,863.0,9.0,262.0,train
9642,4_square,5,25,881.0,737.0,179.0,764.0,-702.0,27.0,train
9643,4_square,12,62,322.0,604.0,503.0,512.0,181.0,-92.0,train
9644,4_square,11,15,488.0,350.0,269.0,568.0,-219.0,218.0,train
9645,4_square,23,13,597.0,241.0,729.0,195.0,132.0,-46.0,train
9646,4_square,52,53,572.0,405.0,695.0,450.0,123.0,45.0,train
9647,4_square,57,45,468.0,693.0,332.0,276.0,-136.0,-417.0,train
9648,4_square,37,3,413.0,452.0,702.0,703.0,289.0,251.0,train
9649,4_square,50,15,478.0,281.0,346.0,604.0,-132.0,323.0,train
9650,4_square,39,62,250.0,180.0,117.0,253.0,-133.0,73.0,train
9651,4_square,45,8,848.0,777.0,790.0,333.0,-58.0,-444.0,train
9652,4_square,7,12,461.0,492.0,698.0,426.0,237.0,-66.0,train
9653,4_square,63,27,372.0,694.0,805.0,648.0,433.0,-46.0,train
9655,4_square,37,18,640.0,779.0,279.0,165.0,-361.0,-614.0,train
9657,4_square,37,66,610.0,197.0,421.0,175.0,-189.0,-22.0,train
9658,4_square,20,41,817.0,385.0,372.0,443.0,-445.0,58.0,train
9659,4_square,59,46,882.0,347.0,862.0,679.0,-20.0,332.0,train
9660,4_square,63,64,151.0,562.0,413.0,440.0,262.0,-122.0,train
9661,4_square,57,7,469.0,631.0,558.0,538.0,89.0,-93.0,train
9662,4_square,16,20,576.0,670.0,708.0,835.0,132.0,165.0,train
9664,4_square,41,49,660.0,144.0,535.0,499.0,-125.0,355.0,train
9665,4_square,1,27,529.0,159.0,706.0,767.0,177.0,608.0,train
9666,4_square,51,56,647.0,439.0,396.0,453.0,-251.0,14.0,train
9667,4_square,62,11,863.0,468.0,413.0,829.0,-450.0,361.0,train
9668,4_square,41,21,121.0,656.0,651.0,543.0,530.0,-113.0,train
9669,4_square,8,3,879.0,352.0,505.0,619.0,-374.0,267.0,train
9670,4_square,46,18,293.0,287.0,107.0,822.0,-186.0,535.0,train
9673,4_square,67,42,243.0,216.0,140.0,313.0,-103.0,97.0,train
9674,4_square,49,24,257.0,339.0,478.0,725.0,221.0,386.0,train
9675,4_square,48,10,382.0,475.0,866.0,259.0,484.0,-216.0,train
9676,4_square,47,5,591.0,203.0,278.0,392.0,-313.0,189.0,train
9677,4_square,19,22,410.0,691.0,247.0,293.0,-163.0,-398.0,train
9678,4_square,50,39,748.0,882.0,496.0,128.0,-252.0,-754.0,train
9679,4_square,56,44,448.0,324.0,435.0,244.0,-13.0,-80.0,train
9680,4_square,62,32,290.0,164.0,398.0,434.0,108.0,270.0,train
9681,4_square,37,33,496.0,846.0,202.0,317.0,-294.0,-529.0,train
9682,4_square,15,5,743.0,879.0,191.0,566.0,-552.0,-313.0,train
9683,4_square,1,34,860.0,405.0,289.0,573.0,-571.0,168.0,train
9684,4_square,2,51,387.0,218.0,200.0,262.0,-187.0,44.0,train
9685,4_square,21,60,106.0,497.0,887.0,825.0,781.0,328.0,train
9686,4_square,1,53,221.0,101.0,700.0,242.0,479.0,141.0,train
9687,4_square,48,3,591.0,655.0,341.0,286.0,-250.0,-369.0,train
9688,4_square,28,38,644.0,425.0,240.0,736.0,-404.0,311.0,train
9689,4_square,51,42,757.0,510.0,894.0,647.0,137.0,137.0,train
9690,4_square,27,48,443.0,438.0,773.0,845.0,330.0,407.0,train
9691,4_square,49,31,169.0,395.0,237.0,136.0,68.0,-259.0,train
9692,4_square,45,48,453.0,177.0,859.0,261.0,406.0,84.0,train
9693,4_square,51,1,497.0,589.0,564.0,104.0,67.0,-485.0,train
9696,4_square,68,44,662.0,251.0,795.0,292.0,133.0,41.0,train
9697,4_square,53,26,543.0,482.0,125.0,827.0,-418.0,345.0,train
9698,4_square,63,13,707.0,577.0,649.0,802.0,-58.0,225.0,train
9699,4_square,60,27,888.0,668.0,178.0,455.0,-710.0,-213.0,train
9700,4_square,2,18,788.0,843.0,463.0,717.0,-325.0,-126.0,train
9701,4_square,64,49,646.0,310.0,157.0,107.0,-489.0,-203.0,train
9703,4_square,54,26,307.0,794.0,173.0,718.0,-134.0,-76.0,train
9704,4_square,34,22,765.0,706.0,543.0,443.0,-222.0,-263.0,train
9705,4_square,46,67,306.0,282.0,120.0,240.0,-186.0,-42.0,train
9706,4_square,11,63,595.0,540.0,670.0,442.0,75.0,-98.0,train
9707,4_square,55,10,715.0,240.0,461.0,317.0,-254.0,77.0,train
9708,4_square,43,53,107.0,510.0,797.0,681.0,690.0,171.0,train
9709,4_square,45,55,417.0,145.0,294.0,153.0,-123.0,8.0,train
9710,4_square,53,24,514.0,240.0,350.0,415.0,-164.0,175.0,train
9713,4_square,26,9,835.0,695.0,838.0,803.0,3.0,108.0,train
9714,4_square,66,14,478.0,449.0,603.0,789.0,125.0,340.0,train
9716,4_square,16,62,880.0,288.0,280.0,681.0,-600.0,393.0,train
9717,4_square,38,13,104.0,331.0,280.0,654.0,176.0,323.0,train
9718,4_square,46,14,161.0,439.0,371.0,316.0,210.0,-123.0,train
9719,4_square,57,62,324.0,437.0,840.0,547.0,516.0,110.0,train
9720,4_square,48,42,337.0,443.0,567.0,712.0,230.0,269.0,train
9721,4_square,16,25,568.0,150.0,881.0,337.0,313.0,187.0,train
9722,4_square,65,41,592.0,358.0,419.0,297.0,-173.0,-61.0,train
9723,4_square,48,67,509.0,246.0,103.0,631.0,-406.0,385.0,train
9724,4_square,35,12,656.0,772.0,282.0,696.0,-374.0,-76.0,train
9725,4_square,38,3,209.0,197.0,875.0,175.0,666.0,-22.0,train
9726,4_square,63,30,276.0,878.0,432.0,862.0,156.0,-16.0,train
9727,4_square,28,23,444.0,517.0,870.0,119.0,426.0,-398.0,train
9728,4_square,25,11,400.0,204.0,779.0,664.0,379.0,460.0,train
9730,4_square,36,54,309.0,806.0,249.0,644.0,-60.0,-162.0,train
9731,4_square,58,61,590.0,635.0,192.0,107.0,-398.0,-528.0,train
9732,4_square,6,0,381.0,181.0,236.0,210.0,-145.0,29.0,train
9735,4_square,44,67,227.0,554.0,611.0,876.0,384.0,322.0,train
9736,4_square,11,16,488.0,774.0,623.0,604.0,135.0,-170.0,train
9737,4_square,39,37,588.0,576.0,722.0,464.0,134.0,-112.0,train
9738,4_square,31,33,129.0,301.0,653.0,514.0,524.0,213.0,train
9739,4_square,12,55,171.0,473.0,309.0,289.0,138.0,-184.0,train
9740,4_square,1,19,430.0,156.0,252.0,600.0,-178.0,444.0,train
9741,4_square,53,60,423.0,215.0,374.0,300.0,-49.0,85.0,train
9742,4_square,68,67,444.0,853.0,503.0,245.0,59.0,-608.0,train
9743,4_square,66,57,553.0,313.0,158.0,653.0,-395.0,340.0,train
9744,4_square,19,26,478.0,551.0,184.0,792.0,-294.0,241.0,train
9745,4_square,35,35,709.0,863.0,458.0,234.0,-251.0,-629.0,train
9746,4_square,5,45,316.0,514.0,152.0,101.0,-164.0,-413.0,train
9747,4_square,33,67,329.0,336.0,372.0,614.0,43.0,278.0,train
9748,4_square,63,17,567.0,496.0,898.0,520.0,331.0,24.0,train
9750,4_square,1,7,696.0,144.0,684.0,519.0,-12.0,375.0,train
9752,4_square,40,16,749.0,186.0,805.0,406.0,56.0,220.0,train
9753,4_square,64,13,778.0,806.0,655.0,884.0,-123.0,78.0,train
9754,4_square,15,21,324.0,421.0,395.0,874.0,71.0,453.0,train
9755,4_square,2,16,781.0,110.0,570.0,111.0,-211.0,1.0,train
9756,4_square,40,60,767.0,814.0,840.0,189.0,73.0,-625.0,train
9757,4_square,21,15,772.0,449.0,163.0,103.0,-609.0,-346.0,train
9758,4_square,47,39,595.0,548.0,857.0,201.0,262.0,-347.0,train
9759,4_square,53,68,417.0,886.0,468.0,567.0,51.0,-319.0,train
9760,4_square,40,66,621.0,715.0,600.0,838.0,-21.0,123.0,train
9761,4_square,19,40,643.0,861.0,661.0,756.0,18.0,-105.0,train
9762,4_square,57,64,653.0,452.0,753.0,129.0,100.0,-323.0,train
9764,4_square,35,5,342.0,369.0,342.0,589.0,0.0,220.0,train
9766,4_square,10,62,585.0,336.0,670.0,149.0,85.0,-187.0,train
9767,4_square,5,32,758.0,347.0,576.0,701.0,-182.0,354.0,train
9768,4_square,19,48,842.0,778.0,376.0,349.0,-466.0,-429.0,train
9769,4_square,61,54,194.0,263.0,125.0,564.0,-69.0,301.0,train
9770,4_square,17,9,805.0,890.0,804.0,142.0,-1.0,-748.0,train
9771,4_square,60,55,883.0,387.0,263.0,880.0,-620.0,493.0,train
9772,4_square,56,7,485.0,107.0,779.0,784.0,294.0,677.0,train
9773,4_square,31,50,188.0,293.0,748.0,116.0,560.0,-177.0,train
9774,4_square,31,67,649.0,583.0,434.0,268.0,-215.0,-315.0,train
9776,4_square,25,6,558.0,742.0,538.0,314.0,-20.0,-428.0,train
9777,4_square,5,64,190.0,854.0,437.0,251.0,247.0,-603.0,train
9778,4_square,49,39,624.0,231.0,613.0,837.0,-11.0,606.0,train
9779,4_square,29,51,282.0,245.0,392.0,709.0,110.0,464.0,train
9780,4_square,47,33,821.0,205.0,181.0,246.0,-640.0,41.0,train
9781,4_square,12,54,355.0,715.0,578.0,361.0,223.0,-354.0,train
9783,4_square,62,51,115.0,761.0,245.0,790.0,130.0,29.0,train
9784,4_square,43,21,473.0,536.0,134.0,653.0,-339.0,117.0,train
9785,4_square,29,45,683.0,684.0,875.0,722.0,192.0,38.0,train
9786,4_square,34,7,522.0,663.0,421.0,648.0,-101.0,-15.0,train
9787,4_square,0,46,334.0,504.0,814.0,731.0,480.0,227.0,train
9788,4_square,33,1,540.0,445.0,646.0,726.0,106.0,281.0,train
9790,4_square,44,39,713.0,638.0,280.0,100.0,-433.0,-538.0,train
9791,4_square,47,21,900.0,658.0,313.0,761.0,-587.0,103.0,train
9793,4_square,12,48,292.0,293.0,445.0,793.0,153.0,500.0,train
9794,4_square,38,28,192.0,352.0,450.0,292.0,258.0,-60.0,train
9795,4_square,56,37,427.0,372.0,333.0,875.0,-94.0,503.0,train
9796,4_square,12,8,491.0,359.0,864.0,656.0,373.0,297.0,train
9797,4_square,45,6,227.0,785.0,269.0,250.0,42.0,-535.0,train
9798,4_square,59,63,176.0,328.0,221.0,417.0,45.0,89.0,train
9802,4_square,60,51,765.0,522.0,172.0,539.0,-593.0,17.0,train
9803,4_square,18,19,499.0,471.0,848.0,558.0,349.0,87.0,train
9804,4_square,16,5,804.0,259.0,599.0,178.0,-205.0,-81.0,train
9805,4_square,4,64,549.0,263.0,371.0,660.0,-178.0,397.0,train
9806,4_square,26,35,549.0,623.0,190.0,893.0,-359.0,270.0,train
9807,4_square,63,8,506.0,611.0,780.0,697.0,274.0,86.0,train
9810,4_square,25,27,735.0,884.0,883.0,220.0,148.0,-664.0,train
9812,4_square,3,7,648.0,447.0,401.0,658.0,-247.0,211.0,train
9813,4_square,61,16,715.0,124.0,723.0,652.0,8.0,528.0,train
9814,4_square,54,56,244.0,356.0,139.0,593.0,-105.0,237.0,train
9815,4_square,18,24,375.0,644.0,804.0,378.0,429.0,-266.0,train
9816,4_square,10,44,439.0,180.0,622.0,351.0,183.0,171.0,train
9817,4_square,7,54,679.0,142.0,770.0,316.0,91.0,174.0,train
9818,4_square,50,36,146.0,888.0,548.0,652.0,402.0,-236.0,train
9819,4_square,42,55,542.0,698.0,119.0,731.0,-423.0,33.0,train
9820,4_square,18,47,651.0,427.0,768.0,158.0,117.0,-269.0,train
9821,4_square,42,9,343.0,125.0,238.0,144.0,-105.0,19.0,train
9822,4_square,14,35,319.0,610.0,423.0,456.0,104.0,-154.0,train
9823,4_square,21,8,394.0,248.0,840.0,637.0,446.0,389.0,train
9824,4_square,3,16,592.0,715.0,359.0,215.0,-233.0,-500.0,train
9825,4_square,38,44,652.0,108.0,180.0,382.0,-472.0,274.0,train
9827,4_square,64,68,531.0,704.0,293.0,876.0,-238.0,172.0,train
9829,4_square,41,1,842.0,559.0,284.0,578.0,-558.0,19.0,train
9830,4_square,46,62,310.0,275.0,546.0,826.0,236.0,551.0,train
9833,4_square,26,10,809.0,844.0,597.0,425.0,-212.0,-419.0,train
9834,4_square,3,8,664.0,183.0,256.0,161.0,-408.0,-22.0,train
9835,4_square,58,7,826.0,189.0,419.0,452.0,-407.0,263.0,train
9836,4_square,67,30,521.0,396.0,365.0,174.0,-156.0,-222.0,train
9837,4_square,37,14,241.0,406.0,698.0,344.0,457.0,-62.0,train
9838,4_square,61,52,123.0,147.0,863.0,578.0,740.0,431.0,train
9839,4_square,37,49,429.0,430.0,548.0,490.0,119.0,60.0,train
9840,4_square,36,46,780.0,753.0,473.0,206.0,-307.0,-547.0,train
9841,4_square,23,4,462.0,766.0,533.0,873.0,71.0,107.0,train
9842,4_square,52,29,822.0,876.0,683.0,433.0,-139.0,-443.0,train
9843,4_square,32,35,196.0,209.0,524.0,210.0,328.0,1.0,train
9844,4_square,17,62,223.0,628.0,705.0,629.0,482.0,1.0,train
9845,4_square,53,35,427.0,105.0,295.0,753.0,-132.0,648.0,train
9846,4_square,42,37,443.0,247.0,886.0,714.0,443.0,467.0,train
9847,4_square,29,18,550.0,293.0,673.0,766.0,123.0,473.0,train
9848,4_square,9,47,445.0,891.0,614.0,467.0,169.0,-424.0,train
9849,4_square,60,0,229.0,252.0,386.0,430.0,157.0,178.0,train
9850,4_square,49,15,835.0,714.0,699.0,829.0,-136.0,115.0,train
9851,4_square,33,33,305.0,860.0,470.0,259.0,165.0,-601.0,train
9852,4_square,63,26,241.0,130.0,291.0,563.0,50.0,433.0,train
9853,4_square,63,20,301.0,747.0,109.0,152.0,-192.0,-595.0,train
9854,4_square,6,26,888.0,698.0,659.0,354.0,-229.0,-344.0,train
9856,4_square,13,4,540.0,124.0,676.0,645.0,136.0,521.0,train
9857,4_square,58,37,639.0,546.0,471.0,680.0,-168.0,134.0,train
9858,4_square,40,64,520.0,786.0,466.0,124.0,-54.0,-662.0,train
9859,4_square,0,58,763.0,701.0,805.0,243.0,42.0,-458.0,train
9861,4_square,58,13,524.0,350.0,407.0,557.0,-117.0,207.0,train
9862,4_square,22,33,446.0,203.0,786.0,605.0,340.0,402.0,train
9863,4_square,29,47,177.0,288.0,154.0,489.0,-23.0,201.0,train
9864,4_square,34,22,606.0,362.0,794.0,342.0,188.0,-20.0,train
9865,4_square,13,34,203.0,105.0,600.0,498.0,397.0,393.0,train
9867,4_square,28,3,515.0,250.0,238.0,616.0,-277.0,366.0,train
9868,4_square,11,27,674.0,216.0,582.0,223.0,-92.0,7.0,train
9869,4_square,59,46,812.0,733.0,516.0,379.0,-296.0,-354.0,train
9870,4_square,8,7,157.0,522.0,733.0,695.0,576.0,173.0,train
9871,4_square,48,5,399.0,126.0,612.0,570.0,213.0,444.0,train
9872,4_square,23,37,873.0,894.0,760.0,114.0,-113.0,-780.0,train
9873,4_square,43,21,367.0,250.0,364.0,225.0,-3.0,-25.0,train
9874,4_square,19,13,245.0,339.0,787.0,422.0,542.0,83.0,train
9876,4_square,5,15,418.0,229.0,556.0,614.0,138.0,385.0,train
9877,4_square,48,33,801.0,142.0,370.0,509.0,-431.0,367.0,train
9879,4_square,27,68,564.0,390.0,468.0,452.0,-96.0,62.0,train
9880,4_square,44,55,172.0,710.0,196.0,732.0,24.0,22.0,train
9881,4_square,42,26,271.0,550.0,353.0,848.0,82.0,298.0,train
9882,4_square,27,35,159.0,725.0,260.0,431.0,101.0,-294.0,train
9883,4_square,15,19,836.0,127.0,203.0,587.0,-633.0,460.0,train
9884,4_square,12,13,840.0,860.0,593.0,259.0,-247.0,-601.0,train
9885,4_square,32,42,825.0,577.0,281.0,850.0,-544.0,273.0,train
9887,4_square,42,32,727.0,138.0,681.0,115.0,-46.0,-23.0,train
9889,4_square,42,57,607.0,771.0,646.0,677.0,39.0,-94.0,train
9890,4_square,23,52,221.0,763.0,799.0,709.0,578.0,-54.0,train
9891,4_square,38,27,787.0,383.0,488.0,595.0,-299.0,212.0,train
9892,4_square,66,29,837.0,332.0,231.0,269.0,-606.0,-63.0,train
9893,4_square,7,25,252.0,353.0,349.0,603.0,97.0,250.0,train
9895,4_square,59,47,614.0,454.0,491.0,513.0,-123.0,59.0,train
9896,4_square,9,38,490.0,240.0,376.0,606.0,-114.0,366.0,train
9899,4_square,32,22,149.0,377.0,888.0,244.0,739.0,-133.0,train
9900,4_square,1,21,518.0,532.0,803.0,113.0,285.0,-419.0,train
9903,4_square,68,51,719.0,288.0,164.0,679.0,-555.0,391.0,train
9904,4_square,37,51,202.0,648.0,418.0,385.0,216.0,-263.0,train
9905,4_square,52,44,793.0,135.0,484.0,669.0,-309.0,534.0,train
9906,4_square,65,32,815.0,535.0,639.0,771.0,-176.0,236.0,train
9908,4_square,60,25,108.0,168.0,774.0,538.0,666.0,370.0,train
9909,4_square,39,6,520.0,762.0,299.0,242.0,-221.0,-520.0,train
9912,4_square,37,63,478.0,473.0,583.0,872.0,105.0,399.0,train
9913,4_square,48,11,197.0,363.0,416.0,626.0,219.0,263.0,train
9914,4_square,42,39,219.0,594.0,756.0,363.0,537.0,-231.0,train
9915,4_square,50,62,767.0,177.0,376.0,339.0,-391.0,162.0,train
9917,4_square,24,41,540.0,769.0,549.0,518.0,9.0,-251.0,train
9919,4_square,38,51,804.0,101.0,314.0,235.0,-490.0,134.0,train
9920,4_square,39,40,138.0,298.0,897.0,626.0,759.0,328.0,train
9921,4_square,0,22,150.0,249.0,376.0,411.0,226.0,162.0,train
9923,4_square,46,36,677.0,192.0,815.0,214.0,138.0,22.0,train
9924,4_square,62,40,831.0,205.0,406.0,823.0,-425.0,618.0,train
9926,4_square,34,24,201.0,202.0,632.0,802.0,431.0,600.0,train
9927,4_square,22,65,249.0,363.0,416.0,896.0,167.0,533.0,train
9928,4_square,62,35,806.0,638.0,216.0,476.0,-590.0,-162.0,train
9929,4_square,6,43,212.0,409.0,825.0,204.0,613.0,-205.0,train
9930,4_square,11,50,650.0,350.0,748.0,572.0,98.0,222.0,train
9931,4_square,56,60,156.0,502.0,263.0,197.0,107.0,-305.0,train
9932,4_square,48,55,361.0,869.0,428.0,434.0,67.0,-435.0,train
9933,4_square,15,20,480.0,202.0,589.0,588.0,109.0,386.0,train
9934,4_square,63,32,266.0,272.0,275.0,383.0,9.0,111.0,train
9935,4_square,3,37,841.0,322.0,105.0,823.0,-736.0,501.0,train
9936,4_square,13,21,530.0,526.0,803.0,293.0,273.0,-233.0,train
9937,4_square,53,62,810.0,138.0,575.0,705.0,-235.0,567.0,train
9938,4_square,47,4,684.0,114.0,290.0,862.0,-394.0,748.0,train
9939,4_square,18,8,804.0,789.0,692.0,809.0,-112.0,20.0,train
9940,4_square,51,24,260.0,697.0,425.0,402.0,165.0,-295.0,train
9941,4_square,31,42,226.0,329.0,552.0,123.0,326.0,-206.0,train
9942,4_square,17,53,557.0,895.0,296.0,378.0,-261.0,-517.0,train
9943,4_square,50,31,455.0,245.0,530.0,846.0,75.0,601.0,train
9944,4_square,39,61,515.0,451.0,113.0,604.0,-402.0,153.0,train
9945,4_square,32,21,501.0,431.0,171.0,172.0,-330.0,-259.0,train
9946,4_square,32,25,174.0,355.0,728.0,240.0,554.0,-115.0,train
9947,4_square,46,61,546.0,461.0,857.0,563.0,311.0,102.0,train
9949,4_square,55,1,759.0,733.0,550.0,149.0,-209.0,-584.0,train
9950,4_square,32,27,167.0,407.0,711.0,174.0,544.0,-233.0,train
9951,4_square,46,51,538.0,353.0,277.0,448.0,-261.0,95.0,train
9953,4_square,26,24,603.0,557.0,661.0,304.0,58.0,-253.0,train
9954,4_square,63,59,317.0,338.0,728.0,765.0,411.0,427.0,train
9955,4_square,40,33,565.0,893.0,222.0,685.0,-343.0,-208.0,train
9956,4_square,36,36,842.0,500.0,803.0,438.0,-39.0,-62.0,train
9957,4_square,34,26,395.0,137.0,446.0,273.0,51.0,136.0,train
9958,4_square,22,13,267.0,293.0,571.0,453.0,304.0,160.0,train
9959,4_square,57,56,588.0,756.0,562.0,328.0,-26.0,-428.0,train
9960,4_square,57,22,123.0,775.0,267.0,388.0,144.0,-387.0,train
9961,4_square,47,50,643.0,637.0,409.0,867.0,-234.0,230.0,train
9962,4_square,18,17,534.0,785.0,349.0,444.0,-185.0,-341.0,train
9964,4_square,53,14,821.0,476.0,296.0,366.0,-525.0,-110.0,train
9965,4_square,16,53,816.0,892.0,264.0,830.0,-552.0,-62.0,train
9966,4_square,1,13,457.0,189.0,756.0,377.0,299.0,188.0,train
9967,4_square,44,60,497.0,402.0,535.0,898.0,38.0,496.0,train
9968,4_square,26,2,785.0,398.0,729.0,889.0,-56.0,491.0,train
9969,4_square,17,24,592.0,328.0,439.0,775.0,-153.0,447.0,train
9970,4_square,38,34,348.0,263.0,692.0,661.0,344.0,398.0,train
9972,4_square,40,47,340.0,544.0,385.0,536.0,45.0,-8.0,train
9973,4_square,13,63,491.0,130.0,885.0,754.0,394.0,624.0,train
9974,4_square,36,46,192.0,553.0,528.0,165.0,336.0,-388.0,train
9975,4_square,48,50,861.0,526.0,264.0,648.0,-597.0,122.0,train
9978,4_square,51,47,364.0,504.0,512.0,429.0,148.0,-75.0,train
9980,4_square,28,27,361.0,369.0,323.0,337.0,-38.0,-32.0,train
9981,4_square,0,25,548.0,740.0,457.0,359.0,-91.0,-381.0,train
9982,4_square,44,38,362.0,720.0,607.0,808.0,245.0,88.0,train
9983,4_square,29,60,355.0,333.0,820.0,722.0,465.0,389.0,train
9984,4_square,39,46,827.0,849.0,466.0,236.0,-361.0,-613.0,train
9985,4_square,25,40,517.0,218.0,779.0,126.0,262.0,-92.0,train
9986,4_square,31,49,531.0,586.0,701.0,639.0,170.0,53.0,train
9987,4_square,62,47,582.0,743.0,114.0,572.0,-468.0,-171.0,train
9988,4_square,18,58,237.0,145.0,667.0,405.0,430.0,260.0,train
9989,4_square,55,27,127.0,780.0,117.0,736.0,-10.0,-44.0,train
9990,4_square,26,2,384.0,755.0,194.0,557.0,-190.0,-198.0,train
9991,4_square,22,20,618.0,433.0,745.0,540.0,127.0,107.0,train
9992,4_square,29,13,599.0,664.0,125.0,835.0,-474.0,171.0,train
9993,4_square,43,47,646.0,236.0,656.0,626.0,10.0,390.0,train
9994,4_square,45,56,665.0,564.0,602.0,786.0,-63.0,222.0,train
9995,4_square,64,12,390.0,895.0,431.0,751.0,41.0,-144.0,train
9997,4_square,26,61,692.0,499.0,599.0,815.0,-93.0,316.0,train
9998,4_square,35,47,472.0,632.0,280.0,210.0,-192.0,-422.0,train
9999,4_square,8,53,101.0,496.0,658.0,515.0,557.0,19.0,train
10000,15_square,56,56,444.0,320.0,422.0,423.0,-22.0,103.0,train
10001,15_square,2,20,796.0,510.0,800.0,634.0,4.0,124.0,train
10002,15_square,63,7,246.0,210.0,731.0,245.0,485.0,35.0,train
10004,15_square,62,30,246.0,181.0,461.0,807.0,215.0,626.0,train
10007,15_square,61,47,562.0,127.0,881.0,261.0,319.0,134.0,train
10008,15_square,0,64,471.0,571.0,751.0,261.0,280.0,-310.0,train
10010,15_square,58,56,628.0,889.0,518.0,535.0,-110.0,-354.0,train
10011,15_square,11,2,441.0,258.0,148.0,282.0,-293.0,24.0,train
10013,15_square,17,38,547.0,240.0,757.0,746.0,210.0,506.0,train
10014,15_square,39,16,571.0,464.0,545.0,665.0,-26.0,201.0,train
10015,15_square,46,59,755.0,132.0,627.0,176.0,-128.0,44.0,train
10016,15_square,40,7,640.0,891.0,215.0,154.0,-425.0,-737.0,train
10017,15_square,1,13,886.0,482.0,620.0,449.0,-266.0,-33.0,train
10018,15_square,47,52,458.0,209.0,803.0,534.0,345.0,325.0,train
10019,15_square,58,32,302.0,676.0,240.0,702.0,-62.0,26.0,train
10020,15_square,64,2,208.0,836.0,111.0,607.0,-97.0,-229.0,train
10021,15_square,64,22,828.0,410.0,334.0,568.0,-494.0,158.0,train
10022,15_square,17,57,578.0,701.0,480.0,134.0,-98.0,-567.0,train
10025,15_square,12,8,885.0,811.0,374.0,266.0,-511.0,-545.0,train
10026,15_square,38,7,728.0,708.0,544.0,494.0,-184.0,-214.0,train
10027,15_square,26,66,284.0,802.0,235.0,456.0,-49.0,-346.0,train
10028,15_square,10,53,123.0,598.0,453.0,502.0,330.0,-96.0,train
10029,15_square,35,58,776.0,687.0,601.0,162.0,-175.0,-525.0,train
10031,15_square,53,6,502.0,864.0,434.0,497.0,-68.0,-367.0,train
10033,15_square,37,45,313.0,110.0,174.0,724.0,-139.0,614.0,train
10034,15_square,52,62,793.0,466.0,171.0,778.0,-622.0,312.0,train
10035,15_square,3,18,212.0,655.0,778.0,286.0,566.0,-369.0,train
10037,15_square,44,22,405.0,245.0,328.0,375.0,-77.0,130.0,train
10038,15_square,27,45,119.0,835.0,869.0,490.0,750.0,-345.0,train
10039,15_square,66,25,294.0,285.0,720.0,107.0,426.0,-178.0,train
10040,15_square,55,45,415.0,172.0,663.0,765.0,248.0,593.0,train
10041,15_square,37,61,773.0,578.0,457.0,648.0,-316.0,70.0,train
10043,15_square,26,0,521.0,614.0,476.0,568.0,-45.0,-46.0,train
10044,15_square,58,1,880.0,423.0,237.0,323.0,-643.0,-100.0,train
10045,15_square,32,23,315.0,445.0,286.0,332.0,-29.0,-113.0,train
10046,15_square,47,35,469.0,871.0,633.0,244.0,164.0,-627.0,train
10047,15_square,28,7,184.0,436.0,845.0,163.0,661.0,-273.0,train
10050,15_square,20,65,445.0,759.0,245.0,232.0,-200.0,-527.0,train
10051,15_square,18,34,662.0,392.0,206.0,648.0,-456.0,256.0,train
10053,15_square,31,61,752.0,116.0,210.0,639.0,-542.0,523.0,train
10056,15_square,47,45,852.0,482.0,222.0,236.0,-630.0,-246.0,train
10057,15_square,18,64,549.0,643.0,519.0,841.0,-30.0,198.0,train
10059,15_square,58,20,504.0,297.0,867.0,850.0,363.0,553.0,train
10061,15_square,27,16,437.0,210.0,608.0,482.0,171.0,272.0,train
10065,15_square,5,19,494.0,336.0,598.0,146.0,104.0,-190.0,train
10066,15_square,58,7,176.0,549.0,662.0,371.0,486.0,-178.0,train
10067,15_square,40,33,585.0,778.0,534.0,703.0,-51.0,-75.0,train
10068,15_square,15,44,251.0,273.0,738.0,781.0,487.0,508.0,train
10069,15_square,16,42,479.0,253.0,135.0,262.0,-344.0,9.0,train
10070,15_square,11,62,788.0,402.0,782.0,624.0,-6.0,222.0,train
10071,15_square,21,28,170.0,245.0,486.0,213.0,316.0,-32.0,train
10072,15_square,1,9,879.0,605.0,680.0,492.0,-199.0,-113.0,train
10073,15_square,35,39,876.0,403.0,604.0,161.0,-272.0,-242.0,train
10074,15_square,2,25,655.0,241.0,276.0,389.0,-379.0,148.0,train
10077,15_square,25,23,437.0,882.0,830.0,815.0,393.0,-67.0,train
10078,15_square,34,37,674.0,817.0,155.0,258.0,-519.0,-559.0,train
10079,15_square,4,64,850.0,750.0,689.0,738.0,-161.0,-12.0,train
10080,15_square,22,60,651.0,226.0,853.0,310.0,202.0,84.0,train
10081,15_square,18,58,209.0,461.0,108.0,770.0,-101.0,309.0,train
10083,15_square,55,5,710.0,418.0,648.0,167.0,-62.0,-251.0,train
10084,15_square,58,45,692.0,876.0,743.0,486.0,51.0,-390.0,train
10085,15_square,49,68,146.0,777.0,795.0,726.0,649.0,-51.0,train
10087,15_square,3,37,749.0,389.0,528.0,512.0,-221.0,123.0,train
10088,15_square,56,31,680.0,276.0,165.0,520.0,-515.0,244.0,train
10089,15_square,40,52,562.0,825.0,416.0,529.0,-146.0,-296.0,train
10090,15_square,65,16,758.0,593.0,800.0,234.0,42.0,-359.0,train
10091,15_square,28,40,373.0,895.0,757.0,187.0,384.0,-708.0,train
10092,15_square,32,29,683.0,614.0,246.0,542.0,-437.0,-72.0,train
10093,15_square,45,11,722.0,602.0,545.0,373.0,-177.0,-229.0,train
10094,15_square,54,32,168.0,564.0,467.0,332.0,299.0,-232.0,train
10095,15_square,25,56,651.0,496.0,172.0,823.0,-479.0,327.0,train
10096,15_square,49,9,825.0,569.0,432.0,746.0,-393.0,177.0,train
10097,15_square,45,56,728.0,220.0,595.0,376.0,-133.0,156.0,train
10098,15_square,57,9,536.0,771.0,151.0,456.0,-385.0,-315.0,train
10103,15_square,31,29,616.0,151.0,442.0,489.0,-174.0,338.0,train
10105,15_square,25,39,283.0,612.0,517.0,781.0,234.0,169.0,train
10106,15_square,20,2,816.0,312.0,883.0,853.0,67.0,541.0,train
10108,15_square,55,62,726.0,355.0,263.0,328.0,-463.0,-27.0,train
10109,15_square,14,18,674.0,403.0,279.0,660.0,-395.0,257.0,train
10110,15_square,41,66,614.0,890.0,821.0,787.0,207.0,-103.0,train
10111,15_square,34,60,546.0,784.0,809.0,271.0,263.0,-513.0,train
10112,15_square,14,51,740.0,680.0,288.0,657.0,-452.0,-23.0,train
10113,15_square,60,67,797.0,276.0,432.0,366.0,-365.0,90.0,train
10114,15_square,21,34,620.0,852.0,249.0,142.0,-371.0,-710.0,train
10115,15_square,42,37,399.0,575.0,507.0,529.0,108.0,-46.0,train
10116,15_square,57,5,314.0,540.0,868.0,794.0,554.0,254.0,train
10117,15_square,3,47,743.0,154.0,786.0,149.0,43.0,-5.0,train
10118,15_square,51,25,766.0,755.0,782.0,840.0,16.0,85.0,train
10119,15_square,33,23,375.0,158.0,236.0,469.0,-139.0,311.0,train
10120,15_square,18,67,759.0,658.0,692.0,585.0,-67.0,-73.0,train
10122,15_square,42,2,653.0,296.0,518.0,245.0,-135.0,-51.0,train
10123,15_square,32,51,352.0,748.0,159.0,147.0,-193.0,-601.0,train
10124,15_square,9,41,126.0,236.0,872.0,877.0,746.0,641.0,train
10125,15_square,26,48,443.0,337.0,326.0,657.0,-117.0,320.0,train
10127,15_square,40,8,562.0,143.0,501.0,740.0,-61.0,597.0,train
10128,15_square,13,34,380.0,517.0,624.0,563.0,244.0,46.0,train
10129,15_square,11,10,545.0,319.0,778.0,620.0,233.0,301.0,train
10131,15_square,0,58,853.0,171.0,634.0,580.0,-219.0,409.0,train
10132,15_square,8,28,697.0,582.0,859.0,112.0,162.0,-470.0,train
10133,15_square,54,32,366.0,525.0,540.0,803.0,174.0,278.0,train
10134,15_square,36,53,155.0,868.0,160.0,342.0,5.0,-526.0,train
10136,15_square,68,2,290.0,610.0,675.0,347.0,385.0,-263.0,train
10137,15_square,48,58,250.0,544.0,249.0,820.0,-1.0,276.0,train
10140,15_square,32,45,846.0,820.0,195.0,839.0,-651.0,19.0,train
10141,15_square,62,35,858.0,111.0,324.0,178.0,-534.0,67.0,train
10142,15_square,35,18,241.0,861.0,204.0,162.0,-37.0,-699.0,train
10143,15_square,1,53,425.0,312.0,260.0,857.0,-165.0,545.0,train
10144,15_square,24,45,374.0,356.0,352.0,513.0,-22.0,157.0,train
10145,15_square,40,3,294.0,618.0,527.0,342.0,233.0,-276.0,train
10146,15_square,59,48,555.0,860.0,130.0,784.0,-425.0,-76.0,train
10148,15_square,4,67,697.0,726.0,646.0,383.0,-51.0,-343.0,train
10149,15_square,18,49,538.0,795.0,884.0,702.0,346.0,-93.0,train
10150,15_square,42,36,341.0,625.0,453.0,249.0,112.0,-376.0,train
10153,15_square,25,29,231.0,899.0,358.0,586.0,127.0,-313.0,train
10154,15_square,8,34,276.0,806.0,514.0,242.0,238.0,-564.0,train
10155,15_square,24,21,340.0,386.0,559.0,804.0,219.0,418.0,train
10156,15_square,43,38,852.0,218.0,589.0,523.0,-263.0,305.0,train
10157,15_square,29,47,302.0,183.0,811.0,150.0,509.0,-33.0,train
10158,15_square,1,7,570.0,263.0,564.0,515.0,-6.0,252.0,train
10159,15_square,23,65,619.0,105.0,568.0,473.0,-51.0,368.0,train
10160,15_square,61,30,799.0,745.0,845.0,339.0,46.0,-406.0,train
10162,15_square,42,32,671.0,256.0,457.0,389.0,-214.0,133.0,train
10163,15_square,49,27,728.0,608.0,748.0,581.0,20.0,-27.0,train
10164,15_square,9,51,510.0,190.0,808.0,489.0,298.0,299.0,train
10165,15_square,60,43,218.0,338.0,476.0,745.0,258.0,407.0,train
10166,15_square,24,20,146.0,519.0,567.0,280.0,421.0,-239.0,train
10167,15_square,14,62,856.0,225.0,548.0,184.0,-308.0,-41.0,train
10169,15_square,23,24,774.0,233.0,558.0,291.0,-216.0,58.0,train
10172,15_square,56,12,639.0,887.0,791.0,743.0,152.0,-144.0,train
10173,15_square,29,2,144.0,104.0,893.0,251.0,749.0,147.0,train
10175,15_square,56,65,131.0,443.0,199.0,601.0,68.0,158.0,train
10177,15_square,2,38,619.0,862.0,134.0,792.0,-485.0,-70.0,train
10178,15_square,4,56,146.0,835.0,853.0,210.0,707.0,-625.0,train
10179,15_square,52,21,321.0,231.0,732.0,807.0,411.0,576.0,train
10181,15_square,44,63,665.0,367.0,259.0,226.0,-406.0,-141.0,train
10182,15_square,39,59,809.0,154.0,392.0,653.0,-417.0,499.0,train
10183,15_square,53,48,857.0,841.0,561.0,442.0,-296.0,-399.0,train
10184,15_square,29,29,772.0,334.0,694.0,538.0,-78.0,204.0,train
10185,15_square,66,43,314.0,667.0,242.0,352.0,-72.0,-315.0,train
10186,15_square,2,24,400.0,797.0,493.0,622.0,93.0,-175.0,train
10187,15_square,3,6,326.0,650.0,512.0,458.0,186.0,-192.0,train
10188,15_square,14,51,640.0,755.0,860.0,290.0,220.0,-465.0,train
10190,15_square,35,5,482.0,434.0,161.0,614.0,-321.0,180.0,train
10192,15_square,62,6,615.0,801.0,753.0,777.0,138.0,-24.0,train
10193,15_square,29,60,664.0,545.0,580.0,896.0,-84.0,351.0,train
10194,15_square,42,7,474.0,435.0,514.0,722.0,40.0,287.0,train
10195,15_square,7,3,509.0,785.0,440.0,216.0,-69.0,-569.0,train
10196,15_square,50,57,501.0,183.0,202.0,872.0,-299.0,689.0,train
10197,15_square,6,20,484.0,768.0,189.0,881.0,-295.0,113.0,train
10200,15_square,6,34,507.0,694.0,715.0,191.0,208.0,-503.0,train
10201,15_square,0,64,454.0,470.0,370.0,450.0,-84.0,-20.0,train
10202,15_square,19,2,600.0,888.0,163.0,715.0,-437.0,-173.0,train
10203,15_square,59,45,310.0,444.0,229.0,579.0,-81.0,135.0,train
10204,15_square,36,10,786.0,574.0,211.0,340.0,-575.0,-234.0,train
10206,15_square,6,1,490.0,171.0,125.0,462.0,-365.0,291.0,train
10207,15_square,4,17,808.0,744.0,156.0,417.0,-652.0,-327.0,train
10208,15_square,30,31,663.0,652.0,848.0,538.0,185.0,-114.0,train
10209,15_square,24,10,513.0,329.0,264.0,526.0,-249.0,197.0,train
10210,15_square,4,8,499.0,147.0,349.0,584.0,-150.0,437.0,train
10211,15_square,9,59,249.0,460.0,103.0,681.0,-146.0,221.0,train
10212,15_square,65,18,254.0,423.0,324.0,561.0,70.0,138.0,train
10213,15_square,32,58,298.0,809.0,884.0,647.0,586.0,-162.0,train
10216,15_square,3,36,490.0,232.0,802.0,861.0,312.0,629.0,train
10219,15_square,29,15,310.0,845.0,489.0,661.0,179.0,-184.0,train
10220,15_square,68,34,826.0,772.0,498.0,374.0,-328.0,-398.0,train
10221,15_square,34,21,620.0,231.0,254.0,849.0,-366.0,618.0,train
10222,15_square,60,41,258.0,587.0,247.0,486.0,-11.0,-101.0,train
10223,15_square,42,3,558.0,668.0,310.0,593.0,-248.0,-75.0,train
10224,15_square,21,20,885.0,497.0,441.0,115.0,-444.0,-382.0,train
10226,15_square,48,9,675.0,359.0,326.0,376.0,-349.0,17.0,train
10227,15_square,37,50,182.0,769.0,615.0,171.0,433.0,-598.0,train
10228,15_square,65,58,208.0,827.0,258.0,104.0,50.0,-723.0,train
10229,15_square,15,59,632.0,733.0,272.0,738.0,-360.0,5.0,train
10230,15_square,18,25,211.0,756.0,821.0,301.0,610.0,-455.0,train
10231,15_square,38,54,896.0,852.0,452.0,537.0,-444.0,-315.0,train
10232,15_square,68,40,890.0,319.0,566.0,418.0,-324.0,99.0,train
10233,15_square,41,58,634.0,401.0,873.0,370.0,239.0,-31.0,train
10234,15_square,6,8,744.0,731.0,175.0,579.0,-569.0,-152.0,train
10235,15_square,19,0,440.0,170.0,533.0,667.0,93.0,497.0,train
10237,15_square,65,16,453.0,574.0,586.0,250.0,133.0,-324.0,train
10238,15_square,13,2,166.0,843.0,655.0,873.0,489.0,30.0,train
10239,15_square,42,16,817.0,247.0,879.0,210.0,62.0,-37.0,train
10240,15_square,25,30,768.0,113.0,102.0,117.0,-666.0,4.0,train
10241,15_square,55,48,328.0,655.0,668.0,696.0,340.0,41.0,train
10243,15_square,13,51,804.0,292.0,754.0,393.0,-50.0,101.0,train
10246,15_square,0,13,282.0,708.0,370.0,299.0,88.0,-409.0,train
10247,15_square,56,55,163.0,276.0,898.0,348.0,735.0,72.0,train
10248,15_square,35,8,184.0,226.0,358.0,211.0,174.0,-15.0,train
10249,15_square,20,51,336.0,525.0,210.0,789.0,-126.0,264.0,train
10250,15_square,51,7,189.0,876.0,135.0,170.0,-54.0,-706.0,train
10251,15_square,24,0,153.0,799.0,801.0,827.0,648.0,28.0,train
10252,15_square,0,43,317.0,705.0,328.0,407.0,11.0,-298.0,train
10253,15_square,49,49,223.0,405.0,734.0,250.0,511.0,-155.0,train
10254,15_square,58,12,713.0,630.0,815.0,285.0,102.0,-345.0,train
10256,15_square,15,16,499.0,533.0,668.0,155.0,169.0,-378.0,train
10257,15_square,62,53,495.0,376.0,774.0,140.0,279.0,-236.0,train
10258,15_square,33,9,236.0,884.0,440.0,750.0,204.0,-134.0,train
10259,15_square,57,14,712.0,448.0,220.0,686.0,-492.0,238.0,train
10260,15_square,29,31,554.0,462.0,615.0,376.0,61.0,-86.0,train
10262,15_square,2,63,507.0,881.0,359.0,408.0,-148.0,-473.0,train
10263,15_square,30,4,705.0,271.0,437.0,885.0,-268.0,614.0,train
10265,15_square,0,42,733.0,376.0,429.0,683.0,-304.0,307.0,train
10266,15_square,35,59,220.0,206.0,418.0,183.0,198.0,-23.0,train
10267,15_square,68,57,296.0,831.0,643.0,120.0,347.0,-711.0,train
10268,15_square,38,49,572.0,842.0,823.0,241.0,251.0,-601.0,train
10270,15_square,26,23,351.0,120.0,888.0,182.0,537.0,62.0,train
10271,15_square,66,43,411.0,693.0,529.0,485.0,118.0,-208.0,train
10272,15_square,57,33,540.0,108.0,432.0,119.0,-108.0,11.0,train
10273,15_square,9,44,119.0,381.0,638.0,130.0,519.0,-251.0,train
10274,15_square,68,45,689.0,608.0,299.0,409.0,-390.0,-199.0,train
10275,15_square,62,61,721.0,268.0,614.0,809.0,-107.0,541.0,train
10276,15_square,14,58,399.0,104.0,796.0,778.0,397.0,674.0,train
10277,15_square,38,5,353.0,174.0,861.0,169.0,508.0,-5.0,train
10278,15_square,31,45,670.0,491.0,283.0,232.0,-387.0,-259.0,train
10279,15_square,10,6,329.0,616.0,447.0,828.0,118.0,212.0,train
10280,15_square,61,42,823.0,297.0,427.0,742.0,-396.0,445.0,train
10281,15_square,38,46,883.0,124.0,533.0,661.0,-350.0,537.0,train
10283,15_square,2,14,302.0,558.0,482.0,514.0,180.0,-44.0,train
10285,15_square,36,39,623.0,610.0,570.0,762.0,-53.0,152.0,train
10287,15_square,29,53,153.0,649.0,836.0,685.0,683.0,36.0,train
10288,15_square,45,16,631.0,163.0,252.0,707.0,-379.0,544.0,train
10289,15_square,44,16,420.0,639.0,859.0,560.0,439.0,-79.0,train
10290,15_square,40,8,335.0,870.0,512.0,246.0,177.0,-624.0,train
10291,15_square,47,52,703.0,736.0,355.0,518.0,-348.0,-218.0,train
10292,15_square,14,56,625.0,129.0,167.0,245.0,-458.0,116.0,train
10294,15_square,20,7,398.0,822.0,669.0,504.0,271.0,-318.0,train
10295,15_square,63,68,490.0,716.0,775.0,522.0,285.0,-194.0,train
10297,15_square,23,14,688.0,161.0,331.0,513.0,-357.0,352.0,train
10298,15_square,41,29,872.0,704.0,764.0,410.0,-108.0,-294.0,train
10299,15_square,0,29,791.0,614.0,311.0,423.0,-480.0,-191.0,train
10300,15_square,62,28,704.0,608.0,546.0,193.0,-158.0,-415.0,train
10303,15_square,59,8,142.0,342.0,394.0,432.0,252.0,90.0,train
10304,15_square,4,21,168.0,103.0,550.0,476.0,382.0,373.0,train
10305,15_square,2,60,450.0,475.0,727.0,650.0,277.0,175.0,train
10306,15_square,63,41,294.0,486.0,336.0,609.0,42.0,123.0,train
10308,15_square,54,24,131.0,186.0,331.0,505.0,200.0,319.0,train
10309,15_square,21,34,500.0,159.0,384.0,516.0,-116.0,357.0,train
10310,15_square,35,35,794.0,711.0,112.0,117.0,-682.0,-594.0,train
10311,15_square,31,44,152.0,710.0,584.0,841.0,432.0,131.0,train
10312,15_square,43,44,339.0,174.0,528.0,713.0,189.0,539.0,train
10313,15_square,14,60,812.0,406.0,384.0,721.0,-428.0,315.0,train
10315,15_square,51,4,328.0,808.0,734.0,381.0,406.0,-427.0,train
10316,15_square,19,68,631.0,459.0,416.0,828.0,-215.0,369.0,train
10317,15_square,48,38,516.0,260.0,729.0,429.0,213.0,169.0,train
10318,15_square,38,41,397.0,271.0,509.0,115.0,112.0,-156.0,train
10320,15_square,35,56,370.0,218.0,166.0,572.0,-204.0,354.0,train
10321,15_square,15,0,542.0,292.0,500.0,827.0,-42.0,535.0,train
10322,15_square,34,15,844.0,676.0,448.0,617.0,-396.0,-59.0,train
10323,15_square,8,31,467.0,359.0,743.0,767.0,276.0,408.0,train
10324,15_square,47,11,157.0,133.0,133.0,167.0,-24.0,34.0,train
10325,15_square,54,55,454.0,727.0,196.0,183.0,-258.0,-544.0,train
10326,15_square,37,60,108.0,270.0,749.0,834.0,641.0,564.0,train
10327,15_square,52,19,302.0,745.0,283.0,640.0,-19.0,-105.0,train
10328,15_square,49,13,116.0,725.0,162.0,496.0,46.0,-229.0,train
10329,15_square,59,43,245.0,291.0,223.0,121.0,-22.0,-170.0,train
10330,15_square,55,34,361.0,168.0,115.0,285.0,-246.0,117.0,train
10331,15_square,47,33,476.0,703.0,734.0,350.0,258.0,-353.0,train
10332,15_square,21,0,677.0,244.0,428.0,755.0,-249.0,511.0,train
10333,15_square,15,23,680.0,589.0,579.0,216.0,-101.0,-373.0,train
10335,15_square,45,64,651.0,554.0,181.0,368.0,-470.0,-186.0,train
10337,15_square,13,31,120.0,529.0,872.0,691.0,752.0,162.0,train
10338,15_square,48,0,659.0,344.0,597.0,688.0,-62.0,344.0,train
10340,15_square,13,24,109.0,468.0,804.0,447.0,695.0,-21.0,train
10341,15_square,49,64,414.0,406.0,634.0,708.0,220.0,302.0,train
10343,15_square,38,53,878.0,651.0,436.0,265.0,-442.0,-386.0,train
10344,15_square,46,24,822.0,253.0,526.0,647.0,-296.0,394.0,train
10345,15_square,45,8,349.0,339.0,867.0,829.0,518.0,490.0,train
10346,15_square,62,7,264.0,686.0,318.0,762.0,54.0,76.0,train
10349,15_square,60,0,399.0,344.0,325.0,249.0,-74.0,-95.0,train
10350,15_square,5,6,110.0,832.0,360.0,134.0,250.0,-698.0,train
10351,15_square,65,24,496.0,699.0,511.0,654.0,15.0,-45.0,train
10353,15_square,68,31,897.0,446.0,575.0,705.0,-322.0,259.0,train
10354,15_square,32,11,194.0,606.0,463.0,620.0,269.0,14.0,train
10355,15_square,49,54,528.0,643.0,539.0,229.0,11.0,-414.0,train
10356,15_square,56,57,758.0,206.0,441.0,841.0,-317.0,635.0,train
10358,15_square,60,48,647.0,115.0,480.0,635.0,-167.0,520.0,train
10360,15_square,10,53,599.0,732.0,424.0,377.0,-175.0,-355.0,train
10362,15_square,7,43,228.0,859.0,141.0,329.0,-87.0,-530.0,train
10363,15_square,37,3,401.0,752.0,332.0,504.0,-69.0,-248.0,train
10364,15_square,51,35,304.0,115.0,610.0,722.0,306.0,607.0,train
10365,15_square,55,52,652.0,157.0,464.0,518.0,-188.0,361.0,train
10366,15_square,3,51,814.0,856.0,665.0,811.0,-149.0,-45.0,train
10367,15_square,22,40,622.0,478.0,265.0,203.0,-357.0,-275.0,train
10368,15_square,47,30,683.0,580.0,461.0,562.0,-222.0,-18.0,train
10369,15_square,20,59,351.0,623.0,371.0,761.0,20.0,138.0,train
10370,15_square,61,46,528.0,660.0,290.0,596.0,-238.0,-64.0,train
10375,15_square,5,57,115.0,341.0,105.0,526.0,-10.0,185.0,train
10376,15_square,3,1,377.0,401.0,174.0,764.0,-203.0,363.0,train
10378,15_square,49,1,324.0,624.0,562.0,724.0,238.0,100.0,train
10379,15_square,28,15,427.0,134.0,259.0,348.0,-168.0,214.0,train
10380,15_square,21,13,451.0,349.0,143.0,766.0,-308.0,417.0,train
10381,15_square,61,28,393.0,283.0,782.0,232.0,389.0,-51.0,train
10385,15_square,15,55,857.0,787.0,572.0,822.0,-285.0,35.0,train
10386,15_square,54,35,898.0,456.0,191.0,776.0,-707.0,320.0,train
10387,15_square,39,5,338.0,386.0,520.0,599.0,182.0,213.0,train
10388,15_square,46,39,441.0,342.0,651.0,862.0,210.0,520.0,train
10389,15_square,68,56,201.0,472.0,895.0,107.0,694.0,-365.0,train
10390,15_square,12,58,392.0,530.0,534.0,809.0,142.0,279.0,train
10392,15_square,5,55,712.0,702.0,501.0,711.0,-211.0,9.0,train
10393,15_square,38,14,308.0,860.0,129.0,841.0,-179.0,-19.0,train
10394,15_square,2,48,234.0,114.0,439.0,285.0,205.0,171.0,train
10395,15_square,55,37,474.0,319.0,639.0,847.0,165.0,528.0,train
10396,15_square,13,68,474.0,510.0,172.0,532.0,-302.0,22.0,train
10398,15_square,30,38,214.0,727.0,181.0,593.0,-33.0,-134.0,train
10399,15_square,49,67,351.0,746.0,795.0,782.0,444.0,36.0,train
10401,15_square,9,44,515.0,892.0,607.0,683.0,92.0,-209.0,train
10403,15_square,56,25,588.0,844.0,689.0,238.0,101.0,-606.0,train
10404,15_square,8,1,207.0,834.0,728.0,224.0,521.0,-610.0,train
10405,15_square,61,36,866.0,336.0,457.0,807.0,-409.0,471.0,train
10406,15_square,62,26,486.0,667.0,806.0,522.0,320.0,-145.0,train
10407,15_square,37,25,649.0,269.0,403.0,249.0,-246.0,-20.0,train
10408,15_square,37,68,162.0,619.0,800.0,718.0,638.0,99.0,train
10409,15_square,63,40,126.0,829.0,473.0,250.0,347.0,-579.0,train
10410,15_square,35,49,763.0,773.0,658.0,893.0,-105.0,120.0,train
10411,15_square,26,37,353.0,221.0,446.0,779.0,93.0,558.0,train
10412,15_square,12,38,354.0,303.0,568.0,494.0,214.0,191.0,train
10413,15_square,26,47,599.0,288.0,322.0,266.0,-277.0,-22.0,train
10417,15_square,67,39,713.0,765.0,775.0,783.0,62.0,18.0,train
10418,15_square,62,22,177.0,144.0,815.0,830.0,638.0,686.0,train
10419,15_square,13,18,177.0,833.0,505.0,761.0,328.0,-72.0,train
10420,15_square,62,2,711.0,148.0,462.0,690.0,-249.0,542.0,train
10421,15_square,30,47,684.0,520.0,123.0,115.0,-561.0,-405.0,train
10422,15_square,50,41,120.0,242.0,785.0,198.0,665.0,-44.0,train
10424,15_square,1,3,578.0,564.0,215.0,873.0,-363.0,309.0,train
10425,15_square,41,67,827.0,471.0,587.0,258.0,-240.0,-213.0,train
10427,15_square,65,13,311.0,619.0,600.0,732.0,289.0,113.0,train
10429,15_square,67,31,332.0,765.0,515.0,109.0,183.0,-656.0,train
10430,15_square,52,29,746.0,501.0,179.0,557.0,-567.0,56.0,train
10431,15_square,13,0,349.0,645.0,828.0,893.0,479.0,248.0,train
10432,15_square,8,15,798.0,625.0,329.0,346.0,-469.0,-279.0,train
10433,15_square,37,3,339.0,224.0,689.0,873.0,350.0,649.0,train
10434,15_square,25,2,606.0,270.0,159.0,868.0,-447.0,598.0,train
10435,15_square,0,26,215.0,182.0,554.0,554.0,339.0,372.0,train
10437,15_square,30,2,724.0,466.0,104.0,409.0,-620.0,-57.0,train
10438,15_square,25,7,325.0,757.0,340.0,194.0,15.0,-563.0,train
10439,15_square,22,41,808.0,173.0,225.0,500.0,-583.0,327.0,train
10440,15_square,68,63,532.0,873.0,872.0,606.0,340.0,-267.0,train
10441,15_square,68,57,543.0,148.0,640.0,340.0,97.0,192.0,train
10442,15_square,41,50,562.0,259.0,380.0,712.0,-182.0,453.0,train
10443,15_square,40,62,357.0,300.0,858.0,670.0,501.0,370.0,train
10444,15_square,15,46,357.0,717.0,450.0,669.0,93.0,-48.0,train
10446,15_square,26,26,372.0,482.0,667.0,100.0,295.0,-382.0,train
10447,15_square,60,36,578.0,366.0,368.0,344.0,-210.0,-22.0,train
10448,15_square,22,63,498.0,354.0,501.0,252.0,3.0,-102.0,train
10449,15_square,30,6,298.0,192.0,706.0,524.0,408.0,332.0,train
10450,15_square,68,11,608.0,520.0,552.0,487.0,-56.0,-33.0,train
10451,15_square,27,46,121.0,870.0,220.0,556.0,99.0,-314.0,train
10452,15_square,64,33,427.0,630.0,766.0,602.0,339.0,-28.0,train
10453,15_square,39,47,182.0,531.0,219.0,698.0,37.0,167.0,train
10454,15_square,51,67,662.0,852.0,703.0,675.0,41.0,-177.0,train
10456,15_square,58,3,230.0,489.0,716.0,290.0,486.0,-199.0,train
10458,15_square,29,54,665.0,462.0,425.0,400.0,-240.0,-62.0,train
10459,15_square,53,65,887.0,263.0,633.0,194.0,-254.0,-69.0,train
10460,15_square,22,65,390.0,415.0,557.0,445.0,167.0,30.0,train
10461,15_square,31,68,156.0,413.0,133.0,647.0,-23.0,234.0,train
10464,15_square,2,34,264.0,218.0,863.0,286.0,599.0,68.0,train
10465,15_square,31,64,505.0,198.0,549.0,550.0,44.0,352.0,train
10466,15_square,24,23,333.0,152.0,105.0,280.0,-228.0,128.0,train
10467,15_square,30,58,346.0,617.0,755.0,415.0,409.0,-202.0,train
10468,15_square,67,23,879.0,585.0,592.0,607.0,-287.0,22.0,train
10471,15_square,65,40,395.0,440.0,349.0,408.0,-46.0,-32.0,train
10472,15_square,65,61,275.0,411.0,307.0,334.0,32.0,-77.0,train
10473,15_square,30,48,578.0,372.0,183.0,527.0,-395.0,155.0,train
10474,15_square,43,11,885.0,531.0,487.0,371.0,-398.0,-160.0,train
10475,15_square,34,8,398.0,830.0,742.0,425.0,344.0,-405.0,train
10476,15_square,20,41,285.0,436.0,482.0,245.0,197.0,-191.0,train
10477,15_square,21,44,446.0,763.0,703.0,873.0,257.0,110.0,train
10478,15_square,10,2,217.0,450.0,416.0,753.0,199.0,303.0,train
10479,15_square,33,11,588.0,557.0,584.0,380.0,-4.0,-177.0,train
10480,15_square,49,19,800.0,539.0,173.0,457.0,-627.0,-82.0,train
10481,15_square,5,37,884.0,591.0,747.0,778.0,-137.0,187.0,train
10482,15_square,8,64,368.0,276.0,239.0,181.0,-129.0,-95.0,train
10484,15_square,31,35,477.0,327.0,267.0,700.0,-210.0,373.0,train
10486,15_square,5,48,163.0,315.0,403.0,421.0,240.0,106.0,train
10487,15_square,67,10,294.0,162.0,114.0,279.0,-180.0,117.0,train
10488,15_square,50,16,543.0,769.0,418.0,275.0,-125.0,-494.0,train
10489,15_square,57,8,716.0,767.0,528.0,291.0,-188.0,-476.0,train
10490,15_square,48,61,630.0,460.0,651.0,600.0,21.0,140.0,train
10491,15_square,21,25,413.0,553.0,659.0,350.0,246.0,-203.0,train
10492,15_square,23,43,488.0,612.0,189.0,222.0,-299.0,-390.0,train
10493,15_square,12,15,605.0,328.0,232.0,188.0,-373.0,-140.0,train
10494,15_square,42,22,653.0,799.0,897.0,209.0,244.0,-590.0,train
10497,15_square,14,53,775.0,542.0,676.0,366.0,-99.0,-176.0,train
10498,15_square,47,49,834.0,530.0,704.0,399.0,-130.0,-131.0,train
10501,3_square,1,24,146.0,144.0,628.0,490.0,482.0,346.0,train
10502,3_square,6,17,677.0,874.0,898.0,101.0,221.0,-773.0,train
10505,3_square,31,56,237.0,352.0,587.0,854.0,350.0,502.0,train
10506,3_square,60,1,420.0,399.0,131.0,834.0,-289.0,435.0,train
10507,3_square,40,52,445.0,754.0,149.0,160.0,-296.0,-594.0,train
10508,3_square,18,51,589.0,740.0,816.0,472.0,227.0,-268.0,train
10509,3_square,63,48,576.0,221.0,492.0,829.0,-84.0,608.0,train
10512,3_square,45,14,104.0,694.0,728.0,668.0,624.0,-26.0,train
10513,3_square,5,4,102.0,183.0,456.0,723.0,354.0,540.0,train
10515,3_square,8,31,332.0,709.0,204.0,373.0,-128.0,-336.0,train
10516,3_square,48,66,624.0,109.0,414.0,706.0,-210.0,597.0,train
10517,3_square,30,14,721.0,892.0,421.0,103.0,-300.0,-789.0,train
10518,3_square,59,42,776.0,163.0,341.0,528.0,-435.0,365.0,train
10519,3_square,31,52,169.0,483.0,667.0,571.0,498.0,88.0,train
10520,3_square,50,55,479.0,115.0,419.0,137.0,-60.0,22.0,train
10522,3_square,47,52,229.0,195.0,398.0,309.0,169.0,114.0,train
10524,3_square,3,54,883.0,534.0,632.0,540.0,-251.0,6.0,train
10525,3_square,26,51,389.0,252.0,613.0,785.0,224.0,533.0,train
10526,3_square,12,34,535.0,510.0,712.0,188.0,177.0,-322.0,train
10528,3_square,1,21,857.0,515.0,375.0,244.0,-482.0,-271.0,train
10529,3_square,44,9,377.0,320.0,841.0,265.0,464.0,-55.0,train
10530,3_square,41,43,497.0,430.0,150.0,615.0,-347.0,185.0,train
10531,3_square,16,30,842.0,772.0,762.0,818.0,-80.0,46.0,train
10533,3_square,0,68,567.0,251.0,825.0,558.0,258.0,307.0,train
10534,3_square,48,50,653.0,554.0,435.0,704.0,-218.0,150.0,train
10536,3_square,12,62,627.0,629.0,141.0,383.0,-486.0,-246.0,train
10538,3_square,34,55,566.0,368.0,689.0,310.0,123.0,-58.0,train
10539,3_square,52,17,738.0,178.0,239.0,645.0,-499.0,467.0,train
10540,3_square,58,5,844.0,632.0,900.0,473.0,56.0,-159.0,train
10541,3_square,8,25,863.0,697.0,121.0,515.0,-742.0,-182.0,train
10542,3_square,17,46,676.0,402.0,859.0,456.0,183.0,54.0,train
10544,3_square,52,60,485.0,528.0,875.0,351.0,390.0,-177.0,train
10545,3_square,50,9,474.0,186.0,883.0,127.0,409.0,-59.0,train
10546,3_square,44,13,464.0,763.0,238.0,699.0,-226.0,-64.0,train
10547,3_square,48,67,847.0,214.0,829.0,129.0,-18.0,-85.0,train
10548,3_square,5,36,168.0,378.0,554.0,118.0,386.0,-260.0,train
10549,3_square,9,6,565.0,520.0,768.0,674.0,203.0,154.0,train
10550,3_square,20,60,330.0,249.0,177.0,471.0,-153.0,222.0,train
10551,3_square,62,52,256.0,216.0,220.0,151.0,-36.0,-65.0,train
10552,3_square,25,48,632.0,126.0,221.0,206.0,-411.0,80.0,train
10554,3_square,55,44,424.0,620.0,611.0,678.0,187.0,58.0,train
10556,3_square,55,33,838.0,168.0,724.0,880.0,-114.0,712.0,train
10557,3_square,67,20,125.0,431.0,713.0,678.0,588.0,247.0,train
10559,3_square,18,67,420.0,503.0,554.0,213.0,134.0,-290.0,train
10560,3_square,0,23,361.0,313.0,865.0,579.0,504.0,266.0,train
10561,3_square,48,15,473.0,212.0,455.0,625.0,-18.0,413.0,train
10562,3_square,55,13,378.0,472.0,301.0,461.0,-77.0,-11.0,train
10563,3_square,56,18,515.0,181.0,783.0,335.0,268.0,154.0,train
10564,3_square,19,40,123.0,596.0,433.0,665.0,310.0,69.0,train
10565,3_square,1,67,866.0,674.0,170.0,339.0,-696.0,-335.0,train
10566,3_square,42,12,593.0,393.0,174.0,462.0,-419.0,69.0,train
10568,3_square,30,53,576.0,247.0,777.0,155.0,201.0,-92.0,train
10569,3_square,5,64,574.0,301.0,457.0,791.0,-117.0,490.0,train
10571,3_square,20,17,342.0,731.0,758.0,753.0,416.0,22.0,train
10572,3_square,61,39,706.0,692.0,749.0,262.0,43.0,-430.0,train
10573,3_square,46,10,769.0,170.0,719.0,774.0,-50.0,604.0,train
10574,3_square,68,19,717.0,820.0,198.0,715.0,-519.0,-105.0,train
10575,3_square,40,5,649.0,456.0,375.0,204.0,-274.0,-252.0,train
10576,3_square,27,65,116.0,568.0,407.0,255.0,291.0,-313.0,train
10579,3_square,6,5,222.0,111.0,446.0,478.0,224.0,367.0,train
10580,3_square,34,37,822.0,132.0,603.0,476.0,-219.0,344.0,train
10581,3_square,59,15,739.0,150.0,530.0,485.0,-209.0,335.0,train
10582,3_square,10,51,728.0,547.0,105.0,797.0,-623.0,250.0,train
10583,3_square,34,23,829.0,209.0,887.0,232.0,58.0,23.0,train
10584,3_square,21,4,844.0,846.0,481.0,454.0,-363.0,-392.0,train
10585,3_square,44,27,459.0,288.0,401.0,734.0,-58.0,446.0,train
10586,3_square,3,57,827.0,386.0,338.0,462.0,-489.0,76.0,train
10588,3_square,2,26,363.0,640.0,137.0,117.0,-226.0,-523.0,train
10589,3_square,15,54,240.0,136.0,265.0,488.0,25.0,352.0,train
10590,3_square,31,16,131.0,104.0,251.0,371.0,120.0,267.0,train
10591,3_square,55,20,274.0,183.0,752.0,229.0,478.0,46.0,train
10592,3_square,53,8,281.0,146.0,168.0,733.0,-113.0,587.0,train
10593,3_square,35,30,166.0,867.0,699.0,613.0,533.0,-254.0,train
10594,3_square,9,36,192.0,541.0,161.0,705.0,-31.0,164.0,train
10595,3_square,23,39,737.0,622.0,725.0,581.0,-12.0,-41.0,train
10597,3_square,58,19,703.0,108.0,688.0,894.0,-15.0,786.0,train
10598,3_square,44,42,779.0,192.0,449.0,527.0,-330.0,335.0,train
10599,3_square,5,36,613.0,159.0,148.0,480.0,-465.0,321.0,train
10600,3_square,20,48,349.0,498.0,499.0,602.0,150.0,104.0,train
10602,3_square,59,8,149.0,768.0,222.0,131.0,73.0,-637.0,train
10603,3_square,29,21,842.0,150.0,534.0,491.0,-308.0,341.0,train
10604,3_square,43,55,326.0,442.0,414.0,164.0,88.0,-278.0,train
10605,3_square,53,10,377.0,311.0,708.0,271.0,331.0,-40.0,train
10606,3_square,14,2,193.0,691.0,414.0,187.0,221.0,-504.0,train
10607,3_square,56,44,475.0,200.0,516.0,359.0,41.0,159.0,train
10608,3_square,45,67,695.0,898.0,672.0,249.0,-23.0,-649.0,train
10609,3_square,68,9,598.0,160.0,812.0,163.0,214.0,3.0,train
10610,3_square,49,65,688.0,731.0,561.0,166.0,-127.0,-565.0,train
10611,3_square,12,30,286.0,328.0,593.0,311.0,307.0,-17.0,train
10612,3_square,63,46,325.0,558.0,603.0,627.0,278.0,69.0,train
10613,3_square,0,45,288.0,305.0,157.0,321.0,-131.0,16.0,train
10614,3_square,49,18,296.0,654.0,532.0,780.0,236.0,126.0,train
10616,3_square,45,7,158.0,405.0,766.0,422.0,608.0,17.0,train
10617,3_square,23,56,540.0,586.0,302.0,528.0,-238.0,-58.0,train
10620,3_square,50,66,498.0,303.0,353.0,302.0,-145.0,-1.0,train
10621,3_square,43,26,665.0,696.0,419.0,789.0,-246.0,93.0,train
10622,3_square,25,30,535.0,219.0,202.0,202.0,-333.0,-17.0,train
10624,3_square,0,11,377.0,639.0,467.0,829.0,90.0,190.0,train
10625,3_square,2,63,128.0,172.0,301.0,831.0,173.0,659.0,train
10626,3_square,47,28,675.0,631.0,833.0,790.0,158.0,159.0,train
10628,3_square,25,21,721.0,234.0,172.0,267.0,-549.0,33.0,train
10629,3_square,51,23,109.0,174.0,312.0,308.0,203.0,134.0,train
10630,3_square,62,10,145.0,197.0,133.0,818.0,-12.0,621.0,train
10631,3_square,9,42,765.0,317.0,619.0,624.0,-146.0,307.0,train
10633,3_square,60,31,677.0,581.0,387.0,624.0,-290.0,43.0,train
10634,3_square,60,44,110.0,135.0,542.0,302.0,432.0,167.0,train
10635,3_square,30,52,225.0,171.0,651.0,235.0,426.0,64.0,train
10636,3_square,15,62,392.0,839.0,724.0,761.0,332.0,-78.0,train
10637,3_square,4,35,244.0,662.0,488.0,824.0,244.0,162.0,train
10638,3_square,35,45,258.0,750.0,120.0,267.0,-138.0,-483.0,train
10639,3_square,41,32,135.0,501.0,464.0,880.0,329.0,379.0,train
10640,3_square,38,48,846.0,439.0,486.0,295.0,-360.0,-144.0,train
10641,3_square,23,19,258.0,833.0,546.0,301.0,288.0,-532.0,train
10643,3_square,28,21,782.0,526.0,807.0,661.0,25.0,135.0,train
10644,3_square,0,68,607.0,263.0,475.0,340.0,-132.0,77.0,train
10645,3_square,1,15,531.0,154.0,386.0,184.0,-145.0,30.0,train
10646,3_square,1,9,356.0,788.0,864.0,123.0,508.0,-665.0,train
10647,3_square,17,51,637.0,686.0,138.0,822.0,-499.0,136.0,train
10648,3_square,53,62,748.0,448.0,785.0,446.0,37.0,-2.0,train
10649,3_square,28,38,551.0,172.0,683.0,288.0,132.0,116.0,train
10650,3_square,59,56,664.0,106.0,194.0,441.0,-470.0,335.0,train
10651,3_square,29,4,795.0,332.0,867.0,140.0,72.0,-192.0,train
10652,3_square,54,61,799.0,212.0,129.0,889.0,-670.0,677.0,train
10653,3_square,46,26,782.0,290.0,653.0,172.0,-129.0,-118.0,train
10654,3_square,63,38,601.0,754.0,782.0,883.0,181.0,129.0,train
10655,3_square,39,12,353.0,484.0,833.0,823.0,480.0,339.0,train
10656,3_square,64,56,756.0,191.0,267.0,631.0,-489.0,440.0,train
10657,3_square,43,44,568.0,263.0,201.0,548.0,-367.0,285.0,train
10658,3_square,35,26,742.0,827.0,253.0,686.0,-489.0,-141.0,train
10659,3_square,21,42,720.0,787.0,380.0,381.0,-340.0,-406.0,train
10660,3_square,41,60,871.0,330.0,343.0,337.0,-528.0,7.0,train
10661,3_square,67,5,685.0,890.0,665.0,614.0,-20.0,-276.0,train
10662,3_square,18,45,256.0,637.0,167.0,279.0,-89.0,-358.0,train
10663,3_square,9,30,386.0,533.0,663.0,772.0,277.0,239.0,train
10664,3_square,21,5,147.0,451.0,842.0,380.0,695.0,-71.0,train
10665,3_square,13,64,626.0,792.0,122.0,719.0,-504.0,-73.0,train
10666,3_square,36,65,572.0,216.0,512.0,725.0,-60.0,509.0,train
10667,3_square,42,44,399.0,864.0,799.0,466.0,400.0,-398.0,train
10668,3_square,31,2,483.0,254.0,616.0,861.0,133.0,607.0,train
10669,3_square,35,23,579.0,122.0,296.0,303.0,-283.0,181.0,train
10670,3_square,68,60,781.0,319.0,165.0,565.0,-616.0,246.0,train
10671,3_square,29,39,602.0,741.0,170.0,845.0,-432.0,104.0,train
10673,3_square,40,8,604.0,747.0,369.0,768.0,-235.0,21.0,train
10674,3_square,11,27,704.0,320.0,894.0,714.0,190.0,394.0,train
10675,3_square,13,55,641.0,500.0,642.0,536.0,1.0,36.0,train
10677,3_square,60,7,792.0,380.0,379.0,792.0,-413.0,412.0,train
10680,3_square,62,38,145.0,508.0,214.0,564.0,69.0,56.0,train
10681,3_square,14,64,602.0,100.0,111.0,300.0,-491.0,200.0,train
10682,3_square,51,41,372.0,236.0,356.0,643.0,-16.0,407.0,train
10683,3_square,47,54,185.0,812.0,233.0,717.0,48.0,-95.0,train
10684,3_square,39,5,165.0,853.0,590.0,801.0,425.0,-52.0,train
10685,3_square,21,40,260.0,554.0,604.0,288.0,344.0,-266.0,train
10687,3_square,46,21,525.0,662.0,710.0,227.0,185.0,-435.0,train
10689,3_square,40,6,109.0,371.0,720.0,276.0,611.0,-95.0,train
10690,3_square,42,44,866.0,508.0,195.0,125.0,-671.0,-383.0,train
10691,3_square,18,0,414.0,632.0,357.0,152.0,-57.0,-480.0,train
10692,3_square,38,8,352.0,470.0,889.0,390.0,537.0,-80.0,train
10693,3_square,68,15,137.0,244.0,710.0,291.0,573.0,47.0,train
10694,3_square,33,15,354.0,572.0,705.0,371.0,351.0,-201.0,train
10695,3_square,61,17,894.0,135.0,177.0,816.0,-717.0,681.0,train
10696,3_square,32,48,880.0,219.0,625.0,561.0,-255.0,342.0,train
10697,3_square,22,6,410.0,314.0,667.0,301.0,257.0,-13.0,train
10698,3_square,62,34,869.0,299.0,308.0,656.0,-561.0,357.0,train
10699,3_square,47,30,201.0,372.0,603.0,682.0,402.0,310.0,train
10700,3_square,47,61,495.0,272.0,605.0,721.0,110.0,449.0,train
10701,3_square,2,8,475.0,399.0,225.0,210.0,-250.0,-189.0,train
10703,3_square,20,62,730.0,656.0,425.0,231.0,-305.0,-425.0,train
10704,3_square,44,3,326.0,838.0,311.0,217.0,-15.0,-621.0,train
10705,3_square,41,49,354.0,129.0,141.0,497.0,-213.0,368.0,train
10706,3_square,55,30,190.0,743.0,326.0,657.0,136.0,-86.0,train
10710,3_square,41,25,779.0,195.0,561.0,497.0,-218.0,302.0,train
10711,3_square,28,30,504.0,422.0,148.0,846.0,-356.0,424.0,train
10712,3_square,61,18,881.0,450.0,338.0,326.0,-543.0,-124.0,train
10713,3_square,21,20,611.0,135.0,467.0,119.0,-144.0,-16.0,train
10717,3_square,27,48,827.0,527.0,495.0,818.0,-332.0,291.0,train
10718,3_square,51,44,397.0,872.0,759.0,416.0,362.0,-456.0,train
10719,3_square,27,10,313.0,373.0,723.0,703.0,410.0,330.0,train
10720,3_square,26,31,683.0,839.0,745.0,640.0,62.0,-199.0,train
10721,3_square,1,63,735.0,884.0,683.0,352.0,-52.0,-532.0,train
10723,3_square,63,45,466.0,701.0,516.0,840.0,50.0,139.0,train
10725,3_square,16,20,893.0,171.0,724.0,433.0,-169.0,262.0,train
10729,3_square,27,36,508.0,308.0,707.0,282.0,199.0,-26.0,train
10730,3_square,41,63,653.0,512.0,413.0,109.0,-240.0,-403.0,train
10731,3_square,31,30,697.0,387.0,749.0,153.0,52.0,-234.0,train
10732,3_square,67,66,519.0,380.0,864.0,843.0,345.0,463.0,train
10733,3_square,39,65,210.0,538.0,222.0,382.0,12.0,-156.0,train
10735,3_square,41,40,737.0,482.0,135.0,314.0,-602.0,-168.0,train
10736,3_square,57,31,434.0,659.0,582.0,838.0,148.0,179.0,train
10737,3_square,59,18,136.0,132.0,367.0,892.0,231.0,760.0,train
10739,3_square,29,5,504.0,130.0,816.0,390.0,312.0,260.0,train
10740,3_square,11,28,526.0,551.0,669.0,109.0,143.0,-442.0,train
10741,3_square,29,40,107.0,246.0,738.0,504.0,631.0,258.0,train
10743,3_square,13,41,759.0,125.0,246.0,351.0,-513.0,226.0,train
10745,3_square,30,9,239.0,639.0,124.0,824.0,-115.0,185.0,train
10746,3_square,44,3,694.0,197.0,585.0,785.0,-109.0,588.0,train
10747,3_square,68,44,781.0,216.0,687.0,425.0,-94.0,209.0,train
10749,3_square,12,9,693.0,695.0,335.0,109.0,-358.0,-586.0,train
10751,3_square,26,21,370.0,147.0,418.0,184.0,48.0,37.0,train
10753,3_square,35,66,499.0,578.0,174.0,675.0,-325.0,97.0,train
10754,3_square,32,50,181.0,686.0,688.0,646.0,507.0,-40.0,train
10755,3_square,29,3,408.0,711.0,878.0,775.0,470.0,64.0,train
10757,3_square,5,62,729.0,203.0,851.0,807.0,122.0,604.0,train
10758,3_square,35,58,462.0,371.0,167.0,147.0,-295.0,-224.0,train
10759,3_square,36,24,176.0,537.0,235.0,695.0,59.0,158.0,train
10761,3_square,18,65,378.0,749.0,659.0,387.0,281.0,-362.0,train
10762,3_square,33,47,175.0,615.0,388.0,828.0,213.0,213.0,train
10763,3_square,27,40,763.0,521.0,827.0,472.0,64.0,-49.0,train
10764,3_square,65,30,758.0,113.0,783.0,462.0,25.0,349.0,train
10766,3_square,29,27,512.0,591.0,153.0,796.0,-359.0,205.0,train
10767,3_square,36,9,442.0,745.0,157.0,465.0,-285.0,-280.0,train
10770,3_square,7,13,787.0,501.0,520.0,192.0,-267.0,-309.0,train
10771,3_square,31,32,181.0,243.0,781.0,583.0,600.0,340.0,train
10772,3_square,0,25,451.0,586.0,735.0,529.0,284.0,-57.0,train
10773,3_square,63,16,189.0,310.0,662.0,714.0,473.0,404.0,train
10774,3_square,51,17,275.0,327.0,267.0,144.0,-8.0,-183.0,train
10775,3_square,4,23,499.0,729.0,388.0,229.0,-111.0,-500.0,train
10776,3_square,18,22,400.0,397.0,265.0,288.0,-135.0,-109.0,train
10778,3_square,4,14,529.0,715.0,770.0,807.0,241.0,92.0,train
10779,3_square,23,33,670.0,347.0,526.0,162.0,-144.0,-185.0,train
10780,3_square,50,25,773.0,388.0,763.0,330.0,-10.0,-58.0,train
10781,3_square,45,52,682.0,452.0,456.0,132.0,-226.0,-320.0,train
10782,3_square,19,58,576.0,480.0,845.0,375.0,269.0,-105.0,train
10783,3_square,32,56,676.0,325.0,513.0,543.0,-163.0,218.0,train
10784,3_square,38,63,704.0,388.0,543.0,330.0,-161.0,-58.0,train
10785,3_square,32,38,618.0,404.0,776.0,296.0,158.0,-108.0,train
10786,3_square,53,8,463.0,871.0,623.0,875.0,160.0,4.0,train
10787,3_square,57,33,139.0,897.0,607.0,547.0,468.0,-350.0,train
10789,3_square,48,32,114.0,492.0,600.0,861.0,486.0,369.0,train
10790,3_square,57,3,284.0,635.0,397.0,175.0,113.0,-460.0,train
10792,3_square,10,10,194.0,351.0,381.0,842.0,187.0,491.0,train
10793,3_square,58,1,828.0,738.0,228.0,821.0,-600.0,83.0,train
10795,3_square,24,36,589.0,793.0,138.0,114.0,-451.0,-679.0,train
10796,3_square,5,32,668.0,472.0,315.0,285.0,-353.0,-187.0,train
10797,3_square,26,13,731.0,103.0,278.0,332.0,-453.0,229.0,train
10798,3_square,4,57,480.0,346.0,634.0,530.0,154.0,184.0,train
10799,3_square,30,23,712.0,256.0,567.0,747.0,-145.0,491.0,train
10800,3_square,14,41,609.0,829.0,778.0,177.0,169.0,-652.0,train
10801,3_square,50,65,334.0,309.0,776.0,401.0,442.0,92.0,train
10802,3_square,8,12,646.0,533.0,880.0,276.0,234.0,-257.0,train
10803,3_square,54,62,346.0,714.0,371.0,523.0,25.0,-191.0,train
10804,3_square,7,17,620.0,175.0,607.0,656.0,-13.0,481.0,train
10806,3_square,29,21,863.0,315.0,358.0,165.0,-505.0,-150.0,train
10807,3_square,68,21,182.0,712.0,210.0,818.0,28.0,106.0,train
10809,3_square,10,16,837.0,573.0,175.0,178.0,-662.0,-395.0,train
10810,3_square,33,54,173.0,346.0,336.0,820.0,163.0,474.0,train
10811,3_square,57,63,582.0,265.0,660.0,891.0,78.0,626.0,train
10815,3_square,35,13,766.0,543.0,866.0,785.0,100.0,242.0,train
10816,3_square,17,33,423.0,790.0,597.0,546.0,174.0,-244.0,train
10817,3_square,8,66,493.0,794.0,343.0,299.0,-150.0,-495.0,train
10818,3_square,65,38,582.0,194.0,668.0,332.0,86.0,138.0,train
10819,3_square,66,23,718.0,664.0,652.0,386.0,-66.0,-278.0,train
10820,3_square,39,67,101.0,469.0,210.0,367.0,109.0,-102.0,train
10821,3_square,33,1,262.0,172.0,111.0,718.0,-151.0,546.0,train
10822,3_square,52,8,304.0,630.0,548.0,853.0,244.0,223.0,train
10825,3_square,34,2,483.0,441.0,478.0,241.0,-5.0,-200.0,train
10826,3_square,23,33,477.0,259.0,151.0,141.0,-326.0,-118.0,train
10828,3_square,49,8,807.0,643.0,489.0,702.0,-318.0,59.0,train
10829,3_square,23,21,142.0,488.0,701.0,516.0,559.0,28.0,train
10830,3_square,67,36,663.0,622.0,480.0,106.0,-183.0,-516.0,train
10831,3_square,2,41,296.0,450.0,288.0,433.0,-8.0,-17.0,train
10832,3_square,64,22,192.0,452.0,202.0,663.0,10.0,211.0,train
10833,3_square,10,67,324.0,275.0,269.0,402.0,-55.0,127.0,train
10834,3_square,1,31,290.0,506.0,546.0,370.0,256.0,-136.0,train
10835,3_square,0,42,253.0,348.0,816.0,327.0,563.0,-21.0,train
10836,3_square,5,30,248.0,123.0,258.0,263.0,10.0,140.0,train
10837,3_square,45,26,268.0,130.0,394.0,703.0,126.0,573.0,train
10838,3_square,58,50,605.0,682.0,687.0,810.0,82.0,128.0,train
10839,3_square,59,0,356.0,782.0,834.0,586.0,478.0,-196.0,train
10840,3_square,1,59,880.0,118.0,547.0,514.0,-333.0,396.0,train
10841,3_square,39,39,599.0,581.0,305.0,197.0,-294.0,-384.0,train
10842,3_square,27,20,174.0,240.0,610.0,887.0,436.0,647.0,train
10843,3_square,27,32,641.0,253.0,262.0,636.0,-379.0,383.0,train
10844,3_square,4,16,758.0,257.0,835.0,841.0,77.0,584.0,train
10845,3_square,68,50,811.0,109.0,149.0,558.0,-662.0,449.0,train
10846,3_square,4,26,753.0,737.0,421.0,733.0,-332.0,-4.0,train
10847,3_square,50,59,521.0,617.0,779.0,813.0,258.0,196.0,train
10848,3_square,20,17,152.0,350.0,439.0,553.0,287.0,203.0,train
10849,3_square,46,67,791.0,136.0,808.0,562.0,17.0,426.0,train
10850,3_square,6,46,162.0,230.0,237.0,558.0,75.0,328.0,train
10851,3_square,32,53,287.0,840.0,882.0,786.0,595.0,-54.0,train
10852,3_square,59,50,156.0,368.0,217.0,223.0,61.0,-145.0,train
10853,3_square,45,44,528.0,301.0,403.0,809.0,-125.0,508.0,train
10854,3_square,53,64,839.0,651.0,210.0,643.0,-629.0,-8.0,train
10855,3_square,6,7,242.0,543.0,879.0,398.0,637.0,-145.0,train
10856,3_square,34,67,408.0,407.0,833.0,556.0,425.0,149.0,train
10858,3_square,28,65,248.0,788.0,677.0,839.0,429.0,51.0,train
10859,3_square,15,27,566.0,793.0,780.0,742.0,214.0,-51.0,train
10860,3_square,17,34,297.0,764.0,710.0,528.0,413.0,-236.0,train
10861,3_square,11,64,353.0,347.0,536.0,882.0,183.0,535.0,train
10862,3_square,21,37,493.0,533.0,299.0,433.0,-194.0,-100.0,train
10863,3_square,49,50,247.0,539.0,620.0,286.0,373.0,-253.0,train
10864,3_square,61,7,724.0,661.0,718.0,849.0,-6.0,188.0,train
10867,3_square,4,11,382.0,753.0,705.0,231.0,323.0,-522.0,train
10868,3_square,43,62,286.0,581.0,320.0,837.0,34.0,256.0,train
10870,3_square,28,2,117.0,314.0,831.0,387.0,714.0,73.0,train
10871,3_square,68,11,739.0,740.0,301.0,190.0,-438.0,-550.0,train
10872,3_square,4,15,195.0,610.0,434.0,119.0,239.0,-491.0,train
10874,3_square,36,1,898.0,234.0,738.0,462.0,-160.0,228.0,train
10875,3_square,61,16,406.0,723.0,576.0,554.0,170.0,-169.0,train
10876,3_square,60,0,757.0,718.0,777.0,631.0,20.0,-87.0,train
10877,3_square,52,46,523.0,848.0,666.0,662.0,143.0,-186.0,train
10878,3_square,20,51,746.0,898.0,125.0,441.0,-621.0,-457.0,train
10879,3_square,67,20,602.0,229.0,433.0,772.0,-169.0,543.0,train
10880,3_square,43,60,123.0,308.0,242.0,772.0,119.0,464.0,train
10881,3_square,50,43,575.0,522.0,445.0,753.0,-130.0,231.0,train
10882,3_square,33,67,320.0,262.0,400.0,155.0,80.0,-107.0,train
10883,3_square,62,1,114.0,733.0,462.0,256.0,348.0,-477.0,train
10884,3_square,31,15,827.0,816.0,115.0,130.0,-712.0,-686.0,train
10885,3_square,30,39,233.0,558.0,211.0,829.0,-22.0,271.0,train
10886,3_square,63,56,458.0,467.0,842.0,271.0,384.0,-196.0,train
10887,3_square,18,21,677.0,242.0,894.0,215.0,217.0,-27.0,train
10888,3_square,13,61,779.0,806.0,764.0,513.0,-15.0,-293.0,train
10889,3_square,42,59,735.0,864.0,358.0,212.0,-377.0,-652.0,train
10890,3_square,38,64,851.0,823.0,217.0,312.0,-634.0,-511.0,train
10891,3_square,28,7,105.0,593.0,199.0,430.0,94.0,-163.0,train
10892,3_square,35,20,355.0,124.0,767.0,408.0,412.0,284.0,train
10893,3_square,10,58,560.0,135.0,745.0,352.0,185.0,217.0,train
10895,3_square,26,38,536.0,588.0,175.0,448.0,-361.0,-140.0,train
10896,3_square,55,27,164.0,611.0,294.0,776.0,130.0,165.0,train
10897,3_square,26,34,271.0,564.0,358.0,725.0,87.0,161.0,train
10898,3_square,6,22,453.0,431.0,689.0,896.0,236.0,465.0,train
10899,3_square,46,50,504.0,821.0,516.0,838.0,12.0,17.0,train
10900,3_square,2,46,867.0,801.0,547.0,356.0,-320.0,-445.0,train
10902,3_square,27,55,608.0,106.0,687.0,727.0,79.0,621.0,train
10903,3_square,44,34,353.0,194.0,263.0,457.0,-90.0,263.0,train
10904,3_square,23,15,577.0,882.0,380.0,677.0,-197.0,-205.0,train
10905,3_square,43,18,192.0,610.0,677.0,543.0,485.0,-67.0,train
10906,3_square,64,5,897.0,570.0,312.0,763.0,-585.0,193.0,train
10907,3_square,18,36,143.0,612.0,741.0,160.0,598.0,-452.0,train
10908,3_square,10,30,513.0,405.0,225.0,738.0,-288.0,333.0,train
10909,3_square,62,17,805.0,232.0,773.0,443.0,-32.0,211.0,train
10911,3_square,37,46,543.0,420.0,774.0,237.0,231.0,-183.0,train
10912,3_square,45,15,825.0,838.0,278.0,739.0,-547.0,-99.0,train
10913,3_square,65,14,492.0,646.0,481.0,698.0,-11.0,52.0,train
10914,3_square,65,34,706.0,151.0,518.0,517.0,-188.0,366.0,train
10916,3_square,58,4,842.0,296.0,605.0,308.0,-237.0,12.0,train
10917,3_square,11,11,443.0,647.0,225.0,662.0,-218.0,15.0,train
10918,3_square,24,29,331.0,280.0,641.0,782.0,310.0,502.0,train
10919,3_square,53,57,623.0,554.0,348.0,326.0,-275.0,-228.0,train
10920,3_square,59,28,751.0,104.0,387.0,515.0,-364.0,411.0,train
10921,3_square,63,38,160.0,474.0,678.0,682.0,518.0,208.0,train
10922,3_square,20,43,701.0,327.0,134.0,233.0,-567.0,-94.0,train
10924,3_square,47,2,849.0,448.0,832.0,482.0,-17.0,34.0,train
10925,3_square,62,64,402.0,363.0,559.0,482.0,157.0,119.0,train
10927,3_square,18,15,131.0,118.0,575.0,237.0,444.0,119.0,train
10929,3_square,7,21,719.0,160.0,714.0,444.0,-5.0,284.0,train
10930,3_square,46,23,634.0,898.0,430.0,436.0,-204.0,-462.0,train
10931,3_square,14,24,128.0,239.0,745.0,306.0,617.0,67.0,train
10932,3_square,27,29,136.0,881.0,674.0,446.0,538.0,-435.0,train
10933,3_square,36,22,607.0,106.0,794.0,888.0,187.0,782.0,train
10934,3_square,49,1,260.0,209.0,867.0,481.0,607.0,272.0,train
10935,3_square,57,50,821.0,619.0,393.0,412.0,-428.0,-207.0,train
10936,3_square,17,22,444.0,832.0,621.0,254.0,177.0,-578.0,train
10937,3_square,34,28,403.0,226.0,364.0,845.0,-39.0,619.0,train
10938,3_square,48,46,859.0,818.0,431.0,485.0,-428.0,-333.0,train
10941,3_square,37,33,222.0,693.0,134.0,314.0,-88.0,-379.0,train
10942,3_square,45,14,244.0,605.0,372.0,745.0,128.0,140.0,train
10943,3_square,49,62,545.0,131.0,319.0,893.0,-226.0,762.0,train
10944,3_square,27,26,213.0,614.0,210.0,749.0,-3.0,135.0,train
10945,3_square,54,27,130.0,124.0,118.0,863.0,-12.0,739.0,train
10946,3_square,54,31,808.0,307.0,641.0,225.0,-167.0,-82.0,train
10947,3_square,12,13,782.0,613.0,236.0,505.0,-546.0,-108.0,train
10948,3_square,47,63,755.0,150.0,748.0,132.0,-7.0,-18.0,train
10949,3_square,65,7,835.0,745.0,184.0,839.0,-651.0,94.0,train
10950,3_square,62,17,138.0,504.0,311.0,840.0,173.0,336.0,train
10951,3_square,45,3,582.0,316.0,283.0,776.0,-299.0,460.0,train
10952,3_square,22,15,614.0,820.0,596.0,502.0,-18.0,-318.0,train
10953,3_square,37,55,720.0,348.0,320.0,188.0,-400.0,-160.0,train
10954,3_square,43,52,619.0,708.0,517.0,354.0,-102.0,-354.0,train
10956,3_square,12,52,207.0,702.0,549.0,468.0,342.0,-234.0,train
10957,3_square,40,37,435.0,500.0,677.0,819.0,242.0,319.0,train
10958,3_square,42,26,822.0,566.0,841.0,637.0,19.0,71.0,train
10959,3_square,59,51,501.0,640.0,136.0,189.0,-365.0,-451.0,train
10960,3_square,49,12,107.0,576.0,615.0,572.0,508.0,-4.0,train
10961,3_square,49,13,603.0,592.0,440.0,493.0,-163.0,-99.0,train
10962,3_square,47,46,381.0,184.0,383.0,336.0,2.0,152.0,train
10963,3_square,64,43,113.0,313.0,396.0,801.0,283.0,488.0,train
10964,3_square,7,35,482.0,460.0,690.0,494.0,208.0,34.0,train
10965,3_square,30,15,461.0,579.0,221.0,254.0,-240.0,-325.0,train
10966,3_square,32,34,687.0,160.0,132.0,616.0,-555.0,456.0,train
10968,3_square,47,11,377.0,438.0,410.0,241.0,33.0,-197.0,train
10969,3_square,43,59,272.0,480.0,152.0,456.0,-120.0,-24.0,train
10970,3_square,12,60,502.0,120.0,289.0,559.0,-213.0,439.0,train
10971,3_square,59,1,447.0,666.0,730.0,105.0,283.0,-561.0,train
10972,3_square,46,17,149.0,433.0,556.0,136.0,407.0,-297.0,train
10973,3_square,29,17,752.0,519.0,645.0,475.0,-107.0,-44.0,train
10975,3_square,4,32,876.0,769.0,889.0,703.0,13.0,-66.0,train
10976,3_square,64,15,895.0,438.0,696.0,746.0,-199.0,308.0,train
10977,3_square,58,45,673.0,330.0,638.0,323.0,-35.0,-7.0,train
10978,3_square,1,8,373.0,320.0,527.0,352.0,154.0,32.0,train
10979,3_square,23,40,148.0,750.0,467.0,862.0,319.0,112.0,train
10981,3_square,8,62,793.0,802.0,638.0,263.0,-155.0,-539.0,train
10982,3_square,50,15,273.0,433.0,451.0,824.0,178.0,391.0,train
10985,3_square,22,7,868.0,346.0,407.0,419.0,-461.0,73.0,train
10986,3_square,21,23,237.0,808.0,477.0,759.0,240.0,-49.0,train
10989,3_square,37,17,857.0,195.0,237.0,762.0,-620.0,567.0,train
10991,3_square,40,43,821.0,141.0,875.0,216.0,54.0,75.0,train
10992,3_square,67,55,382.0,501.0,148.0,135.0,-234.0,-366.0,train
10993,3_square,5,44,514.0,233.0,711.0,192.0,197.0,-41.0,train
10995,3_square,15,38,577.0,732.0,521.0,106.0,-56.0,-626.0,train
10996,3_square,36,31,231.0,306.0,752.0,728.0,521.0,422.0,train
10999,3_square,25,54,560.0,241.0,742.0,363.0,182.0,122.0,train
11000,2_square,41,12,895.0,528.0,756.0,720.0,-139.0,192.0,train
11002,2_square,5,56,533.0,594.0,324.0,705.0,-209.0,111.0,train
11003,2_square,44,25,854.0,429.0,806.0,291.0,-48.0,-138.0,train
11004,2_square,33,15,437.0,166.0,186.0,778.0,-251.0,612.0,train
11005,2_square,58,20,369.0,298.0,138.0,455.0,-231.0,157.0,train
11006,2_square,1,62,339.0,673.0,556.0,620.0,217.0,-53.0,train
11007,2_square,10,42,859.0,799.0,214.0,769.0,-645.0,-30.0,train
11008,2_square,49,1,694.0,608.0,374.0,863.0,-320.0,255.0,train
11009,2_square,59,21,649.0,520.0,272.0,263.0,-377.0,-257.0,train
11010,2_square,52,16,269.0,385.0,163.0,319.0,-106.0,-66.0,train
11011,2_square,15,0,467.0,668.0,220.0,241.0,-247.0,-427.0,train
11012,2_square,33,20,504.0,677.0,830.0,229.0,326.0,-448.0,train
11014,2_square,49,7,479.0,426.0,464.0,189.0,-15.0,-237.0,train
11016,2_square,53,58,618.0,287.0,497.0,576.0,-121.0,289.0,train
11017,2_square,66,10,242.0,779.0,526.0,728.0,284.0,-51.0,train
11018,2_square,49,61,531.0,599.0,461.0,797.0,-70.0,198.0,train
11019,2_square,17,1,509.0,376.0,204.0,402.0,-305.0,26.0,train
11020,2_square,48,12,643.0,410.0,309.0,873.0,-334.0,463.0,train
11021,2_square,11,8,474.0,161.0,699.0,458.0,225.0,297.0,train
11022,2_square,52,25,706.0,372.0,331.0,587.0,-375.0,215.0,train
11024,2_square,39,62,764.0,414.0,878.0,610.0,114.0,196.0,train
11025,2_square,56,37,629.0,844.0,595.0,184.0,-34.0,-660.0,train
11026,2_square,34,26,584.0,544.0,251.0,440.0,-333.0,-104.0,train
11028,2_square,30,55,779.0,210.0,713.0,846.0,-66.0,636.0,train
11029,2_square,0,41,841.0,522.0,333.0,646.0,-508.0,124.0,train
11030,2_square,2,20,274.0,578.0,233.0,417.0,-41.0,-161.0,train
11031,2_square,66,22,714.0,615.0,328.0,324.0,-386.0,-291.0,train
11033,2_square,25,3,176.0,330.0,114.0,729.0,-62.0,399.0,train
11034,2_square,24,25,310.0,534.0,546.0,634.0,236.0,100.0,train
11035,2_square,55,36,344.0,350.0,321.0,452.0,-23.0,102.0,train
11036,2_square,47,65,628.0,662.0,196.0,730.0,-432.0,68.0,train
11038,2_square,38,40,763.0,253.0,618.0,145.0,-145.0,-108.0,train
11039,2_square,43,58,550.0,504.0,111.0,688.0,-439.0,184.0,train
11040,2_square,66,57,686.0,193.0,502.0,108.0,-184.0,-85.0,train
11041,2_square,1,46,880.0,134.0,402.0,385.0,-478.0,251.0,train
11042,2_square,54,37,245.0,438.0,761.0,492.0,516.0,54.0,train
11043,2_square,8,19,832.0,305.0,795.0,119.0,-37.0,-186.0,train
11044,2_square,21,68,381.0,347.0,100.0,437.0,-281.0,90.0,train
11045,2_square,20,43,854.0,261.0,283.0,829.0,-571.0,568.0,train
11047,2_square,65,0,338.0,340.0,788.0,208.0,450.0,-132.0,train
11048,2_square,27,10,891.0,183.0,269.0,445.0,-622.0,262.0,train
11049,2_square,21,15,213.0,836.0,454.0,740.0,241.0,-96.0,train
11051,2_square,56,64,847.0,646.0,548.0,614.0,-299.0,-32.0,train
11052,2_square,3,41,297.0,470.0,327.0,847.0,30.0,377.0,train
11054,2_square,13,55,272.0,149.0,172.0,893.0,-100.0,744.0,train
11055,2_square,24,58,801.0,163.0,616.0,825.0,-185.0,662.0,train
11057,2_square,6,26,397.0,506.0,157.0,460.0,-240.0,-46.0,train
11058,2_square,11,32,883.0,796.0,411.0,831.0,-472.0,35.0,train
11059,2_square,31,15,214.0,792.0,252.0,414.0,38.0,-378.0,train
11060,2_square,28,37,647.0,128.0,278.0,186.0,-369.0,58.0,train
11061,2_square,44,24,394.0,657.0,404.0,379.0,10.0,-278.0,train
11062,2_square,25,7,761.0,254.0,350.0,720.0,-411.0,466.0,train
11063,2_square,48,54,634.0,307.0,165.0,444.0,-469.0,137.0,train
11064,2_square,35,15,858.0,211.0,532.0,279.0,-326.0,68.0,train
11065,2_square,39,59,575.0,702.0,541.0,607.0,-34.0,-95.0,train
11066,2_square,48,31,472.0,651.0,401.0,200.0,-71.0,-451.0,train
11067,2_square,27,47,822.0,540.0,742.0,712.0,-80.0,172.0,train
11070,2_square,24,66,130.0,313.0,565.0,335.0,435.0,22.0,train
11071,2_square,17,2,408.0,447.0,478.0,210.0,70.0,-237.0,train
11072,2_square,34,51,711.0,207.0,420.0,423.0,-291.0,216.0,train
11073,2_square,49,42,520.0,581.0,592.0,434.0,72.0,-147.0,train
11074,2_square,33,9,237.0,113.0,262.0,102.0,25.0,-11.0,train
11075,2_square,40,60,386.0,660.0,612.0,261.0,226.0,-399.0,train
11077,2_square,47,24,480.0,198.0,261.0,109.0,-219.0,-89.0,train
11079,2_square,39,43,132.0,363.0,857.0,682.0,725.0,319.0,train
11080,2_square,49,59,656.0,456.0,129.0,308.0,-527.0,-148.0,train
11081,2_square,65,28,143.0,557.0,804.0,228.0,661.0,-329.0,train
11082,2_square,4,49,598.0,159.0,549.0,871.0,-49.0,712.0,train
11083,2_square,65,20,608.0,139.0,292.0,867.0,-316.0,728.0,train
11084,2_square,59,11,672.0,493.0,356.0,496.0,-316.0,3.0,train
11085,2_square,42,6,219.0,459.0,197.0,700.0,-22.0,241.0,train
11086,2_square,15,47,837.0,886.0,252.0,649.0,-585.0,-237.0,train
11087,2_square,13,6,547.0,335.0,203.0,544.0,-344.0,209.0,train
11088,2_square,42,5,139.0,857.0,557.0,120.0,418.0,-737.0,train
11089,2_square,27,51,682.0,665.0,162.0,259.0,-520.0,-406.0,train
11090,2_square,23,52,708.0,692.0,601.0,313.0,-107.0,-379.0,train
11091,2_square,34,38,507.0,738.0,588.0,857.0,81.0,119.0,train
11092,2_square,20,55,210.0,412.0,454.0,474.0,244.0,62.0,train
11096,2_square,7,58,523.0,765.0,595.0,693.0,72.0,-72.0,train
11098,2_square,55,12,206.0,724.0,679.0,629.0,473.0,-95.0,train
11099,2_square,22,12,490.0,531.0,598.0,251.0,108.0,-280.0,train
11101,2_square,34,39,617.0,554.0,863.0,434.0,246.0,-120.0,train
11102,2_square,17,8,718.0,337.0,877.0,673.0,159.0,336.0,train
11103,2_square,41,52,663.0,757.0,225.0,321.0,-438.0,-436.0,train
11104,2_square,26,41,615.0,500.0,756.0,798.0,141.0,298.0,train
11105,2_square,23,32,122.0,498.0,425.0,466.0,303.0,-32.0,train
11106,2_square,16,20,687.0,679.0,507.0,806.0,-180.0,127.0,train
11107,2_square,39,33,468.0,729.0,881.0,720.0,413.0,-9.0,train
11108,2_square,59,64,837.0,443.0,316.0,118.0,-521.0,-325.0,train
11109,2_square,59,64,298.0,386.0,191.0,790.0,-107.0,404.0,train
11111,2_square,44,20,358.0,503.0,101.0,880.0,-257.0,377.0,train
11112,2_square,50,8,640.0,684.0,722.0,297.0,82.0,-387.0,train
11113,2_square,58,65,123.0,411.0,329.0,365.0,206.0,-46.0,train
11114,2_square,4,32,887.0,722.0,170.0,114.0,-717.0,-608.0,train
11115,2_square,17,63,267.0,277.0,684.0,250.0,417.0,-27.0,train
11117,2_square,23,55,660.0,495.0,153.0,387.0,-507.0,-108.0,train
11119,2_square,21,49,715.0,866.0,240.0,247.0,-475.0,-619.0,train
11120,2_square,46,55,276.0,227.0,763.0,149.0,487.0,-78.0,train
11122,2_square,2,21,653.0,499.0,344.0,429.0,-309.0,-70.0,train
11123,2_square,40,52,347.0,857.0,518.0,633.0,171.0,-224.0,train
11124,2_square,17,41,615.0,881.0,224.0,750.0,-391.0,-131.0,train
11125,2_square,21,37,582.0,389.0,444.0,570.0,-138.0,181.0,train
11126,2_square,44,26,308.0,720.0,134.0,670.0,-174.0,-50.0,train
11129,2_square,9,60,100.0,562.0,228.0,194.0,128.0,-368.0,train
11130,2_square,51,64,802.0,754.0,437.0,625.0,-365.0,-129.0,train
11131,2_square,51,68,310.0,621.0,525.0,680.0,215.0,59.0,train
11132,2_square,29,4,373.0,772.0,511.0,167.0,138.0,-605.0,train
11133,2_square,52,28,518.0,302.0,591.0,184.0,73.0,-118.0,train
11134,2_square,53,3,873.0,269.0,659.0,276.0,-214.0,7.0,train
11135,2_square,9,35,395.0,150.0,203.0,396.0,-192.0,246.0,train
11136,2_square,40,2,219.0,493.0,210.0,115.0,-9.0,-378.0,train
11137,2_square,59,30,434.0,563.0,246.0,327.0,-188.0,-236.0,train
11138,2_square,11,23,139.0,639.0,787.0,507.0,648.0,-132.0,train
11139,2_square,66,54,152.0,793.0,337.0,378.0,185.0,-415.0,train
11141,2_square,17,0,538.0,253.0,383.0,716.0,-155.0,463.0,train
11142,2_square,53,30,702.0,513.0,484.0,897.0,-218.0,384.0,train
11144,2_square,49,40,482.0,891.0,667.0,389.0,185.0,-502.0,train
11145,2_square,39,34,760.0,537.0,311.0,634.0,-449.0,97.0,train
11146,2_square,19,59,429.0,571.0,145.0,291.0,-284.0,-280.0,train
11148,2_square,15,13,672.0,125.0,285.0,128.0,-387.0,3.0,train
11151,2_square,17,15,126.0,295.0,612.0,522.0,486.0,227.0,train
11152,2_square,20,8,803.0,773.0,683.0,172.0,-120.0,-601.0,train
11155,2_square,1,0,680.0,302.0,267.0,883.0,-413.0,581.0,train
11156,2_square,2,40,577.0,161.0,566.0,409.0,-11.0,248.0,train
11157,2_square,5,19,611.0,470.0,718.0,477.0,107.0,7.0,train
11158,2_square,23,16,182.0,223.0,652.0,224.0,470.0,1.0,train
11159,2_square,10,26,303.0,707.0,538.0,547.0,235.0,-160.0,train
11160,2_square,54,23,830.0,733.0,131.0,434.0,-699.0,-299.0,train
11162,2_square,6,68,466.0,696.0,307.0,738.0,-159.0,42.0,train
11163,2_square,48,53,610.0,839.0,705.0,678.0,95.0,-161.0,train
11164,2_square,63,50,705.0,225.0,813.0,311.0,108.0,86.0,train
11165,2_square,36,60,782.0,353.0,815.0,341.0,33.0,-12.0,train
11166,2_square,65,35,132.0,610.0,168.0,814.0,36.0,204.0,train
11167,2_square,53,38,688.0,498.0,108.0,757.0,-580.0,259.0,train
11168,2_square,25,2,566.0,381.0,481.0,518.0,-85.0,137.0,train
11169,2_square,25,66,245.0,490.0,180.0,517.0,-65.0,27.0,train
11170,2_square,29,25,730.0,123.0,126.0,504.0,-604.0,381.0,train
11171,2_square,52,53,551.0,296.0,465.0,155.0,-86.0,-141.0,train
11172,2_square,63,41,866.0,243.0,709.0,635.0,-157.0,392.0,train
11173,2_square,40,42,512.0,618.0,350.0,657.0,-162.0,39.0,train
11174,2_square,21,49,188.0,827.0,205.0,641.0,17.0,-186.0,train
11175,2_square,15,26,125.0,821.0,417.0,313.0,292.0,-508.0,train
11177,2_square,43,16,683.0,185.0,758.0,335.0,75.0,150.0,train
11178,2_square,19,12,555.0,610.0,149.0,434.0,-406.0,-176.0,train
11179,2_square,34,56,312.0,889.0,774.0,888.0,462.0,-1.0,train
11181,2_square,14,64,330.0,216.0,580.0,263.0,250.0,47.0,train
11182,2_square,38,17,225.0,575.0,553.0,364.0,328.0,-211.0,train
11183,2_square,47,5,106.0,118.0,104.0,185.0,-2.0,67.0,train
11186,2_square,4,4,361.0,140.0,554.0,391.0,193.0,251.0,train
11187,2_square,31,58,792.0,802.0,412.0,723.0,-380.0,-79.0,train
11188,2_square,7,37,468.0,593.0,330.0,571.0,-138.0,-22.0,train
11189,2_square,61,41,355.0,775.0,375.0,770.0,20.0,-5.0,train
11190,2_square,45,38,467.0,816.0,100.0,247.0,-367.0,-569.0,train
11191,2_square,43,17,312.0,581.0,326.0,411.0,14.0,-170.0,train
11192,2_square,26,38,722.0,265.0,804.0,250.0,82.0,-15.0,train
11193,2_square,11,17,327.0,529.0,139.0,507.0,-188.0,-22.0,train
11194,2_square,14,60,657.0,188.0,678.0,776.0,21.0,588.0,train
11195,2_square,26,11,292.0,306.0,791.0,671.0,499.0,365.0,train
11196,2_square,36,25,156.0,322.0,826.0,411.0,670.0,89.0,train
11198,2_square,57,33,205.0,851.0,893.0,234.0,688.0,-617.0,train
11199,2_square,18,28,723.0,634.0,894.0,674.0,171.0,40.0,train
11201,2_square,57,46,541.0,728.0,246.0,883.0,-295.0,155.0,train
11202,2_square,65,56,694.0,833.0,575.0,607.0,-119.0,-226.0,train
11203,2_square,53,49,322.0,621.0,505.0,385.0,183.0,-236.0,train
11204,2_square,15,60,577.0,724.0,142.0,813.0,-435.0,89.0,train
11207,2_square,64,62,182.0,464.0,360.0,662.0,178.0,198.0,train
11210,2_square,31,26,173.0,195.0,157.0,639.0,-16.0,444.0,train
11211,2_square,20,24,516.0,379.0,308.0,619.0,-208.0,240.0,train
11212,2_square,58,63,201.0,359.0,624.0,702.0,423.0,343.0,train
11213,2_square,5,41,355.0,655.0,601.0,278.0,246.0,-377.0,train
11214,2_square,58,37,335.0,613.0,295.0,241.0,-40.0,-372.0,train
11215,2_square,17,46,741.0,598.0,585.0,890.0,-156.0,292.0,train
11217,2_square,17,67,813.0,736.0,813.0,897.0,0.0,161.0,train
11218,2_square,27,30,401.0,882.0,547.0,324.0,146.0,-558.0,train
11219,2_square,33,4,257.0,429.0,397.0,138.0,140.0,-291.0,train
11220,2_square,26,10,594.0,236.0,595.0,642.0,1.0,406.0,train
11221,2_square,36,65,116.0,762.0,383.0,762.0,267.0,0.0,train
11223,2_square,34,14,805.0,589.0,117.0,388.0,-688.0,-201.0,train
11224,2_square,27,26,382.0,419.0,831.0,574.0,449.0,155.0,train
11225,2_square,50,3,515.0,546.0,878.0,778.0,363.0,232.0,train
11226,2_square,33,23,439.0,810.0,425.0,446.0,-14.0,-364.0,train
11227,2_square,27,25,548.0,130.0,539.0,468.0,-9.0,338.0,train
11228,2_square,52,36,183.0,850.0,351.0,576.0,168.0,-274.0,train
11229,2_square,0,63,554.0,394.0,505.0,645.0,-49.0,251.0,train
11230,2_square,64,27,444.0,504.0,720.0,718.0,276.0,214.0,train
11231,2_square,32,63,654.0,353.0,827.0,798.0,173.0,445.0,train
11232,2_square,36,33,806.0,361.0,450.0,194.0,-356.0,-167.0,train
11233,2_square,66,10,392.0,652.0,386.0,108.0,-6.0,-544.0,train
11234,2_square,3,48,856.0,610.0,436.0,746.0,-420.0,136.0,train
11235,2_square,1,36,566.0,145.0,332.0,718.0,-234.0,573.0,train
11236,2_square,26,59,211.0,261.0,861.0,606.0,650.0,345.0,train
11238,2_square,2,22,107.0,158.0,246.0,896.0,139.0,738.0,train
11239,2_square,29,15,468.0,597.0,424.0,115.0,-44.0,-482.0,train
11241,2_square,20,7,429.0,199.0,832.0,633.0,403.0,434.0,train
11242,2_square,36,3,292.0,491.0,708.0,495.0,416.0,4.0,train
11243,2_square,49,21,582.0,598.0,317.0,437.0,-265.0,-161.0,train
11245,2_square,33,2,498.0,227.0,704.0,311.0,206.0,84.0,train
11246,2_square,22,62,114.0,830.0,280.0,680.0,166.0,-150.0,train
11247,2_square,50,51,414.0,226.0,658.0,490.0,244.0,264.0,train
11248,2_square,28,30,786.0,494.0,532.0,430.0,-254.0,-64.0,train
11249,2_square,25,48,488.0,432.0,584.0,343.0,96.0,-89.0,train
11250,2_square,7,37,282.0,206.0,135.0,400.0,-147.0,194.0,train
11251,2_square,40,60,522.0,107.0,283.0,657.0,-239.0,550.0,train
11253,2_square,25,11,358.0,534.0,305.0,715.0,-53.0,181.0,train
11254,2_square,28,46,533.0,426.0,214.0,238.0,-319.0,-188.0,train
11256,2_square,57,8,507.0,875.0,257.0,542.0,-250.0,-333.0,train
11258,2_square,0,46,795.0,524.0,128.0,176.0,-667.0,-348.0,train
11260,2_square,67,68,508.0,150.0,130.0,349.0,-378.0,199.0,train
11261,2_square,43,50,325.0,894.0,336.0,757.0,11.0,-137.0,train
11262,2_square,64,18,389.0,158.0,587.0,271.0,198.0,113.0,train
11263,2_square,45,38,276.0,484.0,792.0,179.0,516.0,-305.0,train
11267,2_square,40,16,100.0,738.0,761.0,720.0,661.0,-18.0,train
11268,2_square,19,67,423.0,590.0,745.0,107.0,322.0,-483.0,train
11269,2_square,52,31,697.0,355.0,686.0,536.0,-11.0,181.0,train
11270,2_square,14,3,117.0,770.0,442.0,717.0,325.0,-53.0,train
11271,2_square,30,49,362.0,709.0,402.0,287.0,40.0,-422.0,train
11272,2_square,54,16,327.0,577.0,308.0,267.0,-19.0,-310.0,train
11273,2_square,68,28,476.0,304.0,717.0,373.0,241.0,69.0,train
11274,2_square,26,0,215.0,883.0,256.0,126.0,41.0,-757.0,train
11276,2_square,51,17,742.0,180.0,771.0,228.0,29.0,48.0,train
11277,2_square,7,14,570.0,183.0,474.0,374.0,-96.0,191.0,train
11279,2_square,13,24,127.0,512.0,479.0,179.0,352.0,-333.0,train
11280,2_square,11,65,239.0,679.0,691.0,317.0,452.0,-362.0,train
11281,2_square,30,23,323.0,536.0,191.0,826.0,-132.0,290.0,train
11282,2_square,37,56,514.0,558.0,580.0,397.0,66.0,-161.0,train
11283,2_square,17,61,419.0,797.0,774.0,363.0,355.0,-434.0,train
11284,2_square,43,27,295.0,781.0,825.0,542.0,530.0,-239.0,train
11285,2_square,16,39,386.0,700.0,607.0,258.0,221.0,-442.0,train
11286,2_square,61,46,294.0,772.0,460.0,783.0,166.0,11.0,train
11288,2_square,45,24,513.0,278.0,147.0,612.0,-366.0,334.0,train
11289,2_square,31,44,557.0,551.0,641.0,220.0,84.0,-331.0,train
11290,2_square,27,18,445.0,134.0,546.0,736.0,101.0,602.0,train
11291,2_square,34,40,897.0,885.0,655.0,685.0,-242.0,-200.0,train
11292,2_square,25,8,476.0,295.0,117.0,484.0,-359.0,189.0,train
11293,2_square,48,29,388.0,303.0,164.0,374.0,-224.0,71.0,train
11294,2_square,29,60,899.0,346.0,120.0,259.0,-779.0,-87.0,train
11295,2_square,21,39,584.0,152.0,584.0,876.0,0.0,724.0,train
11296,2_square,30,61,120.0,542.0,299.0,161.0,179.0,-381.0,train
11297,2_square,10,13,711.0,610.0,679.0,368.0,-32.0,-242.0,train
11298,2_square,13,62,176.0,163.0,287.0,724.0,111.0,561.0,train
11299,2_square,13,25,779.0,145.0,372.0,718.0,-407.0,573.0,train
11300,2_square,55,27,841.0,325.0,169.0,611.0,-672.0,286.0,train
11301,2_square,52,34,660.0,741.0,344.0,316.0,-316.0,-425.0,train
11302,2_square,10,8,457.0,311.0,822.0,335.0,365.0,24.0,train
11303,2_square,1,25,646.0,690.0,659.0,848.0,13.0,158.0,train
11304,2_square,13,23,391.0,474.0,204.0,181.0,-187.0,-293.0,train
11305,2_square,65,31,427.0,167.0,860.0,144.0,433.0,-23.0,train
11306,2_square,13,66,831.0,258.0,714.0,386.0,-117.0,128.0,train
11308,2_square,65,68,708.0,321.0,801.0,150.0,93.0,-171.0,train
11311,2_square,54,22,672.0,886.0,833.0,835.0,161.0,-51.0,train
11312,2_square,46,16,717.0,469.0,690.0,689.0,-27.0,220.0,train
11313,2_square,0,55,377.0,626.0,810.0,602.0,433.0,-24.0,train
11314,2_square,29,6,427.0,245.0,844.0,404.0,417.0,159.0,train
11315,2_square,19,66,525.0,267.0,794.0,106.0,269.0,-161.0,train
11316,2_square,6,2,887.0,450.0,481.0,242.0,-406.0,-208.0,train
11317,2_square,61,53,657.0,762.0,140.0,597.0,-517.0,-165.0,train
11318,2_square,49,48,492.0,290.0,836.0,516.0,344.0,226.0,train
11320,2_square,25,14,306.0,559.0,833.0,800.0,527.0,241.0,train
11321,2_square,26,36,266.0,547.0,334.0,386.0,68.0,-161.0,train
11322,2_square,50,45,153.0,577.0,423.0,854.0,270.0,277.0,train
11323,2_square,34,8,654.0,506.0,359.0,685.0,-295.0,179.0,train
11324,2_square,61,65,346.0,207.0,304.0,126.0,-42.0,-81.0,train
11325,2_square,1,46,522.0,572.0,366.0,223.0,-156.0,-349.0,train
11326,2_square,19,44,291.0,224.0,685.0,343.0,394.0,119.0,train
11327,2_square,28,10,312.0,486.0,801.0,153.0,489.0,-333.0,train
11330,2_square,40,13,855.0,755.0,851.0,871.0,-4.0,116.0,train
11331,2_square,31,47,428.0,619.0,324.0,792.0,-104.0,173.0,train
11332,2_square,17,25,520.0,322.0,254.0,246.0,-266.0,-76.0,train
11333,2_square,16,63,673.0,330.0,842.0,211.0,169.0,-119.0,train
11334,2_square,57,49,832.0,344.0,104.0,155.0,-728.0,-189.0,train
11335,2_square,2,61,604.0,641.0,243.0,550.0,-361.0,-91.0,train
11336,2_square,22,45,271.0,889.0,510.0,343.0,239.0,-546.0,train
11337,2_square,58,21,100.0,329.0,374.0,354.0,274.0,25.0,train
11338,2_square,40,22,875.0,177.0,365.0,312.0,-510.0,135.0,train
11339,2_square,37,68,671.0,769.0,523.0,541.0,-148.0,-228.0,train
11340,2_square,51,29,400.0,599.0,290.0,423.0,-110.0,-176.0,train
11341,2_square,20,43,593.0,265.0,621.0,823.0,28.0,558.0,train
11342,2_square,21,8,286.0,368.0,124.0,577.0,-162.0,209.0,train
11343,2_square,52,37,599.0,846.0,421.0,550.0,-178.0,-296.0,train
11344,2_square,17,10,485.0,433.0,877.0,261.0,392.0,-172.0,train
11345,2_square,63,3,633.0,336.0,392.0,543.0,-241.0,207.0,train
11346,2_square,12,18,351.0,263.0,353.0,486.0,2.0,223.0,train
11347,2_square,52,18,684.0,397.0,749.0,640.0,65.0,243.0,train
11348,2_square,17,49,480.0,753.0,305.0,675.0,-175.0,-78.0,train
11351,2_square,18,31,376.0,107.0,436.0,743.0,60.0,636.0,train
11352,2_square,52,53,874.0,370.0,715.0,232.0,-159.0,-138.0,train
11353,2_square,16,46,782.0,754.0,235.0,578.0,-547.0,-176.0,train
11354,2_square,43,30,261.0,149.0,839.0,813.0,578.0,664.0,train
11355,2_square,60,45,368.0,521.0,104.0,790.0,-264.0,269.0,train
11357,2_square,27,6,299.0,120.0,826.0,776.0,527.0,656.0,train
11358,2_square,45,46,521.0,428.0,295.0,798.0,-226.0,370.0,train
11359,2_square,27,8,155.0,384.0,225.0,886.0,70.0,502.0,train
11360,2_square,52,29,111.0,177.0,579.0,897.0,468.0,720.0,train
11361,2_square,59,8,230.0,419.0,866.0,546.0,636.0,127.0,train
11363,2_square,63,1,228.0,600.0,119.0,577.0,-109.0,-23.0,train
11364,2_square,23,13,222.0,781.0,458.0,215.0,236.0,-566.0,train
11365,2_square,34,26,539.0,632.0,455.0,529.0,-84.0,-103.0,train
11366,2_square,46,47,140.0,533.0,641.0,787.0,501.0,254.0,train
11367,2_square,61,40,502.0,417.0,797.0,485.0,295.0,68.0,train
11368,2_square,15,41,820.0,691.0,616.0,267.0,-204.0,-424.0,train
11369,2_square,30,45,727.0,711.0,530.0,862.0,-197.0,151.0,train
11370,2_square,12,41,879.0,306.0,877.0,756.0,-2.0,450.0,train
11371,2_square,31,14,484.0,162.0,747.0,802.0,263.0,640.0,train
11372,2_square,65,67,486.0,844.0,110.0,794.0,-376.0,-50.0,train
11373,2_square,35,0,451.0,856.0,418.0,617.0,-33.0,-239.0,train
11374,2_square,17,14,419.0,610.0,647.0,328.0,228.0,-282.0,train
11375,2_square,14,38,108.0,537.0,157.0,303.0,49.0,-234.0,train
11376,2_square,45,14,133.0,297.0,521.0,136.0,388.0,-161.0,train
11379,2_square,18,32,205.0,337.0,386.0,474.0,181.0,137.0,train
11380,2_square,40,58,104.0,328.0,833.0,430.0,729.0,102.0,train
11381,2_square,61,34,457.0,892.0,353.0,814.0,-104.0,-78.0,train
11382,2_square,62,63,786.0,483.0,877.0,448.0,91.0,-35.0,train
11383,2_square,9,61,273.0,298.0,756.0,773.0,483.0,475.0,train
11386,2_square,55,34,583.0,195.0,800.0,375.0,217.0,180.0,train
11389,2_square,6,9,314.0,501.0,539.0,870.0,225.0,369.0,train
11390,2_square,28,44,476.0,437.0,186.0,124.0,-290.0,-313.0,train
11391,2_square,3,52,688.0,442.0,622.0,741.0,-66.0,299.0,train
11392,2_square,34,11,653.0,307.0,334.0,775.0,-319.0,468.0,train
11394,2_square,16,62,107.0,197.0,853.0,521.0,746.0,324.0,train
11395,2_square,39,38,365.0,147.0,780.0,890.0,415.0,743.0,train
11397,2_square,41,31,534.0,636.0,489.0,194.0,-45.0,-442.0,train
11400,2_square,0,0,248.0,756.0,690.0,722.0,442.0,-34.0,train
11401,2_square,2,25,645.0,355.0,370.0,231.0,-275.0,-124.0,train
11403,2_square,18,14,698.0,408.0,398.0,177.0,-300.0,-231.0,train
11404,2_square,4,22,433.0,255.0,235.0,276.0,-198.0,21.0,train
11405,2_square,20,27,278.0,108.0,299.0,171.0,21.0,63.0,train
11406,2_square,11,50,724.0,704.0,746.0,267.0,22.0,-437.0,train
11407,2_square,30,31,820.0,451.0,194.0,259.0,-626.0,-192.0,train
11408,2_square,19,19,607.0,238.0,416.0,865.0,-191.0,627.0,train
11409,2_square,46,64,658.0,682.0,423.0,468.0,-235.0,-214.0,train
11410,2_square,28,65,530.0,273.0,170.0,887.0,-360.0,614.0,train
11411,2_square,26,16,198.0,379.0,511.0,298.0,313.0,-81.0,train
11412,2_square,68,34,546.0,378.0,731.0,248.0,185.0,-130.0,train
11415,2_square,13,3,882.0,337.0,817.0,750.0,-65.0,413.0,train
11416,2_square,17,16,730.0,169.0,244.0,586.0,-486.0,417.0,train
11417,2_square,49,48,606.0,891.0,877.0,261.0,271.0,-630.0,train
11419,2_square,45,15,132.0,514.0,212.0,515.0,80.0,1.0,train
11420,2_square,36,26,456.0,411.0,581.0,653.0,125.0,242.0,train
11421,2_square,50,22,740.0,553.0,434.0,381.0,-306.0,-172.0,train
11422,2_square,15,17,318.0,338.0,349.0,416.0,31.0,78.0,train
11424,2_square,60,27,693.0,407.0,523.0,813.0,-170.0,406.0,train
11427,2_square,41,37,755.0,356.0,745.0,703.0,-10.0,347.0,train
11429,2_square,66,59,665.0,605.0,162.0,795.0,-503.0,190.0,train
11430,2_square,22,39,272.0,357.0,699.0,125.0,427.0,-232.0,train
11432,2_square,63,10,353.0,243.0,162.0,433.0,-191.0,190.0,train
11433,2_square,48,42,865.0,189.0,497.0,663.0,-368.0,474.0,train
11434,2_square,19,57,391.0,584.0,748.0,326.0,357.0,-258.0,train
11435,2_square,64,51,346.0,313.0,549.0,100.0,203.0,-213.0,train
11436,2_square,5,28,224.0,374.0,113.0,477.0,-111.0,103.0,train
11437,2_square,25,44,812.0,265.0,207.0,420.0,-605.0,155.0,train
11438,2_square,41,1,366.0,825.0,778.0,483.0,412.0,-342.0,train
11439,2_square,20,45,633.0,236.0,661.0,490.0,28.0,254.0,train
11440,2_square,50,25,142.0,371.0,311.0,367.0,169.0,-4.0,train
11441,2_square,6,19,739.0,818.0,188.0,397.0,-551.0,-421.0,train
11442,2_square,29,59,242.0,376.0,240.0,171.0,-2.0,-205.0,train
11443,2_square,56,45,169.0,643.0,105.0,549.0,-64.0,-94.0,train
11444,2_square,62,62,324.0,824.0,318.0,616.0,-6.0,-208.0,train
11445,2_square,49,53,643.0,498.0,533.0,869.0,-110.0,371.0,train
11446,2_square,15,12,530.0,748.0,322.0,499.0,-208.0,-249.0,train
11449,2_square,67,61,869.0,203.0,457.0,642.0,-412.0,439.0,train
11450,2_square,32,55,374.0,769.0,708.0,261.0,334.0,-508.0,train
11452,2_square,63,27,730.0,521.0,118.0,770.0,-612.0,249.0,train
11453,2_square,34,17,851.0,472.0,742.0,560.0,-109.0,88.0,train
11454,2_square,37,50,443.0,416.0,247.0,235.0,-196.0,-181.0,train
11455,2_square,27,18,608.0,462.0,875.0,767.0,267.0,305.0,train
11456,2_square,0,1,179.0,428.0,731.0,540.0,552.0,112.0,train
11457,2_square,60,47,146.0,219.0,790.0,690.0,644.0,471.0,train
11458,2_square,25,3,655.0,858.0,272.0,808.0,-383.0,-50.0,train
11459,2_square,47,40,106.0,669.0,867.0,886.0,761.0,217.0,train
11460,2_square,45,50,329.0,339.0,468.0,197.0,139.0,-142.0,train
11462,2_square,54,39,500.0,798.0,630.0,757.0,130.0,-41.0,train
11463,2_square,58,67,556.0,453.0,611.0,281.0,55.0,-172.0,train
11465,2_square,32,12,473.0,237.0,290.0,185.0,-183.0,-52.0,train
11467,2_square,54,10,357.0,615.0,197.0,475.0,-160.0,-140.0,train
11468,2_square,17,41,773.0,278.0,251.0,617.0,-522.0,339.0,train
11470,2_square,7,67,439.0,329.0,788.0,423.0,349.0,94.0,train
11471,2_square,32,16,835.0,190.0,853.0,407.0,18.0,217.0,train
11472,2_square,21,63,211.0,707.0,370.0,216.0,159.0,-491.0,train
11473,2_square,22,35,151.0,298.0,146.0,440.0,-5.0,142.0,train
11474,2_square,19,29,578.0,386.0,369.0,249.0,-209.0,-137.0,train
11475,2_square,42,28,387.0,142.0,852.0,238.0,465.0,96.0,train
11476,2_square,62,8,435.0,892.0,119.0,390.0,-316.0,-502.0,train
11478,2_square,34,26,343.0,482.0,423.0,794.0,80.0,312.0,train
11480,2_square,41,54,607.0,344.0,580.0,404.0,-27.0,60.0,train
11481,2_square,32,66,357.0,336.0,377.0,887.0,20.0,551.0,train
11482,2_square,26,18,149.0,417.0,104.0,827.0,-45.0,410.0,train
11483,2_square,24,20,630.0,184.0,605.0,394.0,-25.0,210.0,train
11484,2_square,68,53,379.0,285.0,541.0,533.0,162.0,248.0,train
11487,2_square,34,68,670.0,550.0,484.0,369.0,-186.0,-181.0,train
11488,2_square,1,13,555.0,811.0,722.0,223.0,167.0,-588.0,train
11489,2_square,44,20,667.0,328.0,550.0,741.0,-117.0,413.0,train
11490,2_square,51,56,451.0,397.0,126.0,346.0,-325.0,-51.0,train
11491,2_square,40,38,551.0,550.0,767.0,465.0,216.0,-85.0,train
11492,2_square,60,23,560.0,641.0,467.0,437.0,-93.0,-204.0,train
11493,2_square,21,16,486.0,797.0,892.0,458.0,406.0,-339.0,train
11494,2_square,24,10,486.0,411.0,177.0,116.0,-309.0,-295.0,train
11495,2_square,49,0,477.0,681.0,529.0,111.0,52.0,-570.0,train
11496,2_square,32,25,588.0,561.0,430.0,103.0,-158.0,-458.0,train
11497,2_square,8,17,442.0,226.0,790.0,285.0,348.0,59.0,train
11498,2_square,33,30,782.0,120.0,693.0,696.0,-89.0,576.0,train
11499,2_square,36,2,370.0,144.0,601.0,114.0,231.0,-30.0,train
11500,30_square,51,7,675.0,230.0,492.0,282.0,-183.0,52.0,train
11502,30_square,36,65,732.0,156.0,476.0,900.0,-256.0,744.0,train
11503,30_square,16,10,807.0,824.0,170.0,669.0,-637.0,-155.0,train
11504,30_square,35,66,350.0,386.0,317.0,467.0,-33.0,81.0,train
11506,30_square,35,64,583.0,766.0,616.0,667.0,33.0,-99.0,train
11507,30_square,55,64,197.0,238.0,472.0,138.0,275.0,-100.0,train
11510,30_square,22,29,524.0,213.0,107.0,125.0,-417.0,-88.0,train
11513,30_square,29,0,153.0,689.0,176.0,555.0,23.0,-134.0,train
11514,30_square,8,6,295.0,581.0,377.0,330.0,82.0,-251.0,train
11515,30_square,30,4,485.0,456.0,187.0,592.0,-298.0,136.0,train
11516,30_square,39,31,295.0,479.0,253.0,205.0,-42.0,-274.0,train
11517,30_square,13,61,516.0,325.0,603.0,220.0,87.0,-105.0,train
11518,30_square,23,46,158.0,658.0,360.0,275.0,202.0,-383.0,train
11519,30_square,36,61,627.0,750.0,162.0,467.0,-465.0,-283.0,train
11520,30_square,2,52,507.0,680.0,100.0,258.0,-407.0,-422.0,train
11521,30_square,15,49,680.0,163.0,251.0,601.0,-429.0,438.0,train
11523,30_square,0,2,618.0,261.0,206.0,338.0,-412.0,77.0,train
11524,30_square,59,28,745.0,242.0,371.0,102.0,-374.0,-140.0,train
11525,30_square,34,18,402.0,835.0,564.0,344.0,162.0,-491.0,train
11527,30_square,6,12,312.0,301.0,784.0,697.0,472.0,396.0,train
11528,30_square,12,18,439.0,223.0,283.0,127.0,-156.0,-96.0,train
11530,30_square,23,38,122.0,731.0,388.0,459.0,266.0,-272.0,train
11531,30_square,47,34,147.0,612.0,674.0,219.0,527.0,-393.0,train
11532,30_square,67,34,508.0,422.0,303.0,548.0,-205.0,126.0,train
11533,30_square,66,65,711.0,499.0,395.0,635.0,-316.0,136.0,train
11534,30_square,46,42,334.0,786.0,894.0,605.0,560.0,-181.0,train
11535,30_square,38,13,305.0,399.0,795.0,284.0,490.0,-115.0,train
11536,30_square,27,30,454.0,866.0,471.0,629.0,17.0,-237.0,train
11537,30_square,12,27,676.0,847.0,437.0,662.0,-239.0,-185.0,train
11538,30_square,9,50,762.0,230.0,538.0,582.0,-224.0,352.0,train
11539,30_square,10,24,588.0,449.0,898.0,106.0,310.0,-343.0,train
11540,30_square,65,52,875.0,104.0,446.0,199.0,-429.0,95.0,train
11541,30_square,67,43,101.0,131.0,716.0,757.0,615.0,626.0,train
11542,30_square,18,58,710.0,342.0,566.0,576.0,-144.0,234.0,train
11543,30_square,51,7,608.0,631.0,518.0,750.0,-90.0,119.0,train
11544,30_square,67,68,793.0,540.0,312.0,242.0,-481.0,-298.0,train
11545,30_square,18,61,661.0,888.0,453.0,494.0,-208.0,-394.0,train
11546,30_square,3,67,431.0,500.0,891.0,498.0,460.0,-2.0,train
11549,30_square,3,11,849.0,143.0,655.0,354.0,-194.0,211.0,train
11551,30_square,48,39,216.0,336.0,323.0,718.0,107.0,382.0,train
11552,30_square,52,26,153.0,866.0,875.0,421.0,722.0,-445.0,train
11553,30_square,0,41,698.0,582.0,651.0,791.0,-47.0,209.0,train
11555,30_square,13,11,678.0,801.0,824.0,583.0,146.0,-218.0,train
11557,30_square,65,60,247.0,340.0,768.0,202.0,521.0,-138.0,train
11558,30_square,23,55,553.0,686.0,881.0,146.0,328.0,-540.0,train
11559,30_square,54,23,569.0,445.0,739.0,557.0,170.0,112.0,train
11560,30_square,13,43,617.0,142.0,626.0,703.0,9.0,561.0,train
11561,30_square,42,23,655.0,369.0,139.0,168.0,-516.0,-201.0,train
11562,30_square,50,8,372.0,620.0,675.0,410.0,303.0,-210.0,train
11563,30_square,25,11,704.0,694.0,778.0,578.0,74.0,-116.0,train
11564,30_square,15,9,898.0,452.0,423.0,591.0,-475.0,139.0,train
11566,30_square,12,64,808.0,248.0,583.0,516.0,-225.0,268.0,train
11567,30_square,7,60,286.0,298.0,321.0,426.0,35.0,128.0,train
11568,30_square,55,35,826.0,534.0,523.0,419.0,-303.0,-115.0,train
11569,30_square,16,58,289.0,846.0,644.0,592.0,355.0,-254.0,train
11570,30_square,3,13,692.0,879.0,887.0,580.0,195.0,-299.0,train
11571,30_square,43,62,769.0,430.0,864.0,655.0,95.0,225.0,train
11572,30_square,57,17,352.0,321.0,746.0,125.0,394.0,-196.0,train
11574,30_square,39,22,619.0,245.0,816.0,242.0,197.0,-3.0,train
11575,30_square,41,39,698.0,562.0,524.0,680.0,-174.0,118.0,train
11577,30_square,38,25,739.0,748.0,594.0,555.0,-145.0,-193.0,train
11578,30_square,53,44,450.0,262.0,424.0,213.0,-26.0,-49.0,train
11579,30_square,36,43,394.0,607.0,726.0,883.0,332.0,276.0,train
11580,30_square,53,34,318.0,639.0,670.0,822.0,352.0,183.0,train
11581,30_square,46,47,680.0,293.0,170.0,392.0,-510.0,99.0,train
11582,30_square,60,60,564.0,824.0,593.0,611.0,29.0,-213.0,train
11584,30_square,61,41,692.0,156.0,122.0,503.0,-570.0,347.0,train
11586,30_square,33,11,568.0,665.0,400.0,609.0,-168.0,-56.0,train
11587,30_square,24,58,500.0,728.0,772.0,231.0,272.0,-497.0,train
11588,30_square,48,48,804.0,864.0,272.0,804.0,-532.0,-60.0,train
11589,30_square,66,21,306.0,639.0,731.0,557.0,425.0,-82.0,train
11590,30_square,53,40,515.0,395.0,730.0,382.0,215.0,-13.0,train
11591,30_square,17,26,244.0,236.0,230.0,791.0,-14.0,555.0,train
11592,30_square,8,65,692.0,145.0,741.0,207.0,49.0,62.0,train
11593,30_square,50,5,502.0,503.0,660.0,273.0,158.0,-230.0,train
11595,30_square,56,51,209.0,510.0,334.0,756.0,125.0,246.0,train
11596,30_square,11,12,746.0,446.0,228.0,417.0,-518.0,-29.0,train
11597,30_square,23,47,405.0,291.0,541.0,737.0,136.0,446.0,train
11599,30_square,8,33,779.0,266.0,778.0,545.0,-1.0,279.0,train
11600,30_square,29,1,259.0,163.0,130.0,588.0,-129.0,425.0,train
11601,30_square,25,0,297.0,584.0,113.0,464.0,-184.0,-120.0,train
11602,30_square,4,5,172.0,655.0,215.0,568.0,43.0,-87.0,train
11603,30_square,43,12,413.0,765.0,707.0,611.0,294.0,-154.0,train
11604,30_square,16,38,180.0,191.0,837.0,486.0,657.0,295.0,train
11605,30_square,51,57,442.0,351.0,295.0,416.0,-147.0,65.0,train
11606,30_square,46,42,455.0,235.0,672.0,599.0,217.0,364.0,train
11607,30_square,68,60,111.0,156.0,686.0,298.0,575.0,142.0,train
11608,30_square,65,35,263.0,133.0,156.0,614.0,-107.0,481.0,train
11610,30_square,43,30,448.0,693.0,390.0,722.0,-58.0,29.0,train
11611,30_square,55,10,665.0,478.0,272.0,784.0,-393.0,306.0,train
11612,30_square,1,60,756.0,400.0,838.0,635.0,82.0,235.0,train
11615,30_square,61,45,872.0,234.0,885.0,258.0,13.0,24.0,train
11616,30_square,35,52,652.0,529.0,832.0,448.0,180.0,-81.0,train
11617,30_square,49,9,686.0,559.0,510.0,742.0,-176.0,183.0,train
11618,30_square,54,55,655.0,864.0,300.0,334.0,-355.0,-530.0,train
11619,30_square,5,10,749.0,674.0,133.0,360.0,-616.0,-314.0,train
11620,30_square,8,17,456.0,809.0,498.0,855.0,42.0,46.0,train
11621,30_square,19,59,631.0,166.0,273.0,353.0,-358.0,187.0,train
11622,30_square,9,22,239.0,182.0,163.0,159.0,-76.0,-23.0,train
11623,30_square,10,67,655.0,115.0,544.0,665.0,-111.0,550.0,train
11624,30_square,27,48,214.0,527.0,367.0,739.0,153.0,212.0,train
11625,30_square,4,49,505.0,456.0,857.0,900.0,352.0,444.0,train
11626,30_square,31,36,636.0,213.0,367.0,479.0,-269.0,266.0,train
11627,30_square,1,1,681.0,709.0,305.0,495.0,-376.0,-214.0,train
11628,30_square,31,62,544.0,228.0,279.0,796.0,-265.0,568.0,train
11630,30_square,59,57,316.0,826.0,100.0,670.0,-216.0,-156.0,train
11631,30_square,60,17,571.0,697.0,746.0,640.0,175.0,-57.0,train
11632,30_square,1,42,205.0,781.0,756.0,342.0,551.0,-439.0,train
11635,30_square,2,51,122.0,542.0,165.0,627.0,43.0,85.0,train
11636,30_square,38,4,416.0,448.0,568.0,178.0,152.0,-270.0,train
11637,30_square,14,13,475.0,752.0,522.0,155.0,47.0,-597.0,train
11638,30_square,19,44,415.0,720.0,874.0,675.0,459.0,-45.0,train
11639,30_square,26,52,586.0,277.0,699.0,429.0,113.0,152.0,train
11641,30_square,44,67,452.0,369.0,607.0,686.0,155.0,317.0,train
11642,30_square,54,46,789.0,851.0,103.0,653.0,-686.0,-198.0,train
11643,30_square,44,5,512.0,151.0,628.0,214.0,116.0,63.0,train
11644,30_square,48,21,692.0,726.0,101.0,175.0,-591.0,-551.0,train
11645,30_square,16,31,208.0,602.0,801.0,783.0,593.0,181.0,train
11647,30_square,67,52,686.0,372.0,367.0,804.0,-319.0,432.0,train
11648,30_square,60,46,157.0,291.0,170.0,874.0,13.0,583.0,train
11649,30_square,9,55,575.0,210.0,757.0,667.0,182.0,457.0,train
11651,30_square,10,67,199.0,712.0,516.0,763.0,317.0,51.0,train
11652,30_square,46,41,354.0,701.0,897.0,232.0,543.0,-469.0,train
11653,30_square,44,52,564.0,889.0,385.0,671.0,-179.0,-218.0,train
11654,30_square,18,11,622.0,810.0,691.0,686.0,69.0,-124.0,train
11657,30_square,60,17,639.0,875.0,847.0,406.0,208.0,-469.0,train
11658,30_square,26,0,876.0,717.0,248.0,265.0,-628.0,-452.0,train
11659,30_square,34,39,827.0,453.0,254.0,358.0,-573.0,-95.0,train
11660,30_square,27,68,300.0,801.0,190.0,224.0,-110.0,-577.0,train
11663,30_square,55,29,580.0,212.0,711.0,358.0,131.0,146.0,train
11664,30_square,14,16,757.0,483.0,654.0,857.0,-103.0,374.0,train
11665,30_square,58,57,315.0,172.0,427.0,521.0,112.0,349.0,train
11666,30_square,14,2,157.0,789.0,826.0,872.0,669.0,83.0,train
11667,30_square,35,23,654.0,396.0,271.0,356.0,-383.0,-40.0,train
11668,30_square,12,64,533.0,317.0,411.0,657.0,-122.0,340.0,train
11669,30_square,19,4,294.0,508.0,852.0,282.0,558.0,-226.0,train
11670,30_square,51,12,316.0,742.0,350.0,148.0,34.0,-594.0,train
11672,30_square,11,6,406.0,182.0,317.0,823.0,-89.0,641.0,train
11673,30_square,47,9,884.0,109.0,666.0,277.0,-218.0,168.0,train
11675,30_square,61,2,524.0,604.0,694.0,236.0,170.0,-368.0,train
11676,30_square,9,41,775.0,786.0,706.0,756.0,-69.0,-30.0,train
11677,30_square,16,65,256.0,742.0,808.0,665.0,552.0,-77.0,train
11679,30_square,12,27,415.0,280.0,879.0,313.0,464.0,33.0,train
11680,30_square,31,56,495.0,576.0,588.0,828.0,93.0,252.0,train
11683,30_square,52,28,158.0,396.0,601.0,246.0,443.0,-150.0,train
11685,30_square,36,9,819.0,737.0,648.0,630.0,-171.0,-107.0,train
11686,30_square,44,58,149.0,228.0,372.0,310.0,223.0,82.0,train
11687,30_square,48,25,808.0,242.0,389.0,844.0,-419.0,602.0,train
11688,30_square,43,6,186.0,605.0,459.0,636.0,273.0,31.0,train
11690,30_square,30,40,590.0,520.0,291.0,552.0,-299.0,32.0,train
11691,30_square,45,59,721.0,159.0,729.0,225.0,8.0,66.0,train
11692,30_square,47,40,430.0,125.0,639.0,812.0,209.0,687.0,train
11693,30_square,27,12,747.0,235.0,666.0,664.0,-81.0,429.0,train
11694,30_square,3,56,665.0,298.0,656.0,360.0,-9.0,62.0,train
11695,30_square,46,9,613.0,683.0,856.0,521.0,243.0,-162.0,train
11697,30_square,57,22,142.0,531.0,676.0,268.0,534.0,-263.0,train
11698,30_square,19,4,569.0,517.0,527.0,318.0,-42.0,-199.0,train
11699,30_square,21,2,543.0,254.0,414.0,351.0,-129.0,97.0,train
11701,30_square,17,19,644.0,282.0,251.0,448.0,-393.0,166.0,train
11702,30_square,46,61,477.0,857.0,349.0,135.0,-128.0,-722.0,train
11703,30_square,37,58,352.0,582.0,650.0,560.0,298.0,-22.0,train
11704,30_square,35,31,580.0,420.0,843.0,302.0,263.0,-118.0,train
11705,30_square,22,54,831.0,833.0,130.0,775.0,-701.0,-58.0,train
11706,30_square,14,62,830.0,653.0,893.0,492.0,63.0,-161.0,train
11709,30_square,4,11,766.0,279.0,205.0,282.0,-561.0,3.0,train
11711,30_square,13,16,158.0,279.0,409.0,492.0,251.0,213.0,train
11713,30_square,59,28,676.0,750.0,880.0,553.0,204.0,-197.0,train
11714,30_square,50,17,877.0,226.0,641.0,267.0,-236.0,41.0,train
11715,30_square,35,38,866.0,312.0,731.0,343.0,-135.0,31.0,train
11716,30_square,8,30,230.0,178.0,898.0,646.0,668.0,468.0,train
11717,30_square,53,13,226.0,254.0,734.0,674.0,508.0,420.0,train
11718,30_square,27,48,454.0,384.0,424.0,256.0,-30.0,-128.0,train
11719,30_square,58,19,190.0,702.0,437.0,886.0,247.0,184.0,train
11721,30_square,58,59,204.0,408.0,474.0,695.0,270.0,287.0,train
11722,30_square,43,64,219.0,338.0,505.0,693.0,286.0,355.0,train
11723,30_square,46,15,620.0,571.0,749.0,730.0,129.0,159.0,train
11724,30_square,13,34,824.0,590.0,386.0,186.0,-438.0,-404.0,train
11725,30_square,38,11,546.0,678.0,127.0,108.0,-419.0,-570.0,train
11726,30_square,30,67,742.0,871.0,304.0,724.0,-438.0,-147.0,train
11727,30_square,31,28,797.0,890.0,428.0,401.0,-369.0,-489.0,train
11728,30_square,38,16,317.0,519.0,239.0,510.0,-78.0,-9.0,train
11730,30_square,65,26,301.0,763.0,528.0,766.0,227.0,3.0,train
11731,30_square,51,38,224.0,347.0,721.0,373.0,497.0,26.0,train
11734,30_square,21,52,653.0,245.0,562.0,103.0,-91.0,-142.0,train
11735,30_square,63,60,290.0,773.0,310.0,496.0,20.0,-277.0,train
11736,30_square,60,0,637.0,270.0,624.0,415.0,-13.0,145.0,train
11737,30_square,63,66,111.0,174.0,161.0,789.0,50.0,615.0,train
11738,30_square,48,33,867.0,465.0,826.0,671.0,-41.0,206.0,train
11741,30_square,21,62,304.0,396.0,176.0,259.0,-128.0,-137.0,train
11743,30_square,5,8,859.0,707.0,881.0,831.0,22.0,124.0,train
11745,30_square,27,22,506.0,345.0,237.0,309.0,-269.0,-36.0,train
11746,30_square,4,35,801.0,296.0,200.0,388.0,-601.0,92.0,train
11747,30_square,5,21,867.0,481.0,894.0,523.0,27.0,42.0,train
11749,30_square,66,4,615.0,256.0,307.0,164.0,-308.0,-92.0,train
11750,30_square,8,26,278.0,327.0,536.0,249.0,258.0,-78.0,train
11751,30_square,49,9,700.0,898.0,738.0,842.0,38.0,-56.0,train
11752,30_square,43,58,222.0,322.0,509.0,435.0,287.0,113.0,train
11754,30_square,53,0,373.0,280.0,124.0,269.0,-249.0,-11.0,train
11755,30_square,31,59,328.0,602.0,810.0,386.0,482.0,-216.0,train
11756,30_square,38,45,259.0,593.0,102.0,214.0,-157.0,-379.0,train
11757,30_square,27,10,329.0,167.0,488.0,311.0,159.0,144.0,train
11758,30_square,65,57,429.0,339.0,743.0,253.0,314.0,-86.0,train
11760,30_square,5,36,106.0,623.0,422.0,283.0,316.0,-340.0,train
11761,30_square,41,41,548.0,109.0,671.0,870.0,123.0,761.0,train
11762,30_square,39,43,326.0,511.0,854.0,577.0,528.0,66.0,train
11763,30_square,28,6,279.0,835.0,673.0,695.0,394.0,-140.0,train
11764,30_square,6,67,685.0,360.0,108.0,405.0,-577.0,45.0,train
11765,30_square,21,23,135.0,224.0,279.0,423.0,144.0,199.0,train
11766,30_square,32,56,633.0,703.0,768.0,713.0,135.0,10.0,train
11767,30_square,42,3,743.0,835.0,500.0,589.0,-243.0,-246.0,train
11768,30_square,6,45,339.0,710.0,883.0,425.0,544.0,-285.0,train
11769,30_square,5,62,443.0,489.0,402.0,142.0,-41.0,-347.0,train
11770,30_square,48,10,509.0,189.0,581.0,152.0,72.0,-37.0,train
11771,30_square,1,25,500.0,392.0,595.0,374.0,95.0,-18.0,train
11772,30_square,44,45,465.0,535.0,654.0,594.0,189.0,59.0,train
11773,30_square,6,43,779.0,609.0,360.0,864.0,-419.0,255.0,train
11774,30_square,61,44,430.0,764.0,612.0,432.0,182.0,-332.0,train
11775,30_square,58,58,869.0,436.0,822.0,374.0,-47.0,-62.0,train
11776,30_square,47,33,223.0,350.0,896.0,353.0,673.0,3.0,train
11777,30_square,61,41,635.0,248.0,483.0,784.0,-152.0,536.0,train
11778,30_square,53,47,807.0,458.0,188.0,880.0,-619.0,422.0,train
11780,30_square,60,14,674.0,744.0,575.0,745.0,-99.0,1.0,train
11781,30_square,29,22,834.0,558.0,664.0,402.0,-170.0,-156.0,train
11782,30_square,4,56,808.0,715.0,726.0,333.0,-82.0,-382.0,train
11783,30_square,13,30,125.0,749.0,864.0,564.0,739.0,-185.0,train
11784,30_square,55,55,829.0,427.0,417.0,847.0,-412.0,420.0,train
11787,30_square,12,59,468.0,429.0,460.0,694.0,-8.0,265.0,train
11789,30_square,38,13,839.0,483.0,293.0,669.0,-546.0,186.0,train
11790,30_square,28,68,439.0,804.0,363.0,884.0,-76.0,80.0,train
11791,30_square,7,53,726.0,459.0,382.0,552.0,-344.0,93.0,train
11792,30_square,43,57,578.0,519.0,547.0,359.0,-31.0,-160.0,train
11793,30_square,38,38,179.0,418.0,528.0,609.0,349.0,191.0,train
11795,30_square,38,17,269.0,595.0,200.0,188.0,-69.0,-407.0,train
11797,30_square,47,57,836.0,120.0,551.0,222.0,-285.0,102.0,train
11798,30_square,66,11,290.0,840.0,126.0,486.0,-164.0,-354.0,train
11800,30_square,62,35,192.0,155.0,563.0,317.0,371.0,162.0,train
11802,30_square,31,6,212.0,237.0,159.0,823.0,-53.0,586.0,train
11803,30_square,26,0,561.0,631.0,767.0,331.0,206.0,-300.0,train
11804,30_square,0,16,722.0,339.0,266.0,745.0,-456.0,406.0,train
11805,30_square,39,42,250.0,605.0,738.0,875.0,488.0,270.0,train
11806,30_square,60,10,152.0,362.0,404.0,165.0,252.0,-197.0,train
11808,30_square,32,9,731.0,193.0,510.0,532.0,-221.0,339.0,train
11809,30_square,68,30,520.0,124.0,435.0,110.0,-85.0,-14.0,train
11810,30_square,34,43,446.0,418.0,597.0,410.0,151.0,-8.0,train
11811,30_square,50,31,751.0,341.0,500.0,195.0,-251.0,-146.0,train
11812,30_square,67,50,637.0,763.0,664.0,863.0,27.0,100.0,train
11813,30_square,19,6,292.0,256.0,246.0,638.0,-46.0,382.0,train
11814,30_square,58,32,532.0,859.0,656.0,534.0,124.0,-325.0,train
11816,30_square,25,44,787.0,142.0,875.0,101.0,88.0,-41.0,train
11817,30_square,8,14,735.0,777.0,519.0,781.0,-216.0,4.0,train
11818,30_square,24,58,694.0,197.0,452.0,840.0,-242.0,643.0,train
11819,30_square,18,35,221.0,819.0,187.0,659.0,-34.0,-160.0,train
11820,30_square,27,47,403.0,379.0,566.0,693.0,163.0,314.0,train
11821,30_square,60,38,422.0,324.0,146.0,696.0,-276.0,372.0,train
11822,30_square,58,61,344.0,319.0,832.0,603.0,488.0,284.0,train
11823,30_square,8,48,424.0,382.0,843.0,647.0,419.0,265.0,train
11824,30_square,5,43,126.0,561.0,120.0,757.0,-6.0,196.0,train
11825,30_square,24,68,416.0,760.0,293.0,350.0,-123.0,-410.0,train
11826,30_square,3,19,369.0,595.0,604.0,321.0,235.0,-274.0,train
11827,30_square,58,64,632.0,567.0,297.0,464.0,-335.0,-103.0,train
11828,30_square,12,27,762.0,244.0,272.0,628.0,-490.0,384.0,train
11831,30_square,42,15,436.0,213.0,303.0,645.0,-133.0,432.0,train
11832,30_square,52,56,432.0,337.0,574.0,690.0,142.0,353.0,train
11834,30_square,25,29,403.0,713.0,794.0,479.0,391.0,-234.0,train
11838,30_square,17,23,777.0,894.0,642.0,633.0,-135.0,-261.0,train
11839,30_square,42,57,545.0,897.0,650.0,624.0,105.0,-273.0,train
11840,30_square,39,53,280.0,304.0,497.0,505.0,217.0,201.0,train
11841,30_square,65,68,101.0,563.0,780.0,832.0,679.0,269.0,train
11842,30_square,64,49,301.0,801.0,135.0,647.0,-166.0,-154.0,train
11843,30_square,57,36,811.0,149.0,643.0,229.0,-168.0,80.0,train
11845,30_square,60,44,358.0,799.0,253.0,339.0,-105.0,-460.0,train
11846,30_square,32,42,634.0,782.0,508.0,665.0,-126.0,-117.0,train
11847,30_square,61,5,414.0,222.0,248.0,827.0,-166.0,605.0,train
11848,30_square,23,26,253.0,546.0,900.0,856.0,647.0,310.0,train
11849,30_square,35,39,354.0,351.0,316.0,532.0,-38.0,181.0,train
11850,30_square,53,20,454.0,203.0,253.0,816.0,-201.0,613.0,train
11851,30_square,35,7,764.0,603.0,836.0,281.0,72.0,-322.0,train
11852,30_square,67,57,300.0,384.0,740.0,284.0,440.0,-100.0,train
11853,30_square,49,13,337.0,688.0,475.0,824.0,138.0,136.0,train
11855,30_square,36,41,806.0,537.0,449.0,726.0,-357.0,189.0,train
11856,30_square,0,57,879.0,342.0,378.0,787.0,-501.0,445.0,train
11857,30_square,55,38,465.0,512.0,834.0,217.0,369.0,-295.0,train
11858,30_square,1,10,681.0,102.0,842.0,358.0,161.0,256.0,train
11859,30_square,36,4,771.0,628.0,575.0,704.0,-196.0,76.0,train
11860,30_square,53,13,736.0,380.0,487.0,696.0,-249.0,316.0,train
11861,30_square,35,24,271.0,631.0,185.0,673.0,-86.0,42.0,train
11863,30_square,23,50,223.0,663.0,795.0,777.0,572.0,114.0,train
11864,30_square,4,6,791.0,392.0,670.0,125.0,-121.0,-267.0,train
11865,30_square,23,9,898.0,411.0,404.0,630.0,-494.0,219.0,train
11866,30_square,8,51,804.0,687.0,866.0,232.0,62.0,-455.0,train
11867,30_square,42,21,503.0,107.0,811.0,673.0,308.0,566.0,train
11868,30_square,63,24,639.0,413.0,168.0,322.0,-471.0,-91.0,train
11869,30_square,14,7,775.0,510.0,143.0,552.0,-632.0,42.0,train
11870,30_square,16,45,540.0,463.0,758.0,740.0,218.0,277.0,train
11871,30_square,38,49,588.0,594.0,115.0,787.0,-473.0,193.0,train
11872,30_square,6,52,192.0,261.0,465.0,262.0,273.0,1.0,train
11874,30_square,37,4,305.0,548.0,882.0,260.0,577.0,-288.0,train
11876,30_square,20,65,382.0,341.0,838.0,470.0,456.0,129.0,train
11879,30_square,50,2,342.0,487.0,797.0,437.0,455.0,-50.0,train
11881,30_square,50,4,158.0,466.0,291.0,337.0,133.0,-129.0,train
11882,30_square,33,49,426.0,480.0,412.0,252.0,-14.0,-228.0,train
11884,30_square,27,60,896.0,158.0,792.0,234.0,-104.0,76.0,train
11885,30_square,35,63,411.0,823.0,842.0,197.0,431.0,-626.0,train
11886,30_square,17,51,594.0,898.0,538.0,319.0,-56.0,-579.0,train
11887,30_square,2,42,602.0,729.0,478.0,526.0,-124.0,-203.0,train
11889,30_square,6,34,368.0,243.0,842.0,493.0,474.0,250.0,train
11890,30_square,8,58,588.0,553.0,593.0,472.0,5.0,-81.0,train
11891,30_square,46,29,156.0,124.0,492.0,839.0,336.0,715.0,train
11892,30_square,19,34,680.0,569.0,624.0,461.0,-56.0,-108.0,train
11894,30_square,32,38,534.0,126.0,826.0,541.0,292.0,415.0,train
11895,30_square,48,56,157.0,579.0,366.0,661.0,209.0,82.0,train
11896,30_square,61,33,396.0,160.0,363.0,442.0,-33.0,282.0,train
11897,30_square,13,42,450.0,824.0,267.0,595.0,-183.0,-229.0,train
11898,30_square,65,0,543.0,420.0,659.0,777.0,116.0,357.0,train
11899,30_square,24,61,680.0,726.0,791.0,875.0,111.0,149.0,train
11900,30_square,60,2,480.0,263.0,422.0,713.0,-58.0,450.0,train
11901,30_square,8,53,715.0,856.0,257.0,155.0,-458.0,-701.0,train
11902,30_square,61,34,345.0,662.0,825.0,513.0,480.0,-149.0,train
11904,30_square,17,0,263.0,756.0,693.0,719.0,430.0,-37.0,train
11905,30_square,35,48,678.0,365.0,667.0,105.0,-11.0,-260.0,train
11906,30_square,6,57,627.0,658.0,371.0,650.0,-256.0,-8.0,train
11910,30_square,65,60,781.0,431.0,617.0,146.0,-164.0,-285.0,train
11911,30_square,59,67,292.0,642.0,256.0,709.0,-36.0,67.0,train
11912,30_square,62,3,178.0,366.0,192.0,321.0,14.0,-45.0,train
11913,30_square,59,19,299.0,831.0,375.0,444.0,76.0,-387.0,train
11915,30_square,38,4,370.0,584.0,795.0,532.0,425.0,-52.0,train
11916,30_square,3,65,271.0,271.0,733.0,321.0,462.0,50.0,train
11917,30_square,50,54,507.0,317.0,521.0,298.0,14.0,-19.0,train
11918,30_square,26,36,184.0,406.0,751.0,302.0,567.0,-104.0,train
11919,30_square,34,1,721.0,169.0,868.0,304.0,147.0,135.0,train
11920,30_square,17,3,259.0,502.0,692.0,879.0,433.0,377.0,train
11921,30_square,49,11,230.0,499.0,600.0,612.0,370.0,113.0,train
11922,30_square,6,59,141.0,274.0,404.0,537.0,263.0,263.0,train
11924,30_square,61,7,526.0,418.0,293.0,752.0,-233.0,334.0,train
11925,30_square,62,22,187.0,100.0,250.0,188.0,63.0,88.0,train
11926,30_square,35,32,641.0,586.0,693.0,873.0,52.0,287.0,train
11927,30_square,61,34,391.0,362.0,141.0,782.0,-250.0,420.0,train
11928,30_square,34,64,245.0,150.0,696.0,670.0,451.0,520.0,train
11929,30_square,57,32,407.0,704.0,345.0,511.0,-62.0,-193.0,train
11930,30_square,60,27,525.0,774.0,542.0,766.0,17.0,-8.0,train
11931,30_square,17,13,426.0,732.0,608.0,310.0,182.0,-422.0,train
11933,30_square,4,20,162.0,773.0,521.0,896.0,359.0,123.0,train
11934,30_square,39,42,850.0,305.0,879.0,466.0,29.0,161.0,train
11935,30_square,37,38,448.0,310.0,531.0,552.0,83.0,242.0,train
11936,30_square,3,38,249.0,670.0,846.0,690.0,597.0,20.0,train
11938,30_square,15,22,725.0,892.0,199.0,764.0,-526.0,-128.0,train
11940,30_square,47,29,656.0,290.0,434.0,884.0,-222.0,594.0,train
11943,30_square,45,16,615.0,226.0,698.0,721.0,83.0,495.0,train
11944,30_square,66,44,156.0,586.0,872.0,738.0,716.0,152.0,train
11945,30_square,61,13,787.0,368.0,671.0,899.0,-116.0,531.0,train
11947,30_square,37,23,707.0,359.0,656.0,366.0,-51.0,7.0,train
11950,30_square,31,61,493.0,358.0,265.0,258.0,-228.0,-100.0,train
11951,30_square,45,31,535.0,119.0,292.0,542.0,-243.0,423.0,train
11952,30_square,61,18,730.0,490.0,561.0,232.0,-169.0,-258.0,train
11955,30_square,14,16,376.0,620.0,276.0,620.0,-100.0,0.0,train
11957,30_square,12,68,435.0,273.0,674.0,208.0,239.0,-65.0,train
11959,30_square,29,16,740.0,164.0,183.0,871.0,-557.0,707.0,train
11961,30_square,11,42,530.0,454.0,498.0,230.0,-32.0,-224.0,train
11962,30_square,59,66,751.0,493.0,850.0,527.0,99.0,34.0,train
11963,30_square,43,4,532.0,228.0,270.0,576.0,-262.0,348.0,train
11964,30_square,22,22,833.0,454.0,453.0,224.0,-380.0,-230.0,train
11966,30_square,47,52,439.0,327.0,123.0,397.0,-316.0,70.0,train
11967,30_square,33,49,433.0,552.0,511.0,515.0,78.0,-37.0,train
11968,30_square,47,55,317.0,399.0,353.0,831.0,36.0,432.0,train
11969,30_square,5,54,825.0,671.0,340.0,101.0,-485.0,-570.0,train
11970,30_square,40,55,890.0,566.0,698.0,847.0,-192.0,281.0,train
11972,30_square,29,29,576.0,528.0,144.0,196.0,-432.0,-332.0,train
11974,30_square,5,19,187.0,655.0,556.0,897.0,369.0,242.0,train
11975,30_square,61,51,662.0,449.0,774.0,125.0,112.0,-324.0,train
11976,30_square,57,37,286.0,702.0,837.0,596.0,551.0,-106.0,train
11977,30_square,30,23,282.0,512.0,647.0,621.0,365.0,109.0,train
11979,30_square,22,41,313.0,547.0,504.0,579.0,191.0,32.0,train
11981,30_square,40,8,883.0,859.0,100.0,404.0,-783.0,-455.0,train
11982,30_square,7,65,256.0,745.0,478.0,781.0,222.0,36.0,train
11983,30_square,12,58,481.0,327.0,371.0,112.0,-110.0,-215.0,train
11984,30_square,29,8,283.0,715.0,618.0,381.0,335.0,-334.0,train
11985,30_square,48,21,161.0,804.0,128.0,825.0,-33.0,21.0,train
11986,30_square,12,51,394.0,619.0,746.0,187.0,352.0,-432.0,train
11988,30_square,42,64,584.0,829.0,158.0,436.0,-426.0,-393.0,train
11989,30_square,56,50,654.0,400.0,220.0,180.0,-434.0,-220.0,train
11990,30_square,24,30,745.0,393.0,588.0,736.0,-157.0,343.0,train
11991,30_square,52,49,546.0,238.0,586.0,700.0,40.0,462.0,train
11992,30_square,66,40,843.0,691.0,561.0,163.0,-282.0,-528.0,train
11993,30_square,52,9,886.0,247.0,114.0,373.0,-772.0,126.0,train
11994,30_square,48,7,678.0,677.0,238.0,666.0,-440.0,-11.0,train
11996,30_square,48,29,115.0,297.0,415.0,424.0,300.0,127.0,train
11997,30_square,19,13,667.0,519.0,398.0,733.0,-269.0,214.0,train
11998,30_square,68,29,591.0,458.0,871.0,645.0,280.0,187.0,train
11999,30_square,8,42,258.0,197.0,613.0,267.0,355.0,70.0,train
12002,8_square,61,64,293.0,260.0,646.0,341.0,353.0,81.0,train
12003,8_square,10,3,583.0,762.0,790.0,561.0,207.0,-201.0,train
12004,8_square,53,51,513.0,163.0,426.0,793.0,-87.0,630.0,train
12005,8_square,43,13,346.0,608.0,619.0,154.0,273.0,-454.0,train
12006,8_square,46,1,767.0,509.0,175.0,160.0,-592.0,-349.0,train
12009,8_square,51,39,581.0,747.0,211.0,629.0,-370.0,-118.0,train
12010,8_square,45,56,156.0,807.0,316.0,594.0,160.0,-213.0,train
12011,8_square,21,8,343.0,195.0,375.0,240.0,32.0,45.0,train
12012,8_square,44,29,314.0,665.0,265.0,685.0,-49.0,20.0,train
12013,8_square,36,17,602.0,673.0,265.0,118.0,-337.0,-555.0,train
12015,8_square,48,55,652.0,681.0,322.0,759.0,-330.0,78.0,train
12016,8_square,45,46,122.0,106.0,831.0,364.0,709.0,258.0,train
12017,8_square,43,46,428.0,837.0,356.0,233.0,-72.0,-604.0,train
12018,8_square,29,35,562.0,717.0,683.0,606.0,121.0,-111.0,train
12019,8_square,45,43,544.0,786.0,571.0,827.0,27.0,41.0,train
12020,8_square,63,18,785.0,824.0,268.0,729.0,-517.0,-95.0,train
12022,8_square,65,9,211.0,528.0,124.0,541.0,-87.0,13.0,train
12024,8_square,29,32,731.0,551.0,346.0,404.0,-385.0,-147.0,train
12025,8_square,25,12,246.0,743.0,587.0,512.0,341.0,-231.0,train
12026,8_square,2,49,701.0,217.0,831.0,249.0,130.0,32.0,train
12028,8_square,23,66,887.0,455.0,206.0,848.0,-681.0,393.0,train
12029,8_square,54,40,728.0,675.0,258.0,549.0,-470.0,-126.0,train
12030,8_square,31,12,219.0,642.0,681.0,409.0,462.0,-233.0,train
12031,8_square,62,65,542.0,552.0,365.0,478.0,-177.0,-74.0,train
12032,8_square,37,66,301.0,736.0,768.0,830.0,467.0,94.0,train
12033,8_square,23,13,227.0,797.0,622.0,534.0,395.0,-263.0,train
12034,8_square,10,42,867.0,160.0,272.0,735.0,-595.0,575.0,train
12035,8_square,42,5,525.0,879.0,598.0,598.0,73.0,-281.0,train
12038,8_square,27,50,155.0,334.0,495.0,537.0,340.0,203.0,train
12039,8_square,2,3,777.0,400.0,379.0,642.0,-398.0,242.0,train
12041,8_square,41,4,226.0,351.0,576.0,219.0,350.0,-132.0,train
12042,8_square,29,68,775.0,165.0,158.0,424.0,-617.0,259.0,train
12043,8_square,5,47,432.0,583.0,883.0,737.0,451.0,154.0,train
12044,8_square,36,12,117.0,796.0,599.0,388.0,482.0,-408.0,train
12045,8_square,52,25,239.0,572.0,725.0,256.0,486.0,-316.0,train
12046,8_square,11,29,422.0,174.0,270.0,296.0,-152.0,122.0,train
12048,8_square,35,26,569.0,424.0,619.0,351.0,50.0,-73.0,train
12049,8_square,4,3,825.0,520.0,617.0,279.0,-208.0,-241.0,train
12051,8_square,20,32,527.0,894.0,362.0,754.0,-165.0,-140.0,train
12052,8_square,40,26,668.0,603.0,884.0,534.0,216.0,-69.0,train
12053,8_square,28,34,715.0,551.0,322.0,350.0,-393.0,-201.0,train
12054,8_square,42,31,622.0,361.0,843.0,353.0,221.0,-8.0,train
12055,8_square,46,4,321.0,395.0,789.0,890.0,468.0,495.0,train
12056,8_square,52,47,307.0,129.0,673.0,823.0,366.0,694.0,train
12057,8_square,56,51,184.0,826.0,891.0,577.0,707.0,-249.0,train
12059,8_square,27,10,108.0,812.0,745.0,126.0,637.0,-686.0,train
12060,8_square,21,64,433.0,327.0,274.0,355.0,-159.0,28.0,train
12061,8_square,43,12,158.0,512.0,725.0,667.0,567.0,155.0,train
12063,8_square,17,50,183.0,894.0,744.0,639.0,561.0,-255.0,train
12064,8_square,24,40,714.0,408.0,643.0,886.0,-71.0,478.0,train
12065,8_square,8,13,820.0,105.0,405.0,521.0,-415.0,416.0,train
12066,8_square,21,20,147.0,562.0,584.0,102.0,437.0,-460.0,train
12067,8_square,37,63,412.0,104.0,393.0,484.0,-19.0,380.0,train
12068,8_square,33,28,744.0,598.0,610.0,258.0,-134.0,-340.0,train
12069,8_square,11,45,189.0,382.0,600.0,360.0,411.0,-22.0,train
12070,8_square,49,27,696.0,639.0,595.0,502.0,-101.0,-137.0,train
12071,8_square,15,21,501.0,591.0,571.0,516.0,70.0,-75.0,train
12073,8_square,24,4,488.0,478.0,469.0,633.0,-19.0,155.0,train
12074,8_square,28,8,301.0,561.0,133.0,326.0,-168.0,-235.0,train
12075,8_square,1,63,576.0,531.0,530.0,697.0,-46.0,166.0,train
12076,8_square,39,51,826.0,820.0,612.0,517.0,-214.0,-303.0,train
12077,8_square,67,17,650.0,342.0,618.0,630.0,-32.0,288.0,train
12078,8_square,18,51,819.0,205.0,371.0,543.0,-448.0,338.0,train
12079,8_square,61,42,735.0,481.0,628.0,261.0,-107.0,-220.0,train
12080,8_square,46,1,607.0,646.0,223.0,108.0,-384.0,-538.0,train
12081,8_square,20,12,849.0,744.0,761.0,113.0,-88.0,-631.0,train
12082,8_square,34,3,372.0,301.0,409.0,451.0,37.0,150.0,train
12084,8_square,32,68,897.0,673.0,254.0,651.0,-643.0,-22.0,train
12085,8_square,53,38,752.0,814.0,328.0,244.0,-424.0,-570.0,train
12086,8_square,59,29,485.0,179.0,116.0,883.0,-369.0,704.0,train
12087,8_square,28,50,600.0,132.0,248.0,621.0,-352.0,489.0,train
12088,8_square,33,20,572.0,656.0,661.0,610.0,89.0,-46.0,train
12089,8_square,65,44,103.0,419.0,463.0,572.0,360.0,153.0,train
12091,8_square,9,64,656.0,651.0,619.0,652.0,-37.0,1.0,train
12092,8_square,16,53,708.0,567.0,520.0,730.0,-188.0,163.0,train
12093,8_square,34,0,260.0,324.0,841.0,715.0,581.0,391.0,train
12096,8_square,64,35,387.0,344.0,218.0,100.0,-169.0,-244.0,train
12099,8_square,21,44,789.0,447.0,482.0,325.0,-307.0,-122.0,train
12100,8_square,17,8,417.0,350.0,867.0,122.0,450.0,-228.0,train
12101,8_square,15,65,546.0,248.0,149.0,143.0,-397.0,-105.0,train
12102,8_square,18,55,672.0,298.0,305.0,287.0,-367.0,-11.0,train
12103,8_square,60,57,580.0,610.0,800.0,359.0,220.0,-251.0,train
12105,8_square,13,53,444.0,256.0,627.0,690.0,183.0,434.0,train
12108,8_square,3,68,639.0,806.0,108.0,153.0,-531.0,-653.0,train
12109,8_square,42,28,115.0,645.0,643.0,849.0,528.0,204.0,train
12111,8_square,42,21,467.0,213.0,460.0,112.0,-7.0,-101.0,train
12112,8_square,59,58,279.0,566.0,110.0,211.0,-169.0,-355.0,train
12113,8_square,20,24,293.0,828.0,277.0,204.0,-16.0,-624.0,train
12114,8_square,60,64,691.0,642.0,267.0,535.0,-424.0,-107.0,train
12116,8_square,3,24,347.0,142.0,811.0,623.0,464.0,481.0,train
12117,8_square,1,1,711.0,778.0,424.0,483.0,-287.0,-295.0,train
12118,8_square,7,10,469.0,842.0,821.0,204.0,352.0,-638.0,train
12119,8_square,31,67,555.0,845.0,502.0,595.0,-53.0,-250.0,train
12121,8_square,17,8,486.0,214.0,805.0,824.0,319.0,610.0,train
12122,8_square,63,61,236.0,900.0,812.0,404.0,576.0,-496.0,train
12123,8_square,10,23,795.0,786.0,733.0,437.0,-62.0,-349.0,train
12125,8_square,29,5,825.0,501.0,378.0,470.0,-447.0,-31.0,train
12126,8_square,60,22,897.0,285.0,405.0,811.0,-492.0,526.0,train
12127,8_square,25,63,536.0,374.0,400.0,228.0,-136.0,-146.0,train
12128,8_square,65,42,262.0,174.0,204.0,733.0,-58.0,559.0,train
12129,8_square,24,36,728.0,620.0,862.0,724.0,134.0,104.0,train
12130,8_square,19,36,554.0,537.0,860.0,541.0,306.0,4.0,train
12131,8_square,45,37,131.0,731.0,658.0,843.0,527.0,112.0,train
12132,8_square,57,4,892.0,578.0,660.0,785.0,-232.0,207.0,train
12133,8_square,7,57,124.0,188.0,192.0,614.0,68.0,426.0,train
12134,8_square,54,1,107.0,594.0,181.0,660.0,74.0,66.0,train
12136,8_square,54,26,826.0,705.0,351.0,313.0,-475.0,-392.0,train
12137,8_square,42,34,341.0,864.0,444.0,594.0,103.0,-270.0,train
12138,8_square,18,9,229.0,155.0,297.0,739.0,68.0,584.0,train
12139,8_square,55,57,464.0,622.0,107.0,225.0,-357.0,-397.0,train
12140,8_square,45,66,333.0,846.0,291.0,695.0,-42.0,-151.0,train
12141,8_square,23,56,879.0,499.0,399.0,824.0,-480.0,325.0,train
12142,8_square,9,18,650.0,642.0,307.0,755.0,-343.0,113.0,train
12143,8_square,52,45,885.0,461.0,246.0,234.0,-639.0,-227.0,train
12145,8_square,18,50,888.0,723.0,431.0,714.0,-457.0,-9.0,train
12147,8_square,2,52,319.0,879.0,745.0,538.0,426.0,-341.0,train
12148,8_square,19,66,338.0,657.0,688.0,504.0,350.0,-153.0,train
12150,8_square,10,48,310.0,440.0,702.0,830.0,392.0,390.0,train
12151,8_square,31,41,143.0,749.0,855.0,219.0,712.0,-530.0,train
12153,8_square,50,65,558.0,849.0,614.0,347.0,56.0,-502.0,train
12154,8_square,1,36,478.0,601.0,620.0,849.0,142.0,248.0,train
12155,8_square,3,32,372.0,313.0,846.0,657.0,474.0,344.0,train
12156,8_square,60,52,819.0,896.0,276.0,787.0,-543.0,-109.0,train
12157,8_square,40,11,350.0,566.0,129.0,803.0,-221.0,237.0,train
12158,8_square,38,8,652.0,591.0,193.0,781.0,-459.0,190.0,train
12160,8_square,15,29,139.0,482.0,884.0,787.0,745.0,305.0,train
12161,8_square,55,17,893.0,892.0,330.0,681.0,-563.0,-211.0,train
12164,8_square,32,44,758.0,363.0,368.0,271.0,-390.0,-92.0,train
12165,8_square,10,14,454.0,412.0,403.0,305.0,-51.0,-107.0,train
12166,8_square,60,33,210.0,626.0,569.0,877.0,359.0,251.0,train
12167,8_square,24,56,648.0,590.0,296.0,330.0,-352.0,-260.0,train
12168,8_square,28,64,441.0,467.0,455.0,215.0,14.0,-252.0,train
12170,8_square,18,37,590.0,138.0,128.0,167.0,-462.0,29.0,train
12172,8_square,65,60,483.0,568.0,602.0,409.0,119.0,-159.0,train
12173,8_square,4,43,243.0,151.0,330.0,149.0,87.0,-2.0,train
12174,8_square,56,29,753.0,628.0,620.0,820.0,-133.0,192.0,train
12175,8_square,62,17,414.0,716.0,831.0,227.0,417.0,-489.0,train
12176,8_square,33,56,166.0,556.0,139.0,752.0,-27.0,196.0,train
12177,8_square,10,60,517.0,298.0,774.0,611.0,257.0,313.0,train
12179,8_square,15,5,163.0,758.0,320.0,308.0,157.0,-450.0,train
12180,8_square,37,8,168.0,878.0,890.0,887.0,722.0,9.0,train
12181,8_square,1,58,466.0,210.0,229.0,889.0,-237.0,679.0,train
12182,8_square,14,53,675.0,757.0,534.0,492.0,-141.0,-265.0,train
12183,8_square,27,8,191.0,423.0,466.0,663.0,275.0,240.0,train
12184,8_square,61,29,695.0,236.0,156.0,504.0,-539.0,268.0,train
12185,8_square,51,45,201.0,643.0,376.0,622.0,175.0,-21.0,train
12186,8_square,46,17,864.0,862.0,833.0,279.0,-31.0,-583.0,train
12187,8_square,4,43,476.0,126.0,678.0,642.0,202.0,516.0,train
12188,8_square,52,61,675.0,241.0,475.0,711.0,-200.0,470.0,train
12190,8_square,1,68,733.0,446.0,163.0,518.0,-570.0,72.0,train
12191,8_square,15,33,497.0,858.0,347.0,611.0,-150.0,-247.0,train
12194,8_square,30,44,100.0,513.0,321.0,498.0,221.0,-15.0,train
12195,8_square,43,20,719.0,115.0,237.0,833.0,-482.0,718.0,train
12196,8_square,45,39,570.0,871.0,883.0,874.0,313.0,3.0,train
12197,8_square,54,54,200.0,440.0,280.0,411.0,80.0,-29.0,train
12198,8_square,7,43,422.0,735.0,153.0,670.0,-269.0,-65.0,train
12199,8_square,23,50,517.0,150.0,166.0,327.0,-351.0,177.0,train
12200,8_square,1,13,647.0,109.0,140.0,564.0,-507.0,455.0,train
12202,8_square,52,59,674.0,187.0,312.0,485.0,-362.0,298.0,train
12204,8_square,45,55,135.0,371.0,312.0,468.0,177.0,97.0,train
12205,8_square,11,48,422.0,376.0,561.0,612.0,139.0,236.0,train
12206,8_square,42,23,384.0,492.0,658.0,150.0,274.0,-342.0,train
12207,8_square,2,2,890.0,438.0,701.0,597.0,-189.0,159.0,train
12208,8_square,31,57,837.0,601.0,297.0,767.0,-540.0,166.0,train
12210,8_square,16,46,306.0,110.0,365.0,134.0,59.0,24.0,train
12211,8_square,15,0,817.0,847.0,828.0,405.0,11.0,-442.0,train
12212,8_square,23,55,765.0,804.0,536.0,720.0,-229.0,-84.0,train
12213,8_square,55,40,747.0,615.0,361.0,559.0,-386.0,-56.0,train
12214,8_square,50,58,556.0,167.0,858.0,116.0,302.0,-51.0,train
12217,8_square,26,9,592.0,862.0,212.0,573.0,-380.0,-289.0,train
12218,8_square,42,50,771.0,791.0,196.0,656.0,-575.0,-135.0,train
12219,8_square,34,67,564.0,713.0,695.0,772.0,131.0,59.0,train
12220,8_square,24,7,798.0,326.0,799.0,183.0,1.0,-143.0,train
12221,8_square,19,53,436.0,396.0,310.0,117.0,-126.0,-279.0,train
12222,8_square,62,15,472.0,657.0,156.0,899.0,-316.0,242.0,train
12223,8_square,12,64,536.0,322.0,131.0,382.0,-405.0,60.0,train
12224,8_square,16,53,608.0,149.0,559.0,440.0,-49.0,291.0,train
12225,8_square,64,47,386.0,603.0,247.0,817.0,-139.0,214.0,train
12226,8_square,30,2,419.0,562.0,519.0,770.0,100.0,208.0,train
12227,8_square,13,68,381.0,219.0,611.0,183.0,230.0,-36.0,train
12229,8_square,50,39,302.0,692.0,821.0,670.0,519.0,-22.0,train
12230,8_square,7,61,599.0,215.0,776.0,439.0,177.0,224.0,train
12231,8_square,29,45,226.0,492.0,748.0,899.0,522.0,407.0,train
12232,8_square,9,15,614.0,464.0,259.0,389.0,-355.0,-75.0,train
12233,8_square,0,57,324.0,290.0,348.0,303.0,24.0,13.0,train
12235,8_square,26,2,547.0,318.0,701.0,784.0,154.0,466.0,train
12236,8_square,51,9,189.0,454.0,452.0,631.0,263.0,177.0,train
12238,8_square,21,7,302.0,668.0,373.0,673.0,71.0,5.0,train
12239,8_square,30,48,149.0,644.0,395.0,704.0,246.0,60.0,train
12240,8_square,58,38,402.0,885.0,307.0,437.0,-95.0,-448.0,train
12241,8_square,59,16,734.0,645.0,683.0,662.0,-51.0,17.0,train
12242,8_square,8,6,576.0,818.0,571.0,404.0,-5.0,-414.0,train
12244,8_square,40,26,829.0,238.0,638.0,872.0,-191.0,634.0,train
12245,8_square,23,63,677.0,139.0,484.0,147.0,-193.0,8.0,train
12246,8_square,38,6,854.0,171.0,453.0,219.0,-401.0,48.0,train
12247,8_square,66,39,754.0,474.0,451.0,619.0,-303.0,145.0,train
12248,8_square,60,40,546.0,149.0,544.0,352.0,-2.0,203.0,train
12249,8_square,48,60,389.0,213.0,255.0,896.0,-134.0,683.0,train
12250,8_square,47,33,435.0,206.0,593.0,307.0,158.0,101.0,train
12252,8_square,55,34,197.0,584.0,633.0,103.0,436.0,-481.0,train
12253,8_square,50,13,209.0,241.0,869.0,711.0,660.0,470.0,train
12254,8_square,43,28,723.0,468.0,316.0,714.0,-407.0,246.0,train
12256,8_square,51,57,294.0,458.0,323.0,465.0,29.0,7.0,train
12257,8_square,53,4,537.0,713.0,119.0,896.0,-418.0,183.0,train
12259,8_square,26,22,485.0,791.0,565.0,291.0,80.0,-500.0,train
12260,8_square,23,9,806.0,663.0,592.0,224.0,-214.0,-439.0,train
12261,8_square,48,56,251.0,545.0,335.0,319.0,84.0,-226.0,train
12262,8_square,39,37,560.0,370.0,324.0,361.0,-236.0,-9.0,train
12263,8_square,65,32,705.0,186.0,754.0,211.0,49.0,25.0,train
12264,8_square,61,19,643.0,713.0,317.0,803.0,-326.0,90.0,train
12265,8_square,19,44,454.0,791.0,306.0,480.0,-148.0,-311.0,train
12266,8_square,61,9,565.0,160.0,452.0,503.0,-113.0,343.0,train
12268,8_square,62,54,679.0,898.0,519.0,434.0,-160.0,-464.0,train
12269,8_square,35,16,259.0,212.0,630.0,317.0,371.0,105.0,train
12270,8_square,62,57,631.0,152.0,852.0,600.0,221.0,448.0,train
12272,8_square,57,42,790.0,750.0,194.0,780.0,-596.0,30.0,train
12273,8_square,26,15,123.0,794.0,595.0,251.0,472.0,-543.0,train
12274,8_square,23,66,789.0,294.0,632.0,579.0,-157.0,285.0,train
12275,8_square,51,37,477.0,165.0,620.0,223.0,143.0,58.0,train
12276,8_square,21,27,673.0,387.0,537.0,146.0,-136.0,-241.0,train
12278,8_square,9,47,397.0,614.0,728.0,104.0,331.0,-510.0,train
12279,8_square,57,41,743.0,744.0,136.0,559.0,-607.0,-185.0,train
12280,8_square,42,51,541.0,300.0,286.0,837.0,-255.0,537.0,train
12281,8_square,32,51,811.0,232.0,780.0,264.0,-31.0,32.0,train
12282,8_square,29,60,629.0,568.0,549.0,395.0,-80.0,-173.0,train
12283,8_square,55,48,501.0,283.0,457.0,408.0,-44.0,125.0,train
12284,8_square,58,37,575.0,323.0,158.0,776.0,-417.0,453.0,train
12286,8_square,1,54,819.0,131.0,798.0,768.0,-21.0,637.0,train
12287,8_square,58,42,494.0,531.0,725.0,887.0,231.0,356.0,train
12288,8_square,12,15,632.0,751.0,385.0,745.0,-247.0,-6.0,train
12290,8_square,27,53,843.0,557.0,370.0,764.0,-473.0,207.0,train
12291,8_square,39,37,786.0,596.0,313.0,248.0,-473.0,-348.0,train
12293,8_square,0,35,506.0,221.0,453.0,128.0,-53.0,-93.0,train
12294,8_square,64,28,691.0,590.0,425.0,541.0,-266.0,-49.0,train
12295,8_square,43,59,739.0,289.0,710.0,110.0,-29.0,-179.0,train
12296,8_square,38,49,564.0,101.0,127.0,621.0,-437.0,520.0,train
12297,8_square,53,0,422.0,581.0,373.0,813.0,-49.0,232.0,train
12298,8_square,27,66,147.0,196.0,177.0,615.0,30.0,419.0,train
12299,8_square,43,30,219.0,673.0,668.0,796.0,449.0,123.0,train
12302,8_square,68,60,416.0,395.0,613.0,547.0,197.0,152.0,train
12303,8_square,13,34,591.0,354.0,214.0,400.0,-377.0,46.0,train
12304,8_square,25,51,341.0,877.0,585.0,881.0,244.0,4.0,train
12305,8_square,18,53,728.0,823.0,850.0,487.0,122.0,-336.0,train
12306,8_square,62,25,812.0,634.0,674.0,494.0,-138.0,-140.0,train
12307,8_square,23,45,386.0,303.0,565.0,200.0,179.0,-103.0,train
12308,8_square,18,19,640.0,368.0,207.0,853.0,-433.0,485.0,train
12309,8_square,34,15,866.0,307.0,832.0,551.0,-34.0,244.0,train
12310,8_square,7,13,898.0,610.0,841.0,674.0,-57.0,64.0,train
12312,8_square,63,9,331.0,440.0,331.0,119.0,0.0,-321.0,train
12315,8_square,43,17,453.0,596.0,253.0,688.0,-200.0,92.0,train
12317,8_square,55,4,438.0,436.0,670.0,392.0,232.0,-44.0,train
12319,8_square,9,44,377.0,705.0,896.0,834.0,519.0,129.0,train
12320,8_square,58,48,717.0,189.0,699.0,741.0,-18.0,552.0,train
12321,8_square,60,9,642.0,204.0,140.0,420.0,-502.0,216.0,train
12322,8_square,59,47,740.0,366.0,595.0,795.0,-145.0,429.0,train
12323,8_square,60,18,388.0,328.0,462.0,802.0,74.0,474.0,train
12324,8_square,48,67,559.0,778.0,233.0,766.0,-326.0,-12.0,train
12326,8_square,56,68,477.0,179.0,172.0,659.0,-305.0,480.0,train
12327,8_square,7,33,581.0,410.0,367.0,753.0,-214.0,343.0,train
12328,8_square,8,39,478.0,875.0,776.0,147.0,298.0,-728.0,train
12330,8_square,25,61,246.0,484.0,622.0,126.0,376.0,-358.0,train
12332,8_square,54,45,460.0,105.0,314.0,762.0,-146.0,657.0,train
12333,8_square,42,12,700.0,525.0,652.0,425.0,-48.0,-100.0,train
12334,8_square,11,7,831.0,778.0,516.0,239.0,-315.0,-539.0,train
12337,8_square,62,16,374.0,845.0,730.0,595.0,356.0,-250.0,train
12338,8_square,17,48,710.0,193.0,648.0,424.0,-62.0,231.0,train
12339,8_square,47,48,899.0,729.0,618.0,125.0,-281.0,-604.0,train
12340,8_square,43,45,361.0,207.0,495.0,692.0,134.0,485.0,train
12341,8_square,23,11,273.0,454.0,564.0,163.0,291.0,-291.0,train
12342,8_square,67,22,211.0,634.0,356.0,231.0,145.0,-403.0,train
12343,8_square,30,31,615.0,145.0,709.0,312.0,94.0,167.0,train
12344,8_square,60,17,642.0,277.0,694.0,546.0,52.0,269.0,train
12347,8_square,20,28,260.0,868.0,837.0,133.0,577.0,-735.0,train
12349,8_square,33,3,888.0,405.0,272.0,666.0,-616.0,261.0,train
12351,8_square,48,8,754.0,212.0,505.0,393.0,-249.0,181.0,train
12352,8_square,9,62,465.0,589.0,702.0,742.0,237.0,153.0,train
12354,8_square,24,32,855.0,620.0,722.0,443.0,-133.0,-177.0,train
12355,8_square,9,20,871.0,428.0,889.0,426.0,18.0,-2.0,train
12356,8_square,41,4,213.0,396.0,475.0,664.0,262.0,268.0,train
12360,8_square,5,14,737.0,158.0,400.0,190.0,-337.0,32.0,train
12361,8_square,68,21,626.0,595.0,883.0,163.0,257.0,-432.0,train
12362,8_square,64,24,872.0,414.0,476.0,799.0,-396.0,385.0,train
12363,8_square,65,61,361.0,668.0,173.0,409.0,-188.0,-259.0,train
12365,8_square,27,63,335.0,203.0,744.0,857.0,409.0,654.0,train
12367,8_square,64,44,525.0,724.0,195.0,899.0,-330.0,175.0,train
12368,8_square,37,12,147.0,726.0,483.0,425.0,336.0,-301.0,train
12369,8_square,26,9,804.0,310.0,435.0,894.0,-369.0,584.0,train
12372,8_square,22,46,467.0,566.0,602.0,141.0,135.0,-425.0,train
12373,8_square,36,32,226.0,750.0,772.0,814.0,546.0,64.0,train
12375,8_square,50,18,144.0,227.0,147.0,711.0,3.0,484.0,train
12376,8_square,56,64,596.0,527.0,437.0,395.0,-159.0,-132.0,train
12377,8_square,24,29,154.0,597.0,522.0,666.0,368.0,69.0,train
12378,8_square,51,28,786.0,372.0,204.0,378.0,-582.0,6.0,train
12379,8_square,65,45,305.0,248.0,842.0,785.0,537.0,537.0,train
12380,8_square,35,67,285.0,667.0,205.0,630.0,-80.0,-37.0,train
12381,8_square,24,50,513.0,795.0,780.0,456.0,267.0,-339.0,train
12382,8_square,34,39,713.0,593.0,638.0,441.0,-75.0,-152.0,train
12384,8_square,51,24,625.0,655.0,602.0,482.0,-23.0,-173.0,train
12385,8_square,39,32,336.0,303.0,868.0,624.0,532.0,321.0,train
12387,8_square,15,36,256.0,209.0,829.0,505.0,573.0,296.0,train
12388,8_square,38,17,744.0,315.0,521.0,528.0,-223.0,213.0,train
12389,8_square,55,18,406.0,260.0,398.0,545.0,-8.0,285.0,train
12390,8_square,55,5,408.0,128.0,615.0,465.0,207.0,337.0,train
12391,8_square,8,57,883.0,623.0,600.0,204.0,-283.0,-419.0,train
12392,8_square,2,45,866.0,824.0,325.0,481.0,-541.0,-343.0,train
12393,8_square,0,46,378.0,545.0,819.0,841.0,441.0,296.0,train
12394,8_square,20,31,848.0,653.0,415.0,858.0,-433.0,205.0,train
12395,8_square,34,26,591.0,482.0,121.0,723.0,-470.0,241.0,train
12396,8_square,10,55,197.0,526.0,497.0,272.0,300.0,-254.0,train
12397,8_square,19,46,240.0,486.0,491.0,124.0,251.0,-362.0,train
12398,8_square,33,55,193.0,758.0,645.0,650.0,452.0,-108.0,train
12399,8_square,38,48,821.0,443.0,184.0,674.0,-637.0,231.0,train
12400,8_square,56,44,579.0,161.0,107.0,147.0,-472.0,-14.0,train
12401,8_square,17,11,588.0,522.0,864.0,339.0,276.0,-183.0,train
12402,8_square,45,64,207.0,111.0,518.0,100.0,311.0,-11.0,train
12403,8_square,58,60,615.0,437.0,179.0,813.0,-436.0,376.0,train
12405,8_square,3,11,283.0,777.0,821.0,358.0,538.0,-419.0,train
12406,8_square,59,67,610.0,233.0,292.0,186.0,-318.0,-47.0,train
12409,8_square,40,14,419.0,848.0,542.0,617.0,123.0,-231.0,train
12410,8_square,41,33,317.0,181.0,563.0,453.0,246.0,272.0,train
12411,8_square,64,44,555.0,849.0,532.0,586.0,-23.0,-263.0,train
12412,8_square,30,37,417.0,447.0,884.0,773.0,467.0,326.0,train
12413,8_square,43,6,571.0,118.0,598.0,601.0,27.0,483.0,train
12415,8_square,43,11,566.0,602.0,529.0,710.0,-37.0,108.0,train
12416,8_square,14,7,748.0,174.0,599.0,130.0,-149.0,-44.0,train
12417,8_square,54,0,435.0,238.0,871.0,662.0,436.0,424.0,train
12418,8_square,4,42,149.0,395.0,783.0,552.0,634.0,157.0,train
12419,8_square,16,57,127.0,223.0,329.0,417.0,202.0,194.0,train
12420,8_square,42,15,252.0,545.0,760.0,652.0,508.0,107.0,train
12421,8_square,61,68,296.0,623.0,888.0,387.0,592.0,-236.0,train
12423,8_square,49,12,672.0,682.0,490.0,867.0,-182.0,185.0,train
12424,8_square,3,57,494.0,215.0,118.0,560.0,-376.0,345.0,train
12425,8_square,2,30,657.0,735.0,297.0,677.0,-360.0,-58.0,train
12426,8_square,11,63,676.0,340.0,154.0,467.0,-522.0,127.0,train
12427,8_square,53,17,399.0,686.0,547.0,284.0,148.0,-402.0,train
12428,8_square,20,45,606.0,359.0,325.0,343.0,-281.0,-16.0,train
12429,8_square,19,7,136.0,362.0,789.0,521.0,653.0,159.0,train
12430,8_square,4,6,243.0,101.0,246.0,497.0,3.0,396.0,train
12431,8_square,4,50,662.0,238.0,225.0,407.0,-437.0,169.0,train
12432,8_square,24,34,668.0,275.0,242.0,222.0,-426.0,-53.0,train
12433,8_square,38,56,743.0,403.0,666.0,552.0,-77.0,149.0,train
12434,8_square,65,63,142.0,808.0,877.0,260.0,735.0,-548.0,train
12435,8_square,25,43,544.0,303.0,544.0,602.0,0.0,299.0,train
12436,8_square,68,65,622.0,260.0,298.0,473.0,-324.0,213.0,train
12438,8_square,25,61,299.0,443.0,357.0,388.0,58.0,-55.0,train
12439,8_square,68,25,764.0,368.0,439.0,882.0,-325.0,514.0,train
12440,8_square,15,16,604.0,761.0,270.0,496.0,-334.0,-265.0,train
12441,8_square,46,30,882.0,674.0,738.0,679.0,-144.0,5.0,train
12442,8_square,58,14,246.0,802.0,773.0,598.0,527.0,-204.0,train
12443,8_square,41,62,315.0,566.0,793.0,803.0,478.0,237.0,train
12444,8_square,48,21,175.0,594.0,842.0,687.0,667.0,93.0,train
12445,8_square,6,53,176.0,613.0,746.0,793.0,570.0,180.0,train
12446,8_square,61,24,614.0,754.0,202.0,196.0,-412.0,-558.0,train
12447,8_square,19,38,805.0,896.0,449.0,795.0,-356.0,-101.0,train
12448,8_square,0,7,484.0,281.0,287.0,750.0,-197.0,469.0,train
12449,8_square,57,45,682.0,851.0,769.0,782.0,87.0,-69.0,train
12450,8_square,61,17,120.0,627.0,682.0,211.0,562.0,-416.0,train
12451,8_square,50,65,820.0,816.0,139.0,720.0,-681.0,-96.0,train
12453,8_square,46,64,715.0,372.0,533.0,265.0,-182.0,-107.0,train
12454,8_square,34,10,742.0,399.0,102.0,151.0,-640.0,-248.0,train
12455,8_square,22,41,682.0,709.0,430.0,351.0,-252.0,-358.0,train
12456,8_square,25,49,889.0,734.0,162.0,402.0,-727.0,-332.0,train
12457,8_square,29,42,666.0,132.0,712.0,500.0,46.0,368.0,train
12458,8_square,24,60,900.0,777.0,130.0,533.0,-770.0,-244.0,train
12459,8_square,43,37,294.0,258.0,260.0,582.0,-34.0,324.0,train
12460,8_square,49,59,755.0,406.0,778.0,328.0,23.0,-78.0,train
12461,8_square,0,4,888.0,491.0,219.0,238.0,-669.0,-253.0,train
12463,8_square,23,16,398.0,233.0,102.0,100.0,-296.0,-133.0,train
12465,8_square,50,31,260.0,508.0,531.0,487.0,271.0,-21.0,train
12467,8_square,48,51,333.0,706.0,427.0,557.0,94.0,-149.0,train
12468,8_square,38,58,705.0,468.0,359.0,724.0,-346.0,256.0,train
12470,8_square,28,15,493.0,407.0,821.0,216.0,328.0,-191.0,train
12471,8_square,10,37,290.0,365.0,165.0,619.0,-125.0,254.0,train
12472,8_square,42,32,285.0,837.0,738.0,665.0,453.0,-172.0,train
12474,8_square,58,55,574.0,259.0,682.0,264.0,108.0,5.0,train
12476,8_square,34,20,708.0,658.0,292.0,883.0,-416.0,225.0,train
12477,8_square,62,56,254.0,315.0,696.0,476.0,442.0,161.0,train
12479,8_square,31,66,251.0,485.0,890.0,747.0,639.0,262.0,train
12481,8_square,7,43,123.0,489.0,367.0,451.0,244.0,-38.0,train
12482,8_square,11,67,455.0,507.0,711.0,626.0,256.0,119.0,train
12483,8_square,67,2,116.0,422.0,702.0,594.0,586.0,172.0,train
12486,8_square,52,57,730.0,615.0,699.0,352.0,-31.0,-263.0,train
12487,8_square,39,3,321.0,623.0,760.0,399.0,439.0,-224.0,train
12490,8_square,52,34,102.0,842.0,875.0,463.0,773.0,-379.0,train
12491,8_square,29,3,639.0,174.0,870.0,331.0,231.0,157.0,train
12492,8_square,36,19,128.0,897.0,395.0,636.0,267.0,-261.0,train
12493,8_square,29,65,411.0,549.0,828.0,176.0,417.0,-373.0,train
12494,8_square,43,7,468.0,641.0,328.0,411.0,-140.0,-230.0,train
12496,8_square,15,19,823.0,515.0,310.0,124.0,-513.0,-391.0,train
12497,8_square,39,38,328.0,439.0,728.0,123.0,400.0,-316.0,train
12498,8_square,65,18,616.0,855.0,492.0,852.0,-124.0,-3.0,train
12499,8_square,62,33,144.0,363.0,705.0,636.0,561.0,273.0,train
12500,5_square,59,27,694.0,262.0,405.0,879.0,-289.0,617.0,train
12502,5_square,63,6,715.0,587.0,162.0,112.0,-553.0,-475.0,train
12503,5_square,64,18,684.0,445.0,783.0,340.0,99.0,-105.0,train
12504,5_square,32,17,502.0,462.0,266.0,559.0,-236.0,97.0,train
12505,5_square,68,59,732.0,537.0,803.0,466.0,71.0,-71.0,train
12506,5_square,24,0,449.0,865.0,288.0,697.0,-161.0,-168.0,train
12507,5_square,31,25,744.0,247.0,675.0,599.0,-69.0,352.0,train
12508,5_square,23,3,196.0,732.0,736.0,454.0,540.0,-278.0,train
12509,5_square,9,31,745.0,705.0,123.0,548.0,-622.0,-157.0,train
12510,5_square,35,15,221.0,651.0,605.0,187.0,384.0,-464.0,train
12511,5_square,49,66,790.0,138.0,365.0,775.0,-425.0,637.0,train
12513,5_square,22,51,132.0,823.0,105.0,544.0,-27.0,-279.0,train
12514,5_square,46,41,144.0,769.0,891.0,725.0,747.0,-44.0,train
12515,5_square,15,27,459.0,677.0,477.0,564.0,18.0,-113.0,train
12518,5_square,21,18,388.0,599.0,353.0,721.0,-35.0,122.0,train
12520,5_square,22,49,836.0,658.0,885.0,174.0,49.0,-484.0,train
12521,5_square,25,42,881.0,867.0,494.0,289.0,-387.0,-578.0,train
12522,5_square,67,3,782.0,601.0,395.0,761.0,-387.0,160.0,train
12523,5_square,23,6,503.0,838.0,128.0,119.0,-375.0,-719.0,train
12524,5_square,22,26,601.0,719.0,652.0,593.0,51.0,-126.0,train
12527,5_square,47,52,116.0,854.0,547.0,404.0,431.0,-450.0,train
12528,5_square,29,28,285.0,205.0,303.0,424.0,18.0,219.0,train
12529,5_square,44,59,140.0,385.0,728.0,237.0,588.0,-148.0,train
12530,5_square,10,47,210.0,733.0,599.0,102.0,389.0,-631.0,train
12531,5_square,7,39,768.0,665.0,578.0,243.0,-190.0,-422.0,train
12532,5_square,28,41,264.0,685.0,558.0,413.0,294.0,-272.0,train
12533,5_square,19,3,266.0,395.0,154.0,272.0,-112.0,-123.0,train
12535,5_square,42,62,689.0,594.0,839.0,356.0,150.0,-238.0,train
12536,5_square,18,17,309.0,368.0,243.0,532.0,-66.0,164.0,train
12537,5_square,12,66,798.0,899.0,596.0,898.0,-202.0,-1.0,train
12538,5_square,61,47,205.0,253.0,518.0,145.0,313.0,-108.0,train
12539,5_square,29,32,716.0,556.0,220.0,862.0,-496.0,306.0,train
12540,5_square,59,10,658.0,174.0,721.0,292.0,63.0,118.0,train
12541,5_square,51,68,809.0,834.0,134.0,484.0,-675.0,-350.0,train
12544,5_square,2,43,471.0,771.0,358.0,385.0,-113.0,-386.0,train
12545,5_square,32,5,321.0,748.0,605.0,432.0,284.0,-316.0,train
12546,5_square,65,58,430.0,687.0,359.0,506.0,-71.0,-181.0,train
12547,5_square,19,30,236.0,630.0,712.0,670.0,476.0,40.0,train
12548,5_square,25,22,359.0,678.0,532.0,424.0,173.0,-254.0,train
12549,5_square,58,43,777.0,350.0,251.0,741.0,-526.0,391.0,train
12550,5_square,26,3,219.0,327.0,870.0,156.0,651.0,-171.0,train
12551,5_square,4,67,147.0,162.0,127.0,769.0,-20.0,607.0,train
12552,5_square,30,44,275.0,208.0,208.0,325.0,-67.0,117.0,train
12555,5_square,6,20,178.0,811.0,637.0,777.0,459.0,-34.0,train
12556,5_square,46,10,483.0,658.0,657.0,653.0,174.0,-5.0,train
12557,5_square,47,12,689.0,800.0,752.0,816.0,63.0,16.0,train
12559,5_square,47,18,439.0,816.0,241.0,487.0,-198.0,-329.0,train
12560,5_square,45,19,129.0,672.0,530.0,589.0,401.0,-83.0,train
12561,5_square,40,68,506.0,576.0,890.0,499.0,384.0,-77.0,train
12562,5_square,27,59,625.0,850.0,702.0,797.0,77.0,-53.0,train
12563,5_square,16,31,704.0,700.0,516.0,286.0,-188.0,-414.0,train
12564,5_square,62,9,665.0,473.0,889.0,154.0,224.0,-319.0,train
12566,5_square,34,4,780.0,576.0,880.0,242.0,100.0,-334.0,train
12568,5_square,18,56,497.0,525.0,786.0,514.0,289.0,-11.0,train
12569,5_square,19,7,170.0,224.0,407.0,575.0,237.0,351.0,train
12570,5_square,16,19,738.0,214.0,329.0,664.0,-409.0,450.0,train
12571,5_square,46,27,827.0,439.0,236.0,888.0,-591.0,449.0,train
12572,5_square,4,33,844.0,390.0,423.0,871.0,-421.0,481.0,train
12574,5_square,60,19,517.0,638.0,436.0,172.0,-81.0,-466.0,train
12576,5_square,53,40,639.0,661.0,106.0,643.0,-533.0,-18.0,train
12577,5_square,65,57,273.0,407.0,197.0,839.0,-76.0,432.0,train
12580,5_square,1,3,605.0,466.0,486.0,751.0,-119.0,285.0,train
12581,5_square,66,21,334.0,311.0,134.0,414.0,-200.0,103.0,train
12582,5_square,36,9,303.0,743.0,668.0,633.0,365.0,-110.0,train
12583,5_square,12,0,536.0,127.0,164.0,372.0,-372.0,245.0,train
12584,5_square,52,56,212.0,670.0,250.0,124.0,38.0,-546.0,train
12586,5_square,36,15,180.0,357.0,810.0,433.0,630.0,76.0,train
12588,5_square,4,37,169.0,139.0,442.0,679.0,273.0,540.0,train
12589,5_square,5,53,414.0,419.0,881.0,564.0,467.0,145.0,train
12591,5_square,47,11,625.0,115.0,843.0,648.0,218.0,533.0,train
12592,5_square,47,38,763.0,188.0,757.0,774.0,-6.0,586.0,train
12593,5_square,61,61,242.0,769.0,244.0,783.0,2.0,14.0,train
12594,5_square,18,32,842.0,622.0,526.0,175.0,-316.0,-447.0,train
12595,5_square,41,12,735.0,143.0,416.0,675.0,-319.0,532.0,train
12597,5_square,41,47,614.0,513.0,454.0,597.0,-160.0,84.0,train
12598,5_square,58,17,236.0,435.0,528.0,759.0,292.0,324.0,train
12599,5_square,36,55,161.0,774.0,634.0,410.0,473.0,-364.0,train
12601,5_square,14,63,403.0,298.0,660.0,677.0,257.0,379.0,train
12602,5_square,22,46,630.0,582.0,372.0,754.0,-258.0,172.0,train
12603,5_square,39,15,641.0,472.0,377.0,434.0,-264.0,-38.0,train
12604,5_square,23,15,477.0,271.0,585.0,118.0,108.0,-153.0,train
12605,5_square,68,6,407.0,640.0,276.0,555.0,-131.0,-85.0,train
12606,5_square,37,16,251.0,714.0,440.0,799.0,189.0,85.0,train
12607,5_square,57,22,450.0,487.0,851.0,750.0,401.0,263.0,train
12608,5_square,3,23,625.0,496.0,783.0,413.0,158.0,-83.0,train
12609,5_square,4,67,433.0,858.0,386.0,779.0,-47.0,-79.0,train
12610,5_square,25,52,782.0,522.0,159.0,702.0,-623.0,180.0,train
12611,5_square,58,61,341.0,307.0,405.0,110.0,64.0,-197.0,train
12613,5_square,48,63,273.0,801.0,468.0,364.0,195.0,-437.0,train
12614,5_square,38,55,580.0,256.0,114.0,209.0,-466.0,-47.0,train
12615,5_square,43,55,835.0,477.0,448.0,182.0,-387.0,-295.0,train
12616,5_square,26,49,719.0,656.0,156.0,328.0,-563.0,-328.0,train
12618,5_square,56,55,439.0,218.0,693.0,409.0,254.0,191.0,train
12619,5_square,6,62,365.0,737.0,278.0,895.0,-87.0,158.0,train
12620,5_square,42,50,150.0,694.0,530.0,161.0,380.0,-533.0,train
12621,5_square,46,53,747.0,615.0,548.0,388.0,-199.0,-227.0,train
12623,5_square,54,67,172.0,151.0,841.0,261.0,669.0,110.0,train
12625,5_square,39,33,232.0,830.0,505.0,881.0,273.0,51.0,train
12626,5_square,47,56,271.0,109.0,187.0,506.0,-84.0,397.0,train
12628,5_square,57,11,117.0,823.0,641.0,357.0,524.0,-466.0,train
12630,5_square,60,35,645.0,248.0,440.0,258.0,-205.0,10.0,train
12633,5_square,19,60,151.0,548.0,104.0,392.0,-47.0,-156.0,train
12634,5_square,66,19,512.0,818.0,292.0,451.0,-220.0,-367.0,train
12635,5_square,39,61,723.0,720.0,433.0,735.0,-290.0,15.0,train
12637,5_square,7,45,428.0,818.0,507.0,386.0,79.0,-432.0,train
12638,5_square,18,18,585.0,798.0,295.0,268.0,-290.0,-530.0,train
12640,5_square,21,64,207.0,725.0,645.0,653.0,438.0,-72.0,train
12642,5_square,24,61,610.0,595.0,883.0,428.0,273.0,-167.0,train
12643,5_square,1,63,578.0,673.0,120.0,648.0,-458.0,-25.0,train
12644,5_square,26,63,684.0,203.0,457.0,314.0,-227.0,111.0,train
12645,5_square,9,19,795.0,469.0,343.0,880.0,-452.0,411.0,train
12646,5_square,53,0,831.0,352.0,346.0,255.0,-485.0,-97.0,train
12647,5_square,63,10,820.0,114.0,411.0,403.0,-409.0,289.0,train
12648,5_square,0,30,224.0,515.0,608.0,677.0,384.0,162.0,train
12649,5_square,14,58,289.0,230.0,581.0,660.0,292.0,430.0,train
12650,5_square,24,54,646.0,314.0,270.0,830.0,-376.0,516.0,train
12651,5_square,64,15,195.0,712.0,349.0,565.0,154.0,-147.0,train
12653,5_square,0,35,263.0,766.0,260.0,624.0,-3.0,-142.0,train
12654,5_square,8,11,157.0,541.0,730.0,622.0,573.0,81.0,train
12656,5_square,50,6,283.0,186.0,124.0,483.0,-159.0,297.0,train
12657,5_square,62,58,865.0,260.0,135.0,267.0,-730.0,7.0,train
12658,5_square,66,67,343.0,537.0,788.0,636.0,445.0,99.0,train
12659,5_square,36,65,266.0,146.0,441.0,794.0,175.0,648.0,train
12661,5_square,45,12,416.0,631.0,854.0,223.0,438.0,-408.0,train
12662,5_square,65,9,291.0,747.0,811.0,343.0,520.0,-404.0,train
12663,5_square,64,61,717.0,187.0,190.0,155.0,-527.0,-32.0,train
12665,5_square,30,13,840.0,769.0,655.0,497.0,-185.0,-272.0,train
12666,5_square,63,25,370.0,609.0,847.0,699.0,477.0,90.0,train
12667,5_square,14,35,778.0,247.0,712.0,176.0,-66.0,-71.0,train
12668,5_square,65,31,134.0,244.0,661.0,323.0,527.0,79.0,train
12669,5_square,43,54,375.0,536.0,322.0,760.0,-53.0,224.0,train
12670,5_square,32,34,355.0,670.0,270.0,493.0,-85.0,-177.0,train
12672,5_square,11,21,120.0,671.0,195.0,474.0,75.0,-197.0,train
12673,5_square,12,39,845.0,334.0,376.0,389.0,-469.0,55.0,train
12674,5_square,67,11,229.0,267.0,886.0,108.0,657.0,-159.0,train
12675,5_square,15,63,306.0,139.0,317.0,226.0,11.0,87.0,train
12676,5_square,31,13,393.0,341.0,248.0,454.0,-145.0,113.0,train
12677,5_square,55,61,746.0,892.0,212.0,493.0,-534.0,-399.0,train
12678,5_square,5,3,392.0,438.0,611.0,836.0,219.0,398.0,train
12679,5_square,44,23,878.0,246.0,417.0,883.0,-461.0,637.0,train
12680,5_square,20,30,492.0,394.0,182.0,187.0,-310.0,-207.0,train
12681,5_square,60,52,561.0,801.0,874.0,385.0,313.0,-416.0,train
12682,5_square,17,28,341.0,845.0,544.0,120.0,203.0,-725.0,train
12683,5_square,41,59,642.0,614.0,389.0,719.0,-253.0,105.0,train
12684,5_square,44,28,312.0,775.0,565.0,735.0,253.0,-40.0,train
12685,5_square,7,28,609.0,351.0,123.0,620.0,-486.0,269.0,train
12686,5_square,62,32,145.0,847.0,500.0,323.0,355.0,-524.0,train
12687,5_square,27,44,288.0,199.0,362.0,265.0,74.0,66.0,train
12688,5_square,68,42,283.0,135.0,336.0,739.0,53.0,604.0,train
12689,5_square,59,53,254.0,446.0,393.0,600.0,139.0,154.0,train
12690,5_square,62,65,827.0,429.0,595.0,682.0,-232.0,253.0,train
12692,5_square,30,41,602.0,213.0,590.0,385.0,-12.0,172.0,train
12693,5_square,30,61,620.0,838.0,556.0,222.0,-64.0,-616.0,train
12694,5_square,18,54,803.0,899.0,885.0,345.0,82.0,-554.0,train
12696,5_square,3,38,818.0,674.0,617.0,373.0,-201.0,-301.0,train
12697,5_square,51,34,626.0,124.0,647.0,830.0,21.0,706.0,train
12699,5_square,14,4,805.0,856.0,360.0,348.0,-445.0,-508.0,train
12701,5_square,40,26,126.0,478.0,654.0,591.0,528.0,113.0,train
12702,5_square,38,12,717.0,279.0,101.0,318.0,-616.0,39.0,train
12703,5_square,5,57,536.0,107.0,820.0,197.0,284.0,90.0,train
12705,5_square,37,11,820.0,320.0,531.0,110.0,-289.0,-210.0,train
12706,5_square,12,22,813.0,512.0,634.0,646.0,-179.0,134.0,train
12707,5_square,15,3,336.0,415.0,530.0,895.0,194.0,480.0,train
12708,5_square,24,39,448.0,709.0,877.0,421.0,429.0,-288.0,train
12709,5_square,14,7,402.0,895.0,543.0,529.0,141.0,-366.0,train
12710,5_square,9,21,408.0,379.0,284.0,454.0,-124.0,75.0,train
12711,5_square,40,6,621.0,289.0,587.0,390.0,-34.0,101.0,train
12712,5_square,48,68,607.0,820.0,596.0,513.0,-11.0,-307.0,train
12714,5_square,38,27,864.0,199.0,793.0,696.0,-71.0,497.0,train
12716,5_square,52,51,199.0,364.0,200.0,498.0,1.0,134.0,train
12718,5_square,1,66,307.0,763.0,139.0,577.0,-168.0,-186.0,train
12720,5_square,47,47,598.0,787.0,345.0,874.0,-253.0,87.0,train
12722,5_square,16,59,343.0,737.0,401.0,478.0,58.0,-259.0,train
12723,5_square,3,7,479.0,558.0,517.0,834.0,38.0,276.0,train
12724,5_square,10,23,887.0,883.0,511.0,422.0,-376.0,-461.0,train
12725,5_square,13,50,679.0,623.0,217.0,660.0,-462.0,37.0,train
12726,5_square,28,60,508.0,430.0,623.0,874.0,115.0,444.0,train
12727,5_square,3,56,154.0,689.0,109.0,602.0,-45.0,-87.0,train
12728,5_square,5,2,603.0,707.0,271.0,741.0,-332.0,34.0,train
12729,5_square,32,5,324.0,233.0,867.0,507.0,543.0,274.0,train
12730,5_square,54,56,277.0,217.0,846.0,689.0,569.0,472.0,train
12731,5_square,52,62,239.0,311.0,681.0,718.0,442.0,407.0,train
12732,5_square,62,46,433.0,614.0,443.0,782.0,10.0,168.0,train
12733,5_square,12,27,347.0,438.0,582.0,724.0,235.0,286.0,train
12734,5_square,10,17,697.0,131.0,355.0,458.0,-342.0,327.0,train
12735,5_square,52,53,254.0,817.0,481.0,566.0,227.0,-251.0,train
12736,5_square,41,6,669.0,297.0,377.0,124.0,-292.0,-173.0,train
12737,5_square,36,33,183.0,417.0,872.0,693.0,689.0,276.0,train
12738,5_square,7,50,373.0,509.0,589.0,898.0,216.0,389.0,train
12740,5_square,13,37,429.0,853.0,237.0,467.0,-192.0,-386.0,train
12741,5_square,12,5,142.0,216.0,688.0,208.0,546.0,-8.0,train
12742,5_square,63,58,244.0,257.0,155.0,685.0,-89.0,428.0,train
12743,5_square,37,36,744.0,789.0,680.0,395.0,-64.0,-394.0,train
12744,5_square,23,19,232.0,503.0,842.0,454.0,610.0,-49.0,train
12745,5_square,40,37,606.0,516.0,697.0,161.0,91.0,-355.0,train
12746,5_square,3,44,647.0,184.0,767.0,443.0,120.0,259.0,train
12747,5_square,60,67,132.0,546.0,613.0,717.0,481.0,171.0,train
12748,5_square,7,28,516.0,369.0,618.0,740.0,102.0,371.0,train
12749,5_square,46,26,274.0,545.0,474.0,376.0,200.0,-169.0,train
12750,5_square,27,14,605.0,173.0,391.0,622.0,-214.0,449.0,train
12751,5_square,16,67,805.0,613.0,771.0,117.0,-34.0,-496.0,train
12752,5_square,18,57,776.0,660.0,698.0,877.0,-78.0,217.0,train
12753,5_square,5,13,104.0,595.0,112.0,309.0,8.0,-286.0,train
12754,5_square,10,11,429.0,650.0,208.0,381.0,-221.0,-269.0,train
12755,5_square,61,64,724.0,600.0,333.0,814.0,-391.0,214.0,train
12756,5_square,38,39,280.0,648.0,892.0,761.0,612.0,113.0,train
12757,5_square,63,37,204.0,398.0,211.0,438.0,7.0,40.0,train
12759,5_square,9,4,591.0,357.0,544.0,348.0,-47.0,-9.0,train
12760,5_square,43,16,290.0,657.0,571.0,106.0,281.0,-551.0,train
12761,5_square,26,14,171.0,824.0,268.0,174.0,97.0,-650.0,train
12762,5_square,27,60,122.0,665.0,479.0,703.0,357.0,38.0,train
12763,5_square,67,65,767.0,626.0,535.0,705.0,-232.0,79.0,train
12764,5_square,28,59,793.0,592.0,208.0,179.0,-585.0,-413.0,train
12765,5_square,41,38,621.0,222.0,148.0,118.0,-473.0,-104.0,train
12766,5_square,39,15,768.0,615.0,159.0,586.0,-609.0,-29.0,train
12767,5_square,62,37,768.0,501.0,500.0,661.0,-268.0,160.0,train
12768,5_square,49,12,343.0,523.0,283.0,214.0,-60.0,-309.0,train
12769,5_square,40,3,555.0,598.0,456.0,795.0,-99.0,197.0,train
12770,5_square,43,58,634.0,406.0,253.0,339.0,-381.0,-67.0,train
12771,5_square,44,3,556.0,596.0,221.0,434.0,-335.0,-162.0,train
12772,5_square,48,33,642.0,117.0,553.0,289.0,-89.0,172.0,train
12774,5_square,65,53,218.0,838.0,601.0,155.0,383.0,-683.0,train
12776,5_square,46,40,268.0,370.0,839.0,468.0,571.0,98.0,train
12778,5_square,30,42,205.0,743.0,793.0,570.0,588.0,-173.0,train
12779,5_square,68,37,123.0,137.0,650.0,877.0,527.0,740.0,train
12780,5_square,31,15,846.0,669.0,587.0,554.0,-259.0,-115.0,train
12781,5_square,43,7,861.0,666.0,727.0,858.0,-134.0,192.0,train
12782,5_square,38,45,413.0,897.0,830.0,264.0,417.0,-633.0,train
12783,5_square,65,7,880.0,810.0,232.0,359.0,-648.0,-451.0,train
12784,5_square,2,65,175.0,111.0,155.0,595.0,-20.0,484.0,train
12785,5_square,10,60,449.0,759.0,137.0,452.0,-312.0,-307.0,train
12786,5_square,21,18,611.0,590.0,340.0,264.0,-271.0,-326.0,train
12787,5_square,42,17,597.0,893.0,472.0,714.0,-125.0,-179.0,train
12788,5_square,12,30,414.0,191.0,365.0,716.0,-49.0,525.0,train
12789,5_square,5,47,792.0,137.0,535.0,149.0,-257.0,12.0,train
12790,5_square,0,40,405.0,531.0,131.0,106.0,-274.0,-425.0,train
12791,5_square,34,29,731.0,341.0,437.0,794.0,-294.0,453.0,train
12792,5_square,54,46,861.0,268.0,326.0,827.0,-535.0,559.0,train
12794,5_square,3,13,697.0,136.0,828.0,226.0,131.0,90.0,train
12795,5_square,11,25,132.0,212.0,505.0,351.0,373.0,139.0,train
12796,5_square,12,22,845.0,304.0,307.0,212.0,-538.0,-92.0,train
12799,5_square,30,14,594.0,517.0,444.0,819.0,-150.0,302.0,train
12800,5_square,25,46,399.0,651.0,130.0,305.0,-269.0,-346.0,train
12804,5_square,24,37,725.0,278.0,327.0,297.0,-398.0,19.0,train
12805,5_square,42,13,578.0,475.0,192.0,655.0,-386.0,180.0,train
12806,5_square,35,13,137.0,593.0,197.0,629.0,60.0,36.0,train
12807,5_square,52,27,717.0,526.0,864.0,874.0,147.0,348.0,train
12809,5_square,15,37,643.0,819.0,182.0,735.0,-461.0,-84.0,train
12811,5_square,50,12,620.0,134.0,411.0,828.0,-209.0,694.0,train
12812,5_square,59,22,473.0,610.0,664.0,181.0,191.0,-429.0,train
12813,5_square,57,52,862.0,609.0,854.0,557.0,-8.0,-52.0,train
12814,5_square,8,66,899.0,597.0,681.0,653.0,-218.0,56.0,train
12816,5_square,54,57,595.0,874.0,320.0,111.0,-275.0,-763.0,train
12817,5_square,56,7,396.0,171.0,727.0,340.0,331.0,169.0,train
12818,5_square,2,20,509.0,604.0,607.0,480.0,98.0,-124.0,train
12819,5_square,54,60,243.0,193.0,317.0,445.0,74.0,252.0,train
12823,5_square,36,56,138.0,538.0,877.0,394.0,739.0,-144.0,train
12824,5_square,52,0,286.0,127.0,187.0,467.0,-99.0,340.0,train
12825,5_square,25,25,174.0,591.0,745.0,419.0,571.0,-172.0,train
12826,5_square,68,22,639.0,534.0,708.0,756.0,69.0,222.0,train
12828,5_square,39,3,239.0,527.0,287.0,545.0,48.0,18.0,train
12829,5_square,35,16,787.0,408.0,352.0,562.0,-435.0,154.0,train
12830,5_square,64,37,784.0,799.0,439.0,682.0,-345.0,-117.0,train
12831,5_square,15,34,713.0,449.0,835.0,315.0,122.0,-134.0,train
12832,5_square,2,48,113.0,681.0,682.0,722.0,569.0,41.0,train
12834,5_square,38,41,477.0,189.0,515.0,511.0,38.0,322.0,train
12836,5_square,14,33,252.0,654.0,126.0,128.0,-126.0,-526.0,train
12837,5_square,57,52,148.0,715.0,322.0,669.0,174.0,-46.0,train
12838,5_square,52,29,557.0,224.0,292.0,255.0,-265.0,31.0,train
12839,5_square,33,6,191.0,682.0,569.0,291.0,378.0,-391.0,train
12840,5_square,61,41,493.0,811.0,103.0,645.0,-390.0,-166.0,train
12842,5_square,35,3,166.0,318.0,132.0,381.0,-34.0,63.0,train
12843,5_square,47,37,832.0,426.0,166.0,777.0,-666.0,351.0,train
12844,5_square,60,35,482.0,420.0,803.0,845.0,321.0,425.0,train
12846,5_square,18,5,424.0,368.0,761.0,729.0,337.0,361.0,train
12847,5_square,53,10,133.0,511.0,331.0,288.0,198.0,-223.0,train
12848,5_square,20,52,153.0,304.0,256.0,148.0,103.0,-156.0,train
12849,5_square,18,6,235.0,436.0,723.0,357.0,488.0,-79.0,train
12850,5_square,63,63,690.0,366.0,164.0,257.0,-526.0,-109.0,train
12851,5_square,12,68,458.0,790.0,134.0,417.0,-324.0,-373.0,train
12854,5_square,62,33,640.0,866.0,142.0,722.0,-498.0,-144.0,train
12855,5_square,30,30,705.0,222.0,667.0,731.0,-38.0,509.0,train
12856,5_square,39,51,204.0,592.0,844.0,818.0,640.0,226.0,train
12857,5_square,58,62,130.0,857.0,865.0,772.0,735.0,-85.0,train
12858,5_square,31,14,203.0,250.0,110.0,755.0,-93.0,505.0,train
12859,5_square,9,37,534.0,617.0,880.0,296.0,346.0,-321.0,train
12861,5_square,58,40,136.0,631.0,517.0,638.0,381.0,7.0,train
12863,5_square,43,47,528.0,707.0,732.0,427.0,204.0,-280.0,train
12864,5_square,6,42,432.0,290.0,397.0,107.0,-35.0,-183.0,train
12865,5_square,18,30,860.0,266.0,269.0,873.0,-591.0,607.0,train
12866,5_square,34,1,258.0,547.0,485.0,898.0,227.0,351.0,train
12867,5_square,56,16,897.0,605.0,845.0,742.0,-52.0,137.0,train
12868,5_square,52,13,158.0,757.0,593.0,748.0,435.0,-9.0,train
12869,5_square,67,57,562.0,419.0,667.0,393.0,105.0,-26.0,train
12870,5_square,62,26,833.0,696.0,679.0,437.0,-154.0,-259.0,train
12871,5_square,47,6,253.0,694.0,727.0,662.0,474.0,-32.0,train
12872,5_square,7,62,237.0,588.0,844.0,382.0,607.0,-206.0,train
12873,5_square,34,21,355.0,323.0,232.0,504.0,-123.0,181.0,train
12874,5_square,54,62,158.0,152.0,693.0,317.0,535.0,165.0,train
12875,5_square,65,68,653.0,481.0,800.0,695.0,147.0,214.0,train
12876,5_square,4,23,464.0,516.0,129.0,355.0,-335.0,-161.0,train
12877,5_square,47,32,210.0,386.0,807.0,285.0,597.0,-101.0,train
12878,5_square,23,45,805.0,230.0,566.0,127.0,-239.0,-103.0,train
12879,5_square,21,33,271.0,526.0,152.0,193.0,-119.0,-333.0,train
12880,5_square,45,39,480.0,660.0,892.0,886.0,412.0,226.0,train
12882,5_square,50,15,133.0,825.0,476.0,899.0,343.0,74.0,train
12883,5_square,52,66,355.0,452.0,168.0,804.0,-187.0,352.0,train
12885,5_square,54,36,481.0,671.0,563.0,608.0,82.0,-63.0,train
12887,5_square,45,59,155.0,208.0,643.0,531.0,488.0,323.0,train
12888,5_square,17,27,751.0,279.0,464.0,189.0,-287.0,-90.0,train
12890,5_square,41,47,402.0,818.0,279.0,891.0,-123.0,73.0,train
12891,5_square,59,68,396.0,437.0,535.0,808.0,139.0,371.0,train
12893,5_square,64,46,168.0,173.0,143.0,214.0,-25.0,41.0,train
12894,5_square,53,38,315.0,138.0,171.0,767.0,-144.0,629.0,train
12895,5_square,51,1,137.0,713.0,891.0,177.0,754.0,-536.0,train
12898,5_square,38,22,664.0,405.0,258.0,469.0,-406.0,64.0,train
12899,5_square,50,29,267.0,749.0,639.0,891.0,372.0,142.0,train
12900,5_square,22,9,564.0,381.0,268.0,483.0,-296.0,102.0,train
12905,5_square,56,47,384.0,684.0,142.0,683.0,-242.0,-1.0,train
12906,5_square,11,30,558.0,689.0,344.0,273.0,-214.0,-416.0,train
12907,5_square,27,60,478.0,442.0,611.0,397.0,133.0,-45.0,train
12908,5_square,31,65,359.0,567.0,702.0,179.0,343.0,-388.0,train
12909,5_square,58,27,575.0,799.0,850.0,104.0,275.0,-695.0,train
12910,5_square,17,45,156.0,844.0,135.0,602.0,-21.0,-242.0,train
12912,5_square,28,13,392.0,644.0,404.0,728.0,12.0,84.0,train
12914,5_square,35,20,730.0,301.0,288.0,852.0,-442.0,551.0,train
12915,5_square,34,16,783.0,508.0,219.0,773.0,-564.0,265.0,train
12917,5_square,36,46,556.0,769.0,747.0,697.0,191.0,-72.0,train
12919,5_square,62,2,164.0,774.0,474.0,603.0,310.0,-171.0,train
12920,5_square,42,1,655.0,621.0,873.0,447.0,218.0,-174.0,train
12921,5_square,35,16,782.0,549.0,842.0,115.0,60.0,-434.0,train
12922,5_square,27,50,821.0,348.0,486.0,526.0,-335.0,178.0,train
12923,5_square,8,49,636.0,160.0,602.0,612.0,-34.0,452.0,train
12924,5_square,33,17,324.0,263.0,186.0,834.0,-138.0,571.0,train
12925,5_square,31,48,537.0,499.0,590.0,696.0,53.0,197.0,train
12926,5_square,12,28,107.0,706.0,282.0,294.0,175.0,-412.0,train
12928,5_square,7,8,281.0,496.0,367.0,151.0,86.0,-345.0,train
12929,5_square,21,0,300.0,881.0,389.0,315.0,89.0,-566.0,train
12930,5_square,12,6,489.0,386.0,598.0,175.0,109.0,-211.0,train
12931,5_square,17,50,646.0,191.0,845.0,630.0,199.0,439.0,train
12933,5_square,47,36,859.0,777.0,106.0,576.0,-753.0,-201.0,train
12934,5_square,60,44,571.0,704.0,232.0,116.0,-339.0,-588.0,train
12935,5_square,24,37,696.0,847.0,224.0,384.0,-472.0,-463.0,train
12936,5_square,43,30,265.0,209.0,687.0,229.0,422.0,20.0,train
12938,5_square,10,32,356.0,772.0,795.0,126.0,439.0,-646.0,train
12940,5_square,17,55,755.0,696.0,646.0,472.0,-109.0,-224.0,train
12941,5_square,59,36,344.0,789.0,111.0,588.0,-233.0,-201.0,train
12942,5_square,11,34,263.0,775.0,377.0,642.0,114.0,-133.0,train
12943,5_square,65,9,698.0,480.0,381.0,361.0,-317.0,-119.0,train
12944,5_square,57,61,213.0,724.0,539.0,734.0,326.0,10.0,train
12945,5_square,15,58,226.0,773.0,727.0,278.0,501.0,-495.0,train
12947,5_square,6,38,707.0,186.0,235.0,122.0,-472.0,-64.0,train
12948,5_square,4,33,897.0,195.0,186.0,851.0,-711.0,656.0,train
12949,5_square,53,27,139.0,397.0,583.0,773.0,444.0,376.0,train
12950,5_square,14,66,560.0,692.0,246.0,540.0,-314.0,-152.0,train
12951,5_square,36,22,311.0,648.0,862.0,351.0,551.0,-297.0,train
12952,5_square,49,35,197.0,490.0,893.0,432.0,696.0,-58.0,train
12953,5_square,39,0,233.0,343.0,609.0,371.0,376.0,28.0,train
12954,5_square,58,19,148.0,598.0,586.0,276.0,438.0,-322.0,train
12955,5_square,6,22,863.0,185.0,104.0,122.0,-759.0,-63.0,train
12957,5_square,14,1,875.0,828.0,843.0,252.0,-32.0,-576.0,train
12961,5_square,34,15,108.0,877.0,587.0,293.0,479.0,-584.0,train
12962,5_square,24,6,485.0,121.0,370.0,790.0,-115.0,669.0,train
12963,5_square,43,23,209.0,894.0,872.0,731.0,663.0,-163.0,train
12964,5_square,36,66,677.0,103.0,228.0,804.0,-449.0,701.0,train
12965,5_square,18,6,287.0,297.0,396.0,630.0,109.0,333.0,train
12966,5_square,65,29,741.0,441.0,636.0,307.0,-105.0,-134.0,train
12967,5_square,1,34,403.0,398.0,336.0,426.0,-67.0,28.0,train
12968,5_square,50,28,810.0,334.0,292.0,708.0,-518.0,374.0,train
12969,5_square,3,18,770.0,175.0,444.0,158.0,-326.0,-17.0,train
12971,5_square,60,26,282.0,721.0,543.0,437.0,261.0,-284.0,train
12972,5_square,5,68,217.0,414.0,355.0,750.0,138.0,336.0,train
12973,5_square,47,58,336.0,612.0,210.0,637.0,-126.0,25.0,train
12974,5_square,0,5,513.0,840.0,497.0,511.0,-16.0,-329.0,train
12975,5_square,4,52,716.0,785.0,365.0,482.0,-351.0,-303.0,train
12976,5_square,41,48,645.0,675.0,107.0,228.0,-538.0,-447.0,train
12977,5_square,48,64,586.0,717.0,245.0,864.0,-341.0,147.0,train
12978,5_square,36,15,813.0,319.0,646.0,658.0,-167.0,339.0,train
12979,5_square,26,56,610.0,893.0,861.0,621.0,251.0,-272.0,train
12980,5_square,29,62,128.0,413.0,863.0,202.0,735.0,-211.0,train
12981,5_square,63,34,661.0,708.0,132.0,677.0,-529.0,-31.0,train
12983,5_square,47,59,373.0,748.0,254.0,120.0,-119.0,-628.0,train
12984,5_square,5,38,142.0,720.0,561.0,141.0,419.0,-579.0,train
12985,5_square,37,66,531.0,161.0,253.0,349.0,-278.0,188.0,train
12986,5_square,61,22,783.0,833.0,407.0,490.0,-376.0,-343.0,train
12987,5_square,37,11,172.0,337.0,317.0,474.0,145.0,137.0,train
12988,5_square,7,67,501.0,113.0,492.0,459.0,-9.0,346.0,train
12989,5_square,16,52,526.0,304.0,340.0,799.0,-186.0,495.0,train
12990,5_square,25,28,138.0,424.0,629.0,133.0,491.0,-291.0,train
12991,5_square,23,12,748.0,250.0,671.0,551.0,-77.0,301.0,train
12992,5_square,32,51,163.0,625.0,491.0,613.0,328.0,-12.0,train
12994,5_square,39,21,609.0,516.0,508.0,360.0,-101.0,-156.0,train
12995,5_square,6,9,517.0,193.0,118.0,198.0,-399.0,5.0,train
12996,5_square,14,17,357.0,724.0,672.0,884.0,315.0,160.0,train
12997,5_square,7,18,567.0,448.0,492.0,364.0,-75.0,-84.0,train
12999,5_square,4,14,689.0,836.0,404.0,745.0,-285.0,-91.0,train
13000,27_square,68,3,811.0,270.0,585.0,679.0,-226.0,409.0,train
13002,27_square,6,21,656.0,167.0,718.0,491.0,62.0,324.0,train
13003,27_square,51,22,522.0,600.0,490.0,697.0,-32.0,97.0,train
13004,27_square,46,25,384.0,392.0,344.0,465.0,-40.0,73.0,train
13006,27_square,58,49,822.0,118.0,302.0,540.0,-520.0,422.0,train
13007,27_square,39,44,679.0,391.0,333.0,801.0,-346.0,410.0,train
13008,27_square,64,14,767.0,428.0,391.0,261.0,-376.0,-167.0,train
13011,27_square,22,37,399.0,156.0,489.0,416.0,90.0,260.0,train
13012,27_square,39,4,851.0,736.0,633.0,252.0,-218.0,-484.0,train
13013,27_square,13,47,887.0,593.0,588.0,172.0,-299.0,-421.0,train
13014,27_square,17,63,191.0,847.0,723.0,560.0,532.0,-287.0,train
13015,27_square,21,19,157.0,822.0,245.0,644.0,88.0,-178.0,train
13016,27_square,41,46,416.0,840.0,265.0,821.0,-151.0,-19.0,train
13017,27_square,50,57,105.0,333.0,209.0,112.0,104.0,-221.0,train
13018,27_square,38,54,769.0,373.0,542.0,661.0,-227.0,288.0,train
13020,27_square,62,22,385.0,400.0,498.0,231.0,113.0,-169.0,train
13021,27_square,21,1,811.0,387.0,581.0,231.0,-230.0,-156.0,train
13022,27_square,12,55,106.0,167.0,669.0,765.0,563.0,598.0,train
13023,27_square,49,58,372.0,482.0,446.0,134.0,74.0,-348.0,train
13024,27_square,0,16,755.0,685.0,238.0,110.0,-517.0,-575.0,train
13025,27_square,66,23,554.0,311.0,643.0,303.0,89.0,-8.0,train
13026,27_square,2,59,337.0,616.0,613.0,804.0,276.0,188.0,train
13028,27_square,7,49,546.0,480.0,323.0,719.0,-223.0,239.0,train
13029,27_square,10,31,789.0,663.0,783.0,367.0,-6.0,-296.0,train
13030,27_square,32,68,757.0,751.0,196.0,164.0,-561.0,-587.0,train
13031,27_square,11,53,389.0,519.0,704.0,580.0,315.0,61.0,train
13032,27_square,20,9,807.0,876.0,769.0,497.0,-38.0,-379.0,train
13035,27_square,0,66,778.0,456.0,248.0,309.0,-530.0,-147.0,train
13036,27_square,4,66,748.0,766.0,744.0,262.0,-4.0,-504.0,train
13037,27_square,18,7,200.0,132.0,208.0,689.0,8.0,557.0,train
13038,27_square,59,59,304.0,469.0,165.0,132.0,-139.0,-337.0,train
13039,27_square,24,63,117.0,764.0,377.0,580.0,260.0,-184.0,train
13041,27_square,31,50,406.0,268.0,792.0,802.0,386.0,534.0,train
13042,27_square,34,60,598.0,590.0,539.0,133.0,-59.0,-457.0,train
13043,27_square,9,44,462.0,303.0,536.0,330.0,74.0,27.0,train
13044,27_square,30,30,247.0,423.0,157.0,387.0,-90.0,-36.0,train
13046,27_square,54,10,787.0,142.0,515.0,132.0,-272.0,-10.0,train
13047,27_square,40,50,361.0,611.0,137.0,453.0,-224.0,-158.0,train
13048,27_square,3,15,633.0,108.0,865.0,808.0,232.0,700.0,train
13049,27_square,26,67,627.0,708.0,199.0,856.0,-428.0,148.0,train
13050,27_square,35,61,540.0,647.0,194.0,129.0,-346.0,-518.0,train
13053,27_square,25,25,789.0,615.0,168.0,643.0,-621.0,28.0,train
13054,27_square,23,66,189.0,636.0,101.0,769.0,-88.0,133.0,train
13057,27_square,18,28,170.0,267.0,234.0,150.0,64.0,-117.0,train
13058,27_square,35,2,277.0,131.0,136.0,382.0,-141.0,251.0,train
13059,27_square,42,36,724.0,593.0,115.0,818.0,-609.0,225.0,train
13060,27_square,31,47,343.0,632.0,195.0,696.0,-148.0,64.0,train
13061,27_square,46,15,244.0,383.0,333.0,544.0,89.0,161.0,train
13062,27_square,9,27,299.0,373.0,825.0,858.0,526.0,485.0,train
13063,27_square,48,26,295.0,497.0,465.0,224.0,170.0,-273.0,train
13065,27_square,44,39,376.0,194.0,828.0,186.0,452.0,-8.0,train
13066,27_square,32,48,262.0,879.0,353.0,886.0,91.0,7.0,train
13067,27_square,17,42,165.0,207.0,889.0,797.0,724.0,590.0,train
13068,27_square,35,52,873.0,134.0,823.0,739.0,-50.0,605.0,train
13069,27_square,46,12,605.0,202.0,469.0,399.0,-136.0,197.0,train
13070,27_square,58,33,405.0,331.0,677.0,392.0,272.0,61.0,train
13071,27_square,47,38,599.0,572.0,387.0,706.0,-212.0,134.0,train
13072,27_square,24,18,149.0,698.0,750.0,713.0,601.0,15.0,train
13073,27_square,6,35,784.0,370.0,420.0,778.0,-364.0,408.0,train
13074,27_square,31,2,259.0,492.0,265.0,409.0,6.0,-83.0,train
13075,27_square,46,0,678.0,672.0,602.0,209.0,-76.0,-463.0,train
13076,27_square,0,19,861.0,323.0,354.0,742.0,-507.0,419.0,train
13079,27_square,3,44,182.0,567.0,745.0,732.0,563.0,165.0,train
13081,27_square,51,27,572.0,651.0,768.0,861.0,196.0,210.0,train
13084,27_square,14,26,359.0,331.0,385.0,714.0,26.0,383.0,train
13085,27_square,45,49,523.0,727.0,175.0,885.0,-348.0,158.0,train
13086,27_square,67,46,182.0,184.0,301.0,221.0,119.0,37.0,train
13088,27_square,7,63,694.0,379.0,600.0,363.0,-94.0,-16.0,train
13091,27_square,53,51,546.0,838.0,377.0,852.0,-169.0,14.0,train
13092,27_square,39,0,832.0,300.0,706.0,862.0,-126.0,562.0,train
13093,27_square,49,40,736.0,439.0,413.0,615.0,-323.0,176.0,train
13094,27_square,35,23,262.0,677.0,132.0,546.0,-130.0,-131.0,train
13096,27_square,31,54,632.0,900.0,252.0,419.0,-380.0,-481.0,train
13097,27_square,48,32,760.0,882.0,661.0,236.0,-99.0,-646.0,train
13098,27_square,0,59,539.0,385.0,233.0,715.0,-306.0,330.0,train
13099,27_square,0,59,675.0,122.0,237.0,429.0,-438.0,307.0,train
13100,27_square,49,19,344.0,422.0,302.0,647.0,-42.0,225.0,train
13102,27_square,57,39,609.0,178.0,359.0,437.0,-250.0,259.0,train
13103,27_square,2,2,481.0,323.0,542.0,392.0,61.0,69.0,train
13104,27_square,1,3,346.0,425.0,619.0,819.0,273.0,394.0,train
13105,27_square,63,11,815.0,153.0,882.0,761.0,67.0,608.0,train
13106,27_square,48,9,662.0,182.0,592.0,470.0,-70.0,288.0,train
13109,27_square,17,35,300.0,578.0,651.0,390.0,351.0,-188.0,train
13110,27_square,65,13,482.0,370.0,843.0,626.0,361.0,256.0,train
13111,27_square,68,25,294.0,810.0,146.0,454.0,-148.0,-356.0,train
13113,27_square,55,40,670.0,757.0,329.0,277.0,-341.0,-480.0,train
13114,27_square,22,19,873.0,507.0,616.0,675.0,-257.0,168.0,train
13116,27_square,26,39,855.0,485.0,226.0,576.0,-629.0,91.0,train
13117,27_square,66,37,889.0,446.0,271.0,221.0,-618.0,-225.0,train
13118,27_square,23,22,129.0,765.0,733.0,417.0,604.0,-348.0,train
13119,27_square,0,64,461.0,595.0,261.0,551.0,-200.0,-44.0,train
13124,27_square,65,43,397.0,565.0,449.0,377.0,52.0,-188.0,train
13125,27_square,65,44,549.0,450.0,733.0,180.0,184.0,-270.0,train
13126,27_square,8,47,387.0,198.0,465.0,590.0,78.0,392.0,train
13128,27_square,30,68,313.0,566.0,141.0,256.0,-172.0,-310.0,train
13129,27_square,51,8,730.0,197.0,343.0,244.0,-387.0,47.0,train
13130,27_square,25,23,228.0,867.0,361.0,287.0,133.0,-580.0,train
13132,27_square,45,45,189.0,585.0,127.0,734.0,-62.0,149.0,train
13133,27_square,54,8,107.0,202.0,711.0,320.0,604.0,118.0,train
13134,27_square,56,2,632.0,790.0,397.0,367.0,-235.0,-423.0,train
13135,27_square,29,45,552.0,803.0,684.0,300.0,132.0,-503.0,train
13136,27_square,46,47,126.0,750.0,194.0,784.0,68.0,34.0,train
13138,27_square,33,35,597.0,738.0,563.0,154.0,-34.0,-584.0,train
13139,27_square,67,41,198.0,376.0,193.0,291.0,-5.0,-85.0,train
13140,27_square,26,55,832.0,149.0,585.0,777.0,-247.0,628.0,train
13141,27_square,48,56,803.0,717.0,383.0,473.0,-420.0,-244.0,train
13142,27_square,1,39,477.0,520.0,490.0,838.0,13.0,318.0,train
13143,27_square,3,38,419.0,686.0,220.0,144.0,-199.0,-542.0,train
13144,27_square,67,15,656.0,568.0,105.0,227.0,-551.0,-341.0,train
13146,27_square,50,13,299.0,695.0,584.0,535.0,285.0,-160.0,train
13148,27_square,27,52,657.0,630.0,790.0,899.0,133.0,269.0,train
13149,27_square,19,11,705.0,814.0,358.0,737.0,-347.0,-77.0,train
13150,27_square,65,68,106.0,532.0,123.0,764.0,17.0,232.0,train
13151,27_square,68,25,289.0,439.0,453.0,668.0,164.0,229.0,train
13152,27_square,7,45,570.0,316.0,293.0,837.0,-277.0,521.0,train
13153,27_square,59,15,139.0,870.0,848.0,830.0,709.0,-40.0,train
13155,27_square,37,46,893.0,249.0,348.0,604.0,-545.0,355.0,train
13156,27_square,62,5,667.0,623.0,572.0,423.0,-95.0,-200.0,train
13157,27_square,48,61,426.0,125.0,521.0,239.0,95.0,114.0,train
13158,27_square,29,49,280.0,453.0,576.0,113.0,296.0,-340.0,train
13159,27_square,20,49,735.0,893.0,647.0,648.0,-88.0,-245.0,train
13160,27_square,48,33,192.0,298.0,739.0,340.0,547.0,42.0,train
13161,27_square,3,36,538.0,196.0,506.0,479.0,-32.0,283.0,train
13162,27_square,9,29,112.0,295.0,394.0,413.0,282.0,118.0,train
13164,27_square,50,24,523.0,666.0,238.0,307.0,-285.0,-359.0,train
13165,27_square,18,35,852.0,562.0,129.0,429.0,-723.0,-133.0,train
13166,27_square,28,32,554.0,377.0,668.0,419.0,114.0,42.0,train
13167,27_square,38,12,255.0,779.0,598.0,323.0,343.0,-456.0,train
13168,27_square,9,22,676.0,771.0,262.0,705.0,-414.0,-66.0,train
13169,27_square,14,68,880.0,630.0,151.0,787.0,-729.0,157.0,train
13172,27_square,64,31,454.0,577.0,389.0,122.0,-65.0,-455.0,train
13173,27_square,55,27,643.0,466.0,270.0,602.0,-373.0,136.0,train
13174,27_square,54,43,719.0,771.0,595.0,287.0,-124.0,-484.0,train
13175,27_square,46,13,494.0,775.0,385.0,306.0,-109.0,-469.0,train
13176,27_square,24,28,355.0,146.0,729.0,210.0,374.0,64.0,train
13177,27_square,57,62,306.0,137.0,656.0,509.0,350.0,372.0,train
13178,27_square,37,30,325.0,334.0,752.0,176.0,427.0,-158.0,train
13179,27_square,55,16,571.0,425.0,526.0,360.0,-45.0,-65.0,train
13181,27_square,39,64,552.0,244.0,142.0,133.0,-410.0,-111.0,train
13182,27_square,46,68,500.0,842.0,335.0,576.0,-165.0,-266.0,train
13183,27_square,49,39,536.0,197.0,871.0,863.0,335.0,666.0,train
13184,27_square,29,28,667.0,804.0,530.0,630.0,-137.0,-174.0,train
13185,27_square,55,56,859.0,167.0,255.0,860.0,-604.0,693.0,train
13186,27_square,8,24,630.0,336.0,620.0,316.0,-10.0,-20.0,train
13187,27_square,55,36,638.0,348.0,429.0,631.0,-209.0,283.0,train
13188,27_square,18,14,205.0,724.0,721.0,253.0,516.0,-471.0,train
13189,27_square,26,2,806.0,267.0,473.0,822.0,-333.0,555.0,train
13191,27_square,3,33,814.0,234.0,784.0,607.0,-30.0,373.0,train
13192,27_square,11,12,768.0,445.0,587.0,589.0,-181.0,144.0,train
13193,27_square,33,29,470.0,702.0,107.0,314.0,-363.0,-388.0,train
13194,27_square,0,62,674.0,557.0,495.0,836.0,-179.0,279.0,train
13195,27_square,36,56,187.0,672.0,179.0,278.0,-8.0,-394.0,train
13196,27_square,40,0,504.0,161.0,514.0,750.0,10.0,589.0,train
13197,27_square,45,49,814.0,349.0,675.0,757.0,-139.0,408.0,train
13198,27_square,20,25,746.0,768.0,319.0,117.0,-427.0,-651.0,train
13200,27_square,34,34,555.0,329.0,763.0,208.0,208.0,-121.0,train
13201,27_square,26,15,237.0,128.0,313.0,231.0,76.0,103.0,train
13202,27_square,13,60,261.0,846.0,527.0,498.0,266.0,-348.0,train
13206,27_square,1,59,269.0,702.0,341.0,156.0,72.0,-546.0,train
13207,27_square,16,1,220.0,353.0,762.0,321.0,542.0,-32.0,train
13208,27_square,8,60,729.0,294.0,315.0,421.0,-414.0,127.0,train
13210,27_square,61,39,641.0,294.0,397.0,701.0,-244.0,407.0,train
13211,27_square,0,15,116.0,355.0,596.0,341.0,480.0,-14.0,train
13213,27_square,66,35,544.0,839.0,241.0,400.0,-303.0,-439.0,train
13214,27_square,24,62,178.0,299.0,350.0,900.0,172.0,601.0,train
13215,27_square,63,46,281.0,744.0,256.0,887.0,-25.0,143.0,train
13216,27_square,38,46,372.0,237.0,761.0,321.0,389.0,84.0,train
13217,27_square,15,30,259.0,546.0,400.0,804.0,141.0,258.0,train
13219,27_square,64,55,534.0,688.0,503.0,454.0,-31.0,-234.0,train
13221,27_square,27,52,491.0,495.0,740.0,272.0,249.0,-223.0,train
13222,27_square,68,1,201.0,442.0,159.0,204.0,-42.0,-238.0,train
13223,27_square,12,8,156.0,658.0,526.0,459.0,370.0,-199.0,train
13224,27_square,1,9,467.0,467.0,829.0,705.0,362.0,238.0,train
13225,27_square,37,62,126.0,238.0,257.0,380.0,131.0,142.0,train
13226,27_square,40,47,134.0,441.0,419.0,691.0,285.0,250.0,train
13227,27_square,46,43,884.0,397.0,576.0,393.0,-308.0,-4.0,train
13228,27_square,63,25,700.0,284.0,603.0,341.0,-97.0,57.0,train
13229,27_square,54,20,611.0,554.0,152.0,642.0,-459.0,88.0,train
13230,27_square,30,67,505.0,309.0,741.0,845.0,236.0,536.0,train
13231,27_square,60,54,611.0,837.0,203.0,613.0,-408.0,-224.0,train
13234,27_square,20,43,428.0,286.0,419.0,467.0,-9.0,181.0,train
13235,27_square,1,58,210.0,697.0,753.0,299.0,543.0,-398.0,train
13237,27_square,9,40,491.0,638.0,697.0,284.0,206.0,-354.0,train
13239,27_square,20,11,755.0,542.0,173.0,530.0,-582.0,-12.0,train
13240,27_square,63,11,190.0,117.0,663.0,664.0,473.0,547.0,train
13241,27_square,56,56,499.0,216.0,217.0,424.0,-282.0,208.0,train
13242,27_square,18,51,332.0,419.0,215.0,568.0,-117.0,149.0,train
13243,27_square,17,0,146.0,419.0,581.0,509.0,435.0,90.0,train
13244,27_square,65,19,174.0,310.0,254.0,769.0,80.0,459.0,train
13245,27_square,20,4,562.0,495.0,517.0,771.0,-45.0,276.0,train
13246,27_square,2,59,486.0,226.0,195.0,277.0,-291.0,51.0,train
13247,27_square,51,13,670.0,637.0,217.0,337.0,-453.0,-300.0,train
13248,27_square,31,56,171.0,577.0,649.0,273.0,478.0,-304.0,train
13249,27_square,36,15,300.0,219.0,215.0,631.0,-85.0,412.0,train
13250,27_square,3,55,386.0,449.0,473.0,861.0,87.0,412.0,train
13251,27_square,57,56,332.0,649.0,661.0,667.0,329.0,18.0,train
13255,27_square,20,58,334.0,504.0,616.0,641.0,282.0,137.0,train
13256,27_square,26,28,242.0,424.0,893.0,382.0,651.0,-42.0,train
13257,27_square,26,46,208.0,879.0,347.0,602.0,139.0,-277.0,train
13258,27_square,28,31,306.0,765.0,613.0,852.0,307.0,87.0,train
13259,27_square,50,10,451.0,559.0,336.0,609.0,-115.0,50.0,train
13260,27_square,5,60,457.0,483.0,573.0,275.0,116.0,-208.0,train
13261,27_square,32,24,494.0,649.0,470.0,449.0,-24.0,-200.0,train
13262,27_square,64,1,740.0,746.0,528.0,395.0,-212.0,-351.0,train
13263,27_square,42,4,138.0,801.0,821.0,119.0,683.0,-682.0,train
13264,27_square,48,15,506.0,790.0,391.0,303.0,-115.0,-487.0,train
13268,27_square,35,19,314.0,248.0,324.0,113.0,10.0,-135.0,train
13269,27_square,20,9,892.0,647.0,155.0,508.0,-737.0,-139.0,train
13270,27_square,62,50,875.0,518.0,224.0,799.0,-651.0,281.0,train
13272,27_square,16,19,349.0,360.0,684.0,722.0,335.0,362.0,train
13273,27_square,62,20,445.0,225.0,244.0,635.0,-201.0,410.0,train
13274,27_square,31,31,777.0,692.0,586.0,757.0,-191.0,65.0,train
13276,27_square,68,15,151.0,174.0,632.0,747.0,481.0,573.0,train
13277,27_square,58,14,203.0,704.0,410.0,391.0,207.0,-313.0,train
13278,27_square,12,3,160.0,252.0,404.0,782.0,244.0,530.0,train
13280,27_square,5,19,193.0,527.0,309.0,734.0,116.0,207.0,train
13283,27_square,8,1,897.0,299.0,668.0,819.0,-229.0,520.0,train
13284,27_square,49,51,256.0,474.0,245.0,358.0,-11.0,-116.0,train
13286,27_square,15,6,233.0,769.0,884.0,507.0,651.0,-262.0,train
13287,27_square,16,24,240.0,890.0,793.0,216.0,553.0,-674.0,train
13288,27_square,60,4,889.0,123.0,702.0,279.0,-187.0,156.0,train
13289,27_square,12,16,883.0,728.0,843.0,316.0,-40.0,-412.0,train
13290,27_square,48,44,403.0,430.0,693.0,570.0,290.0,140.0,train
13291,27_square,28,18,174.0,222.0,618.0,815.0,444.0,593.0,train
13293,27_square,14,41,571.0,101.0,231.0,364.0,-340.0,263.0,train
13294,27_square,10,37,293.0,650.0,215.0,374.0,-78.0,-276.0,train
13295,27_square,1,33,597.0,244.0,283.0,283.0,-314.0,39.0,train
13297,27_square,50,40,626.0,453.0,526.0,617.0,-100.0,164.0,train
13298,27_square,36,5,816.0,788.0,611.0,629.0,-205.0,-159.0,train
13299,27_square,13,23,803.0,390.0,592.0,117.0,-211.0,-273.0,train
13301,27_square,68,33,584.0,897.0,608.0,347.0,24.0,-550.0,train
13302,27_square,10,52,482.0,396.0,451.0,267.0,-31.0,-129.0,train
13304,27_square,9,30,796.0,814.0,405.0,270.0,-391.0,-544.0,train
13305,27_square,10,6,453.0,817.0,321.0,596.0,-132.0,-221.0,train
13306,27_square,6,20,814.0,159.0,659.0,202.0,-155.0,43.0,train
13308,27_square,6,29,371.0,356.0,378.0,273.0,7.0,-83.0,train
13310,27_square,10,57,538.0,542.0,250.0,443.0,-288.0,-99.0,train
13312,27_square,3,0,867.0,210.0,324.0,828.0,-543.0,618.0,train
13313,27_square,50,32,543.0,165.0,257.0,468.0,-286.0,303.0,train
13314,27_square,26,18,391.0,878.0,754.0,652.0,363.0,-226.0,train
13315,27_square,49,23,562.0,481.0,503.0,160.0,-59.0,-321.0,train
13316,27_square,2,51,869.0,300.0,145.0,244.0,-724.0,-56.0,train
13317,27_square,19,25,269.0,516.0,424.0,900.0,155.0,384.0,train
13318,27_square,2,54,530.0,486.0,610.0,746.0,80.0,260.0,train
13319,27_square,9,31,368.0,526.0,252.0,597.0,-116.0,71.0,train
13321,27_square,3,16,802.0,753.0,652.0,152.0,-150.0,-601.0,train
13322,27_square,56,52,580.0,638.0,357.0,212.0,-223.0,-426.0,train
13323,27_square,62,7,474.0,543.0,699.0,762.0,225.0,219.0,train
13324,27_square,4,41,228.0,408.0,828.0,781.0,600.0,373.0,train
13325,27_square,2,50,119.0,667.0,256.0,307.0,137.0,-360.0,train
13326,27_square,44,21,580.0,657.0,357.0,397.0,-223.0,-260.0,train
13327,27_square,62,34,885.0,297.0,666.0,445.0,-219.0,148.0,train
13329,27_square,59,14,321.0,345.0,127.0,379.0,-194.0,34.0,train
13330,27_square,67,20,683.0,154.0,639.0,281.0,-44.0,127.0,train
13331,27_square,34,61,377.0,511.0,616.0,460.0,239.0,-51.0,train
13333,27_square,59,27,648.0,297.0,391.0,839.0,-257.0,542.0,train
13334,27_square,40,41,603.0,792.0,881.0,585.0,278.0,-207.0,train
13335,27_square,11,2,575.0,280.0,378.0,637.0,-197.0,357.0,train
13338,27_square,0,3,511.0,128.0,362.0,586.0,-149.0,458.0,train
13339,27_square,38,18,442.0,384.0,264.0,791.0,-178.0,407.0,train
13340,27_square,4,56,156.0,350.0,428.0,572.0,272.0,222.0,train
13342,27_square,61,34,737.0,508.0,193.0,342.0,-544.0,-166.0,train
13346,27_square,47,13,491.0,502.0,431.0,757.0,-60.0,255.0,train
13348,27_square,9,26,682.0,713.0,780.0,311.0,98.0,-402.0,train
13351,27_square,3,5,248.0,801.0,164.0,757.0,-84.0,-44.0,train
13352,27_square,13,10,284.0,132.0,255.0,143.0,-29.0,11.0,train
13353,27_square,27,32,874.0,142.0,768.0,305.0,-106.0,163.0,train
13355,27_square,20,49,171.0,298.0,555.0,587.0,384.0,289.0,train
13356,27_square,55,6,306.0,839.0,739.0,559.0,433.0,-280.0,train
13357,27_square,52,33,512.0,891.0,420.0,873.0,-92.0,-18.0,train
13359,27_square,31,50,145.0,781.0,374.0,787.0,229.0,6.0,train
13360,27_square,25,24,855.0,694.0,863.0,254.0,8.0,-440.0,train
13361,27_square,21,29,576.0,340.0,257.0,382.0,-319.0,42.0,train
13362,27_square,31,13,115.0,643.0,633.0,642.0,518.0,-1.0,train
13363,27_square,61,32,798.0,807.0,823.0,239.0,25.0,-568.0,train
13364,27_square,36,54,794.0,178.0,629.0,551.0,-165.0,373.0,train
13365,27_square,68,3,889.0,126.0,363.0,530.0,-526.0,404.0,train
13366,27_square,55,17,361.0,185.0,683.0,441.0,322.0,256.0,train
13367,27_square,19,18,788.0,881.0,592.0,165.0,-196.0,-716.0,train
13368,27_square,22,37,743.0,716.0,506.0,615.0,-237.0,-101.0,train
13369,27_square,53,48,145.0,326.0,283.0,301.0,138.0,-25.0,train
13370,27_square,31,36,175.0,135.0,217.0,852.0,42.0,717.0,train
13373,27_square,35,18,834.0,130.0,627.0,779.0,-207.0,649.0,train
13374,27_square,11,57,364.0,486.0,714.0,123.0,350.0,-363.0,train
13375,27_square,12,0,782.0,405.0,313.0,295.0,-469.0,-110.0,train
13376,27_square,27,34,651.0,847.0,133.0,423.0,-518.0,-424.0,train
13377,27_square,36,14,817.0,252.0,634.0,293.0,-183.0,41.0,train
13381,27_square,9,18,179.0,565.0,512.0,753.0,333.0,188.0,train
13383,27_square,59,40,459.0,832.0,152.0,654.0,-307.0,-178.0,train
13384,27_square,23,16,800.0,567.0,578.0,252.0,-222.0,-315.0,train
13385,27_square,29,30,817.0,772.0,433.0,537.0,-384.0,-235.0,train
13387,27_square,34,10,885.0,164.0,654.0,838.0,-231.0,674.0,train
13389,27_square,20,6,261.0,319.0,327.0,812.0,66.0,493.0,train
13390,27_square,46,8,420.0,283.0,565.0,858.0,145.0,575.0,train
13392,27_square,62,16,575.0,546.0,681.0,287.0,106.0,-259.0,train
13393,27_square,18,67,644.0,437.0,829.0,578.0,185.0,141.0,train
13394,27_square,18,26,754.0,651.0,779.0,848.0,25.0,197.0,train
13395,27_square,43,36,621.0,198.0,176.0,439.0,-445.0,241.0,train
13396,27_square,48,64,473.0,661.0,259.0,381.0,-214.0,-280.0,train
13397,27_square,61,45,869.0,569.0,213.0,123.0,-656.0,-446.0,train
13398,27_square,37,65,450.0,513.0,716.0,183.0,266.0,-330.0,train
13399,27_square,2,11,677.0,108.0,438.0,279.0,-239.0,171.0,train
13400,27_square,22,49,128.0,703.0,240.0,840.0,112.0,137.0,train
13402,27_square,34,22,792.0,488.0,301.0,408.0,-491.0,-80.0,train
13403,27_square,0,2,379.0,294.0,709.0,203.0,330.0,-91.0,train
13404,27_square,47,36,659.0,565.0,215.0,799.0,-444.0,234.0,train
13405,27_square,34,46,329.0,484.0,155.0,595.0,-174.0,111.0,train
13406,27_square,11,42,700.0,340.0,443.0,866.0,-257.0,526.0,train
13407,27_square,61,16,699.0,193.0,676.0,553.0,-23.0,360.0,train
13408,27_square,11,4,178.0,465.0,165.0,644.0,-13.0,179.0,train
13409,27_square,65,4,382.0,474.0,588.0,850.0,206.0,376.0,train
13410,27_square,28,2,748.0,498.0,133.0,709.0,-615.0,211.0,train
13411,27_square,37,9,534.0,814.0,639.0,411.0,105.0,-403.0,train
13412,27_square,58,9,553.0,614.0,765.0,756.0,212.0,142.0,train
13413,27_square,9,25,642.0,852.0,671.0,273.0,29.0,-579.0,train
13414,27_square,61,26,278.0,525.0,171.0,418.0,-107.0,-107.0,train
13415,27_square,34,22,189.0,294.0,245.0,276.0,56.0,-18.0,train
13416,27_square,39,57,497.0,363.0,126.0,382.0,-371.0,19.0,train
13417,27_square,38,49,493.0,408.0,522.0,599.0,29.0,191.0,train
13418,27_square,13,8,547.0,373.0,729.0,520.0,182.0,147.0,train
13420,27_square,46,33,161.0,284.0,497.0,141.0,336.0,-143.0,train
13421,27_square,55,27,895.0,806.0,795.0,641.0,-100.0,-165.0,train
13422,27_square,23,8,318.0,502.0,168.0,733.0,-150.0,231.0,train
13427,27_square,33,31,737.0,778.0,584.0,896.0,-153.0,118.0,train
13428,27_square,4,55,827.0,231.0,264.0,200.0,-563.0,-31.0,train
13429,27_square,5,31,306.0,353.0,886.0,693.0,580.0,340.0,train
13430,27_square,42,40,325.0,260.0,721.0,719.0,396.0,459.0,train
13431,27_square,31,35,791.0,309.0,817.0,900.0,26.0,591.0,train
13432,27_square,32,6,654.0,325.0,877.0,736.0,223.0,411.0,train
13433,27_square,59,35,413.0,549.0,357.0,694.0,-56.0,145.0,train
13434,27_square,37,11,455.0,139.0,826.0,239.0,371.0,100.0,train
13435,27_square,38,46,580.0,855.0,304.0,116.0,-276.0,-739.0,train
13436,27_square,5,2,668.0,349.0,416.0,459.0,-252.0,110.0,train
13438,27_square,21,39,197.0,895.0,354.0,174.0,157.0,-721.0,train
13439,27_square,50,61,522.0,509.0,469.0,833.0,-53.0,324.0,train
13442,27_square,2,4,148.0,589.0,299.0,577.0,151.0,-12.0,train
13445,27_square,38,43,556.0,674.0,347.0,483.0,-209.0,-191.0,train
13446,27_square,2,64,842.0,219.0,358.0,734.0,-484.0,515.0,train
13447,27_square,14,28,532.0,389.0,863.0,677.0,331.0,288.0,train
13448,27_square,38,4,288.0,641.0,504.0,794.0,216.0,153.0,train
13449,27_square,22,64,467.0,201.0,693.0,893.0,226.0,692.0,train
13450,27_square,16,55,260.0,223.0,557.0,633.0,297.0,410.0,train
13451,27_square,47,11,314.0,626.0,405.0,760.0,91.0,134.0,train
13453,27_square,39,40,774.0,502.0,809.0,594.0,35.0,92.0,train
13454,27_square,0,23,865.0,271.0,146.0,427.0,-719.0,156.0,train
13455,27_square,58,8,576.0,409.0,858.0,610.0,282.0,201.0,train
13456,27_square,53,58,570.0,262.0,525.0,732.0,-45.0,470.0,train
13457,27_square,56,18,152.0,373.0,643.0,795.0,491.0,422.0,train
13458,27_square,5,28,874.0,321.0,496.0,342.0,-378.0,21.0,train
13459,27_square,17,11,150.0,423.0,438.0,390.0,288.0,-33.0,train
13461,27_square,20,41,741.0,871.0,294.0,582.0,-447.0,-289.0,train
13463,27_square,34,19,696.0,700.0,893.0,651.0,197.0,-49.0,train
13464,27_square,18,56,172.0,386.0,252.0,767.0,80.0,381.0,train
13465,27_square,51,13,662.0,116.0,501.0,711.0,-161.0,595.0,train
13466,27_square,38,33,138.0,416.0,873.0,168.0,735.0,-248.0,train
13467,27_square,35,33,623.0,381.0,193.0,824.0,-430.0,443.0,train
13468,27_square,47,39,293.0,719.0,714.0,467.0,421.0,-252.0,train
13469,27_square,45,10,836.0,729.0,727.0,887.0,-109.0,158.0,train
13470,27_square,45,45,693.0,166.0,687.0,475.0,-6.0,309.0,train
13471,27_square,28,36,825.0,183.0,689.0,138.0,-136.0,-45.0,train
13472,27_square,67,64,860.0,172.0,735.0,634.0,-125.0,462.0,train
13473,27_square,25,29,646.0,587.0,543.0,214.0,-103.0,-373.0,train
13474,27_square,10,42,640.0,231.0,554.0,736.0,-86.0,505.0,train
13475,27_square,65,13,106.0,234.0,598.0,776.0,492.0,542.0,train
13476,27_square,26,31,397.0,311.0,682.0,294.0,285.0,-17.0,train
13477,27_square,2,48,282.0,723.0,182.0,608.0,-100.0,-115.0,train
13479,27_square,7,42,545.0,181.0,265.0,632.0,-280.0,451.0,train
13480,27_square,67,45,219.0,341.0,284.0,448.0,65.0,107.0,train
13482,27_square,37,33,804.0,445.0,593.0,172.0,-211.0,-273.0,train
13486,27_square,31,35,633.0,325.0,522.0,198.0,-111.0,-127.0,train
13487,27_square,7,17,717.0,750.0,470.0,593.0,-247.0,-157.0,train
13492,27_square,53,53,694.0,608.0,277.0,748.0,-417.0,140.0,train
13493,27_square,6,8,311.0,248.0,458.0,534.0,147.0,286.0,train
13494,27_square,36,15,395.0,248.0,881.0,607.0,486.0,359.0,train
13495,27_square,37,2,325.0,826.0,448.0,258.0,123.0,-568.0,train
13496,27_square,67,9,864.0,661.0,547.0,488.0,-317.0,-173.0,train
13497,27_square,7,3,450.0,366.0,376.0,328.0,-74.0,-38.0,train
13499,27_square,7,55,859.0,501.0,198.0,587.0,-661.0,86.0,train
13500,6_square,38,20,439.0,121.0,521.0,629.0,82.0,508.0,train
13503,6_square,11,50,498.0,866.0,224.0,550.0,-274.0,-316.0,train
13504,6_square,4,19,505.0,502.0,816.0,831.0,311.0,329.0,train
13505,6_square,51,40,658.0,595.0,132.0,381.0,-526.0,-214.0,train
13506,6_square,37,49,360.0,591.0,886.0,271.0,526.0,-320.0,train
13507,6_square,63,58,817.0,161.0,587.0,804.0,-230.0,643.0,train
13508,6_square,17,8,843.0,707.0,763.0,121.0,-80.0,-586.0,train
13509,6_square,59,0,360.0,262.0,599.0,154.0,239.0,-108.0,train
13510,6_square,11,39,584.0,721.0,346.0,431.0,-238.0,-290.0,train
13511,6_square,34,59,633.0,223.0,535.0,549.0,-98.0,326.0,train
13512,6_square,42,9,344.0,645.0,557.0,797.0,213.0,152.0,train
13513,6_square,59,28,457.0,262.0,219.0,867.0,-238.0,605.0,train
13514,6_square,13,7,435.0,713.0,573.0,158.0,138.0,-555.0,train
13515,6_square,27,20,375.0,553.0,385.0,386.0,10.0,-167.0,train
13516,6_square,19,26,182.0,610.0,454.0,663.0,272.0,53.0,train
13517,6_square,4,40,786.0,817.0,172.0,350.0,-614.0,-467.0,train
13518,6_square,54,20,223.0,618.0,600.0,790.0,377.0,172.0,train
13519,6_square,39,66,455.0,728.0,420.0,184.0,-35.0,-544.0,train
13520,6_square,54,20,821.0,588.0,539.0,357.0,-282.0,-231.0,train
13521,6_square,21,28,344.0,277.0,160.0,895.0,-184.0,618.0,train
13522,6_square,33,25,162.0,724.0,608.0,566.0,446.0,-158.0,train
13523,6_square,24,24,692.0,763.0,602.0,484.0,-90.0,-279.0,train
13524,6_square,33,64,582.0,694.0,819.0,582.0,237.0,-112.0,train
13525,6_square,32,18,503.0,385.0,121.0,728.0,-382.0,343.0,train
13526,6_square,58,0,402.0,344.0,785.0,531.0,383.0,187.0,train
13528,6_square,1,46,389.0,398.0,401.0,858.0,12.0,460.0,train
13529,6_square,63,12,139.0,279.0,521.0,602.0,382.0,323.0,train
13530,6_square,60,58,612.0,868.0,449.0,394.0,-163.0,-474.0,train
13531,6_square,33,21,576.0,558.0,229.0,690.0,-347.0,132.0,train
13532,6_square,35,44,347.0,338.0,175.0,536.0,-172.0,198.0,train
13533,6_square,34,66,460.0,214.0,713.0,246.0,253.0,32.0,train
13534,6_square,27,53,330.0,684.0,766.0,348.0,436.0,-336.0,train
13535,6_square,51,6,149.0,280.0,541.0,329.0,392.0,49.0,train
13536,6_square,68,2,407.0,282.0,866.0,371.0,459.0,89.0,train
13537,6_square,14,9,311.0,766.0,378.0,145.0,67.0,-621.0,train
13538,6_square,37,29,865.0,505.0,690.0,832.0,-175.0,327.0,train
13539,6_square,2,5,254.0,687.0,177.0,286.0,-77.0,-401.0,train
13540,6_square,20,40,670.0,281.0,791.0,107.0,121.0,-174.0,train
13541,6_square,41,53,678.0,285.0,395.0,891.0,-283.0,606.0,train
13542,6_square,36,50,494.0,106.0,866.0,694.0,372.0,588.0,train
13543,6_square,27,65,424.0,785.0,895.0,292.0,471.0,-493.0,train
13545,6_square,16,50,202.0,820.0,230.0,485.0,28.0,-335.0,train
13547,6_square,28,46,631.0,110.0,248.0,722.0,-383.0,612.0,train
13548,6_square,63,20,771.0,838.0,518.0,638.0,-253.0,-200.0,train
13550,6_square,43,40,596.0,103.0,725.0,260.0,129.0,157.0,train
13551,6_square,39,17,494.0,836.0,779.0,488.0,285.0,-348.0,train
13553,6_square,52,29,323.0,558.0,627.0,451.0,304.0,-107.0,train
13554,6_square,15,25,850.0,888.0,191.0,139.0,-659.0,-749.0,train
13555,6_square,49,31,861.0,670.0,478.0,108.0,-383.0,-562.0,train
13557,6_square,28,3,606.0,809.0,682.0,578.0,76.0,-231.0,train
13558,6_square,19,55,248.0,379.0,351.0,118.0,103.0,-261.0,train
13559,6_square,45,52,574.0,270.0,133.0,521.0,-441.0,251.0,train
13560,6_square,36,62,553.0,774.0,861.0,549.0,308.0,-225.0,train
13561,6_square,12,17,382.0,644.0,841.0,570.0,459.0,-74.0,train
13562,6_square,18,5,616.0,742.0,385.0,860.0,-231.0,118.0,train
13563,6_square,39,31,492.0,645.0,731.0,270.0,239.0,-375.0,train
13564,6_square,8,59,887.0,512.0,453.0,459.0,-434.0,-53.0,train
13566,6_square,65,32,794.0,562.0,355.0,174.0,-439.0,-388.0,train
13567,6_square,65,37,724.0,258.0,432.0,752.0,-292.0,494.0,train
13568,6_square,32,20,194.0,189.0,890.0,265.0,696.0,76.0,train
13569,6_square,52,49,858.0,739.0,415.0,658.0,-443.0,-81.0,train
13570,6_square,26,37,216.0,454.0,390.0,461.0,174.0,7.0,train
13571,6_square,23,10,822.0,424.0,332.0,433.0,-490.0,9.0,train
13572,6_square,7,54,631.0,549.0,688.0,470.0,57.0,-79.0,train
13573,6_square,50,64,350.0,534.0,567.0,565.0,217.0,31.0,train
13574,6_square,2,45,338.0,498.0,475.0,325.0,137.0,-173.0,train
13575,6_square,11,21,400.0,859.0,372.0,452.0,-28.0,-407.0,train
13576,6_square,1,3,393.0,679.0,454.0,254.0,61.0,-425.0,train
13577,6_square,5,17,151.0,845.0,477.0,354.0,326.0,-491.0,train
13578,6_square,6,67,103.0,660.0,871.0,856.0,768.0,196.0,train
13579,6_square,19,51,870.0,105.0,805.0,616.0,-65.0,511.0,train
13580,6_square,26,43,304.0,148.0,181.0,455.0,-123.0,307.0,train
13581,6_square,61,51,321.0,736.0,199.0,363.0,-122.0,-373.0,train
13583,6_square,1,44,288.0,150.0,328.0,401.0,40.0,251.0,train
13584,6_square,25,11,841.0,851.0,678.0,677.0,-163.0,-174.0,train
13585,6_square,68,19,371.0,503.0,147.0,738.0,-224.0,235.0,train
13586,6_square,24,44,206.0,705.0,182.0,377.0,-24.0,-328.0,train
13587,6_square,66,29,736.0,824.0,628.0,457.0,-108.0,-367.0,train
13589,6_square,13,64,480.0,860.0,474.0,590.0,-6.0,-270.0,train
13590,6_square,23,58,547.0,317.0,344.0,572.0,-203.0,255.0,train
13591,6_square,14,61,450.0,576.0,242.0,807.0,-208.0,231.0,train
13592,6_square,63,19,296.0,381.0,143.0,375.0,-153.0,-6.0,train
13593,6_square,38,12,162.0,410.0,371.0,530.0,209.0,120.0,train
13594,6_square,16,47,620.0,435.0,264.0,129.0,-356.0,-306.0,train
13596,6_square,33,32,536.0,542.0,226.0,451.0,-310.0,-91.0,train
13597,6_square,20,37,805.0,672.0,747.0,100.0,-58.0,-572.0,train
13598,6_square,63,51,791.0,559.0,410.0,458.0,-381.0,-101.0,train
13599,6_square,16,22,569.0,352.0,596.0,406.0,27.0,54.0,train
13600,6_square,5,66,820.0,753.0,641.0,497.0,-179.0,-256.0,train
13601,6_square,5,29,719.0,112.0,225.0,543.0,-494.0,431.0,train
13602,6_square,19,29,757.0,226.0,613.0,684.0,-144.0,458.0,train
13603,6_square,54,38,584.0,150.0,630.0,610.0,46.0,460.0,train
13604,6_square,42,36,785.0,107.0,801.0,354.0,16.0,247.0,train
13605,6_square,28,62,284.0,741.0,484.0,420.0,200.0,-321.0,train
13606,6_square,53,57,216.0,617.0,708.0,677.0,492.0,60.0,train
13609,6_square,2,49,900.0,613.0,219.0,855.0,-681.0,242.0,train
13610,6_square,33,0,570.0,636.0,536.0,546.0,-34.0,-90.0,train
13611,6_square,31,10,597.0,351.0,576.0,428.0,-21.0,77.0,train
13612,6_square,38,38,178.0,269.0,331.0,339.0,153.0,70.0,train
13615,6_square,28,39,308.0,348.0,775.0,829.0,467.0,481.0,train
13616,6_square,11,68,234.0,597.0,161.0,426.0,-73.0,-171.0,train
13617,6_square,38,67,390.0,385.0,559.0,556.0,169.0,171.0,train
13618,6_square,11,66,797.0,152.0,125.0,577.0,-672.0,425.0,train
13619,6_square,19,11,374.0,120.0,765.0,227.0,391.0,107.0,train
13620,6_square,24,46,597.0,787.0,487.0,366.0,-110.0,-421.0,train
13621,6_square,27,56,287.0,803.0,704.0,388.0,417.0,-415.0,train
13622,6_square,59,22,145.0,487.0,898.0,566.0,753.0,79.0,train
13623,6_square,46,40,333.0,148.0,469.0,318.0,136.0,170.0,train
13624,6_square,23,30,796.0,729.0,648.0,353.0,-148.0,-376.0,train
13625,6_square,64,51,389.0,110.0,721.0,675.0,332.0,565.0,train
13626,6_square,68,47,601.0,502.0,838.0,794.0,237.0,292.0,train
13627,6_square,64,28,313.0,814.0,313.0,358.0,0.0,-456.0,train
13628,6_square,24,45,748.0,225.0,811.0,621.0,63.0,396.0,train
13629,6_square,34,49,671.0,860.0,353.0,398.0,-318.0,-462.0,train
13630,6_square,19,30,200.0,131.0,670.0,898.0,470.0,767.0,train
13631,6_square,11,57,511.0,217.0,327.0,610.0,-184.0,393.0,train
13632,6_square,42,67,463.0,194.0,727.0,446.0,264.0,252.0,train
13633,6_square,58,44,790.0,275.0,677.0,672.0,-113.0,397.0,train
13634,6_square,6,19,352.0,343.0,726.0,409.0,374.0,66.0,train
13636,6_square,28,43,221.0,187.0,398.0,786.0,177.0,599.0,train
13638,6_square,14,3,407.0,199.0,106.0,897.0,-301.0,698.0,train
13640,6_square,27,50,640.0,150.0,270.0,742.0,-370.0,592.0,train
13643,6_square,26,15,432.0,837.0,687.0,451.0,255.0,-386.0,train
13644,6_square,29,56,335.0,366.0,204.0,142.0,-131.0,-224.0,train
13646,6_square,7,66,709.0,755.0,717.0,859.0,8.0,104.0,train
13647,6_square,60,40,309.0,402.0,410.0,829.0,101.0,427.0,train
13648,6_square,65,5,834.0,737.0,190.0,669.0,-644.0,-68.0,train
13650,6_square,2,58,331.0,361.0,868.0,734.0,537.0,373.0,train
13651,6_square,66,40,544.0,572.0,378.0,190.0,-166.0,-382.0,train
13652,6_square,16,48,566.0,259.0,233.0,616.0,-333.0,357.0,train
13653,6_square,23,44,658.0,418.0,261.0,680.0,-397.0,262.0,train
13654,6_square,44,51,837.0,646.0,778.0,899.0,-59.0,253.0,train
13656,6_square,64,60,543.0,367.0,394.0,558.0,-149.0,191.0,train
13657,6_square,43,40,331.0,803.0,518.0,155.0,187.0,-648.0,train
13658,6_square,21,65,593.0,440.0,578.0,522.0,-15.0,82.0,train
13659,6_square,24,31,841.0,191.0,381.0,887.0,-460.0,696.0,train
13660,6_square,3,21,250.0,308.0,540.0,676.0,290.0,368.0,train
13663,6_square,4,26,312.0,284.0,244.0,166.0,-68.0,-118.0,train
13666,6_square,58,27,515.0,765.0,438.0,270.0,-77.0,-495.0,train
13667,6_square,14,13,340.0,804.0,784.0,251.0,444.0,-553.0,train
13668,6_square,16,59,856.0,753.0,553.0,564.0,-303.0,-189.0,train
13669,6_square,3,40,637.0,310.0,763.0,414.0,126.0,104.0,train
13670,6_square,6,23,746.0,353.0,783.0,219.0,37.0,-134.0,train
13671,6_square,43,26,771.0,557.0,640.0,164.0,-131.0,-393.0,train
13672,6_square,28,0,164.0,358.0,738.0,207.0,574.0,-151.0,train
13674,6_square,42,17,517.0,577.0,757.0,505.0,240.0,-72.0,train
13675,6_square,55,29,363.0,707.0,198.0,500.0,-165.0,-207.0,train
13676,6_square,47,44,854.0,116.0,352.0,618.0,-502.0,502.0,train
13677,6_square,13,28,792.0,490.0,441.0,236.0,-351.0,-254.0,train
13681,6_square,4,16,684.0,331.0,148.0,403.0,-536.0,72.0,train
13682,6_square,4,68,174.0,723.0,530.0,702.0,356.0,-21.0,train
13683,6_square,35,46,620.0,721.0,761.0,337.0,141.0,-384.0,train
13684,6_square,51,1,330.0,884.0,282.0,140.0,-48.0,-744.0,train
13685,6_square,33,25,796.0,830.0,383.0,406.0,-413.0,-424.0,train
13686,6_square,43,13,724.0,761.0,844.0,453.0,120.0,-308.0,train
13687,6_square,45,31,413.0,399.0,743.0,750.0,330.0,351.0,train
13688,6_square,19,41,225.0,891.0,289.0,371.0,64.0,-520.0,train
13689,6_square,40,27,245.0,497.0,188.0,740.0,-57.0,243.0,train
13690,6_square,36,8,520.0,317.0,761.0,330.0,241.0,13.0,train
13691,6_square,33,30,880.0,722.0,664.0,736.0,-216.0,14.0,train
13692,6_square,5,20,189.0,718.0,622.0,833.0,433.0,115.0,train
13693,6_square,63,39,276.0,361.0,769.0,417.0,493.0,56.0,train
13695,6_square,38,31,336.0,889.0,185.0,346.0,-151.0,-543.0,train
13696,6_square,38,46,752.0,671.0,851.0,652.0,99.0,-19.0,train
13697,6_square,65,38,287.0,572.0,559.0,719.0,272.0,147.0,train
13699,6_square,61,31,486.0,786.0,431.0,631.0,-55.0,-155.0,train
13700,6_square,43,9,753.0,650.0,396.0,140.0,-357.0,-510.0,train
13701,6_square,30,61,827.0,137.0,751.0,397.0,-76.0,260.0,train
13702,6_square,6,59,339.0,678.0,666.0,609.0,327.0,-69.0,train
13703,6_square,20,7,314.0,713.0,657.0,112.0,343.0,-601.0,train
13704,6_square,5,21,821.0,241.0,419.0,649.0,-402.0,408.0,train
13705,6_square,36,51,229.0,782.0,446.0,839.0,217.0,57.0,train
13707,6_square,61,8,158.0,394.0,669.0,397.0,511.0,3.0,train
13708,6_square,36,54,801.0,862.0,358.0,798.0,-443.0,-64.0,train
13709,6_square,5,52,221.0,636.0,756.0,744.0,535.0,108.0,train
13711,6_square,55,59,120.0,415.0,797.0,802.0,677.0,387.0,train
13712,6_square,17,30,766.0,458.0,516.0,726.0,-250.0,268.0,train
13713,6_square,11,42,815.0,198.0,440.0,538.0,-375.0,340.0,train
13714,6_square,57,0,218.0,443.0,496.0,110.0,278.0,-333.0,train
13715,6_square,20,4,525.0,114.0,289.0,350.0,-236.0,236.0,train
13716,6_square,46,52,418.0,412.0,358.0,767.0,-60.0,355.0,train
13717,6_square,13,10,778.0,544.0,214.0,294.0,-564.0,-250.0,train
13718,6_square,51,28,713.0,284.0,438.0,828.0,-275.0,544.0,train
13719,6_square,45,23,362.0,341.0,706.0,359.0,344.0,18.0,train
13721,6_square,43,66,286.0,893.0,853.0,533.0,567.0,-360.0,train
13723,6_square,32,23,558.0,286.0,418.0,549.0,-140.0,263.0,train
13724,6_square,13,61,566.0,704.0,530.0,199.0,-36.0,-505.0,train
13725,6_square,7,26,777.0,696.0,608.0,706.0,-169.0,10.0,train
13726,6_square,17,50,588.0,372.0,578.0,536.0,-10.0,164.0,train
13729,6_square,58,63,676.0,358.0,610.0,401.0,-66.0,43.0,train
13730,6_square,1,41,685.0,825.0,900.0,438.0,215.0,-387.0,train
13731,6_square,60,41,166.0,697.0,716.0,422.0,550.0,-275.0,train
13732,6_square,65,16,428.0,741.0,452.0,167.0,24.0,-574.0,train
13733,6_square,6,67,176.0,730.0,173.0,285.0,-3.0,-445.0,train
13736,6_square,5,64,381.0,563.0,559.0,419.0,178.0,-144.0,train
13737,6_square,37,21,846.0,594.0,272.0,810.0,-574.0,216.0,train
13740,6_square,28,57,500.0,573.0,809.0,205.0,309.0,-368.0,train
13741,6_square,25,9,138.0,658.0,177.0,845.0,39.0,187.0,train
13742,6_square,67,22,111.0,536.0,211.0,365.0,100.0,-171.0,train
13743,6_square,25,0,358.0,420.0,700.0,858.0,342.0,438.0,train
13744,6_square,56,43,176.0,841.0,123.0,794.0,-53.0,-47.0,train
13745,6_square,51,37,838.0,118.0,458.0,142.0,-380.0,24.0,train
13746,6_square,5,15,468.0,694.0,787.0,660.0,319.0,-34.0,train
13747,6_square,18,29,556.0,773.0,404.0,237.0,-152.0,-536.0,train
13748,6_square,55,18,735.0,259.0,402.0,549.0,-333.0,290.0,train
13749,6_square,38,12,153.0,578.0,296.0,399.0,143.0,-179.0,train
13750,6_square,32,50,698.0,605.0,686.0,897.0,-12.0,292.0,train
13753,6_square,30,19,436.0,873.0,414.0,454.0,-22.0,-419.0,train
13754,6_square,64,5,804.0,738.0,861.0,595.0,57.0,-143.0,train
13755,6_square,25,1,734.0,636.0,102.0,437.0,-632.0,-199.0,train
13756,6_square,3,68,187.0,658.0,435.0,444.0,248.0,-214.0,train
13757,6_square,65,62,862.0,300.0,161.0,141.0,-701.0,-159.0,train
13758,6_square,6,12,479.0,511.0,619.0,834.0,140.0,323.0,train
13760,6_square,0,33,650.0,589.0,741.0,574.0,91.0,-15.0,train
13761,6_square,16,57,720.0,410.0,313.0,755.0,-407.0,345.0,train
13762,6_square,31,51,702.0,558.0,734.0,613.0,32.0,55.0,train
13763,6_square,39,5,517.0,674.0,566.0,835.0,49.0,161.0,train
13765,6_square,10,0,114.0,611.0,427.0,223.0,313.0,-388.0,train
13766,6_square,39,14,361.0,167.0,706.0,103.0,345.0,-64.0,train
13767,6_square,66,67,213.0,680.0,640.0,744.0,427.0,64.0,train
13768,6_square,2,23,206.0,270.0,664.0,730.0,458.0,460.0,train
13769,6_square,23,35,403.0,752.0,833.0,840.0,430.0,88.0,train
13770,6_square,45,44,169.0,878.0,374.0,388.0,205.0,-490.0,train
13771,6_square,39,41,264.0,483.0,323.0,582.0,59.0,99.0,train
13772,6_square,54,54,108.0,464.0,103.0,558.0,-5.0,94.0,train
13773,6_square,36,43,555.0,510.0,328.0,476.0,-227.0,-34.0,train
13775,6_square,30,65,721.0,236.0,285.0,571.0,-436.0,335.0,train
13777,6_square,55,20,118.0,277.0,818.0,772.0,700.0,495.0,train
13778,6_square,63,19,453.0,127.0,891.0,248.0,438.0,121.0,train
13780,6_square,64,40,849.0,572.0,869.0,841.0,20.0,269.0,train
13781,6_square,16,12,734.0,773.0,796.0,710.0,62.0,-63.0,train
13784,6_square,34,23,601.0,279.0,645.0,498.0,44.0,219.0,train
13785,6_square,18,67,818.0,290.0,750.0,298.0,-68.0,8.0,train
13786,6_square,10,66,857.0,542.0,114.0,422.0,-743.0,-120.0,train
13791,6_square,56,37,829.0,170.0,459.0,462.0,-370.0,292.0,train
13797,6_square,6,48,636.0,359.0,647.0,717.0,11.0,358.0,train
13798,6_square,40,66,565.0,451.0,255.0,191.0,-310.0,-260.0,train
13800,6_square,65,30,199.0,780.0,541.0,627.0,342.0,-153.0,train
13801,6_square,25,7,243.0,316.0,185.0,675.0,-58.0,359.0,train
13802,6_square,19,23,279.0,191.0,455.0,417.0,176.0,226.0,train
13803,6_square,52,6,667.0,188.0,867.0,427.0,200.0,239.0,train
13804,6_square,17,44,646.0,221.0,262.0,351.0,-384.0,130.0,train
13805,6_square,61,53,307.0,489.0,107.0,651.0,-200.0,162.0,train
13807,6_square,13,63,290.0,870.0,179.0,555.0,-111.0,-315.0,train
13808,6_square,25,56,321.0,221.0,543.0,500.0,222.0,279.0,train
13809,6_square,28,22,785.0,791.0,521.0,178.0,-264.0,-613.0,train
13810,6_square,15,44,860.0,444.0,331.0,386.0,-529.0,-58.0,train
13811,6_square,19,48,616.0,190.0,806.0,495.0,190.0,305.0,train
13812,6_square,61,14,511.0,112.0,608.0,751.0,97.0,639.0,train
13813,6_square,12,31,448.0,487.0,788.0,346.0,340.0,-141.0,train
13814,6_square,21,52,731.0,769.0,330.0,261.0,-401.0,-508.0,train
13815,6_square,14,36,687.0,890.0,277.0,779.0,-410.0,-111.0,train
13816,6_square,46,56,419.0,548.0,613.0,489.0,194.0,-59.0,train
13818,6_square,5,44,331.0,171.0,517.0,545.0,186.0,374.0,train
13819,6_square,29,30,514.0,550.0,115.0,118.0,-399.0,-432.0,train
13820,6_square,47,63,879.0,660.0,652.0,288.0,-227.0,-372.0,train
13821,6_square,59,4,134.0,701.0,208.0,723.0,74.0,22.0,train
13822,6_square,18,27,317.0,202.0,658.0,380.0,341.0,178.0,train
13823,6_square,61,62,437.0,188.0,261.0,856.0,-176.0,668.0,train
13824,6_square,13,66,759.0,397.0,404.0,513.0,-355.0,116.0,train
13825,6_square,32,35,312.0,772.0,433.0,482.0,121.0,-290.0,train
13826,6_square,24,33,720.0,786.0,209.0,328.0,-511.0,-458.0,train
13827,6_square,43,57,852.0,885.0,762.0,809.0,-90.0,-76.0,train
13829,6_square,35,26,521.0,746.0,815.0,425.0,294.0,-321.0,train
13831,6_square,13,19,851.0,253.0,285.0,183.0,-566.0,-70.0,train
13832,6_square,48,34,832.0,617.0,755.0,428.0,-77.0,-189.0,train
13833,6_square,53,28,126.0,206.0,353.0,393.0,227.0,187.0,train
13834,6_square,59,53,222.0,712.0,798.0,482.0,576.0,-230.0,train
13835,6_square,23,20,192.0,457.0,428.0,869.0,236.0,412.0,train
13836,6_square,42,20,801.0,891.0,861.0,310.0,60.0,-581.0,train
13837,6_square,54,19,800.0,888.0,345.0,753.0,-455.0,-135.0,train
13838,6_square,5,47,324.0,669.0,814.0,673.0,490.0,4.0,train
13839,6_square,11,15,649.0,435.0,832.0,823.0,183.0,388.0,train
13841,6_square,6,59,567.0,469.0,545.0,154.0,-22.0,-315.0,train
13842,6_square,12,1,362.0,447.0,762.0,525.0,400.0,78.0,train
13843,6_square,67,19,490.0,695.0,701.0,597.0,211.0,-98.0,train
13844,6_square,54,54,900.0,154.0,475.0,622.0,-425.0,468.0,train
13845,6_square,1,6,497.0,658.0,477.0,244.0,-20.0,-414.0,train
13846,6_square,5,26,655.0,746.0,260.0,602.0,-395.0,-144.0,train
13847,6_square,67,47,252.0,513.0,756.0,349.0,504.0,-164.0,train
13848,6_square,19,7,410.0,341.0,664.0,548.0,254.0,207.0,train
13849,6_square,22,35,760.0,704.0,609.0,766.0,-151.0,62.0,train
13850,6_square,39,12,308.0,206.0,892.0,875.0,584.0,669.0,train
13852,6_square,6,33,169.0,106.0,253.0,215.0,84.0,109.0,train
13853,6_square,36,7,299.0,712.0,551.0,366.0,252.0,-346.0,train
13854,6_square,27,51,451.0,187.0,150.0,770.0,-301.0,583.0,train
13855,6_square,50,9,326.0,656.0,411.0,303.0,85.0,-353.0,train
13856,6_square,34,10,212.0,227.0,790.0,177.0,578.0,-50.0,train
13857,6_square,46,50,163.0,830.0,478.0,874.0,315.0,44.0,train
13858,6_square,52,4,531.0,698.0,717.0,747.0,186.0,49.0,train
13860,6_square,48,38,129.0,116.0,164.0,450.0,35.0,334.0,train
13862,6_square,45,66,659.0,801.0,422.0,277.0,-237.0,-524.0,train
13863,6_square,7,63,721.0,524.0,365.0,645.0,-356.0,121.0,train
13864,6_square,3,52,131.0,819.0,228.0,146.0,97.0,-673.0,train
13865,6_square,63,24,503.0,516.0,701.0,146.0,198.0,-370.0,train
13866,6_square,35,43,407.0,248.0,485.0,433.0,78.0,185.0,train
13868,6_square,63,46,791.0,765.0,534.0,110.0,-257.0,-655.0,train
13870,6_square,12,22,234.0,629.0,350.0,850.0,116.0,221.0,train
13873,6_square,1,66,294.0,627.0,436.0,267.0,142.0,-360.0,train
13874,6_square,11,31,713.0,234.0,579.0,353.0,-134.0,119.0,train
13875,6_square,58,23,319.0,690.0,261.0,628.0,-58.0,-62.0,train
13876,6_square,5,61,525.0,572.0,584.0,251.0,59.0,-321.0,train
13877,6_square,68,35,114.0,736.0,542.0,142.0,428.0,-594.0,train
13878,6_square,26,50,628.0,666.0,109.0,376.0,-519.0,-290.0,train
13880,6_square,53,14,560.0,299.0,685.0,197.0,125.0,-102.0,train
13881,6_square,13,51,268.0,525.0,404.0,827.0,136.0,302.0,train
13884,6_square,63,20,135.0,225.0,311.0,149.0,176.0,-76.0,train
13885,6_square,43,27,351.0,129.0,459.0,783.0,108.0,654.0,train
13886,6_square,41,0,813.0,895.0,525.0,352.0,-288.0,-543.0,train
13887,6_square,28,67,645.0,296.0,754.0,618.0,109.0,322.0,train
13888,6_square,2,29,808.0,734.0,299.0,444.0,-509.0,-290.0,train
13889,6_square,62,48,141.0,812.0,707.0,201.0,566.0,-611.0,train
13890,6_square,37,28,432.0,263.0,125.0,543.0,-307.0,280.0,train
13891,6_square,17,23,708.0,647.0,169.0,719.0,-539.0,72.0,train
13892,6_square,34,62,610.0,877.0,617.0,304.0,7.0,-573.0,train
13893,6_square,56,56,298.0,387.0,512.0,702.0,214.0,315.0,train
13894,6_square,61,14,145.0,501.0,699.0,273.0,554.0,-228.0,train
13895,6_square,24,3,633.0,258.0,383.0,543.0,-250.0,285.0,train
13896,6_square,43,11,631.0,589.0,458.0,249.0,-173.0,-340.0,train
13899,6_square,63,24,495.0,310.0,313.0,562.0,-182.0,252.0,train
13900,6_square,31,21,819.0,264.0,335.0,335.0,-484.0,71.0,train
13901,6_square,23,64,595.0,367.0,493.0,498.0,-102.0,131.0,train
13902,6_square,2,21,873.0,711.0,121.0,839.0,-752.0,128.0,train
13904,6_square,27,36,849.0,577.0,702.0,428.0,-147.0,-149.0,train
13905,6_square,62,17,185.0,766.0,437.0,135.0,252.0,-631.0,train
13906,6_square,27,39,737.0,766.0,589.0,206.0,-148.0,-560.0,train
13907,6_square,62,28,224.0,793.0,875.0,188.0,651.0,-605.0,train
13908,6_square,37,1,174.0,352.0,131.0,119.0,-43.0,-233.0,train
13909,6_square,6,11,529.0,600.0,203.0,256.0,-326.0,-344.0,train
13910,6_square,34,49,644.0,835.0,389.0,357.0,-255.0,-478.0,train
13912,6_square,8,43,142.0,687.0,175.0,256.0,33.0,-431.0,train
13913,6_square,15,60,385.0,341.0,205.0,227.0,-180.0,-114.0,train
13914,6_square,15,0,425.0,116.0,897.0,322.0,472.0,206.0,train
13915,6_square,12,57,521.0,840.0,546.0,586.0,25.0,-254.0,train
13916,6_square,24,26,444.0,619.0,134.0,240.0,-310.0,-379.0,train
13917,6_square,19,31,173.0,449.0,757.0,827.0,584.0,378.0,train
13918,6_square,2,62,541.0,441.0,556.0,340.0,15.0,-101.0,train
13919,6_square,40,15,384.0,145.0,643.0,131.0,259.0,-14.0,train
13920,6_square,45,18,666.0,280.0,102.0,312.0,-564.0,32.0,train
13922,6_square,37,53,265.0,594.0,522.0,209.0,257.0,-385.0,train
13923,6_square,59,52,563.0,277.0,845.0,729.0,282.0,452.0,train
13925,6_square,21,37,463.0,604.0,523.0,370.0,60.0,-234.0,train
13926,6_square,10,8,854.0,807.0,684.0,307.0,-170.0,-500.0,train
13927,6_square,49,8,226.0,170.0,118.0,531.0,-108.0,361.0,train
13928,6_square,64,24,210.0,351.0,194.0,776.0,-16.0,425.0,train
13929,6_square,39,53,729.0,192.0,514.0,834.0,-215.0,642.0,train
13930,6_square,25,8,828.0,384.0,642.0,304.0,-186.0,-80.0,train
13931,6_square,57,28,539.0,350.0,666.0,521.0,127.0,171.0,train
13932,6_square,32,59,690.0,740.0,358.0,317.0,-332.0,-423.0,train
13933,6_square,51,16,371.0,847.0,865.0,452.0,494.0,-395.0,train
13934,6_square,57,26,751.0,570.0,131.0,568.0,-620.0,-2.0,train
13935,6_square,9,68,785.0,649.0,788.0,533.0,3.0,-116.0,train
13936,6_square,27,2,380.0,502.0,634.0,578.0,254.0,76.0,train
13937,6_square,27,49,867.0,249.0,605.0,340.0,-262.0,91.0,train
13938,6_square,62,20,153.0,526.0,737.0,714.0,584.0,188.0,train
13939,6_square,21,55,738.0,520.0,813.0,793.0,75.0,273.0,train
13942,6_square,61,52,152.0,599.0,318.0,510.0,166.0,-89.0,train
13943,6_square,13,49,399.0,615.0,285.0,210.0,-114.0,-405.0,train
13944,6_square,9,6,775.0,487.0,521.0,149.0,-254.0,-338.0,train
13946,6_square,27,9,753.0,245.0,846.0,195.0,93.0,-50.0,train
13948,6_square,61,39,150.0,716.0,355.0,849.0,205.0,133.0,train
13949,6_square,27,8,747.0,791.0,755.0,286.0,8.0,-505.0,train
13950,6_square,50,16,839.0,184.0,676.0,230.0,-163.0,46.0,train
13951,6_square,49,13,696.0,686.0,805.0,178.0,109.0,-508.0,train
13952,6_square,9,27,426.0,243.0,454.0,534.0,28.0,291.0,train
13953,6_square,41,31,596.0,328.0,364.0,720.0,-232.0,392.0,train
13954,6_square,53,65,680.0,422.0,390.0,696.0,-290.0,274.0,train
13955,6_square,47,52,441.0,475.0,784.0,566.0,343.0,91.0,train
13956,6_square,16,49,798.0,483.0,886.0,260.0,88.0,-223.0,train
13957,6_square,63,44,106.0,405.0,532.0,894.0,426.0,489.0,train
13958,6_square,12,45,773.0,809.0,143.0,780.0,-630.0,-29.0,train
13960,6_square,37,30,300.0,755.0,456.0,431.0,156.0,-324.0,train
13961,6_square,53,8,455.0,498.0,816.0,201.0,361.0,-297.0,train
13962,6_square,29,19,329.0,204.0,138.0,159.0,-191.0,-45.0,train
13963,6_square,41,31,656.0,607.0,823.0,349.0,167.0,-258.0,train
13964,6_square,26,30,387.0,770.0,864.0,358.0,477.0,-412.0,train
13965,6_square,40,18,490.0,519.0,573.0,866.0,83.0,347.0,train
13966,6_square,49,10,404.0,224.0,766.0,435.0,362.0,211.0,train
13967,6_square,63,45,549.0,427.0,291.0,536.0,-258.0,109.0,train
13970,6_square,21,36,807.0,543.0,681.0,532.0,-126.0,-11.0,train
13971,6_square,44,2,363.0,843.0,114.0,517.0,-249.0,-326.0,train
13972,6_square,51,58,729.0,259.0,678.0,764.0,-51.0,505.0,train
13973,6_square,20,29,685.0,841.0,895.0,673.0,210.0,-168.0,train
13974,6_square,4,35,355.0,147.0,798.0,441.0,443.0,294.0,train
13976,6_square,5,61,676.0,654.0,180.0,811.0,-496.0,157.0,train
13977,6_square,34,16,217.0,790.0,769.0,666.0,552.0,-124.0,train
13978,6_square,22,4,678.0,132.0,568.0,229.0,-110.0,97.0,train
13979,6_square,59,16,417.0,175.0,247.0,248.0,-170.0,73.0,train
13980,6_square,61,34,854.0,763.0,184.0,331.0,-670.0,-432.0,train
13981,6_square,34,14,655.0,121.0,893.0,133.0,238.0,12.0,train
13982,6_square,63,64,736.0,288.0,653.0,769.0,-83.0,481.0,train
13983,6_square,9,18,577.0,170.0,468.0,112.0,-109.0,-58.0,train
13984,6_square,57,22,341.0,825.0,587.0,513.0,246.0,-312.0,train
13987,6_square,29,42,801.0,629.0,841.0,116.0,40.0,-513.0,train
13989,6_square,7,25,817.0,238.0,838.0,484.0,21.0,246.0,train
13991,6_square,25,11,189.0,344.0,660.0,758.0,471.0,414.0,train
13993,6_square,35,54,260.0,575.0,269.0,634.0,9.0,59.0,train
13995,6_square,34,57,804.0,106.0,251.0,340.0,-553.0,234.0,train
13996,6_square,68,18,676.0,351.0,645.0,600.0,-31.0,249.0,train
13998,6_square,53,3,871.0,306.0,397.0,619.0,-474.0,313.0,train
13999,6_square,14,51,422.0,121.0,897.0,228.0,475.0,107.0,train
14000,22_square,46,49,193.0,665.0,761.0,297.0,568.0,-368.0,train
14001,22_square,3,10,491.0,634.0,322.0,445.0,-169.0,-189.0,train
14002,22_square,66,55,675.0,436.0,396.0,367.0,-279.0,-69.0,train
14003,22_square,68,59,318.0,350.0,166.0,730.0,-152.0,380.0,train
14004,22_square,22,43,207.0,819.0,563.0,199.0,356.0,-620.0,train
14005,22_square,26,15,111.0,660.0,163.0,827.0,52.0,167.0,train
14006,22_square,38,68,679.0,720.0,705.0,769.0,26.0,49.0,train
14007,22_square,34,12,883.0,104.0,400.0,228.0,-483.0,124.0,train
14009,22_square,40,23,858.0,149.0,521.0,475.0,-337.0,326.0,train
14010,22_square,63,2,515.0,303.0,375.0,864.0,-140.0,561.0,train
14011,22_square,66,31,273.0,815.0,548.0,764.0,275.0,-51.0,train
14015,22_square,56,66,253.0,405.0,365.0,246.0,112.0,-159.0,train
14016,22_square,66,47,765.0,261.0,626.0,348.0,-139.0,87.0,train
14017,22_square,25,42,571.0,871.0,853.0,285.0,282.0,-586.0,train
14018,22_square,63,22,729.0,278.0,528.0,332.0,-201.0,54.0,train
14019,22_square,0,21,360.0,691.0,368.0,318.0,8.0,-373.0,train
14020,22_square,6,19,830.0,276.0,591.0,201.0,-239.0,-75.0,train
14021,22_square,30,65,123.0,236.0,157.0,387.0,34.0,151.0,train
14022,22_square,13,54,196.0,691.0,327.0,235.0,131.0,-456.0,train
14024,22_square,58,45,727.0,776.0,544.0,531.0,-183.0,-245.0,train
14025,22_square,29,68,538.0,279.0,825.0,710.0,287.0,431.0,train
14026,22_square,22,24,529.0,308.0,318.0,706.0,-211.0,398.0,train
14027,22_square,39,65,727.0,473.0,896.0,597.0,169.0,124.0,train
14028,22_square,62,2,492.0,875.0,215.0,479.0,-277.0,-396.0,train
14029,22_square,34,25,437.0,871.0,703.0,798.0,266.0,-73.0,train
14030,22_square,30,29,667.0,384.0,810.0,729.0,143.0,345.0,train
14031,22_square,14,43,807.0,134.0,204.0,508.0,-603.0,374.0,train
14032,22_square,29,21,757.0,257.0,576.0,286.0,-181.0,29.0,train
14033,22_square,64,33,754.0,771.0,470.0,189.0,-284.0,-582.0,train
14035,22_square,31,52,645.0,203.0,293.0,840.0,-352.0,637.0,train
14037,22_square,58,5,117.0,196.0,864.0,412.0,747.0,216.0,train
14038,22_square,52,57,519.0,707.0,317.0,140.0,-202.0,-567.0,train
14039,22_square,30,51,267.0,362.0,687.0,390.0,420.0,28.0,train
14040,22_square,9,14,237.0,325.0,768.0,834.0,531.0,509.0,train
14041,22_square,26,41,866.0,373.0,612.0,823.0,-254.0,450.0,train
14042,22_square,15,22,232.0,174.0,304.0,258.0,72.0,84.0,train
14043,22_square,39,25,419.0,802.0,218.0,339.0,-201.0,-463.0,train
14044,22_square,52,7,273.0,254.0,275.0,248.0,2.0,-6.0,train
14045,22_square,35,17,395.0,512.0,518.0,136.0,123.0,-376.0,train
14046,22_square,67,5,650.0,343.0,654.0,243.0,4.0,-100.0,train
14047,22_square,2,61,898.0,717.0,692.0,232.0,-206.0,-485.0,train
14048,22_square,49,33,333.0,148.0,356.0,628.0,23.0,480.0,train
14049,22_square,28,53,688.0,662.0,401.0,805.0,-287.0,143.0,train
14050,22_square,15,30,302.0,713.0,663.0,103.0,361.0,-610.0,train
14051,22_square,43,62,511.0,899.0,754.0,259.0,243.0,-640.0,train
14052,22_square,46,41,406.0,113.0,732.0,359.0,326.0,246.0,train
14053,22_square,65,25,254.0,233.0,602.0,636.0,348.0,403.0,train
14054,22_square,46,23,756.0,243.0,621.0,695.0,-135.0,452.0,train
14057,22_square,48,20,896.0,422.0,817.0,164.0,-79.0,-258.0,train
14058,22_square,19,55,885.0,120.0,825.0,462.0,-60.0,342.0,train
14059,22_square,44,28,816.0,735.0,542.0,176.0,-274.0,-559.0,train
14060,22_square,21,4,631.0,300.0,416.0,226.0,-215.0,-74.0,train
14062,22_square,21,66,170.0,818.0,506.0,826.0,336.0,8.0,train
14063,22_square,36,23,216.0,860.0,141.0,256.0,-75.0,-604.0,train
14064,22_square,22,13,445.0,336.0,737.0,751.0,292.0,415.0,train
14065,22_square,37,3,292.0,644.0,764.0,521.0,472.0,-123.0,train
14067,22_square,1,23,505.0,230.0,371.0,476.0,-134.0,246.0,train
14068,22_square,16,65,741.0,168.0,702.0,433.0,-39.0,265.0,train
14069,22_square,18,15,282.0,329.0,492.0,765.0,210.0,436.0,train
14070,22_square,12,29,206.0,727.0,193.0,538.0,-13.0,-189.0,train
14071,22_square,45,8,132.0,849.0,322.0,620.0,190.0,-229.0,train
14072,22_square,61,62,596.0,250.0,266.0,841.0,-330.0,591.0,train
14073,22_square,63,62,280.0,740.0,384.0,833.0,104.0,93.0,train
14074,22_square,18,61,442.0,112.0,886.0,105.0,444.0,-7.0,train
14075,22_square,11,67,128.0,626.0,862.0,329.0,734.0,-297.0,train
14076,22_square,55,43,398.0,379.0,897.0,459.0,499.0,80.0,train
14077,22_square,32,64,473.0,413.0,703.0,499.0,230.0,86.0,train
14079,22_square,61,14,785.0,392.0,834.0,327.0,49.0,-65.0,train
14080,22_square,35,27,832.0,423.0,466.0,856.0,-366.0,433.0,train
14081,22_square,6,8,761.0,687.0,799.0,180.0,38.0,-507.0,train
14082,22_square,65,63,669.0,793.0,854.0,617.0,185.0,-176.0,train
14083,22_square,42,52,254.0,794.0,815.0,443.0,561.0,-351.0,train
14084,22_square,15,64,313.0,585.0,351.0,610.0,38.0,25.0,train
14085,22_square,30,61,153.0,109.0,630.0,507.0,477.0,398.0,train
14086,22_square,40,19,203.0,432.0,449.0,800.0,246.0,368.0,train
14088,22_square,56,1,648.0,311.0,477.0,587.0,-171.0,276.0,train
14089,22_square,24,15,612.0,505.0,266.0,108.0,-346.0,-397.0,train
14091,22_square,41,20,185.0,378.0,368.0,247.0,183.0,-131.0,train
14092,22_square,56,34,856.0,871.0,692.0,753.0,-164.0,-118.0,train
14093,22_square,36,36,686.0,621.0,790.0,207.0,104.0,-414.0,train
14095,22_square,21,59,547.0,508.0,841.0,428.0,294.0,-80.0,train
14096,22_square,25,21,391.0,685.0,255.0,133.0,-136.0,-552.0,train
14097,22_square,32,36,521.0,255.0,540.0,731.0,19.0,476.0,train
14098,22_square,40,45,430.0,865.0,541.0,769.0,111.0,-96.0,train
14099,22_square,60,37,471.0,467.0,567.0,404.0,96.0,-63.0,train
14100,22_square,42,66,266.0,836.0,253.0,478.0,-13.0,-358.0,train
14101,22_square,0,62,271.0,459.0,228.0,737.0,-43.0,278.0,train
14102,22_square,10,50,606.0,875.0,416.0,329.0,-190.0,-546.0,train
14103,22_square,53,31,503.0,551.0,217.0,690.0,-286.0,139.0,train
14104,22_square,43,36,888.0,433.0,360.0,768.0,-528.0,335.0,train
14105,22_square,26,57,302.0,692.0,772.0,648.0,470.0,-44.0,train
14109,22_square,1,15,796.0,731.0,876.0,283.0,80.0,-448.0,train
14110,22_square,52,62,704.0,391.0,285.0,371.0,-419.0,-20.0,train
14111,22_square,4,50,281.0,687.0,897.0,165.0,616.0,-522.0,train
14112,22_square,8,6,102.0,683.0,833.0,561.0,731.0,-122.0,train
14113,22_square,57,18,560.0,800.0,666.0,393.0,106.0,-407.0,train
14115,22_square,39,56,647.0,817.0,747.0,858.0,100.0,41.0,train
14116,22_square,58,20,792.0,466.0,662.0,826.0,-130.0,360.0,train
14117,22_square,42,3,709.0,858.0,727.0,872.0,18.0,14.0,train
14120,22_square,13,55,494.0,705.0,766.0,746.0,272.0,41.0,train
14122,22_square,57,51,665.0,608.0,893.0,376.0,228.0,-232.0,train
14123,22_square,7,8,877.0,636.0,315.0,137.0,-562.0,-499.0,train
14124,22_square,46,49,738.0,490.0,718.0,282.0,-20.0,-208.0,train
14125,22_square,20,56,361.0,504.0,306.0,456.0,-55.0,-48.0,train
14126,22_square,36,18,564.0,266.0,897.0,412.0,333.0,146.0,train
14127,22_square,12,37,666.0,739.0,451.0,472.0,-215.0,-267.0,train
14129,22_square,56,29,183.0,858.0,860.0,372.0,677.0,-486.0,train
14131,22_square,6,46,366.0,369.0,616.0,524.0,250.0,155.0,train
14132,22_square,4,58,155.0,851.0,318.0,592.0,163.0,-259.0,train
14133,22_square,12,22,762.0,462.0,651.0,117.0,-111.0,-345.0,train
14134,22_square,46,57,635.0,691.0,897.0,477.0,262.0,-214.0,train
14135,22_square,49,13,882.0,718.0,332.0,304.0,-550.0,-414.0,train
14137,22_square,39,58,215.0,328.0,172.0,190.0,-43.0,-138.0,train
14140,22_square,63,48,226.0,218.0,450.0,557.0,224.0,339.0,train
14141,22_square,36,53,779.0,358.0,312.0,863.0,-467.0,505.0,train
14142,22_square,54,2,699.0,586.0,473.0,266.0,-226.0,-320.0,train
14143,22_square,51,21,419.0,510.0,216.0,357.0,-203.0,-153.0,train
14144,22_square,24,33,178.0,754.0,423.0,643.0,245.0,-111.0,train
14145,22_square,21,49,193.0,806.0,183.0,369.0,-10.0,-437.0,train
14146,22_square,26,32,668.0,487.0,873.0,472.0,205.0,-15.0,train
14148,22_square,60,29,721.0,416.0,174.0,170.0,-547.0,-246.0,train
14150,22_square,9,1,613.0,372.0,517.0,396.0,-96.0,24.0,train
14151,22_square,43,7,300.0,802.0,847.0,663.0,547.0,-139.0,train
14152,22_square,62,52,345.0,467.0,854.0,352.0,509.0,-115.0,train
14153,22_square,10,43,678.0,649.0,503.0,544.0,-175.0,-105.0,train
14154,22_square,19,55,560.0,207.0,312.0,761.0,-248.0,554.0,train
14155,22_square,2,50,608.0,849.0,611.0,358.0,3.0,-491.0,train
14158,22_square,57,8,468.0,275.0,396.0,102.0,-72.0,-173.0,train
14159,22_square,11,21,431.0,254.0,223.0,125.0,-208.0,-129.0,train
14160,22_square,30,56,501.0,797.0,679.0,324.0,178.0,-473.0,train
14161,22_square,6,36,325.0,312.0,808.0,111.0,483.0,-201.0,train
14162,22_square,50,55,573.0,643.0,564.0,716.0,-9.0,73.0,train
14163,22_square,43,5,327.0,188.0,757.0,815.0,430.0,627.0,train
14164,22_square,27,29,593.0,654.0,627.0,561.0,34.0,-93.0,train
14165,22_square,52,49,279.0,756.0,562.0,633.0,283.0,-123.0,train
14166,22_square,67,2,222.0,103.0,444.0,667.0,222.0,564.0,train
14168,22_square,55,34,811.0,400.0,211.0,386.0,-600.0,-14.0,train
14169,22_square,68,19,849.0,327.0,490.0,436.0,-359.0,109.0,train
14172,22_square,7,15,209.0,808.0,815.0,574.0,606.0,-234.0,train
14173,22_square,18,55,767.0,323.0,187.0,239.0,-580.0,-84.0,train
14174,22_square,33,4,707.0,393.0,887.0,248.0,180.0,-145.0,train
14175,22_square,57,10,119.0,282.0,596.0,748.0,477.0,466.0,train
14177,22_square,30,42,506.0,290.0,428.0,311.0,-78.0,21.0,train
14178,22_square,48,14,295.0,893.0,710.0,659.0,415.0,-234.0,train
14179,22_square,45,37,896.0,354.0,730.0,427.0,-166.0,73.0,train
14181,22_square,9,67,523.0,463.0,218.0,516.0,-305.0,53.0,train
14182,22_square,17,13,787.0,821.0,356.0,299.0,-431.0,-522.0,train
14183,22_square,62,60,666.0,765.0,757.0,789.0,91.0,24.0,train
14185,22_square,37,15,152.0,660.0,561.0,169.0,409.0,-491.0,train
14186,22_square,38,45,207.0,499.0,521.0,306.0,314.0,-193.0,train
14187,22_square,61,41,800.0,365.0,895.0,489.0,95.0,124.0,train
14188,22_square,24,4,589.0,263.0,859.0,747.0,270.0,484.0,train
14189,22_square,36,46,574.0,401.0,790.0,139.0,216.0,-262.0,train
14190,22_square,31,45,766.0,851.0,311.0,691.0,-455.0,-160.0,train
14191,22_square,50,45,704.0,677.0,281.0,120.0,-423.0,-557.0,train
14193,22_square,0,23,272.0,500.0,357.0,694.0,85.0,194.0,train
14194,22_square,47,57,275.0,492.0,488.0,494.0,213.0,2.0,train
14196,22_square,14,28,121.0,106.0,803.0,395.0,682.0,289.0,train
14197,22_square,47,21,418.0,642.0,632.0,133.0,214.0,-509.0,train
14198,22_square,1,8,523.0,430.0,591.0,412.0,68.0,-18.0,train
14199,22_square,14,14,210.0,166.0,443.0,289.0,233.0,123.0,train
14201,22_square,52,54,781.0,228.0,554.0,512.0,-227.0,284.0,train
14202,22_square,64,28,554.0,468.0,617.0,549.0,63.0,81.0,train
14203,22_square,67,60,808.0,392.0,208.0,733.0,-600.0,341.0,train
14204,22_square,9,6,358.0,174.0,787.0,372.0,429.0,198.0,train
14206,22_square,40,34,784.0,249.0,183.0,691.0,-601.0,442.0,train
14207,22_square,21,49,231.0,763.0,750.0,600.0,519.0,-163.0,train
14208,22_square,28,37,226.0,174.0,882.0,448.0,656.0,274.0,train
14210,22_square,14,24,706.0,483.0,861.0,318.0,155.0,-165.0,train
14211,22_square,45,58,628.0,411.0,831.0,117.0,203.0,-294.0,train
14213,22_square,16,66,301.0,670.0,325.0,625.0,24.0,-45.0,train
14215,22_square,58,30,107.0,248.0,868.0,550.0,761.0,302.0,train
14217,22_square,12,41,248.0,576.0,735.0,152.0,487.0,-424.0,train
14218,22_square,19,35,444.0,573.0,235.0,632.0,-209.0,59.0,train
14219,22_square,53,54,783.0,497.0,654.0,782.0,-129.0,285.0,train
14220,22_square,42,33,277.0,806.0,512.0,362.0,235.0,-444.0,train
14221,22_square,2,68,422.0,407.0,403.0,645.0,-19.0,238.0,train
14223,22_square,23,64,202.0,131.0,319.0,819.0,117.0,688.0,train
14224,22_square,65,32,283.0,626.0,568.0,878.0,285.0,252.0,train
14225,22_square,6,14,691.0,463.0,898.0,672.0,207.0,209.0,train
14226,22_square,48,14,109.0,697.0,531.0,115.0,422.0,-582.0,train
14227,22_square,33,41,494.0,182.0,702.0,297.0,208.0,115.0,train
14228,22_square,21,31,370.0,750.0,246.0,654.0,-124.0,-96.0,train
14229,22_square,4,26,639.0,632.0,303.0,647.0,-336.0,15.0,train
14230,22_square,58,3,263.0,170.0,185.0,361.0,-78.0,191.0,train
14231,22_square,4,2,112.0,479.0,758.0,458.0,646.0,-21.0,train
14234,22_square,28,59,455.0,124.0,601.0,375.0,146.0,251.0,train
14236,22_square,4,3,820.0,467.0,316.0,470.0,-504.0,3.0,train
14238,22_square,52,65,121.0,679.0,466.0,855.0,345.0,176.0,train
14239,22_square,55,55,745.0,587.0,635.0,630.0,-110.0,43.0,train
14240,22_square,50,65,828.0,230.0,847.0,449.0,19.0,219.0,train
14241,22_square,50,23,753.0,788.0,358.0,759.0,-395.0,-29.0,train
14242,22_square,49,51,759.0,752.0,823.0,348.0,64.0,-404.0,train
14243,22_square,52,52,602.0,400.0,830.0,882.0,228.0,482.0,train
14245,22_square,3,65,597.0,677.0,225.0,697.0,-372.0,20.0,train
14246,22_square,61,39,653.0,535.0,893.0,428.0,240.0,-107.0,train
14247,22_square,23,27,837.0,338.0,345.0,591.0,-492.0,253.0,train
14249,22_square,46,54,446.0,459.0,134.0,275.0,-312.0,-184.0,train
14250,22_square,49,53,714.0,203.0,688.0,255.0,-26.0,52.0,train
14251,22_square,68,57,632.0,570.0,392.0,813.0,-240.0,243.0,train
14252,22_square,54,24,193.0,470.0,397.0,282.0,204.0,-188.0,train
14253,22_square,50,44,307.0,126.0,756.0,838.0,449.0,712.0,train
14254,22_square,10,12,103.0,543.0,416.0,560.0,313.0,17.0,train
14255,22_square,59,33,161.0,542.0,237.0,633.0,76.0,91.0,train
14256,22_square,12,23,185.0,862.0,647.0,257.0,462.0,-605.0,train
14257,22_square,61,20,695.0,697.0,481.0,527.0,-214.0,-170.0,train
14259,22_square,48,56,224.0,431.0,404.0,504.0,180.0,73.0,train
14260,22_square,63,29,722.0,178.0,682.0,552.0,-40.0,374.0,train
14261,22_square,5,56,421.0,570.0,364.0,243.0,-57.0,-327.0,train
14262,22_square,63,21,800.0,511.0,581.0,785.0,-219.0,274.0,train
14263,22_square,39,48,648.0,627.0,161.0,867.0,-487.0,240.0,train
14264,22_square,30,27,698.0,153.0,109.0,319.0,-589.0,166.0,train
14265,22_square,14,22,738.0,214.0,782.0,361.0,44.0,147.0,train
14266,22_square,40,15,764.0,416.0,196.0,310.0,-568.0,-106.0,train
14267,22_square,35,27,831.0,812.0,670.0,842.0,-161.0,30.0,train
14268,22_square,26,7,818.0,660.0,607.0,669.0,-211.0,9.0,train
14269,22_square,52,68,109.0,331.0,406.0,184.0,297.0,-147.0,train
14270,22_square,15,9,239.0,522.0,834.0,892.0,595.0,370.0,train
14271,22_square,53,62,747.0,657.0,899.0,592.0,152.0,-65.0,train
14272,22_square,54,68,410.0,161.0,659.0,471.0,249.0,310.0,train
14273,22_square,37,7,541.0,612.0,331.0,651.0,-210.0,39.0,train
14274,22_square,5,11,577.0,735.0,723.0,215.0,146.0,-520.0,train
14275,22_square,9,22,760.0,881.0,162.0,829.0,-598.0,-52.0,train
14276,22_square,24,2,846.0,837.0,133.0,173.0,-713.0,-664.0,train
14277,22_square,21,45,794.0,291.0,860.0,108.0,66.0,-183.0,train
14279,22_square,54,43,595.0,642.0,460.0,474.0,-135.0,-168.0,train
14282,22_square,13,39,205.0,628.0,168.0,311.0,-37.0,-317.0,train
14283,22_square,10,57,274.0,545.0,127.0,193.0,-147.0,-352.0,train
14285,22_square,7,35,334.0,895.0,610.0,218.0,276.0,-677.0,train
14286,22_square,9,63,557.0,670.0,890.0,286.0,333.0,-384.0,train
14287,22_square,57,7,480.0,509.0,374.0,635.0,-106.0,126.0,train
14289,22_square,28,41,615.0,448.0,304.0,697.0,-311.0,249.0,train
14290,22_square,14,38,716.0,492.0,211.0,190.0,-505.0,-302.0,train
14291,22_square,50,12,868.0,448.0,899.0,229.0,31.0,-219.0,train
14293,22_square,47,7,155.0,267.0,591.0,187.0,436.0,-80.0,train
14294,22_square,64,46,858.0,868.0,779.0,616.0,-79.0,-252.0,train
14295,22_square,11,28,860.0,522.0,757.0,140.0,-103.0,-382.0,train
14296,22_square,58,30,683.0,602.0,323.0,650.0,-360.0,48.0,train
14297,22_square,39,58,381.0,705.0,178.0,451.0,-203.0,-254.0,train
14299,22_square,10,6,833.0,450.0,628.0,590.0,-205.0,140.0,train
14300,22_square,48,41,520.0,608.0,372.0,278.0,-148.0,-330.0,train
14301,22_square,48,54,127.0,107.0,385.0,651.0,258.0,544.0,train
14302,22_square,47,9,852.0,206.0,177.0,851.0,-675.0,645.0,train
14303,22_square,55,25,402.0,387.0,253.0,855.0,-149.0,468.0,train
14304,22_square,30,59,190.0,602.0,862.0,510.0,672.0,-92.0,train
14305,22_square,10,40,763.0,191.0,619.0,900.0,-144.0,709.0,train
14307,22_square,21,50,492.0,661.0,816.0,890.0,324.0,229.0,train
14309,22_square,35,61,491.0,466.0,544.0,847.0,53.0,381.0,train
14310,22_square,1,59,882.0,650.0,443.0,752.0,-439.0,102.0,train
14311,22_square,42,46,880.0,785.0,157.0,281.0,-723.0,-504.0,train
14312,22_square,41,41,382.0,802.0,851.0,753.0,469.0,-49.0,train
14313,22_square,37,67,757.0,180.0,457.0,455.0,-300.0,275.0,train
14314,22_square,16,25,496.0,801.0,352.0,343.0,-144.0,-458.0,train
14315,22_square,62,51,800.0,335.0,206.0,445.0,-594.0,110.0,train
14316,22_square,64,44,370.0,749.0,208.0,342.0,-162.0,-407.0,train
14317,22_square,8,56,257.0,590.0,726.0,729.0,469.0,139.0,train
14318,22_square,43,67,514.0,361.0,696.0,698.0,182.0,337.0,train
14319,22_square,54,27,375.0,858.0,665.0,715.0,290.0,-143.0,train
14320,22_square,26,49,485.0,293.0,898.0,864.0,413.0,571.0,train
14321,22_square,35,50,427.0,554.0,561.0,628.0,134.0,74.0,train
14322,22_square,64,38,624.0,821.0,271.0,549.0,-353.0,-272.0,train
14323,22_square,31,53,465.0,522.0,738.0,639.0,273.0,117.0,train
14324,22_square,63,33,338.0,208.0,641.0,138.0,303.0,-70.0,train
14325,22_square,17,16,285.0,556.0,822.0,385.0,537.0,-171.0,train
14326,22_square,50,34,706.0,730.0,124.0,826.0,-582.0,96.0,train
14328,22_square,45,53,430.0,132.0,665.0,783.0,235.0,651.0,train
14329,22_square,11,52,316.0,595.0,148.0,250.0,-168.0,-345.0,train
14330,22_square,13,33,501.0,638.0,496.0,896.0,-5.0,258.0,train
14331,22_square,31,25,380.0,113.0,451.0,301.0,71.0,188.0,train
14332,22_square,16,20,301.0,417.0,458.0,215.0,157.0,-202.0,train
14333,22_square,62,0,690.0,780.0,842.0,524.0,152.0,-256.0,train
14334,22_square,19,43,485.0,801.0,622.0,621.0,137.0,-180.0,train
14335,22_square,10,67,500.0,501.0,546.0,319.0,46.0,-182.0,train
14336,22_square,26,48,713.0,702.0,144.0,112.0,-569.0,-590.0,train
14337,22_square,8,33,815.0,309.0,446.0,673.0,-369.0,364.0,train
14338,22_square,64,22,491.0,274.0,405.0,255.0,-86.0,-19.0,train
14339,22_square,55,8,455.0,475.0,342.0,566.0,-113.0,91.0,train
14340,22_square,1,48,816.0,314.0,639.0,478.0,-177.0,164.0,train
14341,22_square,28,61,601.0,556.0,503.0,333.0,-98.0,-223.0,train
14343,22_square,1,35,317.0,823.0,207.0,200.0,-110.0,-623.0,train
14344,22_square,63,44,786.0,643.0,695.0,231.0,-91.0,-412.0,train
14346,22_square,51,25,217.0,433.0,553.0,561.0,336.0,128.0,train
14348,22_square,22,49,212.0,505.0,230.0,206.0,18.0,-299.0,train
14349,22_square,42,10,855.0,845.0,179.0,533.0,-676.0,-312.0,train
14350,22_square,39,5,757.0,254.0,380.0,651.0,-377.0,397.0,train
14351,22_square,12,26,215.0,108.0,489.0,146.0,274.0,38.0,train
14352,22_square,31,42,763.0,877.0,452.0,170.0,-311.0,-707.0,train
14353,22_square,15,17,425.0,662.0,633.0,419.0,208.0,-243.0,train
14354,22_square,30,64,548.0,399.0,513.0,787.0,-35.0,388.0,train
14355,22_square,4,68,794.0,881.0,557.0,765.0,-237.0,-116.0,train
14356,22_square,29,29,195.0,788.0,772.0,615.0,577.0,-173.0,train
14360,22_square,44,6,813.0,592.0,163.0,614.0,-650.0,22.0,train
14362,22_square,50,55,413.0,735.0,241.0,648.0,-172.0,-87.0,train
14363,22_square,65,0,195.0,445.0,600.0,732.0,405.0,287.0,train
14365,22_square,65,31,596.0,556.0,593.0,139.0,-3.0,-417.0,train
14366,22_square,10,40,311.0,787.0,412.0,391.0,101.0,-396.0,train
14369,22_square,35,68,684.0,871.0,114.0,673.0,-570.0,-198.0,train
14370,22_square,29,7,124.0,127.0,176.0,835.0,52.0,708.0,train
14371,22_square,2,39,324.0,364.0,563.0,481.0,239.0,117.0,train
14372,22_square,2,22,886.0,799.0,323.0,510.0,-563.0,-289.0,train
14373,22_square,56,27,822.0,855.0,459.0,774.0,-363.0,-81.0,train
14375,22_square,42,60,197.0,508.0,722.0,174.0,525.0,-334.0,train
14376,22_square,68,23,785.0,889.0,880.0,168.0,95.0,-721.0,train
14377,22_square,33,62,449.0,540.0,227.0,666.0,-222.0,126.0,train
14381,22_square,6,53,533.0,841.0,212.0,416.0,-321.0,-425.0,train
14383,22_square,3,47,541.0,865.0,568.0,861.0,27.0,-4.0,train
14384,22_square,39,20,343.0,797.0,168.0,190.0,-175.0,-607.0,train
14385,22_square,66,44,410.0,771.0,162.0,874.0,-248.0,103.0,train
14386,22_square,38,42,541.0,368.0,643.0,561.0,102.0,193.0,train
14387,22_square,3,57,358.0,613.0,443.0,362.0,85.0,-251.0,train
14388,22_square,38,56,367.0,753.0,804.0,139.0,437.0,-614.0,train
14389,22_square,59,59,761.0,126.0,683.0,595.0,-78.0,469.0,train
14390,22_square,27,3,571.0,626.0,470.0,323.0,-101.0,-303.0,train
14391,22_square,65,61,589.0,318.0,541.0,406.0,-48.0,88.0,train
14392,22_square,45,58,814.0,501.0,503.0,324.0,-311.0,-177.0,train
14393,22_square,24,50,339.0,540.0,612.0,864.0,273.0,324.0,train
14394,22_square,31,26,453.0,733.0,450.0,293.0,-3.0,-440.0,train
14396,22_square,63,6,886.0,312.0,564.0,328.0,-322.0,16.0,train
14397,22_square,45,9,664.0,207.0,234.0,720.0,-430.0,513.0,train
14398,22_square,50,26,739.0,368.0,559.0,812.0,-180.0,444.0,train
14401,22_square,21,6,737.0,259.0,510.0,865.0,-227.0,606.0,train
14402,22_square,4,47,176.0,411.0,620.0,762.0,444.0,351.0,train
14403,22_square,55,43,592.0,808.0,781.0,612.0,189.0,-196.0,train
14404,22_square,22,7,530.0,854.0,150.0,191.0,-380.0,-663.0,train
14405,22_square,28,57,627.0,318.0,244.0,200.0,-383.0,-118.0,train
14406,22_square,53,11,699.0,390.0,793.0,529.0,94.0,139.0,train
14407,22_square,33,1,836.0,699.0,271.0,863.0,-565.0,164.0,train
14408,22_square,61,57,320.0,363.0,222.0,377.0,-98.0,14.0,train
14409,22_square,32,34,196.0,215.0,596.0,153.0,400.0,-62.0,train
14410,22_square,4,62,315.0,359.0,667.0,494.0,352.0,135.0,train
14412,22_square,26,48,589.0,823.0,272.0,131.0,-317.0,-692.0,train
14414,22_square,8,17,512.0,238.0,278.0,362.0,-234.0,124.0,train
14415,22_square,63,17,113.0,842.0,635.0,728.0,522.0,-114.0,train
14416,22_square,14,26,706.0,390.0,829.0,476.0,123.0,86.0,train
14417,22_square,40,12,767.0,492.0,768.0,140.0,1.0,-352.0,train
14418,22_square,56,36,786.0,161.0,390.0,700.0,-396.0,539.0,train
14419,22_square,9,61,332.0,807.0,727.0,192.0,395.0,-615.0,train
14421,22_square,32,18,352.0,783.0,457.0,622.0,105.0,-161.0,train
14423,22_square,41,45,840.0,274.0,762.0,244.0,-78.0,-30.0,train
14424,22_square,67,54,330.0,143.0,505.0,896.0,175.0,753.0,train
14425,22_square,1,21,218.0,891.0,448.0,226.0,230.0,-665.0,train
14426,22_square,27,41,107.0,279.0,784.0,375.0,677.0,96.0,train
14427,22_square,51,13,687.0,858.0,680.0,780.0,-7.0,-78.0,train
14429,22_square,31,28,718.0,239.0,428.0,575.0,-290.0,336.0,train
14430,22_square,27,11,193.0,237.0,853.0,229.0,660.0,-8.0,train
14431,22_square,39,58,420.0,165.0,211.0,640.0,-209.0,475.0,train
14432,22_square,59,55,192.0,651.0,626.0,273.0,434.0,-378.0,train
14433,22_square,31,45,368.0,113.0,396.0,118.0,28.0,5.0,train
14434,22_square,53,20,714.0,389.0,557.0,629.0,-157.0,240.0,train
14435,22_square,60,16,505.0,485.0,349.0,643.0,-156.0,158.0,train
14437,22_square,29,58,573.0,869.0,829.0,796.0,256.0,-73.0,train
14438,22_square,43,26,734.0,111.0,578.0,461.0,-156.0,350.0,train
14439,22_square,45,64,139.0,386.0,240.0,655.0,101.0,269.0,train
14442,22_square,37,30,505.0,497.0,579.0,785.0,74.0,288.0,train
14443,22_square,12,47,222.0,322.0,714.0,810.0,492.0,488.0,train
14446,22_square,41,38,536.0,705.0,568.0,332.0,32.0,-373.0,train
14448,22_square,23,27,848.0,281.0,329.0,202.0,-519.0,-79.0,train
14450,22_square,39,4,245.0,735.0,304.0,151.0,59.0,-584.0,train
14451,22_square,17,22,813.0,281.0,423.0,401.0,-390.0,120.0,train
14452,22_square,20,61,851.0,106.0,714.0,795.0,-137.0,689.0,train
14453,22_square,29,49,151.0,275.0,363.0,226.0,212.0,-49.0,train
14454,22_square,57,59,189.0,859.0,121.0,742.0,-68.0,-117.0,train
14455,22_square,39,4,658.0,616.0,107.0,215.0,-551.0,-401.0,train
14456,22_square,21,33,768.0,797.0,313.0,323.0,-455.0,-474.0,train
14457,22_square,39,30,477.0,781.0,817.0,299.0,340.0,-482.0,train
14460,22_square,55,24,659.0,585.0,635.0,830.0,-24.0,245.0,train
14461,22_square,24,49,729.0,275.0,835.0,345.0,106.0,70.0,train
14463,22_square,40,48,159.0,638.0,377.0,514.0,218.0,-124.0,train
14464,22_square,11,6,655.0,885.0,196.0,615.0,-459.0,-270.0,train
14465,22_square,1,55,854.0,404.0,221.0,667.0,-633.0,263.0,train
14466,22_square,40,4,572.0,241.0,717.0,411.0,145.0,170.0,train
14467,22_square,13,43,829.0,757.0,825.0,696.0,-4.0,-61.0,train
14468,22_square,21,14,725.0,225.0,185.0,368.0,-540.0,143.0,train
14469,22_square,0,57,633.0,481.0,542.0,652.0,-91.0,171.0,train
14470,22_square,37,62,883.0,877.0,154.0,275.0,-729.0,-602.0,train
14471,22_square,52,24,224.0,539.0,762.0,546.0,538.0,7.0,train
14473,22_square,9,17,277.0,607.0,719.0,424.0,442.0,-183.0,train
14474,22_square,48,22,385.0,595.0,252.0,366.0,-133.0,-229.0,train
14475,22_square,65,21,246.0,201.0,270.0,801.0,24.0,600.0,train
14476,22_square,48,52,169.0,322.0,283.0,123.0,114.0,-199.0,train
14477,22_square,42,11,870.0,124.0,128.0,656.0,-742.0,532.0,train
14478,22_square,18,16,108.0,396.0,627.0,677.0,519.0,281.0,train
14479,22_square,53,56,312.0,222.0,344.0,464.0,32.0,242.0,train
14480,22_square,56,2,741.0,247.0,258.0,300.0,-483.0,53.0,train
14481,22_square,35,54,798.0,121.0,764.0,555.0,-34.0,434.0,train
14482,22_square,53,63,300.0,858.0,884.0,749.0,584.0,-109.0,train
14483,22_square,42,0,336.0,763.0,654.0,402.0,318.0,-361.0,train
14484,22_square,63,44,380.0,229.0,748.0,101.0,368.0,-128.0,train
14485,22_square,51,64,897.0,142.0,314.0,204.0,-583.0,62.0,train
14487,22_square,14,1,804.0,505.0,225.0,649.0,-579.0,144.0,train
14488,22_square,4,50,371.0,511.0,477.0,716.0,106.0,205.0,train
14489,22_square,37,32,428.0,171.0,362.0,882.0,-66.0,711.0,train
14490,22_square,0,27,491.0,667.0,828.0,317.0,337.0,-350.0,train
14491,22_square,67,36,180.0,105.0,603.0,688.0,423.0,583.0,train
14492,22_square,10,21,340.0,811.0,387.0,277.0,47.0,-534.0,train
14493,22_square,67,34,138.0,471.0,610.0,876.0,472.0,405.0,train
14494,22_square,1,1,562.0,487.0,481.0,165.0,-81.0,-322.0,train
14496,22_square,46,46,318.0,461.0,596.0,319.0,278.0,-142.0,train
14497,22_square,35,7,546.0,211.0,680.0,439.0,134.0,228.0,train
14498,22_square,30,50,679.0,772.0,544.0,204.0,-135.0,-568.0,train
14499,22_square,16,60,808.0,668.0,780.0,771.0,-28.0,103.0,train
14501,25_square,51,58,508.0,637.0,475.0,800.0,-33.0,163.0,train
14502,25_square,29,32,226.0,448.0,200.0,842.0,-26.0,394.0,train
14504,25_square,12,24,850.0,796.0,528.0,727.0,-322.0,-69.0,train
14505,25_square,19,29,463.0,467.0,896.0,574.0,433.0,107.0,train
14507,25_square,45,6,373.0,335.0,368.0,570.0,-5.0,235.0,train
14508,25_square,21,61,761.0,879.0,544.0,811.0,-217.0,-68.0,train
14509,25_square,23,7,301.0,158.0,891.0,200.0,590.0,42.0,train
14510,25_square,8,4,262.0,736.0,587.0,168.0,325.0,-568.0,train
14511,25_square,45,34,551.0,647.0,483.0,642.0,-68.0,-5.0,train
14513,25_square,46,37,396.0,474.0,704.0,155.0,308.0,-319.0,train
14514,25_square,47,8,689.0,238.0,167.0,241.0,-522.0,3.0,train
14515,25_square,14,38,376.0,204.0,671.0,431.0,295.0,227.0,train
14516,25_square,41,51,832.0,515.0,121.0,547.0,-711.0,32.0,train
14518,25_square,57,31,654.0,161.0,383.0,428.0,-271.0,267.0,train
14519,25_square,58,62,164.0,485.0,746.0,395.0,582.0,-90.0,train
14520,25_square,18,47,853.0,534.0,186.0,632.0,-667.0,98.0,train
14522,25_square,45,57,103.0,333.0,687.0,239.0,584.0,-94.0,train
14524,25_square,63,62,332.0,752.0,477.0,323.0,145.0,-429.0,train
14525,25_square,62,62,789.0,504.0,519.0,894.0,-270.0,390.0,train
14526,25_square,65,13,694.0,855.0,820.0,457.0,126.0,-398.0,train
14527,25_square,11,21,289.0,364.0,162.0,839.0,-127.0,475.0,train
14528,25_square,38,39,863.0,633.0,248.0,127.0,-615.0,-506.0,train
14529,25_square,52,50,491.0,295.0,416.0,479.0,-75.0,184.0,train
14531,25_square,64,8,865.0,627.0,613.0,773.0,-252.0,146.0,train
14535,25_square,42,32,504.0,623.0,613.0,278.0,109.0,-345.0,train
14536,25_square,66,60,534.0,746.0,167.0,374.0,-367.0,-372.0,train
14537,25_square,54,9,318.0,487.0,764.0,202.0,446.0,-285.0,train
14538,25_square,67,42,177.0,728.0,298.0,622.0,121.0,-106.0,train
14539,25_square,43,30,152.0,878.0,873.0,778.0,721.0,-100.0,train
14540,25_square,38,28,397.0,157.0,364.0,776.0,-33.0,619.0,train
14541,25_square,56,2,468.0,202.0,198.0,867.0,-270.0,665.0,train
14542,25_square,62,39,733.0,769.0,137.0,878.0,-596.0,109.0,train
14543,25_square,45,38,174.0,282.0,758.0,202.0,584.0,-80.0,train
14544,25_square,66,39,738.0,234.0,668.0,543.0,-70.0,309.0,train
14545,25_square,34,41,854.0,305.0,437.0,813.0,-417.0,508.0,train
14546,25_square,14,26,327.0,856.0,615.0,554.0,288.0,-302.0,train
14548,25_square,33,18,159.0,772.0,235.0,154.0,76.0,-618.0,train
14550,25_square,57,68,736.0,818.0,535.0,844.0,-201.0,26.0,train
14551,25_square,6,48,102.0,788.0,154.0,437.0,52.0,-351.0,train
14552,25_square,37,56,587.0,798.0,546.0,785.0,-41.0,-13.0,train
14553,25_square,36,16,685.0,140.0,609.0,350.0,-76.0,210.0,train
14554,25_square,51,24,864.0,839.0,311.0,305.0,-553.0,-534.0,train
14555,25_square,40,40,412.0,817.0,561.0,486.0,149.0,-331.0,train
14556,25_square,25,62,742.0,536.0,388.0,527.0,-354.0,-9.0,train
14557,25_square,59,36,792.0,543.0,737.0,788.0,-55.0,245.0,train
14558,25_square,50,19,382.0,578.0,179.0,673.0,-203.0,95.0,train
14559,25_square,56,48,111.0,548.0,216.0,509.0,105.0,-39.0,train
14560,25_square,11,42,873.0,300.0,305.0,784.0,-568.0,484.0,train
14561,25_square,38,36,287.0,618.0,111.0,126.0,-176.0,-492.0,train
14565,25_square,48,64,671.0,500.0,655.0,863.0,-16.0,363.0,train
14566,25_square,25,35,880.0,197.0,521.0,671.0,-359.0,474.0,train
14567,25_square,20,54,776.0,228.0,792.0,189.0,16.0,-39.0,train
14568,25_square,41,51,741.0,207.0,595.0,266.0,-146.0,59.0,train
14569,25_square,3,1,402.0,228.0,383.0,692.0,-19.0,464.0,train
14570,25_square,58,2,431.0,102.0,590.0,708.0,159.0,606.0,train
14571,25_square,35,15,870.0,530.0,361.0,805.0,-509.0,275.0,train
14572,25_square,13,61,877.0,560.0,490.0,714.0,-387.0,154.0,train
14573,25_square,56,26,398.0,793.0,552.0,550.0,154.0,-243.0,train
14574,25_square,7,45,145.0,400.0,279.0,692.0,134.0,292.0,train
14575,25_square,65,1,254.0,209.0,804.0,627.0,550.0,418.0,train
14576,25_square,36,32,517.0,203.0,438.0,777.0,-79.0,574.0,train
14577,25_square,27,40,230.0,450.0,587.0,263.0,357.0,-187.0,train
14579,25_square,19,6,532.0,836.0,296.0,878.0,-236.0,42.0,train
14580,25_square,22,35,516.0,339.0,875.0,779.0,359.0,440.0,train
14581,25_square,52,12,574.0,231.0,505.0,682.0,-69.0,451.0,train
14582,25_square,9,47,181.0,225.0,588.0,297.0,407.0,72.0,train
14583,25_square,45,42,733.0,498.0,114.0,523.0,-619.0,25.0,train
14584,25_square,41,27,627.0,435.0,156.0,523.0,-471.0,88.0,train
14585,25_square,6,39,210.0,900.0,117.0,380.0,-93.0,-520.0,train
14586,25_square,18,15,613.0,576.0,324.0,394.0,-289.0,-182.0,train
14587,25_square,11,38,545.0,699.0,223.0,522.0,-322.0,-177.0,train
14588,25_square,29,27,104.0,139.0,400.0,707.0,296.0,568.0,train
14590,25_square,8,22,510.0,502.0,697.0,103.0,187.0,-399.0,train
14591,25_square,40,8,731.0,529.0,889.0,462.0,158.0,-67.0,train
14592,25_square,27,19,843.0,719.0,303.0,898.0,-540.0,179.0,train
14593,25_square,27,9,341.0,806.0,711.0,552.0,370.0,-254.0,train
14594,25_square,50,19,642.0,190.0,523.0,711.0,-119.0,521.0,train
14595,25_square,13,22,156.0,382.0,610.0,435.0,454.0,53.0,train
14597,25_square,67,10,742.0,883.0,214.0,643.0,-528.0,-240.0,train
14598,25_square,52,7,900.0,109.0,692.0,811.0,-208.0,702.0,train
14599,25_square,20,0,849.0,464.0,431.0,809.0,-418.0,345.0,train
14600,25_square,27,64,413.0,406.0,469.0,160.0,56.0,-246.0,train
14601,25_square,47,8,498.0,800.0,417.0,140.0,-81.0,-660.0,train
14602,25_square,67,9,656.0,125.0,239.0,537.0,-417.0,412.0,train
14603,25_square,27,35,393.0,197.0,732.0,417.0,339.0,220.0,train
14604,25_square,51,2,318.0,442.0,809.0,325.0,491.0,-117.0,train
14605,25_square,9,47,144.0,451.0,112.0,539.0,-32.0,88.0,train
14606,25_square,41,10,834.0,276.0,711.0,426.0,-123.0,150.0,train
14607,25_square,29,54,514.0,115.0,314.0,270.0,-200.0,155.0,train
14608,25_square,52,27,152.0,782.0,197.0,641.0,45.0,-141.0,train
14609,25_square,34,65,246.0,636.0,512.0,269.0,266.0,-367.0,train
14610,25_square,41,37,429.0,552.0,506.0,504.0,77.0,-48.0,train
14611,25_square,11,10,835.0,618.0,801.0,886.0,-34.0,268.0,train
14612,25_square,5,23,737.0,594.0,861.0,332.0,124.0,-262.0,train
14613,25_square,19,1,340.0,266.0,480.0,269.0,140.0,3.0,train
14614,25_square,18,4,143.0,523.0,244.0,596.0,101.0,73.0,train
14615,25_square,23,62,626.0,284.0,506.0,441.0,-120.0,157.0,train
14616,25_square,1,11,469.0,517.0,738.0,734.0,269.0,217.0,train
14617,25_square,5,64,725.0,198.0,462.0,280.0,-263.0,82.0,train
14619,25_square,60,12,767.0,503.0,410.0,801.0,-357.0,298.0,train
14620,25_square,28,0,879.0,504.0,685.0,332.0,-194.0,-172.0,train
14621,25_square,20,17,593.0,509.0,505.0,252.0,-88.0,-257.0,train
14622,25_square,58,49,840.0,164.0,223.0,893.0,-617.0,729.0,train
14623,25_square,3,61,200.0,710.0,602.0,386.0,402.0,-324.0,train
14624,25_square,51,22,842.0,406.0,328.0,193.0,-514.0,-213.0,train
14625,25_square,28,15,440.0,271.0,501.0,503.0,61.0,232.0,train
14626,25_square,67,24,728.0,207.0,386.0,214.0,-342.0,7.0,train
14627,25_square,2,52,525.0,759.0,749.0,771.0,224.0,12.0,train
14628,25_square,30,34,232.0,214.0,249.0,575.0,17.0,361.0,train
14629,25_square,27,51,130.0,400.0,474.0,751.0,344.0,351.0,train
14630,25_square,34,11,125.0,571.0,646.0,359.0,521.0,-212.0,train
14631,25_square,59,12,886.0,762.0,499.0,147.0,-387.0,-615.0,train
14632,25_square,27,47,732.0,477.0,564.0,758.0,-168.0,281.0,train
14633,25_square,32,5,543.0,608.0,491.0,270.0,-52.0,-338.0,train
14634,25_square,32,27,381.0,314.0,319.0,238.0,-62.0,-76.0,train
14635,25_square,53,32,698.0,258.0,491.0,397.0,-207.0,139.0,train
14636,25_square,64,27,280.0,326.0,501.0,627.0,221.0,301.0,train
14637,25_square,51,46,457.0,721.0,187.0,670.0,-270.0,-51.0,train
14639,25_square,41,10,417.0,589.0,308.0,826.0,-109.0,237.0,train
14640,25_square,24,51,673.0,365.0,514.0,404.0,-159.0,39.0,train
14641,25_square,52,41,890.0,753.0,192.0,700.0,-698.0,-53.0,train
14642,25_square,1,64,871.0,161.0,809.0,327.0,-62.0,166.0,train
14643,25_square,59,5,353.0,629.0,415.0,155.0,62.0,-474.0,train
14644,25_square,67,12,293.0,891.0,443.0,127.0,150.0,-764.0,train
14645,25_square,29,15,811.0,476.0,604.0,283.0,-207.0,-193.0,train
14646,25_square,16,1,616.0,522.0,303.0,815.0,-313.0,293.0,train
14647,25_square,1,49,583.0,595.0,834.0,831.0,251.0,236.0,train
14648,25_square,14,51,505.0,871.0,775.0,613.0,270.0,-258.0,train
14649,25_square,2,20,835.0,523.0,456.0,757.0,-379.0,234.0,train
14650,25_square,26,10,846.0,268.0,749.0,386.0,-97.0,118.0,train
14651,25_square,49,22,158.0,470.0,582.0,254.0,424.0,-216.0,train
14654,25_square,31,44,168.0,280.0,583.0,782.0,415.0,502.0,train
14655,25_square,41,10,746.0,734.0,755.0,783.0,9.0,49.0,train
14656,25_square,50,24,355.0,682.0,263.0,416.0,-92.0,-266.0,train
14659,25_square,34,48,373.0,282.0,736.0,115.0,363.0,-167.0,train
14660,25_square,13,16,475.0,228.0,499.0,619.0,24.0,391.0,train
14661,25_square,13,5,156.0,334.0,805.0,269.0,649.0,-65.0,train
14662,25_square,61,59,617.0,774.0,301.0,171.0,-316.0,-603.0,train
14664,25_square,65,11,240.0,438.0,108.0,625.0,-132.0,187.0,train
14665,25_square,46,21,726.0,458.0,503.0,420.0,-223.0,-38.0,train
14666,25_square,11,11,779.0,460.0,591.0,324.0,-188.0,-136.0,train
14669,25_square,56,67,529.0,417.0,676.0,829.0,147.0,412.0,train
14671,25_square,67,45,593.0,771.0,421.0,714.0,-172.0,-57.0,train
14673,25_square,2,30,836.0,164.0,415.0,533.0,-421.0,369.0,train
14676,25_square,38,39,177.0,861.0,143.0,168.0,-34.0,-693.0,train
14677,25_square,15,13,840.0,883.0,510.0,751.0,-330.0,-132.0,train
14679,25_square,52,18,547.0,739.0,536.0,701.0,-11.0,-38.0,train
14680,25_square,43,6,178.0,137.0,762.0,421.0,584.0,284.0,train
14681,25_square,57,56,656.0,463.0,552.0,368.0,-104.0,-95.0,train
14682,25_square,0,9,450.0,701.0,312.0,707.0,-138.0,6.0,train
14683,25_square,0,25,241.0,683.0,847.0,370.0,606.0,-313.0,train
14685,25_square,51,35,699.0,727.0,853.0,217.0,154.0,-510.0,train
14686,25_square,25,28,243.0,895.0,744.0,216.0,501.0,-679.0,train
14687,25_square,23,6,215.0,609.0,578.0,255.0,363.0,-354.0,train
14688,25_square,62,30,239.0,195.0,309.0,421.0,70.0,226.0,train
14690,25_square,22,3,700.0,712.0,775.0,528.0,75.0,-184.0,train
14692,25_square,40,36,839.0,450.0,498.0,215.0,-341.0,-235.0,train
14693,25_square,56,0,158.0,196.0,447.0,559.0,289.0,363.0,train
14695,25_square,56,60,813.0,546.0,141.0,840.0,-672.0,294.0,train
14696,25_square,42,15,476.0,718.0,281.0,400.0,-195.0,-318.0,train
14697,25_square,27,18,326.0,661.0,571.0,367.0,245.0,-294.0,train
14698,25_square,0,15,273.0,704.0,559.0,102.0,286.0,-602.0,train
14699,25_square,63,19,719.0,518.0,173.0,195.0,-546.0,-323.0,train
14700,25_square,50,27,516.0,191.0,240.0,141.0,-276.0,-50.0,train
14701,25_square,18,2,583.0,704.0,515.0,371.0,-68.0,-333.0,train
14702,25_square,26,57,833.0,719.0,422.0,385.0,-411.0,-334.0,train
14703,25_square,22,8,593.0,545.0,569.0,808.0,-24.0,263.0,train
14705,25_square,11,9,497.0,875.0,239.0,686.0,-258.0,-189.0,train
14706,25_square,46,6,826.0,873.0,509.0,422.0,-317.0,-451.0,train
14708,25_square,6,58,752.0,891.0,819.0,827.0,67.0,-64.0,train
14709,25_square,4,34,295.0,820.0,548.0,752.0,253.0,-68.0,train
14710,25_square,9,10,563.0,831.0,180.0,726.0,-383.0,-105.0,train
14711,25_square,34,19,652.0,149.0,733.0,523.0,81.0,374.0,train
14712,25_square,48,16,291.0,148.0,205.0,609.0,-86.0,461.0,train
14713,25_square,52,16,342.0,222.0,339.0,285.0,-3.0,63.0,train
14714,25_square,46,10,368.0,117.0,337.0,493.0,-31.0,376.0,train
14715,25_square,45,58,320.0,104.0,673.0,594.0,353.0,490.0,train
14716,25_square,68,46,550.0,705.0,482.0,560.0,-68.0,-145.0,train
14717,25_square,23,13,494.0,261.0,870.0,896.0,376.0,635.0,train
14718,25_square,3,5,281.0,628.0,240.0,341.0,-41.0,-287.0,train
14719,25_square,28,45,282.0,268.0,444.0,529.0,162.0,261.0,train
14720,25_square,35,39,111.0,765.0,396.0,302.0,285.0,-463.0,train
14721,25_square,5,48,487.0,271.0,466.0,744.0,-21.0,473.0,train
14722,25_square,61,10,341.0,314.0,778.0,716.0,437.0,402.0,train
14723,25_square,54,29,461.0,131.0,105.0,583.0,-356.0,452.0,train
14724,25_square,0,0,482.0,732.0,857.0,512.0,375.0,-220.0,train
14725,25_square,7,47,100.0,482.0,107.0,338.0,7.0,-144.0,train
14726,25_square,60,48,842.0,566.0,299.0,827.0,-543.0,261.0,train
14727,25_square,40,23,149.0,675.0,270.0,661.0,121.0,-14.0,train
14730,25_square,57,16,240.0,735.0,535.0,220.0,295.0,-515.0,train
14731,25_square,7,3,566.0,779.0,267.0,642.0,-299.0,-137.0,train
14732,25_square,63,31,431.0,434.0,114.0,188.0,-317.0,-246.0,train
14734,25_square,67,0,225.0,522.0,102.0,376.0,-123.0,-146.0,train
14735,25_square,16,46,779.0,580.0,313.0,659.0,-466.0,79.0,train
14736,25_square,7,8,867.0,851.0,816.0,370.0,-51.0,-481.0,train
14737,25_square,36,3,452.0,547.0,322.0,857.0,-130.0,310.0,train
14739,25_square,8,35,751.0,862.0,815.0,329.0,64.0,-533.0,train
14740,25_square,58,19,292.0,739.0,315.0,802.0,23.0,63.0,train
14741,25_square,35,63,395.0,116.0,670.0,221.0,275.0,105.0,train
14743,25_square,30,26,671.0,570.0,321.0,183.0,-350.0,-387.0,train
14744,25_square,55,47,595.0,266.0,155.0,344.0,-440.0,78.0,train
14745,25_square,53,0,507.0,657.0,225.0,362.0,-282.0,-295.0,train
14747,25_square,63,68,755.0,676.0,832.0,730.0,77.0,54.0,train
14748,25_square,24,8,790.0,329.0,627.0,709.0,-163.0,380.0,train
14749,25_square,45,2,171.0,235.0,116.0,577.0,-55.0,342.0,train
14751,25_square,54,50,402.0,877.0,865.0,469.0,463.0,-408.0,train
14752,25_square,50,61,128.0,659.0,818.0,640.0,690.0,-19.0,train
14753,25_square,32,16,250.0,638.0,689.0,781.0,439.0,143.0,train
14754,25_square,46,16,443.0,369.0,128.0,367.0,-315.0,-2.0,train
14755,25_square,48,7,315.0,561.0,712.0,727.0,397.0,166.0,train
14756,25_square,58,51,586.0,373.0,556.0,561.0,-30.0,188.0,train
14759,25_square,44,18,381.0,855.0,430.0,254.0,49.0,-601.0,train
14760,25_square,12,22,729.0,737.0,282.0,225.0,-447.0,-512.0,train
14763,25_square,33,49,275.0,343.0,210.0,130.0,-65.0,-213.0,train
14764,25_square,34,12,291.0,761.0,291.0,388.0,0.0,-373.0,train
14765,25_square,49,9,319.0,642.0,795.0,244.0,476.0,-398.0,train
14766,25_square,29,31,574.0,623.0,815.0,312.0,241.0,-311.0,train
14767,25_square,19,63,855.0,447.0,644.0,529.0,-211.0,82.0,train
14768,25_square,35,27,500.0,408.0,626.0,339.0,126.0,-69.0,train
14769,25_square,15,33,541.0,646.0,273.0,658.0,-268.0,12.0,train
14770,25_square,16,48,747.0,278.0,571.0,343.0,-176.0,65.0,train
14772,25_square,40,24,537.0,584.0,604.0,678.0,67.0,94.0,train
14773,25_square,8,51,734.0,469.0,635.0,687.0,-99.0,218.0,train
14774,25_square,24,23,762.0,528.0,304.0,851.0,-458.0,323.0,train
14775,25_square,42,30,762.0,146.0,782.0,638.0,20.0,492.0,train
14776,25_square,58,36,102.0,443.0,550.0,383.0,448.0,-60.0,train
14777,25_square,8,1,791.0,189.0,775.0,890.0,-16.0,701.0,train
14778,25_square,14,22,804.0,493.0,355.0,391.0,-449.0,-102.0,train
14779,25_square,7,26,830.0,104.0,339.0,803.0,-491.0,699.0,train
14780,25_square,15,9,766.0,523.0,679.0,615.0,-87.0,92.0,train
14781,25_square,50,57,327.0,771.0,108.0,745.0,-219.0,-26.0,train
14782,25_square,19,34,824.0,393.0,463.0,147.0,-361.0,-246.0,train
14783,25_square,41,64,433.0,503.0,436.0,127.0,3.0,-376.0,train
14784,25_square,22,0,348.0,464.0,665.0,880.0,317.0,416.0,train
14786,25_square,27,65,608.0,645.0,455.0,339.0,-153.0,-306.0,train
14788,25_square,43,48,260.0,636.0,755.0,489.0,495.0,-147.0,train
14789,25_square,59,58,756.0,884.0,419.0,116.0,-337.0,-768.0,train
14790,25_square,68,45,883.0,249.0,454.0,214.0,-429.0,-35.0,train
14791,25_square,49,45,209.0,718.0,556.0,590.0,347.0,-128.0,train
14793,25_square,43,40,649.0,617.0,490.0,718.0,-159.0,101.0,train
14794,25_square,13,6,681.0,425.0,576.0,364.0,-105.0,-61.0,train
14795,25_square,26,37,596.0,477.0,527.0,250.0,-69.0,-227.0,train
14796,25_square,42,51,468.0,311.0,292.0,427.0,-176.0,116.0,train
14797,25_square,41,25,161.0,375.0,625.0,760.0,464.0,385.0,train
14798,25_square,19,51,175.0,348.0,894.0,517.0,719.0,169.0,train
14799,25_square,38,54,276.0,589.0,153.0,871.0,-123.0,282.0,train
14800,25_square,39,37,160.0,578.0,790.0,417.0,630.0,-161.0,train
14801,25_square,20,60,793.0,375.0,211.0,138.0,-582.0,-237.0,train
14802,25_square,33,7,119.0,752.0,479.0,839.0,360.0,87.0,train
14803,25_square,46,25,855.0,700.0,115.0,843.0,-740.0,143.0,train
14805,25_square,30,4,876.0,892.0,478.0,601.0,-398.0,-291.0,train
14806,25_square,1,11,683.0,427.0,147.0,516.0,-536.0,89.0,train
14807,25_square,7,45,128.0,167.0,725.0,511.0,597.0,344.0,train
14808,25_square,49,10,686.0,289.0,889.0,758.0,203.0,469.0,train
14809,25_square,28,1,176.0,278.0,721.0,305.0,545.0,27.0,train
14810,25_square,47,41,119.0,447.0,520.0,266.0,401.0,-181.0,train
14813,25_square,34,66,889.0,836.0,467.0,453.0,-422.0,-383.0,train
14814,25_square,49,24,239.0,876.0,110.0,533.0,-129.0,-343.0,train
14815,25_square,57,55,269.0,189.0,593.0,653.0,324.0,464.0,train
14816,25_square,57,48,509.0,725.0,823.0,687.0,314.0,-38.0,train
14817,25_square,38,50,765.0,733.0,876.0,488.0,111.0,-245.0,train
14818,25_square,49,64,199.0,413.0,572.0,119.0,373.0,-294.0,train
14819,25_square,1,23,326.0,631.0,436.0,459.0,110.0,-172.0,train
14820,25_square,38,9,610.0,104.0,529.0,204.0,-81.0,100.0,train
14822,25_square,20,4,752.0,215.0,323.0,486.0,-429.0,271.0,train
14823,25_square,7,45,397.0,782.0,134.0,675.0,-263.0,-107.0,train
14824,25_square,3,57,370.0,829.0,721.0,900.0,351.0,71.0,train
14825,25_square,26,47,585.0,648.0,741.0,613.0,156.0,-35.0,train
14826,25_square,36,15,140.0,616.0,229.0,841.0,89.0,225.0,train
14827,25_square,47,2,780.0,726.0,864.0,377.0,84.0,-349.0,train
14828,25_square,37,5,407.0,586.0,437.0,308.0,30.0,-278.0,train
14829,25_square,3,45,187.0,110.0,480.0,352.0,293.0,242.0,train
14830,25_square,63,38,607.0,691.0,275.0,640.0,-332.0,-51.0,train
14831,25_square,2,46,505.0,104.0,174.0,380.0,-331.0,276.0,train
14836,25_square,30,17,476.0,100.0,455.0,722.0,-21.0,622.0,train
14841,25_square,56,59,717.0,620.0,176.0,532.0,-541.0,-88.0,train
14843,25_square,27,1,635.0,714.0,145.0,434.0,-490.0,-280.0,train
14844,25_square,23,7,463.0,420.0,749.0,749.0,286.0,329.0,train
14845,25_square,61,35,511.0,218.0,495.0,507.0,-16.0,289.0,train
14846,25_square,39,13,497.0,736.0,461.0,662.0,-36.0,-74.0,train
14847,25_square,52,52,596.0,837.0,195.0,477.0,-401.0,-360.0,train
14849,25_square,18,51,482.0,160.0,604.0,127.0,122.0,-33.0,train
14850,25_square,56,43,137.0,746.0,473.0,680.0,336.0,-66.0,train
14851,25_square,21,5,759.0,418.0,335.0,199.0,-424.0,-219.0,train
14852,25_square,38,31,383.0,628.0,364.0,334.0,-19.0,-294.0,train
14854,25_square,38,48,325.0,476.0,392.0,128.0,67.0,-348.0,train
14856,25_square,66,46,692.0,339.0,139.0,291.0,-553.0,-48.0,train
14857,25_square,20,50,153.0,470.0,195.0,134.0,42.0,-336.0,train
14858,25_square,15,66,836.0,418.0,501.0,562.0,-335.0,144.0,train
14859,25_square,41,54,369.0,646.0,594.0,229.0,225.0,-417.0,train
14860,25_square,54,15,493.0,110.0,270.0,576.0,-223.0,466.0,train
14861,25_square,23,45,455.0,719.0,234.0,481.0,-221.0,-238.0,train
14862,25_square,16,10,883.0,170.0,305.0,666.0,-578.0,496.0,train
14863,25_square,47,54,275.0,177.0,845.0,721.0,570.0,544.0,train
14864,25_square,19,25,329.0,198.0,349.0,568.0,20.0,370.0,train
14865,25_square,48,42,214.0,257.0,891.0,338.0,677.0,81.0,train
14866,25_square,4,30,444.0,212.0,509.0,612.0,65.0,400.0,train
14868,25_square,55,32,567.0,421.0,408.0,490.0,-159.0,69.0,train
14869,25_square,52,61,251.0,335.0,853.0,469.0,602.0,134.0,train
14870,25_square,12,23,417.0,556.0,423.0,553.0,6.0,-3.0,train
14871,25_square,47,55,586.0,813.0,638.0,895.0,52.0,82.0,train
14872,25_square,7,39,813.0,453.0,489.0,404.0,-324.0,-49.0,train
14873,25_square,28,16,739.0,289.0,729.0,314.0,-10.0,25.0,train
14874,25_square,38,17,228.0,249.0,761.0,311.0,533.0,62.0,train
14876,25_square,1,49,410.0,357.0,664.0,108.0,254.0,-249.0,train
14877,25_square,54,55,391.0,214.0,543.0,110.0,152.0,-104.0,train
14878,25_square,18,30,168.0,466.0,183.0,658.0,15.0,192.0,train
14879,25_square,57,4,328.0,211.0,177.0,837.0,-151.0,626.0,train
14880,25_square,3,47,828.0,251.0,402.0,307.0,-426.0,56.0,train
14881,25_square,49,42,600.0,297.0,348.0,103.0,-252.0,-194.0,train
14882,25_square,14,63,697.0,168.0,834.0,440.0,137.0,272.0,train
14883,25_square,2,37,582.0,214.0,380.0,679.0,-202.0,465.0,train
14885,25_square,14,20,599.0,767.0,465.0,608.0,-134.0,-159.0,train
14886,25_square,10,33,549.0,605.0,538.0,301.0,-11.0,-304.0,train
14887,25_square,41,43,447.0,842.0,403.0,641.0,-44.0,-201.0,train
14888,25_square,57,46,643.0,253.0,426.0,102.0,-217.0,-151.0,train
14889,25_square,67,40,253.0,284.0,535.0,765.0,282.0,481.0,train
14890,25_square,30,7,182.0,835.0,816.0,602.0,634.0,-233.0,train
14893,25_square,10,34,413.0,360.0,292.0,664.0,-121.0,304.0,train
14894,25_square,40,62,597.0,804.0,328.0,718.0,-269.0,-86.0,train
14895,25_square,47,21,333.0,451.0,317.0,748.0,-16.0,297.0,train
14896,25_square,60,28,100.0,223.0,295.0,773.0,195.0,550.0,train
14897,25_square,18,60,547.0,515.0,453.0,281.0,-94.0,-234.0,train
14898,25_square,18,60,288.0,457.0,259.0,766.0,-29.0,309.0,train
14899,25_square,37,35,295.0,129.0,330.0,885.0,35.0,756.0,train
14900,25_square,42,19,726.0,714.0,520.0,601.0,-206.0,-113.0,train
14902,25_square,12,10,725.0,315.0,488.0,805.0,-237.0,490.0,train
14903,25_square,48,22,746.0,475.0,271.0,680.0,-475.0,205.0,train
14904,25_square,47,66,254.0,443.0,653.0,211.0,399.0,-232.0,train
14905,25_square,45,45,573.0,750.0,684.0,260.0,111.0,-490.0,train
14906,25_square,49,66,555.0,471.0,684.0,762.0,129.0,291.0,train
14907,25_square,64,62,762.0,723.0,651.0,369.0,-111.0,-354.0,train
14908,25_square,68,45,365.0,573.0,512.0,471.0,147.0,-102.0,train
14909,25_square,15,18,254.0,315.0,160.0,506.0,-94.0,191.0,train
14910,25_square,16,64,253.0,658.0,382.0,101.0,129.0,-557.0,train
14911,25_square,61,12,121.0,830.0,628.0,593.0,507.0,-237.0,train
14913,25_square,65,26,415.0,824.0,395.0,382.0,-20.0,-442.0,train
14914,25_square,5,40,897.0,435.0,776.0,296.0,-121.0,-139.0,train
14915,25_square,24,41,787.0,589.0,447.0,785.0,-340.0,196.0,train
14916,25_square,13,35,242.0,382.0,263.0,729.0,21.0,347.0,train
14918,25_square,57,42,733.0,682.0,508.0,589.0,-225.0,-93.0,train
14919,25_square,42,16,865.0,337.0,677.0,221.0,-188.0,-116.0,train
14920,25_square,50,55,443.0,833.0,189.0,362.0,-254.0,-471.0,train
14922,25_square,39,38,318.0,153.0,674.0,872.0,356.0,719.0,train
14923,25_square,55,18,537.0,248.0,824.0,723.0,287.0,475.0,train
14924,25_square,66,18,104.0,646.0,310.0,249.0,206.0,-397.0,train
14925,25_square,32,30,877.0,834.0,356.0,794.0,-521.0,-40.0,train
14926,25_square,1,67,113.0,795.0,504.0,674.0,391.0,-121.0,train
14927,25_square,20,11,260.0,129.0,757.0,670.0,497.0,541.0,train
14928,25_square,8,57,120.0,884.0,480.0,580.0,360.0,-304.0,train
14929,25_square,54,40,729.0,410.0,481.0,172.0,-248.0,-238.0,train
14930,25_square,46,40,705.0,446.0,742.0,684.0,37.0,238.0,train
14931,25_square,48,55,716.0,357.0,773.0,503.0,57.0,146.0,train
14932,25_square,6,66,482.0,323.0,633.0,795.0,151.0,472.0,train
14933,25_square,33,24,590.0,117.0,362.0,254.0,-228.0,137.0,train
14934,25_square,14,45,240.0,853.0,615.0,888.0,375.0,35.0,train
14936,25_square,15,46,113.0,796.0,316.0,677.0,203.0,-119.0,train
14937,25_square,39,15,434.0,180.0,643.0,217.0,209.0,37.0,train
14938,25_square,34,13,237.0,693.0,286.0,759.0,49.0,66.0,train
14939,25_square,4,67,581.0,237.0,338.0,116.0,-243.0,-121.0,train
14940,25_square,18,29,603.0,360.0,779.0,408.0,176.0,48.0,train
14941,25_square,6,51,818.0,488.0,449.0,373.0,-369.0,-115.0,train
14942,25_square,31,61,584.0,675.0,431.0,737.0,-153.0,62.0,train
14943,25_square,10,8,804.0,308.0,192.0,622.0,-612.0,314.0,train
14945,25_square,23,42,244.0,803.0,809.0,606.0,565.0,-197.0,train
14946,25_square,13,16,200.0,790.0,859.0,388.0,659.0,-402.0,train
14947,25_square,53,38,426.0,794.0,789.0,190.0,363.0,-604.0,train
14948,25_square,23,47,222.0,307.0,129.0,295.0,-93.0,-12.0,train
14949,25_square,55,26,147.0,782.0,156.0,384.0,9.0,-398.0,train
14951,25_square,45,20,349.0,765.0,885.0,688.0,536.0,-77.0,train
14952,25_square,67,30,319.0,301.0,719.0,861.0,400.0,560.0,train
14953,25_square,34,30,262.0,229.0,217.0,560.0,-45.0,331.0,train
14954,25_square,35,61,890.0,674.0,431.0,262.0,-459.0,-412.0,train
14955,25_square,9,14,876.0,499.0,390.0,788.0,-486.0,289.0,train
14956,25_square,7,16,329.0,718.0,437.0,299.0,108.0,-419.0,train
14957,25_square,24,34,329.0,662.0,279.0,295.0,-50.0,-367.0,train
14958,25_square,42,39,512.0,823.0,315.0,748.0,-197.0,-75.0,train
14959,25_square,32,54,504.0,784.0,199.0,654.0,-305.0,-130.0,train
14962,25_square,11,62,405.0,293.0,322.0,564.0,-83.0,271.0,train
14963,25_square,19,55,859.0,685.0,586.0,215.0,-273.0,-470.0,train
14967,25_square,61,54,448.0,637.0,868.0,734.0,420.0,97.0,train
14969,25_square,0,21,444.0,555.0,123.0,176.0,-321.0,-379.0,train
14971,25_square,16,59,439.0,492.0,646.0,747.0,207.0,255.0,train
14973,25_square,16,3,846.0,677.0,383.0,170.0,-463.0,-507.0,train
14974,25_square,57,21,188.0,863.0,791.0,474.0,603.0,-389.0,train
14975,25_square,32,3,210.0,481.0,893.0,377.0,683.0,-104.0,train
14976,25_square,34,39,192.0,549.0,406.0,665.0,214.0,116.0,train
14977,25_square,36,29,800.0,452.0,214.0,515.0,-586.0,63.0,train
14979,25_square,37,44,566.0,580.0,300.0,467.0,-266.0,-113.0,train
14980,25_square,49,59,661.0,505.0,325.0,398.0,-336.0,-107.0,train
14981,25_square,10,16,815.0,190.0,142.0,144.0,-673.0,-46.0,train
14983,25_square,1,14,830.0,422.0,341.0,558.0,-489.0,136.0,train
14984,25_square,56,67,112.0,812.0,884.0,408.0,772.0,-404.0,train
14985,25_square,25,33,863.0,321.0,171.0,522.0,-692.0,201.0,train
14986,25_square,45,38,214.0,330.0,708.0,140.0,494.0,-190.0,train
14987,25_square,40,43,706.0,778.0,617.0,474.0,-89.0,-304.0,train
14989,25_square,10,19,821.0,496.0,539.0,587.0,-282.0,91.0,train
14990,25_square,36,57,460.0,858.0,529.0,239.0,69.0,-619.0,train
14991,25_square,43,59,786.0,355.0,229.0,297.0,-557.0,-58.0,train
14992,25_square,10,10,818.0,843.0,429.0,365.0,-389.0,-478.0,train
14993,25_square,20,30,349.0,386.0,111.0,499.0,-238.0,113.0,train
14995,25_square,66,27,309.0,381.0,450.0,579.0,141.0,198.0,train
14996,25_square,48,53,567.0,785.0,421.0,565.0,-146.0,-220.0,train
14997,25_square,38,62,867.0,581.0,681.0,346.0,-186.0,-235.0,train
14998,25_square,58,64,172.0,837.0,838.0,283.0,666.0,-554.0,train
14999,25_square,28,39,752.0,489.0,732.0,191.0,-20.0,-298.0,train
