sample_id,map_id,map_crop_x,map_crop_y,tar_tile_x,tar_tile_y,split
0,big_sample5_17,14530,22611,1473.0,248.0,train
1,big_sample5_17,14530,22611,1558.0,527.0,train
2,big_sample5_17,14530,22611,1417.0,176.0,train
3,big_sample5_17,14530,22611,192.0,555.0,train
4,big_sample5_17,14530,22611,1105.0,420.0,train
5,big_sample5_17,14530,22611,667.0,1374.0,train
6,big_sample5_17,14530,22611,1286.0,758.0,train
7,big_sample5_17,14530,22611,700.0,937.0,train
8,big_sample5_17,14530,22611,1614.0,458.0,train
9,big_sample5_17,14530,22611,1625.0,953.0,test
10,big_sample5_17,14530,22611,719.0,1566.0,train
11,big_sample5_17,14530,22611,1889.0,153.0,train
12,big_sample5_17,14530,22611,243.0,679.0,train
13,big_sample5_17,14530,22611,217.0,317.0,train
14,big_sample5_17,14530,22611,1273.0,1225.0,train
15,big_sample5_17,14530,22611,813.0,1629.0,train
16,big_sample5_17,14530,22611,928.0,1699.0,train
17,big_sample5_17,14530,22611,144.0,741.0,train
18,big_sample5_17,14530,22611,186.0,202.0,test
19,big_sample5_17,14530,22611,1794.0,1267.0,train
20,big_sample5_17,7053,20268,280.0,1583.0,train
21,big_sample5_17,7053,20268,1075.0,574.0,train
22,big_sample5_17,7053,20268,1660.0,987.0,train
23,big_sample5_17,7053,20268,1748.0,650.0,test
24,big_sample5_17,7053,20268,1169.0,316.0,train
25,big_sample5_17,7053,20268,743.0,298.0,train
26,big_sample5_17,7053,20268,596.0,972.0,train
27,big_sample5_17,7053,20268,309.0,1811.0,train
28,big_sample5_17,7053,20268,227.0,382.0,train
29,big_sample5_17,7053,20268,527.0,1110.0,train
30,big_sample5_17,7053,20268,1679.0,1632.0,val
31,big_sample5_17,7053,20268,1734.0,395.0,train
32,big_sample5_17,7053,20268,540.0,1042.0,train
33,big_sample5_17,7053,20268,490.0,324.0,train
34,big_sample5_17,7053,20268,1027.0,516.0,train
35,big_sample5_17,7053,20268,964.0,1703.0,train
36,big_sample5_17,7053,20268,218.0,1876.0,val
37,big_sample5_17,7053,20268,1371.0,1881.0,train
38,big_sample5_17,7053,20268,1376.0,184.0,val
39,big_sample5_17,7053,20268,149.0,463.0,val
40,big_sample5_17,15452,14391,468.0,135.0,val
41,big_sample5_17,15452,14391,297.0,1828.0,train
42,big_sample5_17,15452,14391,1755.0,926.0,train
43,big_sample5_17,15452,14391,191.0,571.0,train
44,big_sample5_17,15452,14391,1015.0,844.0,train
45,big_sample5_17,15452,14391,650.0,677.0,train
46,big_sample5_17,15452,14391,1170.0,889.0,train
47,big_sample5_17,15452,14391,1590.0,1030.0,train
48,big_sample5_17,15452,14391,297.0,967.0,train
49,big_sample5_17,15452,14391,1875.0,224.0,train
50,big_sample5_17,15452,14391,1257.0,1014.0,train
51,big_sample5_17,15452,14391,1488.0,141.0,train
52,big_sample5_17,15452,14391,1347.0,762.0,val
53,big_sample5_17,15452,14391,186.0,973.0,train
54,big_sample5_17,15452,14391,545.0,921.0,train
55,big_sample5_17,15452,14391,1057.0,1622.0,train
56,big_sample5_17,15452,14391,466.0,672.0,train
57,big_sample5_17,15452,14391,723.0,1673.0,train
58,big_sample5_17,15452,14391,810.0,103.0,val
59,big_sample5_17,15452,14391,281.0,684.0,train
60,big_sample5_17,10887,21311,434.0,745.0,train
61,big_sample5_17,10887,21311,501.0,236.0,train
62,big_sample5_17,10887,21311,1106.0,599.0,train
63,big_sample5_17,10887,21311,851.0,867.0,train
64,big_sample5_17,10887,21311,957.0,1725.0,train
65,big_sample5_17,10887,21311,1728.0,926.0,train
66,big_sample5_17,10887,21311,307.0,1460.0,test
67,big_sample5_17,10887,21311,1362.0,1815.0,train
68,big_sample5_17,10887,21311,1289.0,898.0,train
69,big_sample5_17,10887,21311,174.0,1069.0,test
70,big_sample5_17,10887,21311,1298.0,272.0,train
71,big_sample5_17,10887,21311,1433.0,1236.0,train
72,big_sample5_17,10887,21311,1789.0,921.0,train
73,big_sample5_17,10887,21311,1503.0,119.0,val
74,big_sample5_17,10887,21311,1271.0,1673.0,train
75,big_sample5_17,10887,21311,578.0,1410.0,val
76,big_sample5_17,10887,21311,848.0,1145.0,train
77,big_sample5_17,10887,21311,1400.0,1463.0,val
78,big_sample5_17,10887,21311,260.0,1204.0,train
79,big_sample5_17,10887,21311,1028.0,1151.0,train
80,big_sample5_17,15453,14879,1540.0,1564.0,train
81,big_sample5_17,15453,14879,944.0,1665.0,train
82,big_sample5_17,15453,14879,278.0,656.0,train
83,big_sample5_17,15453,14879,662.0,907.0,train
84,big_sample5_17,15453,14879,1826.0,1371.0,train
85,big_sample5_17,15453,14879,1515.0,1570.0,train
86,big_sample5_17,15453,14879,1060.0,1783.0,val
87,big_sample5_17,15453,14879,1619.0,1602.0,train
88,big_sample5_17,15453,14879,1758.0,1005.0,train
89,big_sample5_17,15453,14879,931.0,1041.0,train
90,big_sample5_17,15453,14879,1780.0,214.0,train
91,big_sample5_17,15453,14879,1201.0,881.0,train
92,big_sample5_17,15453,14879,788.0,377.0,train
93,big_sample5_17,15453,14879,232.0,1178.0,train
94,big_sample5_17,15453,14879,543.0,793.0,train
95,big_sample5_17,15453,14879,601.0,349.0,test
96,big_sample5_17,15453,14879,1795.0,1167.0,train
97,big_sample5_17,15453,14879,515.0,985.0,train
98,big_sample5_17,15453,14879,688.0,1616.0,val
99,big_sample5_17,15453,14879,353.0,349.0,test
100,big_sample5_17,16785,24528,953.0,1570.0,train
101,big_sample5_17,16785,24528,1860.0,1704.0,test
102,big_sample5_17,16785,24528,1039.0,1686.0,test
103,big_sample5_17,16785,24528,1690.0,1644.0,train
104,big_sample5_17,16785,24528,1182.0,674.0,train
105,big_sample5_17,16785,24528,954.0,246.0,train
106,big_sample5_17,16785,24528,1846.0,552.0,train
107,big_sample5_17,16785,24528,1256.0,137.0,train
108,big_sample5_17,16785,24528,206.0,779.0,train
109,big_sample5_17,16785,24528,637.0,309.0,train
110,big_sample5_17,16785,24528,1837.0,636.0,train
111,big_sample5_17,16785,24528,1767.0,1264.0,train
112,big_sample5_17,16785,24528,837.0,132.0,val
113,big_sample5_17,16785,24528,1757.0,1260.0,train
114,big_sample5_17,16785,24528,956.0,564.0,train
115,big_sample5_17,16785,24528,1051.0,600.0,train
116,big_sample5_17,16785,24528,689.0,446.0,val
117,big_sample5_17,16785,24528,781.0,124.0,train
118,big_sample5_17,16785,24528,1647.0,281.0,val
119,big_sample5_17,16785,24528,283.0,600.0,train
120,big_sample5_17,2404,19726,842.0,520.0,train
121,big_sample5_17,2404,19726,1014.0,1534.0,train
122,big_sample5_17,2404,19726,1602.0,1846.0,train
123,big_sample5_17,2404,19726,1495.0,246.0,train
124,big_sample5_17,2404,19726,952.0,1894.0,train
125,big_sample5_17,2404,19726,1524.0,1303.0,train
126,big_sample5_17,2404,19726,1599.0,896.0,train
127,big_sample5_17,2404,19726,177.0,505.0,train
128,big_sample5_17,2404,19726,1286.0,178.0,train
129,big_sample5_17,2404,19726,130.0,913.0,train
130,big_sample5_17,2404,19726,114.0,1684.0,train
131,big_sample5_17,2404,19726,1699.0,1405.0,train
132,big_sample5_17,2404,19726,934.0,1591.0,train
133,big_sample5_17,2404,19726,1812.0,1165.0,train
134,big_sample5_17,2404,19726,299.0,330.0,val
135,big_sample5_17,2404,19726,345.0,198.0,train
136,big_sample5_17,2404,19726,1571.0,235.0,train
137,big_sample5_17,2404,19726,1030.0,242.0,train
138,big_sample5_17,2404,19726,1346.0,162.0,train
139,big_sample5_17,2404,19726,1877.0,692.0,train
140,big_sample5_17,12840,17800,461.0,191.0,train
141,big_sample5_17,12840,17800,1088.0,1586.0,train
142,big_sample5_17,12840,17800,1802.0,1621.0,train
143,big_sample5_17,12840,17800,698.0,1646.0,test
144,big_sample5_17,12840,17800,801.0,1888.0,train
145,big_sample5_17,12840,17800,1018.0,676.0,train
146,big_sample5_17,12840,17800,1816.0,622.0,train
147,big_sample5_17,12840,17800,148.0,1113.0,train
148,big_sample5_17,12840,17800,229.0,382.0,train
149,big_sample5_17,12840,17800,886.0,180.0,val
150,big_sample5_17,12840,17800,324.0,1815.0,train
151,big_sample5_17,12840,17800,1525.0,1381.0,train
152,big_sample5_17,12840,17800,1224.0,1576.0,train
153,big_sample5_17,12840,17800,299.0,728.0,train
154,big_sample5_17,12840,17800,687.0,1394.0,train
155,big_sample5_17,12840,17800,405.0,108.0,train
156,big_sample5_17,12840,17800,1647.0,1865.0,train
157,big_sample5_17,12840,17800,973.0,571.0,train
158,big_sample5_17,12840,17800,874.0,237.0,val
159,big_sample5_17,12840,17800,1727.0,1757.0,test
160,big_sample5_17,13125,23127,979.0,1682.0,train
161,big_sample5_17,13125,23127,986.0,515.0,train
162,big_sample5_17,13125,23127,1246.0,948.0,train
163,big_sample5_17,13125,23127,760.0,1016.0,val
164,big_sample5_17,13125,23127,1462.0,622.0,train
165,big_sample5_17,13125,23127,212.0,1333.0,val
166,big_sample5_17,13125,23127,232.0,1573.0,train
167,big_sample5_17,13125,23127,816.0,589.0,train
168,big_sample5_17,13125,23127,558.0,238.0,test
169,big_sample5_17,13125,23127,332.0,1341.0,train
170,big_sample5_17,13125,23127,306.0,240.0,train
171,big_sample5_17,13125,23127,215.0,1526.0,train
172,big_sample5_17,13125,23127,141.0,1329.0,train
173,big_sample5_17,13125,23127,1720.0,1853.0,train
174,big_sample5_17,13125,23127,1627.0,717.0,train
175,big_sample5_17,13125,23127,1869.0,1334.0,train
176,big_sample5_17,13125,23127,961.0,456.0,train
177,big_sample5_17,13125,23127,1621.0,383.0,train
178,big_sample5_17,13125,23127,915.0,1556.0,train
179,big_sample5_17,13125,23127,303.0,1493.0,train
180,big_sample5_17,15183,14057,211.0,1477.0,test
181,big_sample5_17,15183,14057,1084.0,699.0,train
182,big_sample5_17,15183,14057,753.0,1205.0,train
183,big_sample5_17,15183,14057,1251.0,113.0,test
184,big_sample5_17,15183,14057,665.0,975.0,train
185,big_sample5_17,15183,14057,1323.0,415.0,train
186,big_sample5_17,15183,14057,1618.0,765.0,train
187,big_sample5_17,15183,14057,1431.0,428.0,train
188,big_sample5_17,15183,14057,403.0,778.0,train
189,big_sample5_17,15183,14057,1701.0,805.0,test
190,big_sample5_17,15183,14057,898.0,1418.0,train
191,big_sample5_17,15183,14057,524.0,169.0,train
192,big_sample5_17,15183,14057,480.0,1684.0,train
193,big_sample5_17,15183,14057,947.0,1896.0,val
194,big_sample5_17,15183,14057,1517.0,1446.0,test
195,big_sample5_17,15183,14057,1721.0,1128.0,train
196,big_sample5_17,15183,14057,1274.0,655.0,train
197,big_sample5_17,15183,14057,514.0,765.0,train
198,big_sample5_17,15183,14057,706.0,1883.0,train
199,big_sample5_17,15183,14057,1637.0,1541.0,train
200,big_sample5_17,6196,18716,995.0,1073.0,train
201,big_sample5_17,6196,18716,1154.0,1690.0,train
202,big_sample5_17,6196,18716,828.0,1693.0,train
203,big_sample5_17,6196,18716,1062.0,1802.0,train
204,big_sample5_17,6196,18716,745.0,1049.0,train
205,big_sample5_17,6196,18716,1448.0,1061.0,train
206,big_sample5_17,6196,18716,456.0,1390.0,test
207,big_sample5_17,6196,18716,377.0,1126.0,train
208,big_sample5_17,6196,18716,1781.0,1379.0,test
209,big_sample5_17,6196,18716,374.0,1159.0,train
210,big_sample5_17,6196,18716,559.0,664.0,train
211,big_sample5_17,6196,18716,1564.0,1229.0,train
212,big_sample5_17,6196,18716,543.0,1497.0,val
213,big_sample5_17,6196,18716,891.0,1743.0,train
214,big_sample5_17,6196,18716,943.0,736.0,train
215,big_sample5_17,6196,18716,974.0,145.0,train
216,big_sample5_17,6196,18716,1489.0,1682.0,test
217,big_sample5_17,6196,18716,1741.0,504.0,train
218,big_sample5_17,6196,18716,807.0,372.0,train
219,big_sample5_17,6196,18716,434.0,1609.0,val
220,big_sample5_17,12818,24335,1475.0,1076.0,test
221,big_sample5_17,12818,24335,143.0,453.0,val
222,big_sample5_17,12818,24335,976.0,172.0,train
223,big_sample5_17,12818,24335,389.0,315.0,train
224,big_sample5_17,12818,24335,763.0,984.0,train
225,big_sample5_17,12818,24335,147.0,891.0,test
226,big_sample5_17,12818,24335,1754.0,1185.0,val
227,big_sample5_17,12818,24335,1366.0,1283.0,train
228,big_sample5_17,12818,24335,1071.0,1388.0,test
229,big_sample5_17,12818,24335,1224.0,1435.0,val
230,big_sample5_17,12818,24335,1165.0,576.0,val
231,big_sample5_17,12818,24335,701.0,1826.0,train
232,big_sample5_17,12818,24335,1183.0,946.0,train
233,big_sample5_17,12818,24335,1292.0,949.0,train
234,big_sample5_17,12818,24335,149.0,1648.0,train
235,big_sample5_17,12818,24335,1296.0,313.0,train
236,big_sample5_17,12818,24335,821.0,1786.0,train
237,big_sample5_17,12818,24335,895.0,1285.0,train
238,big_sample5_17,12818,24335,1485.0,1129.0,train
239,big_sample5_17,12818,24335,1458.0,1765.0,train
240,big_sample5_17,14700,19162,1588.0,604.0,train
241,big_sample5_17,14700,19162,1792.0,1624.0,test
242,big_sample5_17,14700,19162,378.0,274.0,train
243,big_sample5_17,14700,19162,1315.0,1752.0,train
244,big_sample5_17,14700,19162,731.0,628.0,train
245,big_sample5_17,14700,19162,1084.0,1865.0,train
246,big_sample5_17,14700,19162,781.0,1486.0,train
247,big_sample5_17,14700,19162,232.0,938.0,train
248,big_sample5_17,14700,19162,1460.0,1821.0,train
249,big_sample5_17,14700,19162,898.0,508.0,val
250,big_sample5_17,14700,19162,1069.0,1250.0,val
251,big_sample5_17,14700,19162,1173.0,607.0,train
252,big_sample5_17,14700,19162,1144.0,757.0,val
253,big_sample5_17,14700,19162,1170.0,568.0,val
254,big_sample5_17,14700,19162,1545.0,591.0,train
255,big_sample5_17,14700,19162,1185.0,1679.0,val
256,big_sample5_17,14700,19162,733.0,467.0,train
257,big_sample5_17,14700,19162,796.0,904.0,test
258,big_sample5_17,14700,19162,730.0,983.0,train
259,big_sample5_17,14700,19162,358.0,1862.0,val
260,big_sample5_17,8673,20435,861.0,1484.0,val
261,big_sample5_17,8673,20435,1815.0,1701.0,train
262,big_sample5_17,8673,20435,1634.0,227.0,test
263,big_sample5_17,8673,20435,1743.0,457.0,train
264,big_sample5_17,8673,20435,1151.0,421.0,train
265,big_sample5_17,8673,20435,966.0,264.0,val
266,big_sample5_17,8673,20435,1127.0,1415.0,train
267,big_sample5_17,8673,20435,1647.0,953.0,train
268,big_sample5_17,8673,20435,790.0,1384.0,train
269,big_sample5_17,8673,20435,380.0,1464.0,train
270,big_sample5_17,8673,20435,1519.0,1236.0,train
271,big_sample5_17,8673,20435,1640.0,1201.0,train
272,big_sample5_17,8673,20435,856.0,1298.0,train
273,big_sample5_17,8673,20435,1789.0,1296.0,val
274,big_sample5_17,8673,20435,495.0,1889.0,train
275,big_sample5_17,8673,20435,766.0,166.0,train
276,big_sample5_17,8673,20435,1130.0,872.0,test
277,big_sample5_17,8673,20435,1366.0,481.0,val
278,big_sample5_17,8673,20435,604.0,678.0,test
279,big_sample5_17,8673,20435,1563.0,287.0,train
280,big_sample5_17,8077,20357,1210.0,403.0,train
281,big_sample5_17,8077,20357,457.0,541.0,train
282,big_sample5_17,8077,20357,773.0,1761.0,train
283,big_sample5_17,8077,20357,1026.0,1397.0,train
284,big_sample5_17,8077,20357,145.0,1820.0,train
285,big_sample5_17,8077,20357,259.0,458.0,train
286,big_sample5_17,8077,20357,1680.0,1857.0,train
287,big_sample5_17,8077,20357,493.0,800.0,train
288,big_sample5_17,8077,20357,356.0,313.0,train
289,big_sample5_17,8077,20357,1709.0,134.0,train
290,big_sample5_17,8077,20357,275.0,1529.0,train
291,big_sample5_17,8077,20357,103.0,416.0,train
292,big_sample5_17,8077,20357,643.0,684.0,train
293,big_sample5_17,8077,20357,617.0,1409.0,train
294,big_sample5_17,8077,20357,567.0,1124.0,train
295,big_sample5_17,8077,20357,1360.0,961.0,train
296,big_sample5_17,8077,20357,847.0,655.0,val
297,big_sample5_17,8077,20357,743.0,559.0,val
298,big_sample5_17,8077,20357,702.0,590.0,train
299,big_sample5_17,8077,20357,655.0,1586.0,train
300,big_sample5_17,9504,19394,939.0,1298.0,train
301,big_sample5_17,9504,19394,652.0,1232.0,test
302,big_sample5_17,9504,19394,1718.0,1180.0,train
303,big_sample5_17,9504,19394,991.0,1243.0,train
304,big_sample5_17,9504,19394,468.0,778.0,train
305,big_sample5_17,9504,19394,309.0,679.0,train
306,big_sample5_17,9504,19394,1338.0,358.0,train
307,big_sample5_17,9504,19394,287.0,612.0,test
308,big_sample5_17,9504,19394,992.0,780.0,train
309,big_sample5_17,9504,19394,1201.0,1736.0,train
310,big_sample5_17,9504,19394,1759.0,1094.0,train
311,big_sample5_17,9504,19394,1467.0,1758.0,val
312,big_sample5_17,9504,19394,168.0,1625.0,val
313,big_sample5_17,9504,19394,1457.0,1589.0,test
314,big_sample5_17,9504,19394,1100.0,269.0,train
315,big_sample5_17,9504,19394,1035.0,894.0,test
316,big_sample5_17,9504,19394,956.0,1758.0,train
317,big_sample5_17,9504,19394,596.0,154.0,train
318,big_sample5_17,9504,19394,1600.0,1405.0,train
319,big_sample5_17,9504,19394,1823.0,1253.0,val
320,big_sample5_17,7243,18729,1496.0,441.0,train
321,big_sample5_17,7243,18729,1142.0,510.0,val
322,big_sample5_17,7243,18729,1576.0,494.0,train
323,big_sample5_17,7243,18729,101.0,1779.0,train
324,big_sample5_17,7243,18729,486.0,340.0,train
325,big_sample5_17,7243,18729,603.0,332.0,train
326,big_sample5_17,7243,18729,867.0,976.0,train
327,big_sample5_17,7243,18729,1686.0,1228.0,test
328,big_sample5_17,7243,18729,1104.0,1462.0,train
329,big_sample5_17,7243,18729,179.0,395.0,train
330,big_sample5_17,7243,18729,415.0,1483.0,train
331,big_sample5_17,7243,18729,604.0,712.0,test
332,big_sample5_17,7243,18729,1014.0,259.0,train
333,big_sample5_17,7243,18729,249.0,1324.0,train
334,big_sample5_17,7243,18729,189.0,517.0,test
335,big_sample5_17,7243,18729,1711.0,1297.0,train
336,big_sample5_17,7243,18729,1858.0,562.0,test
337,big_sample5_17,7243,18729,530.0,168.0,train
338,big_sample5_17,7243,18729,298.0,1412.0,train
339,big_sample5_17,7243,18729,510.0,1315.0,train
340,big_sample5_17,10203,13409,1211.0,1803.0,train
341,big_sample5_17,10203,13409,636.0,1054.0,train
342,big_sample5_17,10203,13409,421.0,666.0,test
343,big_sample5_17,10203,13409,1061.0,278.0,train
344,big_sample5_17,10203,13409,641.0,748.0,train
345,big_sample5_17,10203,13409,147.0,958.0,train
346,big_sample5_17,10203,13409,1020.0,1369.0,train
347,big_sample5_17,10203,13409,1617.0,1644.0,train
348,big_sample5_17,10203,13409,888.0,992.0,train
349,big_sample5_17,10203,13409,1410.0,205.0,train
350,big_sample5_17,10203,13409,1580.0,1306.0,train
351,big_sample5_17,10203,13409,1167.0,1383.0,train
352,big_sample5_17,10203,13409,568.0,1515.0,val
353,big_sample5_17,10203,13409,1776.0,348.0,test
354,big_sample5_17,10203,13409,1819.0,101.0,train
355,big_sample5_17,10203,13409,714.0,331.0,train
356,big_sample5_17,10203,13409,843.0,1004.0,train
357,big_sample5_17,10203,13409,1429.0,676.0,train
358,big_sample5_17,10203,13409,1118.0,1207.0,val
359,big_sample5_17,10203,13409,1517.0,888.0,val
360,big_sample5_17,4602,15975,904.0,1845.0,train
361,big_sample5_17,4602,15975,147.0,239.0,train
362,big_sample5_17,4602,15975,1291.0,1380.0,val
363,big_sample5_17,4602,15975,746.0,1867.0,train
364,big_sample5_17,4602,15975,1572.0,170.0,train
365,big_sample5_17,4602,15975,218.0,1050.0,train
366,big_sample5_17,4602,15975,794.0,1679.0,train
367,big_sample5_17,4602,15975,1626.0,1865.0,val
368,big_sample5_17,4602,15975,1652.0,731.0,train
369,big_sample5_17,4602,15975,855.0,857.0,val
370,big_sample5_17,4602,15975,409.0,1746.0,train
371,big_sample5_17,4602,15975,513.0,1830.0,train
372,big_sample5_17,4602,15975,1830.0,1183.0,test
373,big_sample5_17,4602,15975,1422.0,1097.0,val
374,big_sample5_17,4602,15975,578.0,1727.0,val
375,big_sample5_17,4602,15975,1687.0,1565.0,val
376,big_sample5_17,4602,15975,789.0,1239.0,train
377,big_sample5_17,4602,15975,242.0,702.0,train
378,big_sample5_17,4602,15975,1135.0,1110.0,train
379,big_sample5_17,4602,15975,620.0,1828.0,train
380,big_sample5_17,1344,23492,1042.0,1858.0,train
381,big_sample5_17,1344,23492,608.0,897.0,train
382,big_sample5_17,1344,23492,1687.0,1216.0,train
383,big_sample5_17,1344,23492,1873.0,499.0,train
384,big_sample5_17,1344,23492,1740.0,171.0,val
385,big_sample5_17,1344,23492,1541.0,1827.0,test
386,big_sample5_17,1344,23492,1714.0,1330.0,train
387,big_sample5_17,1344,23492,1625.0,1055.0,val
388,big_sample5_17,1344,23492,259.0,1730.0,train
389,big_sample5_17,1344,23492,1069.0,1384.0,test
390,big_sample5_17,1344,23492,1720.0,356.0,train
391,big_sample5_17,1344,23492,600.0,1278.0,train
392,big_sample5_17,1344,23492,1823.0,1231.0,train
393,big_sample5_17,1344,23492,101.0,698.0,val
394,big_sample5_17,1344,23492,333.0,1306.0,train
395,big_sample5_17,1344,23492,1858.0,350.0,val
396,big_sample5_17,1344,23492,790.0,1672.0,train
397,big_sample5_17,1344,23492,144.0,1292.0,train
398,big_sample5_17,1344,23492,1558.0,985.0,train
399,big_sample5_17,1344,23492,227.0,378.0,train
400,big_sample5_17,13786,22567,229.0,1226.0,train
401,big_sample5_17,13786,22567,1533.0,1140.0,train
402,big_sample5_17,13786,22567,1560.0,1447.0,train
403,big_sample5_17,13786,22567,1609.0,183.0,train
404,big_sample5_17,13786,22567,150.0,1647.0,train
405,big_sample5_17,13786,22567,1035.0,1215.0,train
406,big_sample5_17,13786,22567,367.0,1723.0,train
407,big_sample5_17,13786,22567,1226.0,1231.0,train
408,big_sample5_17,13786,22567,1662.0,1260.0,train
409,big_sample5_17,13786,22567,1294.0,1407.0,train
410,big_sample5_17,13786,22567,1829.0,367.0,train
411,big_sample5_17,13786,22567,614.0,1353.0,train
412,big_sample5_17,13786,22567,1428.0,794.0,train
413,big_sample5_17,13786,22567,370.0,1216.0,train
414,big_sample5_17,13786,22567,1013.0,1591.0,train
415,big_sample5_17,13786,22567,1480.0,298.0,val
416,big_sample5_17,13786,22567,1644.0,181.0,test
417,big_sample5_17,13786,22567,1468.0,164.0,train
418,big_sample5_17,13786,22567,457.0,1195.0,train
419,big_sample5_17,13786,22567,1480.0,1124.0,val
420,big_sample5_17,6295,14041,776.0,1374.0,test
421,big_sample5_17,6295,14041,284.0,1248.0,train
422,big_sample5_17,6295,14041,1043.0,666.0,train
423,big_sample5_17,6295,14041,551.0,1712.0,test
424,big_sample5_17,6295,14041,162.0,394.0,train
425,big_sample5_17,6295,14041,787.0,340.0,train
426,big_sample5_17,6295,14041,1523.0,617.0,test
427,big_sample5_17,6295,14041,361.0,258.0,test
428,big_sample5_17,6295,14041,1841.0,190.0,train
429,big_sample5_17,6295,14041,445.0,1673.0,train
430,big_sample5_17,6295,14041,949.0,1661.0,train
431,big_sample5_17,6295,14041,1034.0,1138.0,train
432,big_sample5_17,6295,14041,1822.0,970.0,train
433,big_sample5_17,6295,14041,1243.0,1380.0,test
434,big_sample5_17,6295,14041,475.0,807.0,train
435,big_sample5_17,6295,14041,1840.0,788.0,train
436,big_sample5_17,6295,14041,339.0,1825.0,train
437,big_sample5_17,6295,14041,1753.0,200.0,train
438,big_sample5_17,6295,14041,1672.0,1800.0,train
439,big_sample5_17,6295,14041,1817.0,820.0,train
440,big_sample5_17,9929,19872,1513.0,1849.0,train
441,big_sample5_17,9929,19872,174.0,446.0,val
442,big_sample5_17,9929,19872,729.0,311.0,test
443,big_sample5_17,9929,19872,819.0,1696.0,train
444,big_sample5_17,9929,19872,1101.0,976.0,train
445,big_sample5_17,9929,19872,869.0,1692.0,train
446,big_sample5_17,9929,19872,1272.0,701.0,train
447,big_sample5_17,9929,19872,463.0,532.0,train
448,big_sample5_17,9929,19872,1478.0,409.0,train
449,big_sample5_17,9929,19872,579.0,474.0,val
450,big_sample5_17,9929,19872,641.0,582.0,val
451,big_sample5_17,9929,19872,875.0,864.0,train
452,big_sample5_17,9929,19872,848.0,1320.0,train
453,big_sample5_17,9929,19872,1542.0,1632.0,train
454,big_sample5_17,9929,19872,867.0,1354.0,train
455,big_sample5_17,9929,19872,1256.0,734.0,train
456,big_sample5_17,9929,19872,415.0,669.0,train
457,big_sample5_17,9929,19872,1308.0,173.0,test
458,big_sample5_17,9929,19872,1169.0,596.0,test
459,big_sample5_17,9929,19872,436.0,511.0,train
460,big_sample5_17,1695,20107,1496.0,1538.0,train
461,big_sample5_17,1695,20107,900.0,340.0,train
462,big_sample5_17,1695,20107,1386.0,1438.0,train
463,big_sample5_17,1695,20107,487.0,1101.0,train
464,big_sample5_17,1695,20107,1048.0,327.0,train
465,big_sample5_17,1695,20107,1288.0,1123.0,val
466,big_sample5_17,1695,20107,1539.0,487.0,train
467,big_sample5_17,1695,20107,1293.0,1487.0,val
468,big_sample5_17,1695,20107,872.0,1102.0,train
469,big_sample5_17,1695,20107,1037.0,892.0,train
470,big_sample5_17,1695,20107,1797.0,448.0,train
471,big_sample5_17,1695,20107,612.0,1684.0,train
472,big_sample5_17,1695,20107,1319.0,367.0,test
473,big_sample5_17,1695,20107,220.0,1615.0,train
474,big_sample5_17,1695,20107,1224.0,561.0,train
475,big_sample5_17,1695,20107,367.0,1176.0,train
476,big_sample5_17,1695,20107,1573.0,283.0,val
477,big_sample5_17,1695,20107,1273.0,940.0,train
478,big_sample5_17,1695,20107,399.0,1288.0,train
479,big_sample5_17,1695,20107,1498.0,603.0,train
480,big_sample5_17,14855,24572,1576.0,574.0,test
481,big_sample5_17,14855,24572,577.0,117.0,train
482,big_sample5_17,14855,24572,1011.0,496.0,train
483,big_sample5_17,14855,24572,1888.0,612.0,train
484,big_sample5_17,14855,24572,395.0,606.0,train
485,big_sample5_17,14855,24572,1695.0,942.0,train
486,big_sample5_17,14855,24572,1546.0,381.0,train
487,big_sample5_17,14855,24572,126.0,902.0,val
488,big_sample5_17,14855,24572,130.0,910.0,train
489,big_sample5_17,14855,24572,1097.0,1620.0,train
490,big_sample5_17,14855,24572,233.0,1524.0,train
491,big_sample5_17,14855,24572,1317.0,937.0,val
492,big_sample5_17,14855,24572,756.0,1320.0,train
493,big_sample5_17,14855,24572,1535.0,190.0,train
494,big_sample5_17,14855,24572,526.0,1076.0,train
495,big_sample5_17,14855,24572,1467.0,300.0,train
496,big_sample5_17,14855,24572,561.0,1382.0,train
497,big_sample5_17,14855,24572,1740.0,1001.0,train
498,big_sample5_17,14855,24572,280.0,977.0,train
499,big_sample5_17,14855,24572,766.0,994.0,train
500,big_sample5_17,8038,20734,888.0,1566.0,train
501,big_sample5_17,8038,20734,951.0,1289.0,test
502,big_sample5_17,8038,20734,625.0,371.0,train
503,big_sample5_17,8038,20734,1870.0,800.0,train
504,big_sample5_17,8038,20734,1064.0,708.0,train
505,big_sample5_17,8038,20734,1044.0,1057.0,val
506,big_sample5_17,8038,20734,541.0,1590.0,val
507,big_sample5_17,8038,20734,523.0,1784.0,test
508,big_sample5_17,8038,20734,1648.0,371.0,train
509,big_sample5_17,8038,20734,326.0,1054.0,train
510,big_sample5_17,8038,20734,1662.0,1317.0,train
511,big_sample5_17,8038,20734,1735.0,1889.0,train
512,big_sample5_17,8038,20734,527.0,1230.0,train
513,big_sample5_17,8038,20734,877.0,1453.0,train
514,big_sample5_17,8038,20734,1253.0,1082.0,val
515,big_sample5_17,8038,20734,1808.0,1648.0,train
516,big_sample5_17,8038,20734,1155.0,1780.0,train
517,big_sample5_17,8038,20734,772.0,833.0,train
518,big_sample5_17,8038,20734,622.0,1312.0,train
519,big_sample5_17,8038,20734,652.0,1232.0,train
520,big_sample5_17,2854,21237,227.0,1639.0,test
521,big_sample5_17,2854,21237,800.0,231.0,val
522,big_sample5_17,2854,21237,968.0,897.0,train
523,big_sample5_17,2854,21237,276.0,1375.0,train
524,big_sample5_17,2854,21237,358.0,1811.0,test
525,big_sample5_17,2854,21237,514.0,115.0,train
526,big_sample5_17,2854,21237,816.0,1224.0,train
527,big_sample5_17,2854,21237,803.0,1145.0,train
528,big_sample5_17,2854,21237,1411.0,643.0,train
529,big_sample5_17,2854,21237,1161.0,1283.0,train
530,big_sample5_17,2854,21237,775.0,121.0,train
531,big_sample5_17,2854,21237,484.0,1084.0,train
532,big_sample5_17,2854,21237,1609.0,1857.0,train
533,big_sample5_17,2854,21237,1848.0,242.0,train
534,big_sample5_17,2854,21237,466.0,796.0,train
535,big_sample5_17,2854,21237,921.0,342.0,val
536,big_sample5_17,2854,21237,144.0,1163.0,train
537,big_sample5_17,2854,21237,1683.0,1595.0,test
538,big_sample5_17,2854,21237,762.0,212.0,test
539,big_sample5_17,2854,21237,777.0,650.0,train
540,big_sample5_17,6828,16418,288.0,293.0,train
541,big_sample5_17,6828,16418,1072.0,295.0,train
542,big_sample5_17,6828,16418,1737.0,113.0,train
543,big_sample5_17,6828,16418,1715.0,561.0,train
544,big_sample5_17,6828,16418,379.0,1492.0,val
545,big_sample5_17,6828,16418,513.0,1220.0,train
546,big_sample5_17,6828,16418,1318.0,1483.0,train
547,big_sample5_17,6828,16418,1621.0,1891.0,test
548,big_sample5_17,6828,16418,1202.0,462.0,train
549,big_sample5_17,6828,16418,1384.0,1482.0,train
550,big_sample5_17,6828,16418,897.0,604.0,train
551,big_sample5_17,6828,16418,429.0,381.0,val
552,big_sample5_17,6828,16418,722.0,1303.0,val
553,big_sample5_17,6828,16418,952.0,596.0,train
554,big_sample5_17,6828,16418,102.0,1564.0,train
555,big_sample5_17,6828,16418,1797.0,481.0,test
556,big_sample5_17,6828,16418,1592.0,346.0,train
557,big_sample5_17,6828,16418,354.0,1727.0,train
558,big_sample5_17,6828,16418,1848.0,524.0,train
559,big_sample5_17,6828,16418,1814.0,805.0,train
560,big_sample5_17,2181,18148,411.0,1341.0,train
561,big_sample5_17,2181,18148,1894.0,434.0,test
562,big_sample5_17,2181,18148,378.0,1308.0,train
563,big_sample5_17,2181,18148,1244.0,1633.0,train
564,big_sample5_17,2181,18148,1629.0,474.0,test
565,big_sample5_17,2181,18148,1832.0,478.0,train
566,big_sample5_17,2181,18148,1640.0,1070.0,test
567,big_sample5_17,2181,18148,456.0,1222.0,train
568,big_sample5_17,2181,18148,1255.0,206.0,train
569,big_sample5_17,2181,18148,686.0,1265.0,train
570,big_sample5_17,2181,18148,1610.0,606.0,train
571,big_sample5_17,2181,18148,195.0,1761.0,train
572,big_sample5_17,2181,18148,727.0,1631.0,train
573,big_sample5_17,2181,18148,167.0,863.0,train
574,big_sample5_17,2181,18148,528.0,1872.0,test
575,big_sample5_17,2181,18148,546.0,1371.0,val
576,big_sample5_17,2181,18148,1605.0,959.0,train
577,big_sample5_17,2181,18148,1850.0,247.0,test
578,big_sample5_17,2181,18148,847.0,385.0,train
579,big_sample5_17,2181,18148,596.0,642.0,train
580,big_sample5_17,14384,24642,929.0,472.0,test
581,big_sample5_17,14384,24642,394.0,1168.0,train
582,big_sample5_17,14384,24642,1235.0,575.0,test
583,big_sample5_17,14384,24642,1115.0,677.0,train
584,big_sample5_17,14384,24642,830.0,169.0,test
585,big_sample5_17,14384,24642,1368.0,923.0,train
586,big_sample5_17,14384,24642,890.0,1789.0,train
587,big_sample5_17,14384,24642,824.0,1248.0,train
588,big_sample5_17,14384,24642,114.0,852.0,train
589,big_sample5_17,14384,24642,344.0,956.0,train
590,big_sample5_17,14384,24642,1402.0,1459.0,train
591,big_sample5_17,14384,24642,402.0,260.0,train
592,big_sample5_17,14384,24642,1401.0,1003.0,train
593,big_sample5_17,14384,24642,1888.0,856.0,test
594,big_sample5_17,14384,24642,1280.0,955.0,train
595,big_sample5_17,14384,24642,175.0,803.0,test
596,big_sample5_17,14384,24642,249.0,281.0,train
597,big_sample5_17,14384,24642,1253.0,1491.0,train
598,big_sample5_17,14384,24642,866.0,1775.0,train
599,big_sample5_17,14384,24642,1817.0,236.0,test
600,big_sample5_17,1024,16013,1626.0,1196.0,val
601,big_sample5_17,1024,16013,238.0,968.0,train
602,big_sample5_17,1024,16013,1625.0,140.0,train
603,big_sample5_17,1024,16013,1281.0,161.0,train
604,big_sample5_17,1024,16013,1009.0,1196.0,train
605,big_sample5_17,1024,16013,472.0,1538.0,train
606,big_sample5_17,1024,16013,1424.0,898.0,train
607,big_sample5_17,1024,16013,996.0,1873.0,train
608,big_sample5_17,1024,16013,1588.0,304.0,train
609,big_sample5_17,1024,16013,1459.0,1133.0,train
610,big_sample5_17,1024,16013,1734.0,1589.0,train
611,big_sample5_17,1024,16013,220.0,1501.0,val
612,big_sample5_17,1024,16013,901.0,113.0,train
613,big_sample5_17,1024,16013,1392.0,1230.0,train
614,big_sample5_17,1024,16013,1006.0,1719.0,train
615,big_sample5_17,1024,16013,1525.0,1136.0,val
616,big_sample5_17,1024,16013,1113.0,1027.0,train
617,big_sample5_17,1024,16013,1398.0,1289.0,train
618,big_sample5_17,1024,16013,439.0,216.0,train
619,big_sample5_17,1024,16013,1416.0,682.0,train
620,big_sample5_17,14695,18868,1570.0,1196.0,train
621,big_sample5_17,14695,18868,357.0,1314.0,train
622,big_sample5_17,14695,18868,1584.0,320.0,train
623,big_sample5_17,14695,18868,1595.0,557.0,train
624,big_sample5_17,14695,18868,841.0,175.0,train
625,big_sample5_17,14695,18868,1036.0,1216.0,train
626,big_sample5_17,14695,18868,377.0,1245.0,test
627,big_sample5_17,14695,18868,740.0,1862.0,train
628,big_sample5_17,14695,18868,157.0,189.0,train
629,big_sample5_17,14695,18868,119.0,1746.0,train
630,big_sample5_17,14695,18868,944.0,331.0,train
631,big_sample5_17,14695,18868,1403.0,1727.0,train
632,big_sample5_17,14695,18868,240.0,781.0,train
633,big_sample5_17,14695,18868,408.0,841.0,train
634,big_sample5_17,14695,18868,159.0,1650.0,train
635,big_sample5_17,14695,18868,1360.0,1101.0,train
636,big_sample5_17,14695,18868,1406.0,1359.0,train
637,big_sample5_17,14695,18868,526.0,117.0,train
638,big_sample5_17,14695,18868,313.0,1292.0,train
639,big_sample5_17,14695,18868,362.0,1600.0,train
640,big_sample5_17,1455,20114,1206.0,1874.0,train
641,big_sample5_17,1455,20114,1778.0,1520.0,train
642,big_sample5_17,1455,20114,1759.0,962.0,train
643,big_sample5_17,1455,20114,1534.0,732.0,train
644,big_sample5_17,1455,20114,1448.0,535.0,train
645,big_sample5_17,1455,20114,1383.0,1709.0,train
646,big_sample5_17,1455,20114,1848.0,778.0,val
647,big_sample5_17,1455,20114,786.0,1429.0,train
648,big_sample5_17,1455,20114,1020.0,1795.0,train
649,big_sample5_17,1455,20114,863.0,422.0,train
650,big_sample5_17,1455,20114,391.0,1167.0,train
651,big_sample5_17,1455,20114,1539.0,762.0,train
652,big_sample5_17,1455,20114,1482.0,1769.0,train
653,big_sample5_17,1455,20114,1461.0,1581.0,train
654,big_sample5_17,1455,20114,1629.0,1311.0,train
655,big_sample5_17,1455,20114,218.0,976.0,train
656,big_sample5_17,1455,20114,1221.0,1147.0,train
657,big_sample5_17,1455,20114,1195.0,208.0,train
658,big_sample5_17,1455,20114,1236.0,539.0,train
659,big_sample5_17,1455,20114,788.0,486.0,test
660,big_sample5_17,16466,16722,1555.0,1786.0,train
661,big_sample5_17,16466,16722,430.0,952.0,train
662,big_sample5_17,16466,16722,262.0,704.0,train
663,big_sample5_17,16466,16722,134.0,1678.0,train
664,big_sample5_17,16466,16722,1735.0,993.0,train
665,big_sample5_17,16466,16722,1361.0,995.0,train
666,big_sample5_17,16466,16722,105.0,1084.0,train
667,big_sample5_17,16466,16722,1357.0,310.0,val
668,big_sample5_17,16466,16722,1342.0,1624.0,train
669,big_sample5_17,16466,16722,333.0,409.0,train
670,big_sample5_17,16466,16722,1570.0,111.0,train
671,big_sample5_17,16466,16722,812.0,1688.0,train
672,big_sample5_17,16466,16722,655.0,329.0,train
673,big_sample5_17,16466,16722,755.0,871.0,train
674,big_sample5_17,16466,16722,1229.0,1672.0,train
675,big_sample5_17,16466,16722,956.0,765.0,train
676,big_sample5_17,16466,16722,195.0,831.0,train
677,big_sample5_17,16466,16722,377.0,1471.0,train
678,big_sample5_17,16466,16722,1173.0,1507.0,train
679,big_sample5_17,16466,16722,507.0,1794.0,train
680,big_sample5_17,9075,17095,1847.0,632.0,train
681,big_sample5_17,9075,17095,1454.0,380.0,train
682,big_sample5_17,9075,17095,598.0,526.0,train
683,big_sample5_17,9075,17095,1443.0,1598.0,val
684,big_sample5_17,9075,17095,888.0,635.0,train
685,big_sample5_17,9075,17095,1555.0,1426.0,train
686,big_sample5_17,9075,17095,627.0,982.0,train
687,big_sample5_17,9075,17095,654.0,1097.0,test
688,big_sample5_17,9075,17095,307.0,1755.0,val
689,big_sample5_17,9075,17095,1775.0,1014.0,train
690,big_sample5_17,9075,17095,179.0,175.0,train
691,big_sample5_17,9075,17095,1418.0,898.0,train
692,big_sample5_17,9075,17095,1356.0,1147.0,train
693,big_sample5_17,9075,17095,1291.0,132.0,train
694,big_sample5_17,9075,17095,231.0,1095.0,train
695,big_sample5_17,9075,17095,323.0,1441.0,train
696,big_sample5_17,9075,17095,1220.0,334.0,train
697,big_sample5_17,9075,17095,1886.0,400.0,train
698,big_sample5_17,9075,17095,1151.0,1640.0,test
699,big_sample5_17,9075,17095,728.0,1072.0,train
700,big_sample5_17,6622,13961,246.0,1602.0,train
701,big_sample5_17,6622,13961,519.0,511.0,test
702,big_sample5_17,6622,13961,1900.0,1658.0,train
703,big_sample5_17,6622,13961,1213.0,636.0,train
704,big_sample5_17,6622,13961,479.0,1122.0,train
705,big_sample5_17,6622,13961,489.0,1522.0,train
706,big_sample5_17,6622,13961,1369.0,1174.0,train
707,big_sample5_17,6622,13961,524.0,1778.0,train
708,big_sample5_17,6622,13961,1854.0,599.0,train
709,big_sample5_17,6622,13961,1657.0,882.0,train
710,big_sample5_17,6622,13961,1054.0,417.0,train
711,big_sample5_17,6622,13961,1684.0,1140.0,train
712,big_sample5_17,6622,13961,803.0,865.0,train
713,big_sample5_17,6622,13961,174.0,1569.0,train
714,big_sample5_17,6622,13961,1271.0,1085.0,test
715,big_sample5_17,6622,13961,1327.0,656.0,train
716,big_sample5_17,6622,13961,1351.0,1231.0,train
717,big_sample5_17,6622,13961,425.0,443.0,test
718,big_sample5_17,6622,13961,1407.0,484.0,train
719,big_sample5_17,6622,13961,1790.0,1261.0,train
720,big_sample5_17,6317,15672,712.0,1751.0,train
721,big_sample5_17,6317,15672,1405.0,1789.0,train
722,big_sample5_17,6317,15672,1158.0,1220.0,train
723,big_sample5_17,6317,15672,324.0,168.0,train
724,big_sample5_17,6317,15672,120.0,444.0,train
725,big_sample5_17,6317,15672,654.0,1698.0,train
726,big_sample5_17,6317,15672,283.0,1879.0,train
727,big_sample5_17,6317,15672,1560.0,966.0,train
728,big_sample5_17,6317,15672,1462.0,1685.0,train
729,big_sample5_17,6317,15672,645.0,595.0,train
730,big_sample5_17,6317,15672,1210.0,504.0,train
731,big_sample5_17,6317,15672,811.0,171.0,train
732,big_sample5_17,6317,15672,1130.0,1478.0,val
733,big_sample5_17,6317,15672,582.0,1486.0,train
734,big_sample5_17,6317,15672,419.0,204.0,test
735,big_sample5_17,6317,15672,311.0,595.0,train
736,big_sample5_17,6317,15672,1830.0,483.0,train
737,big_sample5_17,6317,15672,881.0,1259.0,train
738,big_sample5_17,6317,15672,1627.0,1562.0,train
739,big_sample5_17,6317,15672,474.0,1544.0,train
740,big_sample5_17,2541,13981,271.0,1078.0,train
741,big_sample5_17,2541,13981,1165.0,215.0,train
742,big_sample5_17,2541,13981,803.0,1206.0,val
743,big_sample5_17,2541,13981,1179.0,348.0,train
744,big_sample5_17,2541,13981,969.0,1328.0,test
745,big_sample5_17,2541,13981,257.0,1768.0,val
746,big_sample5_17,2541,13981,624.0,533.0,train
747,big_sample5_17,2541,13981,980.0,681.0,train
748,big_sample5_17,2541,13981,1221.0,791.0,train
749,big_sample5_17,2541,13981,1122.0,161.0,train
750,big_sample5_17,2541,13981,465.0,812.0,val
751,big_sample5_17,2541,13981,925.0,1610.0,train
752,big_sample5_17,2541,13981,1783.0,1033.0,train
753,big_sample5_17,2541,13981,1073.0,1661.0,test
754,big_sample5_17,2541,13981,563.0,1800.0,val
755,big_sample5_17,2541,13981,1894.0,442.0,train
756,big_sample5_17,2541,13981,947.0,1024.0,train
757,big_sample5_17,2541,13981,1459.0,1852.0,train
758,big_sample5_17,2541,13981,910.0,837.0,test
759,big_sample5_17,2541,13981,1870.0,794.0,train
760,big_sample5_17,5884,17227,1407.0,1228.0,train
761,big_sample5_17,5884,17227,1247.0,447.0,val
762,big_sample5_17,5884,17227,1386.0,1051.0,train
763,big_sample5_17,5884,17227,1307.0,123.0,test
764,big_sample5_17,5884,17227,572.0,1214.0,train
765,big_sample5_17,5884,17227,1138.0,678.0,train
766,big_sample5_17,5884,17227,1032.0,727.0,train
767,big_sample5_17,5884,17227,1312.0,1855.0,train
768,big_sample5_17,5884,17227,301.0,1844.0,train
769,big_sample5_17,5884,17227,1141.0,1039.0,train
770,big_sample5_17,5884,17227,207.0,741.0,val
771,big_sample5_17,5884,17227,1105.0,1715.0,train
772,big_sample5_17,5884,17227,1209.0,1381.0,train
773,big_sample5_17,5884,17227,501.0,1839.0,train
774,big_sample5_17,5884,17227,1744.0,260.0,train
775,big_sample5_17,5884,17227,855.0,257.0,train
776,big_sample5_17,5884,17227,1674.0,363.0,train
777,big_sample5_17,5884,17227,735.0,1391.0,train
778,big_sample5_17,5884,17227,1876.0,1275.0,train
779,big_sample5_17,5884,17227,1396.0,1338.0,train
780,big_sample5_17,276,18984,1029.0,1414.0,train
781,big_sample5_17,276,18984,1225.0,822.0,train
782,big_sample5_17,276,18984,1831.0,1523.0,train
783,big_sample5_17,276,18984,746.0,1701.0,test
784,big_sample5_17,276,18984,533.0,436.0,train
785,big_sample5_17,276,18984,587.0,671.0,train
786,big_sample5_17,276,18984,229.0,950.0,train
787,big_sample5_17,276,18984,958.0,770.0,train
788,big_sample5_17,276,18984,1560.0,467.0,train
789,big_sample5_17,276,18984,603.0,799.0,val
790,big_sample5_17,276,18984,838.0,1323.0,train
791,big_sample5_17,276,18984,344.0,1470.0,val
792,big_sample5_17,276,18984,1455.0,1072.0,train
793,big_sample5_17,276,18984,958.0,1079.0,test
794,big_sample5_17,276,18984,1024.0,1051.0,train
795,big_sample5_17,276,18984,933.0,1534.0,train
796,big_sample5_17,276,18984,1362.0,241.0,train
797,big_sample5_17,276,18984,900.0,1829.0,test
798,big_sample5_17,276,18984,287.0,656.0,train
799,big_sample5_17,276,18984,540.0,571.0,train
800,big_sample5_17,6112,20248,1595.0,1410.0,train
801,big_sample5_17,6112,20248,1484.0,1494.0,train
802,big_sample5_17,6112,20248,905.0,326.0,test
803,big_sample5_17,6112,20248,1160.0,1509.0,train
804,big_sample5_17,6112,20248,151.0,677.0,train
805,big_sample5_17,6112,20248,644.0,1314.0,train
806,big_sample5_17,6112,20248,1583.0,1419.0,train
807,big_sample5_17,6112,20248,1312.0,1552.0,train
808,big_sample5_17,6112,20248,1507.0,1073.0,train
809,big_sample5_17,6112,20248,1055.0,313.0,train
810,big_sample5_17,6112,20248,1577.0,1753.0,test
811,big_sample5_17,6112,20248,236.0,998.0,train
812,big_sample5_17,6112,20248,1701.0,765.0,test
813,big_sample5_17,6112,20248,1041.0,1352.0,train
814,big_sample5_17,6112,20248,1372.0,1243.0,train
815,big_sample5_17,6112,20248,803.0,1284.0,train
816,big_sample5_17,6112,20248,931.0,1631.0,train
817,big_sample5_17,6112,20248,1725.0,838.0,train
818,big_sample5_17,6112,20248,299.0,421.0,train
819,big_sample5_17,6112,20248,1422.0,1785.0,train
820,big_sample5_17,13696,15191,1227.0,642.0,train
821,big_sample5_17,13696,15191,880.0,1257.0,test
822,big_sample5_17,13696,15191,939.0,1036.0,train
823,big_sample5_17,13696,15191,176.0,287.0,train
824,big_sample5_17,13696,15191,943.0,612.0,train
825,big_sample5_17,13696,15191,924.0,1691.0,train
826,big_sample5_17,13696,15191,1531.0,1205.0,train
827,big_sample5_17,13696,15191,955.0,1120.0,train
828,big_sample5_17,13696,15191,608.0,275.0,train
829,big_sample5_17,13696,15191,659.0,226.0,train
830,big_sample5_17,13696,15191,1377.0,1794.0,val
831,big_sample5_17,13696,15191,614.0,1832.0,train
832,big_sample5_17,13696,15191,1883.0,1017.0,train
833,big_sample5_17,13696,15191,1804.0,922.0,train
834,big_sample5_17,13696,15191,1517.0,1372.0,train
835,big_sample5_17,13696,15191,618.0,504.0,train
836,big_sample5_17,13696,15191,1393.0,1130.0,train
837,big_sample5_17,13696,15191,609.0,1357.0,val
838,big_sample5_17,13696,15191,1283.0,1473.0,test
839,big_sample5_17,13696,15191,1305.0,1274.0,train
840,big_sample5_17,5359,15785,750.0,1179.0,train
841,big_sample5_17,5359,15785,1268.0,1229.0,train
842,big_sample5_17,5359,15785,753.0,1437.0,train
843,big_sample5_17,5359,15785,901.0,1607.0,test
844,big_sample5_17,5359,15785,1429.0,1149.0,train
845,big_sample5_17,5359,15785,125.0,176.0,test
846,big_sample5_17,5359,15785,798.0,1453.0,train
847,big_sample5_17,5359,15785,1355.0,1420.0,train
848,big_sample5_17,5359,15785,1273.0,690.0,train
849,big_sample5_17,5359,15785,1866.0,1495.0,train
850,big_sample5_17,5359,15785,1435.0,1194.0,test
851,big_sample5_17,5359,15785,1368.0,1346.0,train
852,big_sample5_17,5359,15785,1515.0,1341.0,train
853,big_sample5_17,5359,15785,1786.0,1040.0,train
854,big_sample5_17,5359,15785,693.0,355.0,train
855,big_sample5_17,5359,15785,574.0,1695.0,train
856,big_sample5_17,5359,15785,1606.0,368.0,train
857,big_sample5_17,5359,15785,1662.0,1400.0,train
858,big_sample5_17,5359,15785,232.0,1654.0,train
859,big_sample5_17,5359,15785,1152.0,417.0,train
860,big_sample5_17,7572,20530,303.0,769.0,test
861,big_sample5_17,7572,20530,1597.0,303.0,val
862,big_sample5_17,7572,20530,440.0,1676.0,train
863,big_sample5_17,7572,20530,1765.0,817.0,train
864,big_sample5_17,7572,20530,1611.0,846.0,train
865,big_sample5_17,7572,20530,760.0,1172.0,test
866,big_sample5_17,7572,20530,1538.0,1708.0,train
867,big_sample5_17,7572,20530,1139.0,1569.0,val
868,big_sample5_17,7572,20530,1390.0,1683.0,val
869,big_sample5_17,7572,20530,1624.0,1431.0,test
870,big_sample5_17,7572,20530,1092.0,1466.0,train
871,big_sample5_17,7572,20530,298.0,1011.0,val
872,big_sample5_17,7572,20530,1271.0,1840.0,train
873,big_sample5_17,7572,20530,266.0,1526.0,train
874,big_sample5_17,7572,20530,116.0,312.0,train
875,big_sample5_17,7572,20530,1530.0,466.0,train
876,big_sample5_17,7572,20530,359.0,272.0,train
877,big_sample5_17,7572,20530,438.0,115.0,val
878,big_sample5_17,7572,20530,1761.0,1724.0,train
879,big_sample5_17,7572,20530,353.0,1615.0,val
880,big_sample5_17,9347,16207,1056.0,358.0,train
881,big_sample5_17,9347,16207,251.0,1732.0,val
882,big_sample5_17,9347,16207,1622.0,1369.0,train
883,big_sample5_17,9347,16207,746.0,640.0,train
884,big_sample5_17,9347,16207,485.0,1134.0,train
885,big_sample5_17,9347,16207,299.0,863.0,train
886,big_sample5_17,9347,16207,406.0,1624.0,train
887,big_sample5_17,9347,16207,497.0,1696.0,train
888,big_sample5_17,9347,16207,1708.0,1358.0,train
889,big_sample5_17,9347,16207,1109.0,335.0,train
890,big_sample5_17,9347,16207,238.0,340.0,val
891,big_sample5_17,9347,16207,1251.0,679.0,train
892,big_sample5_17,9347,16207,1850.0,694.0,train
893,big_sample5_17,9347,16207,941.0,177.0,train
894,big_sample5_17,9347,16207,122.0,169.0,train
895,big_sample5_17,9347,16207,533.0,212.0,val
896,big_sample5_17,9347,16207,1160.0,198.0,train
897,big_sample5_17,9347,16207,1679.0,934.0,train
898,big_sample5_17,9347,16207,1146.0,140.0,train
899,big_sample5_17,9347,16207,191.0,317.0,train
900,big_sample5_17,12594,14662,1062.0,1280.0,train
901,big_sample5_17,12594,14662,1556.0,1086.0,train
902,big_sample5_17,12594,14662,1598.0,1470.0,train
903,big_sample5_17,12594,14662,1789.0,454.0,train
904,big_sample5_17,12594,14662,1240.0,920.0,test
905,big_sample5_17,12594,14662,1118.0,1009.0,train
906,big_sample5_17,12594,14662,1094.0,1588.0,train
907,big_sample5_17,12594,14662,1415.0,525.0,train
908,big_sample5_17,12594,14662,1384.0,1023.0,train
909,big_sample5_17,12594,14662,1756.0,836.0,val
910,big_sample5_17,12594,14662,174.0,806.0,train
911,big_sample5_17,12594,14662,752.0,100.0,train
912,big_sample5_17,12594,14662,1468.0,1834.0,train
913,big_sample5_17,12594,14662,1237.0,1595.0,train
914,big_sample5_17,12594,14662,637.0,1028.0,train
915,big_sample5_17,12594,14662,1021.0,1329.0,test
916,big_sample5_17,12594,14662,1801.0,151.0,train
917,big_sample5_17,12594,14662,441.0,794.0,val
918,big_sample5_17,12594,14662,1066.0,466.0,train
919,big_sample5_17,12594,14662,283.0,154.0,test
920,big_sample5_17,1092,13690,1390.0,1104.0,train
921,big_sample5_17,1092,13690,1885.0,236.0,train
922,big_sample5_17,1092,13690,1700.0,312.0,train
923,big_sample5_17,1092,13690,1737.0,676.0,val
924,big_sample5_17,1092,13690,913.0,523.0,train
925,big_sample5_17,1092,13690,1531.0,780.0,train
926,big_sample5_17,1092,13690,1365.0,1767.0,train
927,big_sample5_17,1092,13690,1216.0,280.0,train
928,big_sample5_17,1092,13690,176.0,576.0,train
929,big_sample5_17,1092,13690,1881.0,1032.0,train
930,big_sample5_17,1092,13690,1536.0,280.0,train
931,big_sample5_17,1092,13690,879.0,1130.0,val
932,big_sample5_17,1092,13690,1663.0,725.0,train
933,big_sample5_17,1092,13690,229.0,688.0,train
934,big_sample5_17,1092,13690,1057.0,781.0,train
935,big_sample5_17,1092,13690,509.0,447.0,train
936,big_sample5_17,1092,13690,511.0,771.0,train
937,big_sample5_17,1092,13690,317.0,260.0,test
938,big_sample5_17,1092,13690,1712.0,579.0,train
939,big_sample5_17,1092,13690,414.0,1622.0,train
940,big_sample5_17,731,24363,1454.0,621.0,val
941,big_sample5_17,731,24363,782.0,1106.0,train
942,big_sample5_17,731,24363,201.0,1478.0,train
943,big_sample5_17,731,24363,1254.0,1144.0,train
944,big_sample5_17,731,24363,754.0,607.0,train
945,big_sample5_17,731,24363,522.0,366.0,train
946,big_sample5_17,731,24363,958.0,1186.0,train
947,big_sample5_17,731,24363,1850.0,1062.0,train
948,big_sample5_17,731,24363,1560.0,1269.0,train
949,big_sample5_17,731,24363,1869.0,1700.0,val
950,big_sample5_17,731,24363,251.0,1368.0,val
951,big_sample5_17,731,24363,654.0,1795.0,train
952,big_sample5_17,731,24363,978.0,199.0,train
953,big_sample5_17,731,24363,296.0,826.0,train
954,big_sample5_17,731,24363,205.0,205.0,train
955,big_sample5_17,731,24363,845.0,1466.0,train
956,big_sample5_17,731,24363,869.0,1099.0,train
957,big_sample5_17,731,24363,573.0,442.0,train
958,big_sample5_17,731,24363,697.0,1260.0,train
959,big_sample5_17,731,24363,963.0,851.0,test
960,big_sample5_17,3187,13406,207.0,178.0,train
961,big_sample5_17,3187,13406,1007.0,487.0,train
962,big_sample5_17,3187,13406,1888.0,1439.0,train
963,big_sample5_17,3187,13406,1382.0,343.0,train
964,big_sample5_17,3187,13406,1490.0,362.0,val
965,big_sample5_17,3187,13406,1816.0,794.0,train
966,big_sample5_17,3187,13406,881.0,997.0,train
967,big_sample5_17,3187,13406,945.0,1159.0,test
968,big_sample5_17,3187,13406,398.0,613.0,train
969,big_sample5_17,3187,13406,920.0,387.0,val
970,big_sample5_17,3187,13406,313.0,1393.0,train
971,big_sample5_17,3187,13406,599.0,648.0,train
972,big_sample5_17,3187,13406,305.0,798.0,train
973,big_sample5_17,3187,13406,1101.0,963.0,train
974,big_sample5_17,3187,13406,758.0,757.0,train
975,big_sample5_17,3187,13406,122.0,769.0,train
976,big_sample5_17,3187,13406,1360.0,1763.0,train
977,big_sample5_17,3187,13406,1470.0,275.0,train
978,big_sample5_17,3187,13406,1376.0,1748.0,train
979,big_sample5_17,3187,13406,898.0,357.0,val
980,big_sample5_17,11874,20412,352.0,1855.0,train
981,big_sample5_17,11874,20412,465.0,724.0,test
982,big_sample5_17,11874,20412,1109.0,1718.0,val
983,big_sample5_17,11874,20412,1559.0,1083.0,train
984,big_sample5_17,11874,20412,695.0,163.0,train
985,big_sample5_17,11874,20412,625.0,609.0,val
986,big_sample5_17,11874,20412,1548.0,1053.0,train
987,big_sample5_17,11874,20412,1731.0,588.0,train
988,big_sample5_17,11874,20412,1855.0,1091.0,train
989,big_sample5_17,11874,20412,381.0,1452.0,val
990,big_sample5_17,11874,20412,1591.0,788.0,train
991,big_sample5_17,11874,20412,1347.0,106.0,train
992,big_sample5_17,11874,20412,266.0,1878.0,train
993,big_sample5_17,11874,20412,946.0,1558.0,train
994,big_sample5_17,11874,20412,469.0,1271.0,val
995,big_sample5_17,11874,20412,835.0,507.0,train
996,big_sample5_17,11874,20412,1879.0,1619.0,train
997,big_sample5_17,11874,20412,921.0,1217.0,val
998,big_sample5_17,11874,20412,1488.0,772.0,train
999,big_sample5_17,11874,20412,926.0,1500.0,train
1000,big_sample5_17,13033,15194,764.0,189.0,test
1001,big_sample5_17,13033,15194,1270.0,1216.0,test
1002,big_sample5_17,13033,15194,1508.0,818.0,test
1003,big_sample5_17,13033,15194,416.0,190.0,train
1004,big_sample5_17,13033,15194,859.0,531.0,train
1005,big_sample5_17,13033,15194,1317.0,118.0,train
1006,big_sample5_17,13033,15194,1653.0,700.0,train
1007,big_sample5_17,13033,15194,1638.0,159.0,train
1008,big_sample5_17,13033,15194,1523.0,497.0,train
1009,big_sample5_17,13033,15194,503.0,1144.0,train
1010,big_sample5_17,13033,15194,660.0,901.0,train
1011,big_sample5_17,13033,15194,1469.0,1238.0,train
1012,big_sample5_17,13033,15194,1680.0,401.0,test
1013,big_sample5_17,13033,15194,1508.0,1202.0,train
1014,big_sample5_17,13033,15194,1727.0,495.0,train
1015,big_sample5_17,13033,15194,429.0,1398.0,train
1016,big_sample5_17,13033,15194,438.0,1790.0,train
1017,big_sample5_17,13033,15194,1054.0,1255.0,train
1018,big_sample5_17,13033,15194,549.0,1787.0,train
1019,big_sample5_17,13033,15194,700.0,215.0,train
1020,big_sample5_17,13511,23659,1606.0,437.0,train
1021,big_sample5_17,13511,23659,1453.0,966.0,train
1022,big_sample5_17,13511,23659,854.0,772.0,train
1023,big_sample5_17,13511,23659,411.0,1440.0,test
1024,big_sample5_17,13511,23659,1519.0,1369.0,train
1025,big_sample5_17,13511,23659,805.0,987.0,train
1026,big_sample5_17,13511,23659,1424.0,648.0,train
1027,big_sample5_17,13511,23659,1595.0,718.0,train
1028,big_sample5_17,13511,23659,337.0,1402.0,train
1029,big_sample5_17,13511,23659,1507.0,657.0,train
1030,big_sample5_17,13511,23659,1404.0,1173.0,train
1031,big_sample5_17,13511,23659,751.0,1243.0,test
1032,big_sample5_17,13511,23659,784.0,1656.0,train
1033,big_sample5_17,13511,23659,270.0,1407.0,train
1034,big_sample5_17,13511,23659,1591.0,588.0,train
1035,big_sample5_17,13511,23659,1583.0,1136.0,train
1036,big_sample5_17,13511,23659,320.0,506.0,train
1037,big_sample5_17,13511,23659,124.0,743.0,train
1038,big_sample5_17,13511,23659,323.0,926.0,val
1039,big_sample5_17,13511,23659,541.0,575.0,train
1040,big_sample5_17,4916,21506,1120.0,410.0,train
1041,big_sample5_17,4916,21506,100.0,580.0,train
1042,big_sample5_17,4916,21506,1712.0,1820.0,val
1043,big_sample5_17,4916,21506,1468.0,996.0,train
1044,big_sample5_17,4916,21506,785.0,640.0,train
1045,big_sample5_17,4916,21506,1501.0,1425.0,train
1046,big_sample5_17,4916,21506,1874.0,1332.0,train
1047,big_sample5_17,4916,21506,651.0,1471.0,train
1048,big_sample5_17,4916,21506,1832.0,1187.0,train
1049,big_sample5_17,4916,21506,886.0,226.0,train
1050,big_sample5_17,4916,21506,1693.0,275.0,train
1051,big_sample5_17,4916,21506,1180.0,1130.0,train
1052,big_sample5_17,4916,21506,1517.0,670.0,test
1053,big_sample5_17,4916,21506,1060.0,168.0,train
1054,big_sample5_17,4916,21506,1478.0,1603.0,train
1055,big_sample5_17,4916,21506,142.0,1633.0,train
1056,big_sample5_17,4916,21506,1639.0,165.0,train
1057,big_sample5_17,4916,21506,1116.0,1056.0,train
1058,big_sample5_17,4916,21506,771.0,724.0,train
1059,big_sample5_17,4916,21506,949.0,253.0,train
1060,big_sample5_17,15769,23537,1555.0,1723.0,train
1061,big_sample5_17,15769,23537,1782.0,830.0,train
1062,big_sample5_17,15769,23537,722.0,1787.0,train
1063,big_sample5_17,15769,23537,839.0,1446.0,train
1064,big_sample5_17,15769,23537,1076.0,1351.0,train
1065,big_sample5_17,15769,23537,690.0,1707.0,train
1066,big_sample5_17,15769,23537,1572.0,813.0,train
1067,big_sample5_17,15769,23537,989.0,1431.0,train
1068,big_sample5_17,15769,23537,1771.0,713.0,train
1069,big_sample5_17,15769,23537,1099.0,1100.0,train
1070,big_sample5_17,15769,23537,1745.0,1397.0,train
1071,big_sample5_17,15769,23537,779.0,281.0,train
1072,big_sample5_17,15769,23537,1765.0,1401.0,train
1073,big_sample5_17,15769,23537,767.0,1133.0,train
1074,big_sample5_17,15769,23537,546.0,1586.0,train
1075,big_sample5_17,15769,23537,378.0,463.0,train
1076,big_sample5_17,15769,23537,390.0,333.0,train
1077,big_sample5_17,15769,23537,1419.0,1502.0,train
1078,big_sample5_17,15769,23537,571.0,385.0,val
1079,big_sample5_17,15769,23537,246.0,805.0,val
1080,big_sample5_17,9207,16283,799.0,1402.0,test
1081,big_sample5_17,9207,16283,467.0,643.0,train
1082,big_sample5_17,9207,16283,1754.0,1830.0,val
1083,big_sample5_17,9207,16283,130.0,554.0,train
1084,big_sample5_17,9207,16283,1027.0,604.0,test
1085,big_sample5_17,9207,16283,1570.0,1601.0,train
1086,big_sample5_17,9207,16283,1282.0,672.0,train
1087,big_sample5_17,9207,16283,250.0,494.0,train
1088,big_sample5_17,9207,16283,1348.0,908.0,train
1089,big_sample5_17,9207,16283,422.0,1116.0,train
1090,big_sample5_17,9207,16283,842.0,1190.0,train
1091,big_sample5_17,9207,16283,839.0,961.0,train
1092,big_sample5_17,9207,16283,199.0,1501.0,val
1093,big_sample5_17,9207,16283,690.0,449.0,train
1094,big_sample5_17,9207,16283,343.0,1770.0,test
1095,big_sample5_17,9207,16283,1841.0,361.0,train
1096,big_sample5_17,9207,16283,940.0,1244.0,train
1097,big_sample5_17,9207,16283,436.0,370.0,train
1098,big_sample5_17,9207,16283,903.0,1265.0,train
1099,big_sample5_17,9207,16283,1356.0,817.0,train
1100,big_sample5_17,1993,16397,1153.0,1371.0,val
1101,big_sample5_17,1993,16397,461.0,485.0,train
1102,big_sample5_17,1993,16397,427.0,400.0,train
1103,big_sample5_17,1993,16397,529.0,1019.0,train
1104,big_sample5_17,1993,16397,1025.0,1488.0,train
1105,big_sample5_17,1993,16397,374.0,1058.0,train
1106,big_sample5_17,1993,16397,1332.0,1883.0,train
1107,big_sample5_17,1993,16397,935.0,551.0,train
1108,big_sample5_17,1993,16397,121.0,1771.0,train
1109,big_sample5_17,1993,16397,283.0,1286.0,train
1110,big_sample5_17,1993,16397,711.0,711.0,train
1111,big_sample5_17,1993,16397,554.0,1786.0,train
1112,big_sample5_17,1993,16397,1061.0,494.0,train
1113,big_sample5_17,1993,16397,1330.0,874.0,train
1114,big_sample5_17,1993,16397,1687.0,1713.0,train
1115,big_sample5_17,1993,16397,1433.0,654.0,train
1116,big_sample5_17,1993,16397,1176.0,1345.0,val
1117,big_sample5_17,1993,16397,1320.0,715.0,test
1118,big_sample5_17,1993,16397,235.0,1731.0,train
1119,big_sample5_17,1993,16397,1872.0,1813.0,train
1120,big_sample5_17,9113,15418,865.0,1089.0,train
1121,big_sample5_17,9113,15418,1280.0,746.0,train
1122,big_sample5_17,9113,15418,1284.0,532.0,train
1123,big_sample5_17,9113,15418,1782.0,1163.0,train
1124,big_sample5_17,9113,15418,1348.0,1031.0,test
1125,big_sample5_17,9113,15418,1066.0,260.0,train
1126,big_sample5_17,9113,15418,1039.0,152.0,train
1127,big_sample5_17,9113,15418,1110.0,1175.0,test
1128,big_sample5_17,9113,15418,1777.0,687.0,train
1129,big_sample5_17,9113,15418,1727.0,1780.0,train
1130,big_sample5_17,9113,15418,1392.0,356.0,val
1131,big_sample5_17,9113,15418,1125.0,1080.0,train
1132,big_sample5_17,9113,15418,419.0,939.0,train
1133,big_sample5_17,9113,15418,508.0,1182.0,train
1134,big_sample5_17,9113,15418,127.0,885.0,train
1135,big_sample5_17,9113,15418,1321.0,594.0,train
1136,big_sample5_17,9113,15418,1246.0,550.0,train
1137,big_sample5_17,9113,15418,531.0,1580.0,train
1138,big_sample5_17,9113,15418,520.0,1484.0,train
1139,big_sample5_17,9113,15418,1748.0,105.0,train
1140,big_sample5_17,15325,24377,352.0,405.0,train
1141,big_sample5_17,15325,24377,604.0,1310.0,train
1142,big_sample5_17,15325,24377,606.0,1763.0,train
1143,big_sample5_17,15325,24377,260.0,836.0,train
1144,big_sample5_17,15325,24377,1372.0,1027.0,val
1145,big_sample5_17,15325,24377,1477.0,1464.0,val
1146,big_sample5_17,15325,24377,608.0,571.0,train
1147,big_sample5_17,15325,24377,1434.0,1199.0,train
1148,big_sample5_17,15325,24377,1377.0,1036.0,train
1149,big_sample5_17,15325,24377,660.0,960.0,train
1150,big_sample5_17,15325,24377,1873.0,670.0,train
1151,big_sample5_17,15325,24377,1677.0,232.0,train
1152,big_sample5_17,15325,24377,773.0,524.0,train
1153,big_sample5_17,15325,24377,1023.0,198.0,train
1154,big_sample5_17,15325,24377,1700.0,180.0,train
1155,big_sample5_17,15325,24377,1193.0,623.0,val
1156,big_sample5_17,15325,24377,217.0,352.0,train
1157,big_sample5_17,15325,24377,1872.0,1264.0,test
1158,big_sample5_17,15325,24377,1777.0,888.0,train
1159,big_sample5_17,15325,24377,1638.0,902.0,train
1160,big_sample5_17,11887,17650,495.0,983.0,train
1161,big_sample5_17,11887,17650,1095.0,1801.0,train
1162,big_sample5_17,11887,17650,282.0,1617.0,train
1163,big_sample5_17,11887,17650,471.0,627.0,train
1164,big_sample5_17,11887,17650,378.0,392.0,train
1165,big_sample5_17,11887,17650,1261.0,536.0,train
1166,big_sample5_17,11887,17650,1002.0,1115.0,train
1167,big_sample5_17,11887,17650,441.0,1459.0,train
1168,big_sample5_17,11887,17650,753.0,328.0,test
1169,big_sample5_17,11887,17650,781.0,385.0,train
1170,big_sample5_17,11887,17650,109.0,707.0,train
1171,big_sample5_17,11887,17650,535.0,210.0,train
1172,big_sample5_17,11887,17650,1430.0,1064.0,train
1173,big_sample5_17,11887,17650,938.0,1019.0,train
1174,big_sample5_17,11887,17650,977.0,1845.0,train
1175,big_sample5_17,11887,17650,1504.0,1143.0,test
1176,big_sample5_17,11887,17650,1564.0,1079.0,train
1177,big_sample5_17,11887,17650,1162.0,1573.0,train
1178,big_sample5_17,11887,17650,1036.0,845.0,train
1179,big_sample5_17,11887,17650,1898.0,283.0,train
1180,big_sample5_17,16978,16555,1526.0,435.0,train
1181,big_sample5_17,16978,16555,1827.0,219.0,train
1182,big_sample5_17,16978,16555,984.0,635.0,train
1183,big_sample5_17,16978,16555,482.0,837.0,train
1184,big_sample5_17,16978,16555,1563.0,455.0,train
1185,big_sample5_17,16978,16555,616.0,166.0,train
1186,big_sample5_17,16978,16555,286.0,988.0,train
1187,big_sample5_17,16978,16555,292.0,238.0,train
1188,big_sample5_17,16978,16555,485.0,1038.0,val
1189,big_sample5_17,16978,16555,975.0,1184.0,test
1190,big_sample5_17,16978,16555,1236.0,1276.0,train
1191,big_sample5_17,16978,16555,969.0,612.0,train
1192,big_sample5_17,16978,16555,1854.0,635.0,train
1193,big_sample5_17,16978,16555,865.0,448.0,train
1194,big_sample5_17,16978,16555,1315.0,1263.0,train
1195,big_sample5_17,16978,16555,1529.0,1645.0,train
1196,big_sample5_17,16978,16555,1349.0,1153.0,train
1197,big_sample5_17,16978,16555,873.0,671.0,val
1198,big_sample5_17,16978,16555,1195.0,1482.0,train
1199,big_sample5_17,16978,16555,827.0,951.0,train
1200,big_sample5_17,8167,21180,876.0,1103.0,val
1201,big_sample5_17,8167,21180,1020.0,1804.0,train
1202,big_sample5_17,8167,21180,326.0,526.0,train
1203,big_sample5_17,8167,21180,399.0,1389.0,train
1204,big_sample5_17,8167,21180,466.0,1368.0,train
1205,big_sample5_17,8167,21180,1488.0,1759.0,train
1206,big_sample5_17,8167,21180,1555.0,998.0,train
1207,big_sample5_17,8167,21180,268.0,1161.0,test
1208,big_sample5_17,8167,21180,1434.0,1438.0,train
1209,big_sample5_17,8167,21180,950.0,1670.0,test
1210,big_sample5_17,8167,21180,397.0,775.0,train
1211,big_sample5_17,8167,21180,940.0,150.0,test
1212,big_sample5_17,8167,21180,809.0,147.0,train
1213,big_sample5_17,8167,21180,518.0,1872.0,val
1214,big_sample5_17,8167,21180,179.0,1421.0,train
1215,big_sample5_17,8167,21180,1575.0,943.0,train
1216,big_sample5_17,8167,21180,378.0,1340.0,test
1217,big_sample5_17,8167,21180,467.0,202.0,train
1218,big_sample5_17,8167,21180,819.0,283.0,test
1219,big_sample5_17,8167,21180,1678.0,1757.0,train
1220,big_sample5_17,8586,19813,681.0,802.0,train
1221,big_sample5_17,8586,19813,1864.0,1426.0,train
1222,big_sample5_17,8586,19813,931.0,879.0,train
1223,big_sample5_17,8586,19813,599.0,542.0,train
1224,big_sample5_17,8586,19813,1228.0,1461.0,train
1225,big_sample5_17,8586,19813,142.0,415.0,test
1226,big_sample5_17,8586,19813,1356.0,628.0,train
1227,big_sample5_17,8586,19813,1507.0,139.0,train
1228,big_sample5_17,8586,19813,1469.0,576.0,train
1229,big_sample5_17,8586,19813,1491.0,1416.0,train
1230,big_sample5_17,8586,19813,808.0,1729.0,train
1231,big_sample5_17,8586,19813,1073.0,1523.0,train
1232,big_sample5_17,8586,19813,1421.0,834.0,val
1233,big_sample5_17,8586,19813,1150.0,192.0,train
1234,big_sample5_17,8586,19813,1766.0,1746.0,train
1235,big_sample5_17,8586,19813,1712.0,336.0,train
1236,big_sample5_17,8586,19813,346.0,1205.0,test
1237,big_sample5_17,8586,19813,571.0,1640.0,train
1238,big_sample5_17,8586,19813,219.0,1890.0,train
1239,big_sample5_17,8586,19813,1048.0,541.0,test
1240,big_sample5_17,16391,22862,1305.0,1803.0,train
1241,big_sample5_17,16391,22862,1618.0,634.0,train
1242,big_sample5_17,16391,22862,192.0,246.0,train
1243,big_sample5_17,16391,22862,701.0,535.0,train
1244,big_sample5_17,16391,22862,1859.0,684.0,train
1245,big_sample5_17,16391,22862,591.0,805.0,train
1246,big_sample5_17,16391,22862,516.0,1723.0,train
1247,big_sample5_17,16391,22862,1534.0,1279.0,train
1248,big_sample5_17,16391,22862,930.0,676.0,train
1249,big_sample5_17,16391,22862,1164.0,1433.0,train
1250,big_sample5_17,16391,22862,551.0,1565.0,train
1251,big_sample5_17,16391,22862,432.0,464.0,train
1252,big_sample5_17,16391,22862,1084.0,1179.0,train
1253,big_sample5_17,16391,22862,1893.0,870.0,train
1254,big_sample5_17,16391,22862,1249.0,117.0,train
1255,big_sample5_17,16391,22862,418.0,1251.0,val
1256,big_sample5_17,16391,22862,771.0,474.0,test
1257,big_sample5_17,16391,22862,1620.0,1288.0,train
1258,big_sample5_17,16391,22862,716.0,608.0,train
1259,big_sample5_17,16391,22862,977.0,1006.0,test
1260,big_sample5_17,14849,24244,1868.0,1301.0,train
1261,big_sample5_17,14849,24244,1270.0,680.0,test
1262,big_sample5_17,14849,24244,1880.0,1626.0,train
1263,big_sample5_17,14849,24244,1162.0,315.0,train
1264,big_sample5_17,14849,24244,1789.0,1709.0,train
1265,big_sample5_17,14849,24244,1449.0,774.0,train
1266,big_sample5_17,14849,24244,1852.0,606.0,train
1267,big_sample5_17,14849,24244,864.0,1678.0,train
1268,big_sample5_17,14849,24244,1147.0,281.0,train
1269,big_sample5_17,14849,24244,527.0,1086.0,train
1270,big_sample5_17,14849,24244,944.0,1020.0,train
1271,big_sample5_17,14849,24244,447.0,445.0,test
1272,big_sample5_17,14849,24244,1366.0,131.0,train
1273,big_sample5_17,14849,24244,181.0,1001.0,val
1274,big_sample5_17,14849,24244,698.0,1737.0,test
1275,big_sample5_17,14849,24244,962.0,1090.0,train
1276,big_sample5_17,14849,24244,379.0,1895.0,train
1277,big_sample5_17,14849,24244,333.0,1658.0,train
1278,big_sample5_17,14849,24244,172.0,703.0,train
1279,big_sample5_17,14849,24244,1685.0,1723.0,train
1280,big_sample5_17,113,17303,1661.0,1561.0,test
1281,big_sample5_17,113,17303,1502.0,240.0,train
1282,big_sample5_17,113,17303,941.0,818.0,val
1283,big_sample5_17,113,17303,1634.0,476.0,train
1284,big_sample5_17,113,17303,984.0,1748.0,train
1285,big_sample5_17,113,17303,968.0,129.0,train
1286,big_sample5_17,113,17303,574.0,1164.0,train
1287,big_sample5_17,113,17303,1591.0,1617.0,train
1288,big_sample5_17,113,17303,400.0,1126.0,train
1289,big_sample5_17,113,17303,107.0,533.0,train
1290,big_sample5_17,113,17303,1077.0,1776.0,train
1291,big_sample5_17,113,17303,1072.0,1641.0,train
1292,big_sample5_17,113,17303,976.0,1247.0,train
1293,big_sample5_17,113,17303,456.0,1385.0,test
1294,big_sample5_17,113,17303,708.0,424.0,test
1295,big_sample5_17,113,17303,170.0,1217.0,train
1296,big_sample5_17,113,17303,1709.0,399.0,val
1297,big_sample5_17,113,17303,1592.0,1731.0,train
1298,big_sample5_17,113,17303,1554.0,1757.0,train
1299,big_sample5_17,113,17303,1214.0,197.0,train
1300,big_sample5_17,2041,22228,912.0,426.0,train
1301,big_sample5_17,2041,22228,738.0,867.0,train
1302,big_sample5_17,2041,22228,886.0,800.0,test
1303,big_sample5_17,2041,22228,1246.0,1490.0,train
1304,big_sample5_17,2041,22228,181.0,1560.0,train
1305,big_sample5_17,2041,22228,336.0,1223.0,train
1306,big_sample5_17,2041,22228,881.0,133.0,train
1307,big_sample5_17,2041,22228,1566.0,1892.0,val
1308,big_sample5_17,2041,22228,1462.0,1005.0,train
1309,big_sample5_17,2041,22228,429.0,153.0,train
1310,big_sample5_17,2041,22228,690.0,1839.0,train
1311,big_sample5_17,2041,22228,1582.0,527.0,train
1312,big_sample5_17,2041,22228,1415.0,1044.0,train
1313,big_sample5_17,2041,22228,1177.0,1521.0,train
1314,big_sample5_17,2041,22228,1053.0,854.0,train
1315,big_sample5_17,2041,22228,1833.0,1768.0,train
1316,big_sample5_17,2041,22228,899.0,1106.0,train
1317,big_sample5_17,2041,22228,602.0,386.0,train
1318,big_sample5_17,2041,22228,1127.0,166.0,train
1319,big_sample5_17,2041,22228,488.0,1001.0,train
1320,big_sample5_17,7421,14977,808.0,849.0,train
1321,big_sample5_17,7421,14977,1078.0,406.0,test
1322,big_sample5_17,7421,14977,743.0,1855.0,test
1323,big_sample5_17,7421,14977,1350.0,136.0,test
1324,big_sample5_17,7421,14977,1038.0,1393.0,train
1325,big_sample5_17,7421,14977,1884.0,725.0,val
1326,big_sample5_17,7421,14977,398.0,692.0,train
1327,big_sample5_17,7421,14977,1714.0,698.0,test
1328,big_sample5_17,7421,14977,1270.0,704.0,train
1329,big_sample5_17,7421,14977,404.0,1354.0,train
1330,big_sample5_17,7421,14977,1402.0,787.0,test
1331,big_sample5_17,7421,14977,1064.0,866.0,train
1332,big_sample5_17,7421,14977,554.0,1824.0,train
1333,big_sample5_17,7421,14977,1875.0,193.0,train
1334,big_sample5_17,7421,14977,1886.0,200.0,train
1335,big_sample5_17,7421,14977,1781.0,1572.0,train
1336,big_sample5_17,7421,14977,874.0,528.0,train
1337,big_sample5_17,7421,14977,610.0,1378.0,train
1338,big_sample5_17,7421,14977,527.0,733.0,train
1339,big_sample5_17,7421,14977,1208.0,1355.0,train
1340,big_sample5_17,6168,20717,211.0,1651.0,train
1341,big_sample5_17,6168,20717,577.0,1790.0,train
1342,big_sample5_17,6168,20717,662.0,827.0,train
1343,big_sample5_17,6168,20717,839.0,114.0,train
1344,big_sample5_17,6168,20717,1550.0,491.0,train
1345,big_sample5_17,6168,20717,878.0,1746.0,train
1346,big_sample5_17,6168,20717,658.0,435.0,train
1347,big_sample5_17,6168,20717,189.0,347.0,train
1348,big_sample5_17,6168,20717,1332.0,1425.0,train
1349,big_sample5_17,6168,20717,889.0,352.0,train
1350,big_sample5_17,6168,20717,262.0,1542.0,train
1351,big_sample5_17,6168,20717,134.0,1582.0,train
1352,big_sample5_17,6168,20717,651.0,230.0,train
1353,big_sample5_17,6168,20717,786.0,1115.0,val
1354,big_sample5_17,6168,20717,1274.0,1086.0,train
1355,big_sample5_17,6168,20717,1139.0,1900.0,train
1356,big_sample5_17,6168,20717,403.0,617.0,train
1357,big_sample5_17,6168,20717,1291.0,1245.0,train
1358,big_sample5_17,6168,20717,522.0,1318.0,train
1359,big_sample5_17,6168,20717,282.0,1151.0,train
1360,big_sample5_17,2391,16061,1262.0,524.0,train
1361,big_sample5_17,2391,16061,873.0,1062.0,test
1362,big_sample5_17,2391,16061,743.0,1315.0,test
1363,big_sample5_17,2391,16061,312.0,621.0,train
1364,big_sample5_17,2391,16061,130.0,286.0,train
1365,big_sample5_17,2391,16061,1492.0,1602.0,val
1366,big_sample5_17,2391,16061,889.0,1338.0,train
1367,big_sample5_17,2391,16061,1374.0,1708.0,val
1368,big_sample5_17,2391,16061,1478.0,1098.0,test
1369,big_sample5_17,2391,16061,1377.0,413.0,train
1370,big_sample5_17,2391,16061,1870.0,906.0,train
1371,big_sample5_17,2391,16061,1381.0,774.0,train
1372,big_sample5_17,2391,16061,1856.0,818.0,test
1373,big_sample5_17,2391,16061,1456.0,329.0,test
1374,big_sample5_17,2391,16061,1639.0,515.0,train
1375,big_sample5_17,2391,16061,1427.0,722.0,train
1376,big_sample5_17,2391,16061,873.0,504.0,test
1377,big_sample5_17,2391,16061,195.0,1011.0,train
1378,big_sample5_17,2391,16061,1276.0,844.0,train
1379,big_sample5_17,2391,16061,622.0,1623.0,train
1380,big_sample5_17,522,17078,740.0,1852.0,train
1381,big_sample5_17,522,17078,1760.0,1011.0,train
1382,big_sample5_17,522,17078,1725.0,1544.0,train
1383,big_sample5_17,522,17078,678.0,1267.0,train
1384,big_sample5_17,522,17078,326.0,1800.0,train
1385,big_sample5_17,522,17078,1827.0,884.0,train
1386,big_sample5_17,522,17078,268.0,593.0,val
1387,big_sample5_17,522,17078,436.0,657.0,train
1388,big_sample5_17,522,17078,1493.0,1597.0,train
1389,big_sample5_17,522,17078,1139.0,1270.0,train
1390,big_sample5_17,522,17078,1561.0,503.0,test
1391,big_sample5_17,522,17078,153.0,1323.0,train
1392,big_sample5_17,522,17078,645.0,277.0,train
1393,big_sample5_17,522,17078,560.0,337.0,train
1394,big_sample5_17,522,17078,636.0,1649.0,train
1395,big_sample5_17,522,17078,783.0,708.0,train
1396,big_sample5_17,522,17078,1157.0,1315.0,train
1397,big_sample5_17,522,17078,1346.0,699.0,train
1398,big_sample5_17,522,17078,1371.0,1604.0,val
1399,big_sample5_17,522,17078,1663.0,1254.0,train
1400,big_sample5_17,4069,21065,219.0,1883.0,train
1401,big_sample5_17,4069,21065,1148.0,516.0,val
1402,big_sample5_17,4069,21065,1539.0,1504.0,train
1403,big_sample5_17,4069,21065,1886.0,1307.0,train
1404,big_sample5_17,4069,21065,770.0,1547.0,train
1405,big_sample5_17,4069,21065,145.0,409.0,train
1406,big_sample5_17,4069,21065,1331.0,547.0,test
1407,big_sample5_17,4069,21065,1286.0,1240.0,train
1408,big_sample5_17,4069,21065,759.0,248.0,train
1409,big_sample5_17,4069,21065,574.0,361.0,val
1410,big_sample5_17,4069,21065,1153.0,927.0,train
1411,big_sample5_17,4069,21065,906.0,801.0,train
1412,big_sample5_17,4069,21065,1436.0,159.0,train
1413,big_sample5_17,4069,21065,136.0,1733.0,train
1414,big_sample5_17,4069,21065,1231.0,1581.0,train
1415,big_sample5_17,4069,21065,1674.0,707.0,train
1416,big_sample5_17,4069,21065,1741.0,124.0,train
1417,big_sample5_17,4069,21065,157.0,300.0,val
1418,big_sample5_17,4069,21065,882.0,1492.0,train
1419,big_sample5_17,4069,21065,454.0,514.0,train
1420,big_sample5_17,4822,14363,1119.0,238.0,train
1421,big_sample5_17,4822,14363,615.0,1220.0,test
1422,big_sample5_17,4822,14363,1543.0,649.0,train
1423,big_sample5_17,4822,14363,379.0,566.0,train
1424,big_sample5_17,4822,14363,759.0,1803.0,train
1425,big_sample5_17,4822,14363,717.0,457.0,train
1426,big_sample5_17,4822,14363,1613.0,1692.0,train
1427,big_sample5_17,4822,14363,895.0,337.0,train
1428,big_sample5_17,4822,14363,1362.0,1752.0,train
1429,big_sample5_17,4822,14363,142.0,232.0,val
1430,big_sample5_17,4822,14363,640.0,967.0,train
1431,big_sample5_17,4822,14363,1120.0,1248.0,train
1432,big_sample5_17,4822,14363,1666.0,120.0,train
1433,big_sample5_17,4822,14363,1326.0,168.0,train
1434,big_sample5_17,4822,14363,1080.0,868.0,train
1435,big_sample5_17,4822,14363,1438.0,803.0,train
1436,big_sample5_17,4822,14363,799.0,1194.0,val
1437,big_sample5_17,4822,14363,297.0,619.0,train
1438,big_sample5_17,4822,14363,211.0,1369.0,train
1439,big_sample5_17,4822,14363,783.0,898.0,train
1440,big_sample5_17,8573,14376,1556.0,1413.0,train
1441,big_sample5_17,8573,14376,540.0,1098.0,train
1442,big_sample5_17,8573,14376,949.0,1751.0,train
1443,big_sample5_17,8573,14376,1753.0,680.0,train
1444,big_sample5_17,8573,14376,468.0,1818.0,train
1445,big_sample5_17,8573,14376,260.0,1633.0,train
1446,big_sample5_17,8573,14376,1768.0,1390.0,train
1447,big_sample5_17,8573,14376,1218.0,707.0,train
1448,big_sample5_17,8573,14376,496.0,576.0,train
1449,big_sample5_17,8573,14376,1509.0,1123.0,train
1450,big_sample5_17,8573,14376,447.0,1424.0,train
1451,big_sample5_17,8573,14376,1278.0,891.0,train
1452,big_sample5_17,8573,14376,392.0,850.0,train
1453,big_sample5_17,8573,14376,1404.0,795.0,train
1454,big_sample5_17,8573,14376,1071.0,1626.0,train
1455,big_sample5_17,8573,14376,352.0,177.0,train
1456,big_sample5_17,8573,14376,1422.0,358.0,train
1457,big_sample5_17,8573,14376,1367.0,233.0,train
1458,big_sample5_17,8573,14376,1747.0,803.0,val
1459,big_sample5_17,8573,14376,1107.0,895.0,train
1460,big_sample5_17,10048,18143,220.0,1056.0,train
1461,big_sample5_17,10048,18143,1540.0,1778.0,train
1462,big_sample5_17,10048,18143,593.0,1038.0,train
1463,big_sample5_17,10048,18143,508.0,1106.0,train
1464,big_sample5_17,10048,18143,1449.0,238.0,train
1465,big_sample5_17,10048,18143,230.0,522.0,train
1466,big_sample5_17,10048,18143,1256.0,469.0,train
1467,big_sample5_17,10048,18143,863.0,1727.0,train
1468,big_sample5_17,10048,18143,905.0,1814.0,train
1469,big_sample5_17,10048,18143,229.0,1199.0,train
1470,big_sample5_17,10048,18143,1549.0,728.0,train
1471,big_sample5_17,10048,18143,1453.0,561.0,train
1472,big_sample5_17,10048,18143,786.0,1684.0,train
1473,big_sample5_17,10048,18143,337.0,851.0,val
1474,big_sample5_17,10048,18143,511.0,1860.0,val
1475,big_sample5_17,10048,18143,888.0,252.0,test
1476,big_sample5_17,10048,18143,677.0,1751.0,train
1477,big_sample5_17,10048,18143,965.0,1440.0,train
1478,big_sample5_17,10048,18143,1546.0,782.0,train
1479,big_sample5_17,10048,18143,583.0,1474.0,train
1480,big_sample5_17,1976,19095,1095.0,843.0,val
1481,big_sample5_17,1976,19095,1520.0,1037.0,val
1482,big_sample5_17,1976,19095,1424.0,1050.0,train
1483,big_sample5_17,1976,19095,414.0,1430.0,train
1484,big_sample5_17,1976,19095,1317.0,197.0,val
1485,big_sample5_17,1976,19095,188.0,1879.0,test
1486,big_sample5_17,1976,19095,1357.0,205.0,train
1487,big_sample5_17,1976,19095,1317.0,1513.0,val
1488,big_sample5_17,1976,19095,1681.0,1102.0,train
1489,big_sample5_17,1976,19095,727.0,1322.0,train
1490,big_sample5_17,1976,19095,713.0,1118.0,train
1491,big_sample5_17,1976,19095,964.0,1802.0,train
1492,big_sample5_17,1976,19095,467.0,248.0,train
1493,big_sample5_17,1976,19095,897.0,247.0,train
1494,big_sample5_17,1976,19095,1727.0,258.0,train
1495,big_sample5_17,1976,19095,697.0,240.0,val
1496,big_sample5_17,1976,19095,919.0,177.0,train
1497,big_sample5_17,1976,19095,726.0,210.0,val
1498,big_sample5_17,1976,19095,1332.0,1768.0,val
1499,big_sample5_17,1976,19095,239.0,830.0,train
1500,big_sample5_17,10334,19668,511.0,1138.0,val
1501,big_sample5_17,10334,19668,1862.0,1257.0,train
1502,big_sample5_17,10334,19668,551.0,528.0,train
1503,big_sample5_17,10334,19668,693.0,1758.0,train
1504,big_sample5_17,10334,19668,1755.0,1382.0,train
1505,big_sample5_17,10334,19668,1621.0,495.0,train
1506,big_sample5_17,10334,19668,1809.0,851.0,train
1507,big_sample5_17,10334,19668,983.0,1499.0,train
1508,big_sample5_17,10334,19668,1005.0,760.0,train
1509,big_sample5_17,10334,19668,1394.0,879.0,val
1510,big_sample5_17,10334,19668,1175.0,1660.0,train
1511,big_sample5_17,10334,19668,315.0,236.0,train
1512,big_sample5_17,10334,19668,106.0,1842.0,train
1513,big_sample5_17,10334,19668,1499.0,1482.0,train
1514,big_sample5_17,10334,19668,1486.0,594.0,train
1515,big_sample5_17,10334,19668,1069.0,1138.0,train
1516,big_sample5_17,10334,19668,1149.0,1555.0,train
1517,big_sample5_17,10334,19668,111.0,1617.0,train
1518,big_sample5_17,10334,19668,1665.0,942.0,train
1519,big_sample5_17,10334,19668,989.0,710.0,train
1520,big_sample5_17,2752,21601,1163.0,124.0,train
1521,big_sample5_17,2752,21601,1420.0,1889.0,train
1522,big_sample5_17,2752,21601,209.0,840.0,train
1523,big_sample5_17,2752,21601,1720.0,1238.0,train
1524,big_sample5_17,2752,21601,1808.0,1832.0,train
1525,big_sample5_17,2752,21601,1280.0,724.0,train
1526,big_sample5_17,2752,21601,1880.0,877.0,val
1527,big_sample5_17,2752,21601,1441.0,700.0,train
1528,big_sample5_17,2752,21601,1371.0,414.0,train
1529,big_sample5_17,2752,21601,1642.0,1561.0,train
1530,big_sample5_17,2752,21601,1120.0,570.0,train
1531,big_sample5_17,2752,21601,1293.0,1604.0,train
1532,big_sample5_17,2752,21601,438.0,307.0,train
1533,big_sample5_17,2752,21601,1096.0,1029.0,train
1534,big_sample5_17,2752,21601,1508.0,1641.0,train
1535,big_sample5_17,2752,21601,195.0,473.0,train
1536,big_sample5_17,2752,21601,1564.0,285.0,train
1537,big_sample5_17,2752,21601,1322.0,669.0,test
1538,big_sample5_17,2752,21601,1774.0,583.0,train
1539,big_sample5_17,2752,21601,622.0,411.0,test
1540,big_sample5_17,3116,15175,110.0,711.0,test
1541,big_sample5_17,3116,15175,1105.0,647.0,train
1542,big_sample5_17,3116,15175,1004.0,1761.0,train
1543,big_sample5_17,3116,15175,1233.0,113.0,val
1544,big_sample5_17,3116,15175,1450.0,1070.0,train
1545,big_sample5_17,3116,15175,1682.0,780.0,train
1546,big_sample5_17,3116,15175,475.0,935.0,test
1547,big_sample5_17,3116,15175,1046.0,1698.0,train
1548,big_sample5_17,3116,15175,1870.0,673.0,train
1549,big_sample5_17,3116,15175,604.0,628.0,train
1550,big_sample5_17,3116,15175,485.0,651.0,train
1551,big_sample5_17,3116,15175,1825.0,890.0,test
1552,big_sample5_17,3116,15175,692.0,886.0,train
1553,big_sample5_17,3116,15175,1010.0,1745.0,train
1554,big_sample5_17,3116,15175,838.0,1015.0,val
1555,big_sample5_17,3116,15175,1585.0,1059.0,train
1556,big_sample5_17,3116,15175,410.0,921.0,train
1557,big_sample5_17,3116,15175,570.0,126.0,train
1558,big_sample5_17,3116,15175,1358.0,572.0,train
1559,big_sample5_17,3116,15175,1140.0,1626.0,test
1560,big_sample5_17,6898,19701,658.0,235.0,train
1561,big_sample5_17,6898,19701,1272.0,571.0,train
1562,big_sample5_17,6898,19701,574.0,1488.0,train
1563,big_sample5_17,6898,19701,859.0,1727.0,train
1564,big_sample5_17,6898,19701,943.0,350.0,train
1565,big_sample5_17,6898,19701,1272.0,663.0,train
1566,big_sample5_17,6898,19701,1258.0,427.0,train
1567,big_sample5_17,6898,19701,1535.0,1539.0,train
1568,big_sample5_17,6898,19701,970.0,1211.0,train
1569,big_sample5_17,6898,19701,1260.0,908.0,test
1570,big_sample5_17,6898,19701,910.0,949.0,train
1571,big_sample5_17,6898,19701,1472.0,1160.0,train
1572,big_sample5_17,6898,19701,1684.0,506.0,train
1573,big_sample5_17,6898,19701,1014.0,343.0,train
1574,big_sample5_17,6898,19701,1507.0,845.0,test
1575,big_sample5_17,6898,19701,764.0,956.0,train
1576,big_sample5_17,6898,19701,1017.0,1688.0,train
1577,big_sample5_17,6898,19701,769.0,1004.0,train
1578,big_sample5_17,6898,19701,692.0,952.0,train
1579,big_sample5_17,6898,19701,285.0,1451.0,test
1580,big_sample5_17,8113,13560,196.0,1747.0,train
1581,big_sample5_17,8113,13560,262.0,1264.0,train
1582,big_sample5_17,8113,13560,1410.0,1581.0,train
1583,big_sample5_17,8113,13560,1574.0,1619.0,train
1584,big_sample5_17,8113,13560,1055.0,935.0,train
1585,big_sample5_17,8113,13560,1214.0,1661.0,train
1586,big_sample5_17,8113,13560,1080.0,285.0,train
1587,big_sample5_17,8113,13560,504.0,932.0,train
1588,big_sample5_17,8113,13560,229.0,1707.0,test
1589,big_sample5_17,8113,13560,928.0,447.0,train
1590,big_sample5_17,8113,13560,863.0,880.0,train
1591,big_sample5_17,8113,13560,1588.0,936.0,train
1592,big_sample5_17,8113,13560,1325.0,475.0,train
1593,big_sample5_17,8113,13560,1623.0,1479.0,val
1594,big_sample5_17,8113,13560,479.0,1655.0,val
1595,big_sample5_17,8113,13560,1470.0,767.0,train
1596,big_sample5_17,8113,13560,154.0,1624.0,test
1597,big_sample5_17,8113,13560,1003.0,397.0,train
1598,big_sample5_17,8113,13560,1866.0,359.0,train
1599,big_sample5_17,8113,13560,833.0,1434.0,test
1600,big_sample5_17,10144,23175,690.0,1721.0,train
1601,big_sample5_17,10144,23175,1113.0,872.0,train
1602,big_sample5_17,10144,23175,451.0,915.0,test
1603,big_sample5_17,10144,23175,1775.0,1574.0,test
1604,big_sample5_17,10144,23175,1141.0,1516.0,train
1605,big_sample5_17,10144,23175,1243.0,590.0,train
1606,big_sample5_17,10144,23175,1452.0,764.0,train
1607,big_sample5_17,10144,23175,1684.0,864.0,train
1608,big_sample5_17,10144,23175,1251.0,723.0,train
1609,big_sample5_17,10144,23175,1193.0,398.0,train
1610,big_sample5_17,10144,23175,1427.0,822.0,train
1611,big_sample5_17,10144,23175,536.0,421.0,train
1612,big_sample5_17,10144,23175,1561.0,1198.0,train
1613,big_sample5_17,10144,23175,484.0,463.0,train
1614,big_sample5_17,10144,23175,726.0,1786.0,train
1615,big_sample5_17,10144,23175,1170.0,250.0,train
1616,big_sample5_17,10144,23175,1120.0,1158.0,train
1617,big_sample5_17,10144,23175,826.0,1894.0,train
1618,big_sample5_17,10144,23175,1541.0,1557.0,train
1619,big_sample5_17,10144,23175,552.0,337.0,train
1620,big_sample5_17,10427,18537,462.0,1606.0,train
1621,big_sample5_17,10427,18537,699.0,1630.0,train
1622,big_sample5_17,10427,18537,948.0,991.0,train
1623,big_sample5_17,10427,18537,302.0,446.0,val
1624,big_sample5_17,10427,18537,160.0,1827.0,train
1625,big_sample5_17,10427,18537,441.0,195.0,train
1626,big_sample5_17,10427,18537,402.0,1302.0,train
1627,big_sample5_17,10427,18537,848.0,1606.0,train
1628,big_sample5_17,10427,18537,1709.0,1044.0,train
1629,big_sample5_17,10427,18537,1259.0,1859.0,test
1630,big_sample5_17,10427,18537,879.0,254.0,train
1631,big_sample5_17,10427,18537,1336.0,326.0,train
1632,big_sample5_17,10427,18537,1676.0,1312.0,test
1633,big_sample5_17,10427,18537,224.0,1517.0,train
1634,big_sample5_17,10427,18537,891.0,1770.0,train
1635,big_sample5_17,10427,18537,862.0,904.0,train
1636,big_sample5_17,10427,18537,1848.0,1202.0,test
1637,big_sample5_17,10427,18537,222.0,1392.0,train
1638,big_sample5_17,10427,18537,1334.0,446.0,test
1639,big_sample5_17,10427,18537,1199.0,841.0,train
1640,big_sample5_17,12110,22045,187.0,1800.0,train
1641,big_sample5_17,12110,22045,1530.0,1246.0,train
1642,big_sample5_17,12110,22045,1786.0,1728.0,train
1643,big_sample5_17,12110,22045,543.0,1828.0,val
1644,big_sample5_17,12110,22045,1136.0,381.0,train
1645,big_sample5_17,12110,22045,1240.0,1581.0,train
1646,big_sample5_17,12110,22045,1833.0,1702.0,val
1647,big_sample5_17,12110,22045,1174.0,366.0,val
1648,big_sample5_17,12110,22045,1304.0,1822.0,train
1649,big_sample5_17,12110,22045,351.0,818.0,train
1650,big_sample5_17,12110,22045,569.0,1032.0,test
1651,big_sample5_17,12110,22045,441.0,1734.0,val
1652,big_sample5_17,12110,22045,1440.0,1631.0,train
1653,big_sample5_17,12110,22045,373.0,798.0,train
1654,big_sample5_17,12110,22045,1341.0,1648.0,train
1655,big_sample5_17,12110,22045,1501.0,1445.0,train
1656,big_sample5_17,12110,22045,347.0,513.0,train
1657,big_sample5_17,12110,22045,1737.0,1183.0,train
1658,big_sample5_17,12110,22045,1207.0,926.0,train
1659,big_sample5_17,12110,22045,1391.0,1800.0,train
1660,big_sample5_17,1904,21458,590.0,366.0,train
1661,big_sample5_17,1904,21458,1167.0,899.0,train
1662,big_sample5_17,1904,21458,1187.0,1240.0,train
1663,big_sample5_17,1904,21458,1895.0,1190.0,train
1664,big_sample5_17,1904,21458,1253.0,273.0,train
1665,big_sample5_17,1904,21458,1826.0,417.0,train
1666,big_sample5_17,1904,21458,138.0,914.0,train
1667,big_sample5_17,1904,21458,701.0,1237.0,train
1668,big_sample5_17,1904,21458,1270.0,360.0,train
1669,big_sample5_17,1904,21458,369.0,1131.0,train
1670,big_sample5_17,1904,21458,507.0,1198.0,train
1671,big_sample5_17,1904,21458,167.0,1014.0,train
1672,big_sample5_17,1904,21458,1359.0,1656.0,train
1673,big_sample5_17,1904,21458,1418.0,595.0,val
1674,big_sample5_17,1904,21458,1853.0,672.0,train
1675,big_sample5_17,1904,21458,785.0,279.0,train
1676,big_sample5_17,1904,21458,1758.0,823.0,train
1677,big_sample5_17,1904,21458,1092.0,720.0,train
1678,big_sample5_17,1904,21458,1552.0,1162.0,train
1679,big_sample5_17,1904,21458,1767.0,900.0,train
1680,big_sample5_17,3099,16516,1539.0,263.0,train
1681,big_sample5_17,3099,16516,947.0,524.0,train
1682,big_sample5_17,3099,16516,518.0,192.0,val
1683,big_sample5_17,3099,16516,953.0,611.0,train
1684,big_sample5_17,3099,16516,118.0,1841.0,train
1685,big_sample5_17,3099,16516,1652.0,1647.0,train
1686,big_sample5_17,3099,16516,597.0,1564.0,train
1687,big_sample5_17,3099,16516,650.0,768.0,train
1688,big_sample5_17,3099,16516,1639.0,369.0,train
1689,big_sample5_17,3099,16516,1255.0,355.0,train
1690,big_sample5_17,3099,16516,1460.0,1225.0,val
1691,big_sample5_17,3099,16516,806.0,667.0,test
1692,big_sample5_17,3099,16516,761.0,1061.0,val
1693,big_sample5_17,3099,16516,770.0,1169.0,test
1694,big_sample5_17,3099,16516,596.0,1862.0,train
1695,big_sample5_17,3099,16516,113.0,722.0,train
1696,big_sample5_17,3099,16516,1003.0,963.0,val
1697,big_sample5_17,3099,16516,1234.0,679.0,test
1698,big_sample5_17,3099,16516,472.0,154.0,train
1699,big_sample5_17,3099,16516,902.0,309.0,train
1700,big_sample5_17,13167,20434,1432.0,1772.0,train
1701,big_sample5_17,13167,20434,720.0,1059.0,train
1702,big_sample5_17,13167,20434,745.0,1597.0,train
1703,big_sample5_17,13167,20434,335.0,591.0,test
1704,big_sample5_17,13167,20434,1848.0,1509.0,train
1705,big_sample5_17,13167,20434,505.0,977.0,val
1706,big_sample5_17,13167,20434,333.0,525.0,train
1707,big_sample5_17,13167,20434,1515.0,1119.0,train
1708,big_sample5_17,13167,20434,1777.0,1026.0,train
1709,big_sample5_17,13167,20434,1381.0,176.0,test
1710,big_sample5_17,13167,20434,246.0,364.0,train
1711,big_sample5_17,13167,20434,1573.0,1564.0,train
1712,big_sample5_17,13167,20434,251.0,961.0,train
1713,big_sample5_17,13167,20434,794.0,1022.0,train
1714,big_sample5_17,13167,20434,564.0,948.0,train
1715,big_sample5_17,13167,20434,1109.0,1538.0,test
1716,big_sample5_17,13167,20434,675.0,811.0,train
1717,big_sample5_17,13167,20434,1693.0,1465.0,train
1718,big_sample5_17,13167,20434,347.0,1789.0,train
1719,big_sample5_17,13167,20434,1197.0,1264.0,train
1720,big_sample5_17,707,15661,1288.0,760.0,train
1721,big_sample5_17,707,15661,572.0,320.0,train
1722,big_sample5_17,707,15661,1686.0,525.0,train
1723,big_sample5_17,707,15661,519.0,1398.0,train
1724,big_sample5_17,707,15661,1714.0,878.0,val
1725,big_sample5_17,707,15661,414.0,1858.0,train
1726,big_sample5_17,707,15661,954.0,1365.0,train
1727,big_sample5_17,707,15661,1351.0,1782.0,train
1728,big_sample5_17,707,15661,1460.0,218.0,train
1729,big_sample5_17,707,15661,1625.0,300.0,train
1730,big_sample5_17,707,15661,1209.0,1424.0,train
1731,big_sample5_17,707,15661,639.0,389.0,val
1732,big_sample5_17,707,15661,1427.0,715.0,test
1733,big_sample5_17,707,15661,665.0,468.0,val
1734,big_sample5_17,707,15661,1051.0,1082.0,train
1735,big_sample5_17,707,15661,641.0,448.0,train
1736,big_sample5_17,707,15661,552.0,1817.0,val
1737,big_sample5_17,707,15661,1325.0,189.0,train
1738,big_sample5_17,707,15661,559.0,1027.0,train
1739,big_sample5_17,707,15661,188.0,1253.0,train
1740,big_sample5_17,3872,21348,1496.0,658.0,val
1741,big_sample5_17,3872,21348,645.0,1847.0,train
1742,big_sample5_17,3872,21348,1160.0,1760.0,train
1743,big_sample5_17,3872,21348,1768.0,478.0,val
1744,big_sample5_17,3872,21348,1819.0,806.0,train
1745,big_sample5_17,3872,21348,611.0,1036.0,test
1746,big_sample5_17,3872,21348,759.0,1168.0,train
1747,big_sample5_17,3872,21348,1441.0,1102.0,train
1748,big_sample5_17,3872,21348,980.0,1466.0,train
1749,big_sample5_17,3872,21348,803.0,371.0,train
1750,big_sample5_17,3872,21348,934.0,544.0,train
1751,big_sample5_17,3872,21348,249.0,288.0,train
1752,big_sample5_17,3872,21348,128.0,382.0,test
1753,big_sample5_17,3872,21348,464.0,490.0,val
1754,big_sample5_17,3872,21348,933.0,1509.0,test
1755,big_sample5_17,3872,21348,431.0,1694.0,train
1756,big_sample5_17,3872,21348,1099.0,247.0,train
1757,big_sample5_17,3872,21348,1817.0,972.0,train
1758,big_sample5_17,3872,21348,304.0,1831.0,train
1759,big_sample5_17,3872,21348,1763.0,1181.0,train
1760,big_sample5_17,14907,15830,331.0,899.0,train
1761,big_sample5_17,14907,15830,1301.0,1374.0,train
1762,big_sample5_17,14907,15830,1858.0,1739.0,train
1763,big_sample5_17,14907,15830,1144.0,1714.0,train
1764,big_sample5_17,14907,15830,1280.0,1498.0,train
1765,big_sample5_17,14907,15830,1467.0,1181.0,train
1766,big_sample5_17,14907,15830,1146.0,1803.0,test
1767,big_sample5_17,14907,15830,142.0,1882.0,train
1768,big_sample5_17,14907,15830,476.0,1083.0,train
1769,big_sample5_17,14907,15830,1365.0,868.0,test
1770,big_sample5_17,14907,15830,888.0,1376.0,train
1771,big_sample5_17,14907,15830,1430.0,1213.0,train
1772,big_sample5_17,14907,15830,1807.0,513.0,train
1773,big_sample5_17,14907,15830,716.0,1286.0,val
1774,big_sample5_17,14907,15830,133.0,1037.0,train
1775,big_sample5_17,14907,15830,549.0,207.0,test
1776,big_sample5_17,14907,15830,1134.0,417.0,train
1777,big_sample5_17,14907,15830,621.0,1878.0,train
1778,big_sample5_17,14907,15830,1138.0,1788.0,train
1779,big_sample5_17,14907,15830,492.0,664.0,train
1780,big_sample5_17,17492,22445,1592.0,1216.0,train
1781,big_sample5_17,17492,22445,915.0,449.0,train
1782,big_sample5_17,17492,22445,1427.0,133.0,train
1783,big_sample5_17,17492,22445,792.0,1106.0,train
1784,big_sample5_17,17492,22445,333.0,477.0,train
1785,big_sample5_17,17492,22445,1342.0,440.0,train
1786,big_sample5_17,17492,22445,737.0,317.0,val
1787,big_sample5_17,17492,22445,695.0,596.0,train
1788,big_sample5_17,17492,22445,868.0,1365.0,train
1789,big_sample5_17,17492,22445,966.0,1259.0,train
1790,big_sample5_17,17492,22445,147.0,162.0,train
1791,big_sample5_17,17492,22445,1454.0,885.0,train
1792,big_sample5_17,17492,22445,142.0,1883.0,train
1793,big_sample5_17,17492,22445,1788.0,1648.0,test
1794,big_sample5_17,17492,22445,1836.0,519.0,val
1795,big_sample5_17,17492,22445,1600.0,955.0,train
1796,big_sample5_17,17492,22445,840.0,135.0,train
1797,big_sample5_17,17492,22445,302.0,1353.0,train
1798,big_sample5_17,17492,22445,1631.0,1439.0,val
1799,big_sample5_17,17492,22445,757.0,1739.0,train
1800,big_sample5_17,1724,17343,189.0,1717.0,train
1801,big_sample5_17,1724,17343,877.0,1605.0,train
1802,big_sample5_17,1724,17343,1291.0,1038.0,val
1803,big_sample5_17,1724,17343,1332.0,1858.0,train
1804,big_sample5_17,1724,17343,429.0,846.0,train
1805,big_sample5_17,1724,17343,337.0,718.0,test
1806,big_sample5_17,1724,17343,1470.0,412.0,train
1807,big_sample5_17,1724,17343,313.0,137.0,test
1808,big_sample5_17,1724,17343,1570.0,836.0,train
1809,big_sample5_17,1724,17343,711.0,112.0,train
1810,big_sample5_17,1724,17343,337.0,541.0,train
1811,big_sample5_17,1724,17343,691.0,749.0,train
1812,big_sample5_17,1724,17343,1143.0,1559.0,val
1813,big_sample5_17,1724,17343,857.0,548.0,train
1814,big_sample5_17,1724,17343,344.0,1799.0,train
1815,big_sample5_17,1724,17343,1716.0,462.0,train
1816,big_sample5_17,1724,17343,662.0,357.0,test
1817,big_sample5_17,1724,17343,1384.0,391.0,train
1818,big_sample5_17,1724,17343,856.0,1223.0,val
1819,big_sample5_17,1724,17343,720.0,1127.0,train
1820,big_sample5_17,3026,19730,828.0,456.0,val
1821,big_sample5_17,3026,19730,1255.0,1877.0,train
1822,big_sample5_17,3026,19730,1812.0,1079.0,train
1823,big_sample5_17,3026,19730,869.0,1674.0,train
1824,big_sample5_17,3026,19730,239.0,810.0,train
1825,big_sample5_17,3026,19730,879.0,1307.0,train
1826,big_sample5_17,3026,19730,1070.0,1768.0,train
1827,big_sample5_17,3026,19730,146.0,1157.0,train
1828,big_sample5_17,3026,19730,625.0,266.0,val
1829,big_sample5_17,3026,19730,587.0,1097.0,train
1830,big_sample5_17,3026,19730,1614.0,360.0,train
1831,big_sample5_17,3026,19730,1507.0,1576.0,val
1832,big_sample5_17,3026,19730,1773.0,222.0,test
1833,big_sample5_17,3026,19730,733.0,1250.0,train
1834,big_sample5_17,3026,19730,1699.0,872.0,val
1835,big_sample5_17,3026,19730,311.0,1866.0,train
1836,big_sample5_17,3026,19730,345.0,1873.0,train
1837,big_sample5_17,3026,19730,1689.0,152.0,train
1838,big_sample5_17,3026,19730,495.0,723.0,train
1839,big_sample5_17,3026,19730,104.0,1267.0,train
1840,big_sample5_17,1055,17445,1383.0,912.0,train
1841,big_sample5_17,1055,17445,1690.0,572.0,train
1842,big_sample5_17,1055,17445,692.0,1692.0,val
1843,big_sample5_17,1055,17445,370.0,227.0,train
1844,big_sample5_17,1055,17445,994.0,295.0,train
1845,big_sample5_17,1055,17445,656.0,1519.0,train
1846,big_sample5_17,1055,17445,1534.0,746.0,train
1847,big_sample5_17,1055,17445,633.0,623.0,train
1848,big_sample5_17,1055,17445,161.0,635.0,train
1849,big_sample5_17,1055,17445,1887.0,184.0,train
1850,big_sample5_17,1055,17445,1071.0,401.0,train
1851,big_sample5_17,1055,17445,832.0,917.0,train
1852,big_sample5_17,1055,17445,450.0,340.0,train
1853,big_sample5_17,1055,17445,660.0,304.0,train
1854,big_sample5_17,1055,17445,419.0,917.0,train
1855,big_sample5_17,1055,17445,649.0,236.0,train
1856,big_sample5_17,1055,17445,900.0,1071.0,train
1857,big_sample5_17,1055,17445,979.0,1708.0,train
1858,big_sample5_17,1055,17445,718.0,1216.0,test
1859,big_sample5_17,1055,17445,1872.0,775.0,train
1860,big_sample5_17,9049,14994,853.0,1769.0,train
1861,big_sample5_17,9049,14994,1552.0,1770.0,test
1862,big_sample5_17,9049,14994,948.0,410.0,train
1863,big_sample5_17,9049,14994,1146.0,1103.0,train
1864,big_sample5_17,9049,14994,1635.0,1777.0,test
1865,big_sample5_17,9049,14994,985.0,191.0,train
1866,big_sample5_17,9049,14994,1173.0,1104.0,train
1867,big_sample5_17,9049,14994,1241.0,353.0,train
1868,big_sample5_17,9049,14994,164.0,1047.0,train
1869,big_sample5_17,9049,14994,1582.0,928.0,train
1870,big_sample5_17,9049,14994,1048.0,865.0,train
1871,big_sample5_17,9049,14994,1368.0,1434.0,val
1872,big_sample5_17,9049,14994,211.0,1334.0,train
1873,big_sample5_17,9049,14994,927.0,606.0,train
1874,big_sample5_17,9049,14994,620.0,256.0,train
1875,big_sample5_17,9049,14994,1859.0,1089.0,train
1876,big_sample5_17,9049,14994,1831.0,778.0,train
1877,big_sample5_17,9049,14994,1607.0,970.0,train
1878,big_sample5_17,9049,14994,309.0,383.0,train
1879,big_sample5_17,9049,14994,1383.0,662.0,train
1880,big_sample5_17,2217,15195,1725.0,1753.0,train
1881,big_sample5_17,2217,15195,179.0,461.0,test
1882,big_sample5_17,2217,15195,1007.0,1671.0,val
1883,big_sample5_17,2217,15195,927.0,1587.0,train
1884,big_sample5_17,2217,15195,1351.0,1664.0,train
1885,big_sample5_17,2217,15195,1306.0,1216.0,train
1886,big_sample5_17,2217,15195,489.0,685.0,train
1887,big_sample5_17,2217,15195,1708.0,106.0,train
1888,big_sample5_17,2217,15195,1824.0,1715.0,train
1889,big_sample5_17,2217,15195,1840.0,771.0,train
1890,big_sample5_17,2217,15195,811.0,1592.0,train
1891,big_sample5_17,2217,15195,1553.0,1072.0,test
1892,big_sample5_17,2217,15195,841.0,1361.0,train
1893,big_sample5_17,2217,15195,611.0,1449.0,train
1894,big_sample5_17,2217,15195,1542.0,1299.0,val
1895,big_sample5_17,2217,15195,1616.0,649.0,train
1896,big_sample5_17,2217,15195,1292.0,1846.0,train
1897,big_sample5_17,2217,15195,823.0,631.0,test
1898,big_sample5_17,2217,15195,869.0,163.0,val
1899,big_sample5_17,2217,15195,525.0,312.0,train
1900,big_sample5_17,7100,23472,1861.0,636.0,train
1901,big_sample5_17,7100,23472,649.0,1229.0,train
1902,big_sample5_17,7100,23472,1890.0,253.0,train
1903,big_sample5_17,7100,23472,1694.0,631.0,train
1904,big_sample5_17,7100,23472,171.0,1806.0,val
1905,big_sample5_17,7100,23472,1751.0,1193.0,test
1906,big_sample5_17,7100,23472,470.0,1347.0,train
1907,big_sample5_17,7100,23472,544.0,594.0,train
1908,big_sample5_17,7100,23472,1507.0,649.0,train
1909,big_sample5_17,7100,23472,1392.0,975.0,train
1910,big_sample5_17,7100,23472,1196.0,257.0,train
1911,big_sample5_17,7100,23472,868.0,583.0,train
1912,big_sample5_17,7100,23472,281.0,1828.0,train
1913,big_sample5_17,7100,23472,1814.0,1850.0,train
1914,big_sample5_17,7100,23472,304.0,173.0,train
1915,big_sample5_17,7100,23472,845.0,799.0,train
1916,big_sample5_17,7100,23472,1162.0,126.0,train
1917,big_sample5_17,7100,23472,1810.0,1772.0,train
1918,big_sample5_17,7100,23472,464.0,436.0,test
1919,big_sample5_17,7100,23472,1027.0,1067.0,train
1920,big_sample5_17,3354,13631,1525.0,956.0,train
1921,big_sample5_17,3354,13631,993.0,409.0,train
1922,big_sample5_17,3354,13631,998.0,1359.0,val
1923,big_sample5_17,3354,13631,1339.0,1473.0,train
1924,big_sample5_17,3354,13631,368.0,778.0,train
1925,big_sample5_17,3354,13631,106.0,828.0,train
1926,big_sample5_17,3354,13631,1688.0,697.0,train
1927,big_sample5_17,3354,13631,287.0,202.0,val
1928,big_sample5_17,3354,13631,382.0,464.0,train
1929,big_sample5_17,3354,13631,988.0,1502.0,train
1930,big_sample5_17,3354,13631,1745.0,1529.0,train
1931,big_sample5_17,3354,13631,836.0,491.0,test
1932,big_sample5_17,3354,13631,251.0,1309.0,train
1933,big_sample5_17,3354,13631,844.0,1340.0,train
1934,big_sample5_17,3354,13631,1510.0,1405.0,test
1935,big_sample5_17,3354,13631,178.0,1108.0,test
1936,big_sample5_17,3354,13631,1741.0,1099.0,train
1937,big_sample5_17,3354,13631,610.0,353.0,train
1938,big_sample5_17,3354,13631,241.0,415.0,train
1939,big_sample5_17,3354,13631,1603.0,1732.0,val
1940,big_sample5_17,16263,14091,1103.0,994.0,train
1941,big_sample5_17,16263,14091,275.0,184.0,train
1942,big_sample5_17,16263,14091,296.0,1375.0,train
1943,big_sample5_17,16263,14091,137.0,1537.0,test
1944,big_sample5_17,16263,14091,819.0,383.0,train
1945,big_sample5_17,16263,14091,1621.0,1360.0,train
1946,big_sample5_17,16263,14091,564.0,1188.0,train
1947,big_sample5_17,16263,14091,355.0,334.0,train
1948,big_sample5_17,16263,14091,450.0,842.0,test
1949,big_sample5_17,16263,14091,240.0,356.0,val
1950,big_sample5_17,16263,14091,1346.0,1246.0,train
1951,big_sample5_17,16263,14091,446.0,1610.0,train
1952,big_sample5_17,16263,14091,1782.0,964.0,train
1953,big_sample5_17,16263,14091,1111.0,1237.0,train
1954,big_sample5_17,16263,14091,1109.0,276.0,train
1955,big_sample5_17,16263,14091,1611.0,1899.0,train
1956,big_sample5_17,16263,14091,1476.0,1299.0,train
1957,big_sample5_17,16263,14091,940.0,642.0,train
1958,big_sample5_17,16263,14091,332.0,1148.0,train
1959,big_sample5_17,16263,14091,1787.0,797.0,train
1960,big_sample5_17,14837,20337,1324.0,952.0,train
1961,big_sample5_17,14837,20337,1321.0,1132.0,train
1962,big_sample5_17,14837,20337,1734.0,1160.0,train
1963,big_sample5_17,14837,20337,1460.0,674.0,train
1964,big_sample5_17,14837,20337,669.0,979.0,train
1965,big_sample5_17,14837,20337,861.0,1193.0,train
1966,big_sample5_17,14837,20337,1057.0,683.0,train
1967,big_sample5_17,14837,20337,1531.0,1300.0,train
1968,big_sample5_17,14837,20337,594.0,1793.0,val
1969,big_sample5_17,14837,20337,394.0,1177.0,train
1970,big_sample5_17,14837,20337,1064.0,1429.0,train
1971,big_sample5_17,14837,20337,1460.0,1825.0,train
1972,big_sample5_17,14837,20337,288.0,553.0,train
1973,big_sample5_17,14837,20337,414.0,218.0,train
1974,big_sample5_17,14837,20337,1741.0,1010.0,train
1975,big_sample5_17,14837,20337,1269.0,195.0,train
1976,big_sample5_17,14837,20337,241.0,542.0,test
1977,big_sample5_17,14837,20337,1781.0,852.0,train
1978,big_sample5_17,14837,20337,1005.0,1417.0,train
1979,big_sample5_17,14837,20337,711.0,984.0,train
1980,big_sample5_17,11471,20193,583.0,1188.0,train
1981,big_sample5_17,11471,20193,1434.0,1414.0,train
1982,big_sample5_17,11471,20193,822.0,897.0,train
1983,big_sample5_17,11471,20193,686.0,244.0,train
1984,big_sample5_17,11471,20193,1605.0,1821.0,test
1985,big_sample5_17,11471,20193,1106.0,933.0,train
1986,big_sample5_17,11471,20193,1606.0,1510.0,train
1987,big_sample5_17,11471,20193,713.0,399.0,train
1988,big_sample5_17,11471,20193,768.0,875.0,train
1989,big_sample5_17,11471,20193,886.0,378.0,train
1990,big_sample5_17,11471,20193,1729.0,517.0,train
1991,big_sample5_17,11471,20193,1750.0,1134.0,train
1992,big_sample5_17,11471,20193,335.0,1510.0,train
1993,big_sample5_17,11471,20193,942.0,1171.0,train
1994,big_sample5_17,11471,20193,1625.0,435.0,val
1995,big_sample5_17,11471,20193,1191.0,1064.0,val
1996,big_sample5_17,11471,20193,1381.0,1249.0,train
1997,big_sample5_17,11471,20193,1819.0,949.0,train
1998,big_sample5_17,11471,20193,1343.0,903.0,train
1999,big_sample5_17,11471,20193,1265.0,1140.0,train
2000,big_sample5_17,15695,14200,1452.0,213.0,val
2001,big_sample5_17,15695,14200,1877.0,635.0,train
2002,big_sample5_17,15695,14200,516.0,514.0,train
2003,big_sample5_17,15695,14200,1855.0,996.0,val
2004,big_sample5_17,15695,14200,438.0,1336.0,train
2005,big_sample5_17,15695,14200,1707.0,1409.0,train
2006,big_sample5_17,15695,14200,777.0,1084.0,test
2007,big_sample5_17,15695,14200,1735.0,1673.0,train
2008,big_sample5_17,15695,14200,441.0,1120.0,train
2009,big_sample5_17,15695,14200,807.0,1110.0,val
2010,big_sample5_17,15695,14200,469.0,1115.0,val
2011,big_sample5_17,15695,14200,737.0,354.0,train
2012,big_sample5_17,15695,14200,1858.0,1820.0,train
2013,big_sample5_17,15695,14200,940.0,862.0,train
2014,big_sample5_17,15695,14200,1771.0,694.0,train
2015,big_sample5_17,15695,14200,1792.0,1224.0,train
2016,big_sample5_17,15695,14200,1533.0,434.0,train
2017,big_sample5_17,15695,14200,515.0,400.0,test
2018,big_sample5_17,15695,14200,550.0,1115.0,train
2019,big_sample5_17,15695,14200,455.0,1136.0,train
2020,big_sample5_17,13253,24535,392.0,1405.0,val
2021,big_sample5_17,13253,24535,238.0,937.0,train
2022,big_sample5_17,13253,24535,1700.0,1608.0,train
2023,big_sample5_17,13253,24535,1850.0,680.0,train
2024,big_sample5_17,13253,24535,504.0,744.0,train
2025,big_sample5_17,13253,24535,1641.0,417.0,train
2026,big_sample5_17,13253,24535,1563.0,1047.0,test
2027,big_sample5_17,13253,24535,580.0,236.0,train
2028,big_sample5_17,13253,24535,1503.0,1029.0,train
2029,big_sample5_17,13253,24535,1346.0,1193.0,train
2030,big_sample5_17,13253,24535,348.0,1817.0,train
2031,big_sample5_17,13253,24535,512.0,1677.0,train
2032,big_sample5_17,13253,24535,1517.0,1725.0,train
2033,big_sample5_17,13253,24535,158.0,818.0,train
2034,big_sample5_17,13253,24535,1509.0,1440.0,train
2035,big_sample5_17,13253,24535,1032.0,825.0,train
2036,big_sample5_17,13253,24535,1629.0,1895.0,train
2037,big_sample5_17,13253,24535,1086.0,1778.0,train
2038,big_sample5_17,13253,24535,1613.0,1032.0,train
2039,big_sample5_17,13253,24535,1601.0,1102.0,train
2040,big_sample5_17,14608,17339,741.0,1163.0,train
2041,big_sample5_17,14608,17339,576.0,1212.0,train
2042,big_sample5_17,14608,17339,533.0,842.0,train
2043,big_sample5_17,14608,17339,960.0,1459.0,val
2044,big_sample5_17,14608,17339,659.0,340.0,train
2045,big_sample5_17,14608,17339,609.0,1697.0,train
2046,big_sample5_17,14608,17339,1892.0,1188.0,train
2047,big_sample5_17,14608,17339,1374.0,1879.0,train
2048,big_sample5_17,14608,17339,456.0,1870.0,train
2049,big_sample5_17,14608,17339,1146.0,929.0,train
2050,big_sample5_17,14608,17339,608.0,684.0,test
2051,big_sample5_17,14608,17339,401.0,1423.0,train
2052,big_sample5_17,14608,17339,1740.0,1798.0,train
2053,big_sample5_17,14608,17339,1313.0,1483.0,train
2054,big_sample5_17,14608,17339,1855.0,1382.0,train
2055,big_sample5_17,14608,17339,986.0,1557.0,val
2056,big_sample5_17,14608,17339,1210.0,1654.0,train
2057,big_sample5_17,14608,17339,1460.0,646.0,train
2058,big_sample5_17,14608,17339,141.0,247.0,train
2059,big_sample5_17,14608,17339,873.0,1155.0,val
2060,big_sample5_17,16391,22744,1474.0,1446.0,val
2061,big_sample5_17,16391,22744,751.0,442.0,train
2062,big_sample5_17,16391,22744,1168.0,650.0,train
2063,big_sample5_17,16391,22744,120.0,1549.0,train
2064,big_sample5_17,16391,22744,1564.0,123.0,train
2065,big_sample5_17,16391,22744,689.0,276.0,train
2066,big_sample5_17,16391,22744,878.0,472.0,val
2067,big_sample5_17,16391,22744,258.0,833.0,train
2068,big_sample5_17,16391,22744,1372.0,1705.0,train
2069,big_sample5_17,16391,22744,512.0,797.0,train
2070,big_sample5_17,16391,22744,593.0,1456.0,train
2071,big_sample5_17,16391,22744,533.0,708.0,val
2072,big_sample5_17,16391,22744,1728.0,1830.0,train
2073,big_sample5_17,16391,22744,920.0,1351.0,train
2074,big_sample5_17,16391,22744,1436.0,1160.0,train
2075,big_sample5_17,16391,22744,1807.0,935.0,train
2076,big_sample5_17,16391,22744,1862.0,1107.0,train
2077,big_sample5_17,16391,22744,915.0,1489.0,train
2078,big_sample5_17,16391,22744,1120.0,497.0,train
2079,big_sample5_17,16391,22744,1154.0,1399.0,train
2080,big_sample5_17,2317,23565,1102.0,1193.0,train
2081,big_sample5_17,2317,23565,1715.0,1415.0,train
2082,big_sample5_17,2317,23565,1583.0,1285.0,train
2083,big_sample5_17,2317,23565,157.0,315.0,train
2084,big_sample5_17,2317,23565,1044.0,289.0,train
2085,big_sample5_17,2317,23565,833.0,1138.0,train
2086,big_sample5_17,2317,23565,758.0,143.0,train
2087,big_sample5_17,2317,23565,1890.0,204.0,train
2088,big_sample5_17,2317,23565,565.0,427.0,train
2089,big_sample5_17,2317,23565,1796.0,1567.0,val
2090,big_sample5_17,2317,23565,1308.0,425.0,train
2091,big_sample5_17,2317,23565,974.0,861.0,train
2092,big_sample5_17,2317,23565,1396.0,1527.0,train
2093,big_sample5_17,2317,23565,375.0,825.0,val
2094,big_sample5_17,2317,23565,1117.0,820.0,train
2095,big_sample5_17,2317,23565,1494.0,594.0,train
2096,big_sample5_17,2317,23565,1871.0,859.0,train
2097,big_sample5_17,2317,23565,1556.0,1668.0,test
2098,big_sample5_17,2317,23565,1404.0,1778.0,train
2099,big_sample5_17,2317,23565,1785.0,1322.0,train
2100,big_sample5_17,10581,24397,946.0,1556.0,train
2101,big_sample5_17,10581,24397,238.0,1274.0,train
2102,big_sample5_17,10581,24397,1107.0,1260.0,train
2103,big_sample5_17,10581,24397,172.0,811.0,train
2104,big_sample5_17,10581,24397,1109.0,255.0,train
2105,big_sample5_17,10581,24397,1058.0,1001.0,test
2106,big_sample5_17,10581,24397,520.0,682.0,train
2107,big_sample5_17,10581,24397,977.0,1253.0,train
2108,big_sample5_17,10581,24397,1090.0,1700.0,train
2109,big_sample5_17,10581,24397,160.0,820.0,train
2110,big_sample5_17,10581,24397,1701.0,1759.0,train
2111,big_sample5_17,10581,24397,1011.0,947.0,train
2112,big_sample5_17,10581,24397,487.0,231.0,train
2113,big_sample5_17,10581,24397,736.0,1138.0,val
2114,big_sample5_17,10581,24397,622.0,204.0,train
2115,big_sample5_17,10581,24397,471.0,944.0,train
2116,big_sample5_17,10581,24397,749.0,1826.0,val
2117,big_sample5_17,10581,24397,1373.0,438.0,train
2118,big_sample5_17,10581,24397,423.0,1356.0,train
2119,big_sample5_17,10581,24397,1514.0,695.0,train
2120,big_sample5_17,3512,13534,814.0,1042.0,train
2121,big_sample5_17,3512,13534,1808.0,808.0,val
2122,big_sample5_17,3512,13534,1232.0,209.0,train
2123,big_sample5_17,3512,13534,1463.0,1806.0,train
2124,big_sample5_17,3512,13534,1656.0,1241.0,train
2125,big_sample5_17,3512,13534,1564.0,587.0,val
2126,big_sample5_17,3512,13534,1126.0,1651.0,train
2127,big_sample5_17,3512,13534,304.0,1168.0,train
2128,big_sample5_17,3512,13534,1333.0,383.0,train
2129,big_sample5_17,3512,13534,365.0,1270.0,train
2130,big_sample5_17,3512,13534,1346.0,1676.0,train
2131,big_sample5_17,3512,13534,1207.0,1453.0,train
2132,big_sample5_17,3512,13534,642.0,676.0,train
2133,big_sample5_17,3512,13534,1141.0,1646.0,test
2134,big_sample5_17,3512,13534,1218.0,866.0,train
2135,big_sample5_17,3512,13534,877.0,1478.0,train
2136,big_sample5_17,3512,13534,190.0,1563.0,train
2137,big_sample5_17,3512,13534,919.0,632.0,train
2138,big_sample5_17,3512,13534,532.0,162.0,train
2139,big_sample5_17,3512,13534,1533.0,1274.0,train
2140,big_sample5_17,10525,17970,250.0,1625.0,train
2141,big_sample5_17,10525,17970,1442.0,203.0,train
2142,big_sample5_17,10525,17970,605.0,1254.0,train
2143,big_sample5_17,10525,17970,472.0,1460.0,val
2144,big_sample5_17,10525,17970,1323.0,1054.0,test
2145,big_sample5_17,10525,17970,860.0,1295.0,test
2146,big_sample5_17,10525,17970,1162.0,1251.0,train
2147,big_sample5_17,10525,17970,932.0,278.0,val
2148,big_sample5_17,10525,17970,1695.0,347.0,train
2149,big_sample5_17,10525,17970,525.0,1788.0,train
2150,big_sample5_17,10525,17970,676.0,606.0,val
2151,big_sample5_17,10525,17970,1041.0,809.0,train
2152,big_sample5_17,10525,17970,844.0,463.0,train
2153,big_sample5_17,10525,17970,1507.0,963.0,train
2154,big_sample5_17,10525,17970,1193.0,1046.0,train
2155,big_sample5_17,10525,17970,548.0,645.0,train
2156,big_sample5_17,10525,17970,1870.0,1206.0,train
2157,big_sample5_17,10525,17970,1607.0,737.0,train
2158,big_sample5_17,10525,17970,1054.0,618.0,test
2159,big_sample5_17,10525,17970,1340.0,1457.0,train
2160,big_sample5_17,16644,13572,1780.0,1612.0,train
2161,big_sample5_17,16644,13572,458.0,1434.0,train
2162,big_sample5_17,16644,13572,596.0,323.0,test
2163,big_sample5_17,16644,13572,241.0,191.0,train
2164,big_sample5_17,16644,13572,1843.0,1351.0,train
2165,big_sample5_17,16644,13572,1016.0,1227.0,test
2166,big_sample5_17,16644,13572,1346.0,1441.0,train
2167,big_sample5_17,16644,13572,978.0,1624.0,train
2168,big_sample5_17,16644,13572,1649.0,478.0,train
2169,big_sample5_17,16644,13572,1006.0,145.0,train
2170,big_sample5_17,16644,13572,194.0,475.0,train
2171,big_sample5_17,16644,13572,603.0,376.0,train
2172,big_sample5_17,16644,13572,1792.0,744.0,train
2173,big_sample5_17,16644,13572,625.0,1661.0,train
2174,big_sample5_17,16644,13572,1053.0,1443.0,train
2175,big_sample5_17,16644,13572,444.0,1178.0,test
2176,big_sample5_17,16644,13572,1631.0,228.0,train
2177,big_sample5_17,16644,13572,284.0,1605.0,train
2178,big_sample5_17,16644,13572,1203.0,1305.0,test
2179,big_sample5_17,16644,13572,1643.0,528.0,train
2180,big_sample5_17,11197,17435,146.0,253.0,train
2181,big_sample5_17,11197,17435,624.0,1799.0,train
2182,big_sample5_17,11197,17435,943.0,200.0,train
2183,big_sample5_17,11197,17435,1465.0,533.0,test
2184,big_sample5_17,11197,17435,1248.0,1652.0,train
2185,big_sample5_17,11197,17435,1041.0,1428.0,train
2186,big_sample5_17,11197,17435,341.0,739.0,train
2187,big_sample5_17,11197,17435,608.0,640.0,train
2188,big_sample5_17,11197,17435,1271.0,1137.0,train
2189,big_sample5_17,11197,17435,1255.0,896.0,train
2190,big_sample5_17,11197,17435,1084.0,979.0,test
2191,big_sample5_17,11197,17435,1524.0,994.0,train
2192,big_sample5_17,11197,17435,668.0,770.0,train
2193,big_sample5_17,11197,17435,1048.0,700.0,val
2194,big_sample5_17,11197,17435,637.0,184.0,train
2195,big_sample5_17,11197,17435,1661.0,1585.0,test
2196,big_sample5_17,11197,17435,688.0,848.0,val
2197,big_sample5_17,11197,17435,1463.0,1374.0,train
2198,big_sample5_17,11197,17435,1581.0,289.0,train
2199,big_sample5_17,11197,17435,526.0,1357.0,train
2200,big_sample5_17,12314,19971,1780.0,1355.0,train
2201,big_sample5_17,12314,19971,1100.0,357.0,train
2202,big_sample5_17,12314,19971,172.0,1419.0,val
2203,big_sample5_17,12314,19971,1221.0,366.0,train
2204,big_sample5_17,12314,19971,1664.0,1232.0,test
2205,big_sample5_17,12314,19971,1697.0,1324.0,train
2206,big_sample5_17,12314,19971,1723.0,996.0,val
2207,big_sample5_17,12314,19971,927.0,1535.0,train
2208,big_sample5_17,12314,19971,449.0,855.0,train
2209,big_sample5_17,12314,19971,1532.0,1636.0,train
2210,big_sample5_17,12314,19971,1675.0,1557.0,train
2211,big_sample5_17,12314,19971,1800.0,1157.0,train
2212,big_sample5_17,12314,19971,1351.0,960.0,train
2213,big_sample5_17,12314,19971,1591.0,681.0,train
2214,big_sample5_17,12314,19971,273.0,1176.0,train
2215,big_sample5_17,12314,19971,407.0,169.0,train
2216,big_sample5_17,12314,19971,870.0,171.0,val
2217,big_sample5_17,12314,19971,681.0,1827.0,train
2218,big_sample5_17,12314,19971,424.0,1092.0,test
2219,big_sample5_17,12314,19971,752.0,869.0,train
2220,big_sample5_17,10405,14723,1786.0,956.0,train
2221,big_sample5_17,10405,14723,1332.0,796.0,train
2222,big_sample5_17,10405,14723,1306.0,834.0,val
2223,big_sample5_17,10405,14723,782.0,1223.0,train
2224,big_sample5_17,10405,14723,1009.0,1295.0,val
2225,big_sample5_17,10405,14723,479.0,990.0,train
2226,big_sample5_17,10405,14723,829.0,1008.0,train
2227,big_sample5_17,10405,14723,1464.0,651.0,test
2228,big_sample5_17,10405,14723,878.0,220.0,train
2229,big_sample5_17,10405,14723,334.0,750.0,test
2230,big_sample5_17,10405,14723,1788.0,1543.0,val
2231,big_sample5_17,10405,14723,923.0,1876.0,train
2232,big_sample5_17,10405,14723,463.0,708.0,train
2233,big_sample5_17,10405,14723,1875.0,332.0,val
2234,big_sample5_17,10405,14723,696.0,1887.0,train
2235,big_sample5_17,10405,14723,1477.0,1108.0,train
2236,big_sample5_17,10405,14723,395.0,1506.0,train
2237,big_sample5_17,10405,14723,1128.0,1527.0,train
2238,big_sample5_17,10405,14723,230.0,1509.0,train
2239,big_sample5_17,10405,14723,645.0,1131.0,train
2240,big_sample5_17,9287,21017,1250.0,551.0,train
2241,big_sample5_17,9287,21017,1876.0,1554.0,train
2242,big_sample5_17,9287,21017,358.0,1830.0,train
2243,big_sample5_17,9287,21017,1439.0,529.0,train
2244,big_sample5_17,9287,21017,1706.0,1507.0,val
2245,big_sample5_17,9287,21017,946.0,1288.0,train
2246,big_sample5_17,9287,21017,744.0,949.0,val
2247,big_sample5_17,9287,21017,577.0,1730.0,train
2248,big_sample5_17,9287,21017,709.0,1566.0,train
2249,big_sample5_17,9287,21017,198.0,372.0,train
2250,big_sample5_17,9287,21017,1161.0,1097.0,train
2251,big_sample5_17,9287,21017,1525.0,115.0,train
2252,big_sample5_17,9287,21017,948.0,492.0,train
2253,big_sample5_17,9287,21017,1489.0,748.0,train
2254,big_sample5_17,9287,21017,984.0,1895.0,train
2255,big_sample5_17,9287,21017,654.0,1249.0,train
2256,big_sample5_17,9287,21017,688.0,788.0,train
2257,big_sample5_17,9287,21017,1468.0,920.0,test
2258,big_sample5_17,9287,21017,1658.0,712.0,train
2259,big_sample5_17,9287,21017,1846.0,1192.0,train
2260,big_sample5_17,11502,20749,121.0,464.0,val
2261,big_sample5_17,11502,20749,1823.0,736.0,train
2262,big_sample5_17,11502,20749,1087.0,915.0,test
2263,big_sample5_17,11502,20749,666.0,458.0,train
2264,big_sample5_17,11502,20749,247.0,560.0,train
2265,big_sample5_17,11502,20749,1505.0,936.0,train
2266,big_sample5_17,11502,20749,652.0,1883.0,train
2267,big_sample5_17,11502,20749,1269.0,1558.0,train
2268,big_sample5_17,11502,20749,1496.0,545.0,train
2269,big_sample5_17,11502,20749,816.0,1425.0,train
2270,big_sample5_17,11502,20749,1330.0,545.0,train
2271,big_sample5_17,11502,20749,1188.0,1715.0,val
2272,big_sample5_17,11502,20749,454.0,813.0,train
2273,big_sample5_17,11502,20749,1479.0,1500.0,train
2274,big_sample5_17,11502,20749,1122.0,310.0,train
2275,big_sample5_17,11502,20749,1000.0,616.0,test
2276,big_sample5_17,11502,20749,626.0,1233.0,val
2277,big_sample5_17,11502,20749,194.0,1205.0,train
2278,big_sample5_17,11502,20749,1454.0,858.0,train
2279,big_sample5_17,11502,20749,1897.0,896.0,test
2280,big_sample5_17,16814,23383,447.0,1285.0,test
2281,big_sample5_17,16814,23383,1064.0,1824.0,train
2282,big_sample5_17,16814,23383,1101.0,1257.0,train
2283,big_sample5_17,16814,23383,1733.0,1091.0,train
2284,big_sample5_17,16814,23383,424.0,885.0,val
2285,big_sample5_17,16814,23383,1099.0,622.0,train
2286,big_sample5_17,16814,23383,1285.0,1386.0,test
2287,big_sample5_17,16814,23383,1387.0,684.0,test
2288,big_sample5_17,16814,23383,1285.0,933.0,train
2289,big_sample5_17,16814,23383,1622.0,1771.0,train
2290,big_sample5_17,16814,23383,123.0,493.0,test
2291,big_sample5_17,16814,23383,1300.0,1063.0,val
2292,big_sample5_17,16814,23383,767.0,652.0,train
2293,big_sample5_17,16814,23383,621.0,611.0,train
2294,big_sample5_17,16814,23383,1036.0,1373.0,train
2295,big_sample5_17,16814,23383,915.0,180.0,train
2296,big_sample5_17,16814,23383,571.0,572.0,train
2297,big_sample5_17,16814,23383,958.0,410.0,test
2298,big_sample5_17,16814,23383,912.0,176.0,train
2299,big_sample5_17,16814,23383,489.0,1014.0,train
2300,big_sample5_17,17463,20026,215.0,1149.0,train
2301,big_sample5_17,17463,20026,996.0,1569.0,train
2302,big_sample5_17,17463,20026,1516.0,547.0,train
2303,big_sample5_17,17463,20026,321.0,500.0,train
2304,big_sample5_17,17463,20026,148.0,674.0,train
2305,big_sample5_17,17463,20026,1188.0,392.0,val
2306,big_sample5_17,17463,20026,1065.0,832.0,train
2307,big_sample5_17,17463,20026,1471.0,787.0,train
2308,big_sample5_17,17463,20026,1787.0,1389.0,val
2309,big_sample5_17,17463,20026,1260.0,1635.0,train
2310,big_sample5_17,17463,20026,384.0,861.0,test
2311,big_sample5_17,17463,20026,843.0,1390.0,train
2312,big_sample5_17,17463,20026,638.0,1832.0,train
2313,big_sample5_17,17463,20026,375.0,401.0,val
2314,big_sample5_17,17463,20026,765.0,970.0,train
2315,big_sample5_17,17463,20026,277.0,1585.0,test
2316,big_sample5_17,17463,20026,1561.0,1386.0,train
2317,big_sample5_17,17463,20026,1087.0,1047.0,train
2318,big_sample5_17,17463,20026,1560.0,785.0,train
2319,big_sample5_17,17463,20026,524.0,564.0,val
2320,big_sample5_17,10317,14339,1725.0,167.0,train
2321,big_sample5_17,10317,14339,1503.0,1268.0,train
2322,big_sample5_17,10317,14339,323.0,211.0,train
2323,big_sample5_17,10317,14339,931.0,1631.0,train
2324,big_sample5_17,10317,14339,127.0,756.0,train
2325,big_sample5_17,10317,14339,751.0,1400.0,train
2326,big_sample5_17,10317,14339,1838.0,1284.0,train
2327,big_sample5_17,10317,14339,130.0,1723.0,train
2328,big_sample5_17,10317,14339,1087.0,515.0,train
2329,big_sample5_17,10317,14339,916.0,113.0,train
2330,big_sample5_17,10317,14339,925.0,269.0,train
2331,big_sample5_17,10317,14339,1267.0,688.0,train
2332,big_sample5_17,10317,14339,1344.0,1366.0,val
2333,big_sample5_17,10317,14339,149.0,719.0,test
2334,big_sample5_17,10317,14339,1352.0,1001.0,test
2335,big_sample5_17,10317,14339,986.0,1177.0,train
2336,big_sample5_17,10317,14339,172.0,1283.0,train
2337,big_sample5_17,10317,14339,1364.0,1846.0,train
2338,big_sample5_17,10317,14339,1245.0,447.0,test
2339,big_sample5_17,10317,14339,722.0,1181.0,train
2340,big_sample5_17,2567,15797,999.0,569.0,train
2341,big_sample5_17,2567,15797,438.0,1599.0,val
2342,big_sample5_17,2567,15797,255.0,1300.0,train
2343,big_sample5_17,2567,15797,584.0,948.0,val
2344,big_sample5_17,2567,15797,1520.0,800.0,train
2345,big_sample5_17,2567,15797,1544.0,1746.0,test
2346,big_sample5_17,2567,15797,1523.0,1768.0,train
2347,big_sample5_17,2567,15797,1269.0,1063.0,train
2348,big_sample5_17,2567,15797,1439.0,853.0,train
2349,big_sample5_17,2567,15797,1872.0,213.0,test
2350,big_sample5_17,2567,15797,991.0,181.0,train
2351,big_sample5_17,2567,15797,901.0,109.0,train
2352,big_sample5_17,2567,15797,248.0,1483.0,train
2353,big_sample5_17,2567,15797,846.0,1448.0,train
2354,big_sample5_17,2567,15797,683.0,786.0,train
2355,big_sample5_17,2567,15797,690.0,1658.0,train
2356,big_sample5_17,2567,15797,258.0,976.0,test
2357,big_sample5_17,2567,15797,363.0,1017.0,val
2358,big_sample5_17,2567,15797,1078.0,1588.0,test
2359,big_sample5_17,2567,15797,415.0,642.0,train
2360,big_sample5_17,10000,14753,1477.0,642.0,train
2361,big_sample5_17,10000,14753,1007.0,1194.0,train
2362,big_sample5_17,10000,14753,665.0,940.0,train
2363,big_sample5_17,10000,14753,1197.0,1706.0,val
2364,big_sample5_17,10000,14753,219.0,1439.0,train
2365,big_sample5_17,10000,14753,1471.0,1896.0,val
2366,big_sample5_17,10000,14753,907.0,1175.0,train
2367,big_sample5_17,10000,14753,1191.0,1435.0,train
2368,big_sample5_17,10000,14753,746.0,820.0,test
2369,big_sample5_17,10000,14753,1133.0,594.0,test
2370,big_sample5_17,10000,14753,1849.0,901.0,test
2371,big_sample5_17,10000,14753,1672.0,430.0,train
2372,big_sample5_17,10000,14753,470.0,1400.0,train
2373,big_sample5_17,10000,14753,560.0,894.0,train
2374,big_sample5_17,10000,14753,338.0,1412.0,train
2375,big_sample5_17,10000,14753,496.0,1142.0,train
2376,big_sample5_17,10000,14753,1596.0,709.0,train
2377,big_sample5_17,10000,14753,1173.0,1030.0,val
2378,big_sample5_17,10000,14753,1693.0,1535.0,test
2379,big_sample5_17,10000,14753,1587.0,308.0,val
2380,big_sample5_17,1790,19451,352.0,1729.0,train
2381,big_sample5_17,1790,19451,237.0,1133.0,train
2382,big_sample5_17,1790,19451,705.0,1469.0,train
2383,big_sample5_17,1790,19451,1424.0,109.0,train
2384,big_sample5_17,1790,19451,1875.0,529.0,test
2385,big_sample5_17,1790,19451,1732.0,579.0,train
2386,big_sample5_17,1790,19451,327.0,1064.0,train
2387,big_sample5_17,1790,19451,1436.0,627.0,train
2388,big_sample5_17,1790,19451,118.0,512.0,train
2389,big_sample5_17,1790,19451,1498.0,1114.0,train
2390,big_sample5_17,1790,19451,844.0,1402.0,test
2391,big_sample5_17,1790,19451,1056.0,849.0,val
2392,big_sample5_17,1790,19451,1667.0,1530.0,test
2393,big_sample5_17,1790,19451,1495.0,1123.0,train
2394,big_sample5_17,1790,19451,1725.0,491.0,train
2395,big_sample5_17,1790,19451,1332.0,1343.0,train
2396,big_sample5_17,1790,19451,1131.0,1309.0,train
2397,big_sample5_17,1790,19451,681.0,790.0,train
2398,big_sample5_17,1790,19451,1313.0,768.0,val
2399,big_sample5_17,1790,19451,1879.0,1670.0,val
2400,big_sample5_17,11683,14068,162.0,591.0,train
2401,big_sample5_17,11683,14068,463.0,1084.0,train
2402,big_sample5_17,11683,14068,955.0,836.0,train
2403,big_sample5_17,11683,14068,695.0,177.0,train
2404,big_sample5_17,11683,14068,171.0,1175.0,train
2405,big_sample5_17,11683,14068,463.0,996.0,train
2406,big_sample5_17,11683,14068,183.0,804.0,val
2407,big_sample5_17,11683,14068,1792.0,1636.0,train
2408,big_sample5_17,11683,14068,518.0,1032.0,train
2409,big_sample5_17,11683,14068,459.0,995.0,train
2410,big_sample5_17,11683,14068,423.0,1104.0,train
2411,big_sample5_17,11683,14068,264.0,1755.0,test
2412,big_sample5_17,11683,14068,1592.0,252.0,train
2413,big_sample5_17,11683,14068,1554.0,223.0,val
2414,big_sample5_17,11683,14068,1090.0,1055.0,train
2415,big_sample5_17,11683,14068,734.0,1637.0,train
2416,big_sample5_17,11683,14068,1176.0,1164.0,train
2417,big_sample5_17,11683,14068,1419.0,1668.0,train
2418,big_sample5_17,11683,14068,1035.0,731.0,train
2419,big_sample5_17,11683,14068,924.0,1367.0,test
2420,big_sample5_17,15726,22203,1205.0,1665.0,train
2421,big_sample5_17,15726,22203,1654.0,1687.0,train
2422,big_sample5_17,15726,22203,1280.0,1001.0,train
2423,big_sample5_17,15726,22203,129.0,1516.0,train
2424,big_sample5_17,15726,22203,586.0,1506.0,train
2425,big_sample5_17,15726,22203,1815.0,1578.0,train
2426,big_sample5_17,15726,22203,1511.0,861.0,train
2427,big_sample5_17,15726,22203,1673.0,1596.0,train
2428,big_sample5_17,15726,22203,383.0,1304.0,train
2429,big_sample5_17,15726,22203,1407.0,1489.0,train
2430,big_sample5_17,15726,22203,298.0,995.0,train
2431,big_sample5_17,15726,22203,370.0,1754.0,train
2432,big_sample5_17,15726,22203,925.0,1708.0,val
2433,big_sample5_17,15726,22203,892.0,346.0,train
2434,big_sample5_17,15726,22203,228.0,1426.0,val
2435,big_sample5_17,15726,22203,1763.0,336.0,train
2436,big_sample5_17,15726,22203,127.0,759.0,train
2437,big_sample5_17,15726,22203,735.0,1262.0,test
2438,big_sample5_17,15726,22203,150.0,861.0,train
2439,big_sample5_17,15726,22203,411.0,1581.0,train
2440,big_sample5_17,7612,13606,1511.0,653.0,train
2441,big_sample5_17,7612,13606,1248.0,845.0,train
2442,big_sample5_17,7612,13606,1732.0,1384.0,train
2443,big_sample5_17,7612,13606,1303.0,1206.0,train
2444,big_sample5_17,7612,13606,439.0,1847.0,train
2445,big_sample5_17,7612,13606,1409.0,411.0,train
2446,big_sample5_17,7612,13606,668.0,1526.0,train
2447,big_sample5_17,7612,13606,581.0,358.0,train
2448,big_sample5_17,7612,13606,101.0,1259.0,train
2449,big_sample5_17,7612,13606,944.0,954.0,train
2450,big_sample5_17,7612,13606,1509.0,192.0,train
2451,big_sample5_17,7612,13606,435.0,416.0,train
2452,big_sample5_17,7612,13606,1337.0,528.0,train
2453,big_sample5_17,7612,13606,808.0,137.0,train
2454,big_sample5_17,7612,13606,1525.0,1169.0,train
2455,big_sample5_17,7612,13606,368.0,930.0,train
2456,big_sample5_17,7612,13606,529.0,1049.0,train
2457,big_sample5_17,7612,13606,488.0,479.0,test
2458,big_sample5_17,7612,13606,1570.0,1016.0,train
2459,big_sample5_17,7612,13606,1481.0,685.0,train
2460,big_sample5_17,11661,23276,707.0,1894.0,train
2461,big_sample5_17,11661,23276,1089.0,1741.0,train
2462,big_sample5_17,11661,23276,669.0,1699.0,train
2463,big_sample5_17,11661,23276,533.0,861.0,train
2464,big_sample5_17,11661,23276,229.0,931.0,train
2465,big_sample5_17,11661,23276,1765.0,830.0,train
2466,big_sample5_17,11661,23276,1466.0,765.0,train
2467,big_sample5_17,11661,23276,1477.0,1530.0,train
2468,big_sample5_17,11661,23276,1355.0,1744.0,train
2469,big_sample5_17,11661,23276,784.0,1780.0,train
2470,big_sample5_17,11661,23276,1259.0,1602.0,train
2471,big_sample5_17,11661,23276,330.0,1023.0,train
2472,big_sample5_17,11661,23276,1615.0,862.0,train
2473,big_sample5_17,11661,23276,447.0,590.0,train
2474,big_sample5_17,11661,23276,1070.0,181.0,train
2475,big_sample5_17,11661,23276,954.0,1618.0,train
2476,big_sample5_17,11661,23276,1580.0,1797.0,val
2477,big_sample5_17,11661,23276,574.0,874.0,train
2478,big_sample5_17,11661,23276,343.0,1152.0,train
2479,big_sample5_17,11661,23276,333.0,114.0,val
2480,big_sample5_17,1733,15641,813.0,1138.0,val
2481,big_sample5_17,1733,15641,526.0,495.0,train
2482,big_sample5_17,1733,15641,1387.0,1080.0,train
2483,big_sample5_17,1733,15641,151.0,937.0,val
2484,big_sample5_17,1733,15641,535.0,520.0,train
2485,big_sample5_17,1733,15641,1742.0,429.0,test
2486,big_sample5_17,1733,15641,1161.0,1592.0,train
2487,big_sample5_17,1733,15641,1476.0,805.0,train
2488,big_sample5_17,1733,15641,1488.0,378.0,val
2489,big_sample5_17,1733,15641,110.0,1620.0,train
2490,big_sample5_17,1733,15641,1489.0,1215.0,val
2491,big_sample5_17,1733,15641,1415.0,1846.0,train
2492,big_sample5_17,1733,15641,931.0,853.0,train
2493,big_sample5_17,1733,15641,230.0,255.0,train
2494,big_sample5_17,1733,15641,851.0,643.0,train
2495,big_sample5_17,1733,15641,612.0,927.0,train
2496,big_sample5_17,1733,15641,1785.0,702.0,test
2497,big_sample5_17,1733,15641,1144.0,339.0,train
2498,big_sample5_17,1733,15641,518.0,833.0,train
2499,big_sample5_17,1733,15641,983.0,363.0,train
2500,big_sample5_17,13414,20684,1510.0,1469.0,train
2501,big_sample5_17,13414,20684,1706.0,1539.0,train
2502,big_sample5_17,13414,20684,544.0,1240.0,train
2503,big_sample5_17,13414,20684,219.0,112.0,test
2504,big_sample5_17,13414,20684,1146.0,1442.0,train
2505,big_sample5_17,13414,20684,1546.0,923.0,train
2506,big_sample5_17,13414,20684,1485.0,988.0,train
2507,big_sample5_17,13414,20684,1764.0,1176.0,train
2508,big_sample5_17,13414,20684,1253.0,467.0,train
2509,big_sample5_17,13414,20684,953.0,1316.0,train
2510,big_sample5_17,13414,20684,1536.0,1126.0,train
2511,big_sample5_17,13414,20684,912.0,957.0,train
2512,big_sample5_17,13414,20684,673.0,1836.0,train
2513,big_sample5_17,13414,20684,613.0,943.0,train
2514,big_sample5_17,13414,20684,1373.0,1892.0,train
2515,big_sample5_17,13414,20684,464.0,511.0,train
2516,big_sample5_17,13414,20684,1120.0,1886.0,train
2517,big_sample5_17,13414,20684,853.0,1518.0,train
2518,big_sample5_17,13414,20684,140.0,1452.0,train
2519,big_sample5_17,13414,20684,572.0,1142.0,val
2520,big_sample5_17,7989,18842,1002.0,185.0,train
2521,big_sample5_17,7989,18842,1391.0,208.0,train
2522,big_sample5_17,7989,18842,927.0,330.0,train
2523,big_sample5_17,7989,18842,1366.0,1468.0,train
2524,big_sample5_17,7989,18842,1135.0,213.0,train
2525,big_sample5_17,7989,18842,491.0,1202.0,train
2526,big_sample5_17,7989,18842,801.0,499.0,val
2527,big_sample5_17,7989,18842,1151.0,993.0,val
2528,big_sample5_17,7989,18842,110.0,1165.0,train
2529,big_sample5_17,7989,18842,1114.0,1702.0,test
2530,big_sample5_17,7989,18842,1074.0,1063.0,train
2531,big_sample5_17,7989,18842,1306.0,1859.0,train
2532,big_sample5_17,7989,18842,673.0,1897.0,train
2533,big_sample5_17,7989,18842,1309.0,1789.0,train
2534,big_sample5_17,7989,18842,1154.0,1650.0,train
2535,big_sample5_17,7989,18842,1767.0,1271.0,train
2536,big_sample5_17,7989,18842,924.0,750.0,val
2537,big_sample5_17,7989,18842,920.0,1885.0,test
2538,big_sample5_17,7989,18842,1345.0,1573.0,train
2539,big_sample5_17,7989,18842,928.0,1017.0,train
2540,big_sample5_17,402,14289,536.0,1564.0,train
2541,big_sample5_17,402,14289,484.0,983.0,train
2542,big_sample5_17,402,14289,639.0,1358.0,train
2543,big_sample5_17,402,14289,470.0,763.0,train
2544,big_sample5_17,402,14289,1334.0,1883.0,train
2545,big_sample5_17,402,14289,621.0,1451.0,train
2546,big_sample5_17,402,14289,641.0,1578.0,val
2547,big_sample5_17,402,14289,1375.0,199.0,train
2548,big_sample5_17,402,14289,361.0,1503.0,train
2549,big_sample5_17,402,14289,440.0,1431.0,train
2550,big_sample5_17,402,14289,1672.0,1139.0,train
2551,big_sample5_17,402,14289,823.0,630.0,train
2552,big_sample5_17,402,14289,835.0,865.0,test
2553,big_sample5_17,402,14289,1872.0,1812.0,train
2554,big_sample5_17,402,14289,1251.0,217.0,train
2555,big_sample5_17,402,14289,1782.0,573.0,train
2556,big_sample5_17,402,14289,1460.0,1767.0,train
2557,big_sample5_17,402,14289,1866.0,1065.0,train
2558,big_sample5_17,402,14289,1529.0,743.0,train
2559,big_sample5_17,402,14289,1188.0,498.0,val
2560,big_sample5_17,15179,21019,1408.0,339.0,train
2561,big_sample5_17,15179,21019,615.0,1324.0,val
2562,big_sample5_17,15179,21019,1373.0,1265.0,train
2563,big_sample5_17,15179,21019,123.0,1254.0,train
2564,big_sample5_17,15179,21019,235.0,1304.0,train
2565,big_sample5_17,15179,21019,874.0,1493.0,test
2566,big_sample5_17,15179,21019,449.0,1856.0,train
2567,big_sample5_17,15179,21019,470.0,594.0,train
2568,big_sample5_17,15179,21019,1797.0,685.0,train
2569,big_sample5_17,15179,21019,676.0,1310.0,train
2570,big_sample5_17,15179,21019,125.0,983.0,train
2571,big_sample5_17,15179,21019,1373.0,814.0,train
2572,big_sample5_17,15179,21019,162.0,911.0,train
2573,big_sample5_17,15179,21019,1263.0,1654.0,train
2574,big_sample5_17,15179,21019,809.0,1353.0,train
2575,big_sample5_17,15179,21019,1597.0,1245.0,val
2576,big_sample5_17,15179,21019,1434.0,863.0,train
2577,big_sample5_17,15179,21019,135.0,826.0,train
2578,big_sample5_17,15179,21019,1269.0,697.0,train
2579,big_sample5_17,15179,21019,562.0,1379.0,train
2580,big_sample5_17,15173,17214,1209.0,1333.0,test
2581,big_sample5_17,15173,17214,994.0,895.0,train
2582,big_sample5_17,15173,17214,635.0,1114.0,train
2583,big_sample5_17,15173,17214,1674.0,135.0,test
2584,big_sample5_17,15173,17214,1023.0,744.0,train
2585,big_sample5_17,15173,17214,679.0,460.0,train
2586,big_sample5_17,15173,17214,978.0,1889.0,train
2587,big_sample5_17,15173,17214,1712.0,144.0,train
2588,big_sample5_17,15173,17214,1545.0,172.0,train
2589,big_sample5_17,15173,17214,999.0,1305.0,train
2590,big_sample5_17,15173,17214,1282.0,454.0,train
2591,big_sample5_17,15173,17214,1370.0,234.0,train
2592,big_sample5_17,15173,17214,764.0,1850.0,train
2593,big_sample5_17,15173,17214,765.0,296.0,train
2594,big_sample5_17,15173,17214,560.0,1705.0,train
2595,big_sample5_17,15173,17214,169.0,1868.0,test
2596,big_sample5_17,15173,17214,1226.0,1713.0,val
2597,big_sample5_17,15173,17214,1800.0,261.0,test
2598,big_sample5_17,15173,17214,1502.0,240.0,train
2599,big_sample5_17,15173,17214,547.0,1622.0,test
2600,big_sample5_17,10168,17675,363.0,1635.0,train
2601,big_sample5_17,10168,17675,1614.0,967.0,train
2602,big_sample5_17,10168,17675,1392.0,900.0,train
2603,big_sample5_17,10168,17675,855.0,1366.0,val
2604,big_sample5_17,10168,17675,1094.0,473.0,train
2605,big_sample5_17,10168,17675,1865.0,380.0,train
2606,big_sample5_17,10168,17675,375.0,1526.0,train
2607,big_sample5_17,10168,17675,1008.0,1577.0,val
2608,big_sample5_17,10168,17675,150.0,311.0,train
2609,big_sample5_17,10168,17675,1679.0,849.0,train
2610,big_sample5_17,10168,17675,597.0,371.0,train
2611,big_sample5_17,10168,17675,363.0,1318.0,train
2612,big_sample5_17,10168,17675,939.0,1789.0,val
2613,big_sample5_17,10168,17675,904.0,457.0,train
2614,big_sample5_17,10168,17675,801.0,546.0,train
2615,big_sample5_17,10168,17675,739.0,1111.0,train
2616,big_sample5_17,10168,17675,1305.0,1899.0,train
2617,big_sample5_17,10168,17675,1111.0,709.0,train
2618,big_sample5_17,10168,17675,1028.0,1837.0,train
2619,big_sample5_17,10168,17675,485.0,444.0,train
2620,big_sample5_17,9047,17290,755.0,1502.0,train
2621,big_sample5_17,9047,17290,484.0,1431.0,train
2622,big_sample5_17,9047,17290,1684.0,1880.0,train
2623,big_sample5_17,9047,17290,321.0,911.0,train
2624,big_sample5_17,9047,17290,300.0,1403.0,train
2625,big_sample5_17,9047,17290,1168.0,1772.0,test
2626,big_sample5_17,9047,17290,1623.0,1179.0,val
2627,big_sample5_17,9047,17290,697.0,1785.0,train
2628,big_sample5_17,9047,17290,358.0,1360.0,test
2629,big_sample5_17,9047,17290,1447.0,1250.0,train
2630,big_sample5_17,9047,17290,1042.0,962.0,train
2631,big_sample5_17,9047,17290,1657.0,1850.0,train
2632,big_sample5_17,9047,17290,1510.0,149.0,train
2633,big_sample5_17,9047,17290,410.0,1025.0,train
2634,big_sample5_17,9047,17290,1394.0,625.0,train
2635,big_sample5_17,9047,17290,1037.0,1278.0,train
2636,big_sample5_17,9047,17290,1440.0,1332.0,train
2637,big_sample5_17,9047,17290,1249.0,420.0,val
2638,big_sample5_17,9047,17290,715.0,1182.0,test
2639,big_sample5_17,9047,17290,923.0,1533.0,train
2640,big_sample5_17,15297,16245,473.0,204.0,train
2641,big_sample5_17,15297,16245,691.0,398.0,train
2642,big_sample5_17,15297,16245,1884.0,1554.0,train
2643,big_sample5_17,15297,16245,1559.0,1097.0,train
2644,big_sample5_17,15297,16245,590.0,602.0,test
2645,big_sample5_17,15297,16245,216.0,1304.0,train
2646,big_sample5_17,15297,16245,990.0,335.0,train
2647,big_sample5_17,15297,16245,989.0,135.0,train
2648,big_sample5_17,15297,16245,541.0,399.0,train
2649,big_sample5_17,15297,16245,929.0,588.0,train
2650,big_sample5_17,15297,16245,520.0,331.0,train
2651,big_sample5_17,15297,16245,1833.0,1401.0,train
2652,big_sample5_17,15297,16245,898.0,1750.0,train
2653,big_sample5_17,15297,16245,1090.0,944.0,train
2654,big_sample5_17,15297,16245,397.0,611.0,train
2655,big_sample5_17,15297,16245,1027.0,657.0,train
2656,big_sample5_17,15297,16245,1078.0,283.0,train
2657,big_sample5_17,15297,16245,195.0,764.0,train
2658,big_sample5_17,15297,16245,1095.0,915.0,train
2659,big_sample5_17,15297,16245,1845.0,1494.0,val
2660,big_sample5_17,2835,22812,1666.0,1101.0,train
2661,big_sample5_17,2835,22812,1256.0,1874.0,train
2662,big_sample5_17,2835,22812,166.0,304.0,train
2663,big_sample5_17,2835,22812,1573.0,275.0,train
2664,big_sample5_17,2835,22812,1063.0,143.0,train
2665,big_sample5_17,2835,22812,1614.0,957.0,train
2666,big_sample5_17,2835,22812,105.0,256.0,train
2667,big_sample5_17,2835,22812,742.0,1254.0,train
2668,big_sample5_17,2835,22812,591.0,173.0,train
2669,big_sample5_17,2835,22812,1494.0,807.0,train
2670,big_sample5_17,2835,22812,1887.0,1534.0,train
2671,big_sample5_17,2835,22812,1070.0,513.0,train
2672,big_sample5_17,2835,22812,502.0,1661.0,train
2673,big_sample5_17,2835,22812,477.0,1859.0,train
2674,big_sample5_17,2835,22812,619.0,1153.0,train
2675,big_sample5_17,2835,22812,233.0,1754.0,test
2676,big_sample5_17,2835,22812,1661.0,310.0,test
2677,big_sample5_17,2835,22812,1036.0,204.0,train
2678,big_sample5_17,2835,22812,1218.0,133.0,train
2679,big_sample5_17,2835,22812,337.0,220.0,train
2680,big_sample5_17,13918,24271,1676.0,849.0,train
2681,big_sample5_17,13918,24271,1001.0,637.0,train
2682,big_sample5_17,13918,24271,1848.0,651.0,train
2683,big_sample5_17,13918,24271,515.0,1467.0,train
2684,big_sample5_17,13918,24271,1527.0,1025.0,train
2685,big_sample5_17,13918,24271,769.0,1144.0,train
2686,big_sample5_17,13918,24271,1572.0,191.0,train
2687,big_sample5_17,13918,24271,1405.0,1515.0,train
2688,big_sample5_17,13918,24271,1242.0,368.0,train
2689,big_sample5_17,13918,24271,961.0,454.0,val
2690,big_sample5_17,13918,24271,1717.0,1005.0,train
2691,big_sample5_17,13918,24271,884.0,499.0,train
2692,big_sample5_17,13918,24271,1311.0,804.0,train
2693,big_sample5_17,13918,24271,1344.0,1324.0,train
2694,big_sample5_17,13918,24271,102.0,1736.0,train
2695,big_sample5_17,13918,24271,1056.0,1849.0,train
2696,big_sample5_17,13918,24271,1158.0,717.0,train
2697,big_sample5_17,13918,24271,214.0,524.0,train
2698,big_sample5_17,13918,24271,1700.0,895.0,train
2699,big_sample5_17,13918,24271,1750.0,708.0,train
2700,big_sample5_17,13058,14542,604.0,115.0,train
2701,big_sample5_17,13058,14542,444.0,1750.0,train
2702,big_sample5_17,13058,14542,138.0,690.0,train
2703,big_sample5_17,13058,14542,1880.0,1643.0,test
2704,big_sample5_17,13058,14542,178.0,1101.0,train
2705,big_sample5_17,13058,14542,427.0,739.0,train
2706,big_sample5_17,13058,14542,1811.0,1580.0,train
2707,big_sample5_17,13058,14542,1735.0,957.0,train
2708,big_sample5_17,13058,14542,358.0,208.0,train
2709,big_sample5_17,13058,14542,1891.0,1678.0,train
2710,big_sample5_17,13058,14542,1769.0,845.0,train
2711,big_sample5_17,13058,14542,1710.0,1856.0,test
2712,big_sample5_17,13058,14542,1792.0,1742.0,train
2713,big_sample5_17,13058,14542,1377.0,694.0,train
2714,big_sample5_17,13058,14542,1526.0,1171.0,train
2715,big_sample5_17,13058,14542,1173.0,1654.0,train
2716,big_sample5_17,13058,14542,674.0,1318.0,test
2717,big_sample5_17,13058,14542,409.0,297.0,train
2718,big_sample5_17,13058,14542,740.0,1692.0,train
2719,big_sample5_17,13058,14542,176.0,906.0,train
2720,big_sample5_17,7698,15693,1449.0,1195.0,train
2721,big_sample5_17,7698,15693,1077.0,1416.0,val
2722,big_sample5_17,7698,15693,1073.0,1064.0,val
2723,big_sample5_17,7698,15693,619.0,464.0,test
2724,big_sample5_17,7698,15693,527.0,920.0,test
2725,big_sample5_17,7698,15693,195.0,916.0,train
2726,big_sample5_17,7698,15693,1080.0,1522.0,train
2727,big_sample5_17,7698,15693,1435.0,661.0,val
2728,big_sample5_17,7698,15693,1728.0,839.0,train
2729,big_sample5_17,7698,15693,537.0,1269.0,train
2730,big_sample5_17,7698,15693,993.0,1632.0,train
2731,big_sample5_17,7698,15693,1828.0,964.0,val
2732,big_sample5_17,7698,15693,463.0,1774.0,train
2733,big_sample5_17,7698,15693,637.0,1208.0,train
2734,big_sample5_17,7698,15693,322.0,1830.0,train
2735,big_sample5_17,7698,15693,1224.0,1493.0,train
2736,big_sample5_17,7698,15693,766.0,642.0,train
2737,big_sample5_17,7698,15693,1560.0,1233.0,train
2738,big_sample5_17,7698,15693,636.0,481.0,train
2739,big_sample5_17,7698,15693,1419.0,752.0,train
2740,big_sample5_17,16017,17724,1551.0,716.0,train
2741,big_sample5_17,16017,17724,397.0,1649.0,train
2742,big_sample5_17,16017,17724,743.0,393.0,train
2743,big_sample5_17,16017,17724,579.0,252.0,train
2744,big_sample5_17,16017,17724,1621.0,259.0,train
2745,big_sample5_17,16017,17724,786.0,730.0,train
2746,big_sample5_17,16017,17724,633.0,1375.0,train
2747,big_sample5_17,16017,17724,1346.0,1270.0,test
2748,big_sample5_17,16017,17724,183.0,697.0,val
2749,big_sample5_17,16017,17724,397.0,152.0,train
2750,big_sample5_17,16017,17724,331.0,393.0,test
2751,big_sample5_17,16017,17724,1737.0,1051.0,train
2752,big_sample5_17,16017,17724,1620.0,338.0,test
2753,big_sample5_17,16017,17724,580.0,1874.0,train
2754,big_sample5_17,16017,17724,106.0,596.0,train
2755,big_sample5_17,16017,17724,1402.0,1248.0,train
2756,big_sample5_17,16017,17724,952.0,1328.0,train
2757,big_sample5_17,16017,17724,1723.0,889.0,train
2758,big_sample5_17,16017,17724,241.0,1800.0,train
2759,big_sample5_17,16017,17724,1525.0,1147.0,train
2760,big_sample5_17,14952,23689,1329.0,1856.0,train
2761,big_sample5_17,14952,23689,590.0,1531.0,test
2762,big_sample5_17,14952,23689,999.0,1473.0,test
2763,big_sample5_17,14952,23689,854.0,768.0,val
2764,big_sample5_17,14952,23689,1784.0,278.0,train
2765,big_sample5_17,14952,23689,618.0,1274.0,train
2766,big_sample5_17,14952,23689,968.0,1639.0,val
2767,big_sample5_17,14952,23689,1854.0,1483.0,train
2768,big_sample5_17,14952,23689,1430.0,331.0,train
2769,big_sample5_17,14952,23689,612.0,1018.0,train
2770,big_sample5_17,14952,23689,795.0,1665.0,train
2771,big_sample5_17,14952,23689,1245.0,1777.0,train
2772,big_sample5_17,14952,23689,1421.0,1807.0,train
2773,big_sample5_17,14952,23689,577.0,809.0,train
2774,big_sample5_17,14952,23689,499.0,415.0,train
2775,big_sample5_17,14952,23689,1104.0,205.0,train
2776,big_sample5_17,14952,23689,1763.0,507.0,train
2777,big_sample5_17,14952,23689,1242.0,1797.0,train
2778,big_sample5_17,14952,23689,1839.0,1194.0,val
2779,big_sample5_17,14952,23689,1354.0,669.0,test
2780,big_sample5_17,3661,18730,1776.0,1384.0,train
2781,big_sample5_17,3661,18730,176.0,1539.0,train
2782,big_sample5_17,3661,18730,969.0,840.0,train
2783,big_sample5_17,3661,18730,1824.0,313.0,train
2784,big_sample5_17,3661,18730,1130.0,464.0,val
2785,big_sample5_17,3661,18730,311.0,479.0,train
2786,big_sample5_17,3661,18730,313.0,543.0,test
2787,big_sample5_17,3661,18730,991.0,1725.0,train
2788,big_sample5_17,3661,18730,1800.0,1779.0,train
2789,big_sample5_17,3661,18730,656.0,331.0,train
2790,big_sample5_17,3661,18730,959.0,1046.0,train
2791,big_sample5_17,3661,18730,161.0,1643.0,train
2792,big_sample5_17,3661,18730,1029.0,219.0,train
2793,big_sample5_17,3661,18730,299.0,1316.0,train
2794,big_sample5_17,3661,18730,365.0,1144.0,train
2795,big_sample5_17,3661,18730,1635.0,1369.0,train
2796,big_sample5_17,3661,18730,146.0,1339.0,train
2797,big_sample5_17,3661,18730,845.0,1301.0,test
2798,big_sample5_17,3661,18730,683.0,1530.0,test
2799,big_sample5_17,3661,18730,703.0,1495.0,train
2800,big_sample5_17,17294,24557,424.0,1496.0,train
2801,big_sample5_17,17294,24557,1134.0,390.0,train
2802,big_sample5_17,17294,24557,1476.0,663.0,val
2803,big_sample5_17,17294,24557,1094.0,1453.0,train
2804,big_sample5_17,17294,24557,1724.0,602.0,train
2805,big_sample5_17,17294,24557,214.0,1632.0,train
2806,big_sample5_17,17294,24557,285.0,1751.0,train
2807,big_sample5_17,17294,24557,1314.0,1451.0,train
2808,big_sample5_17,17294,24557,274.0,126.0,train
2809,big_sample5_17,17294,24557,957.0,1519.0,train
2810,big_sample5_17,17294,24557,1746.0,931.0,train
2811,big_sample5_17,17294,24557,1059.0,1796.0,train
2812,big_sample5_17,17294,24557,750.0,1080.0,train
2813,big_sample5_17,17294,24557,1820.0,1153.0,val
2814,big_sample5_17,17294,24557,604.0,406.0,train
2815,big_sample5_17,17294,24557,359.0,437.0,val
2816,big_sample5_17,17294,24557,993.0,1133.0,train
2817,big_sample5_17,17294,24557,542.0,544.0,test
2818,big_sample5_17,17294,24557,298.0,330.0,val
2819,big_sample5_17,17294,24557,1752.0,1636.0,train
2820,big_sample5_17,9207,13917,712.0,438.0,train
2821,big_sample5_17,9207,13917,1664.0,942.0,train
2822,big_sample5_17,9207,13917,1734.0,1280.0,train
2823,big_sample5_17,9207,13917,346.0,1833.0,train
2824,big_sample5_17,9207,13917,589.0,340.0,train
2825,big_sample5_17,9207,13917,468.0,1721.0,train
2826,big_sample5_17,9207,13917,1178.0,1750.0,val
2827,big_sample5_17,9207,13917,1332.0,1647.0,val
2828,big_sample5_17,9207,13917,1219.0,574.0,train
2829,big_sample5_17,9207,13917,1666.0,509.0,train
2830,big_sample5_17,9207,13917,1467.0,1311.0,train
2831,big_sample5_17,9207,13917,1090.0,1284.0,train
2832,big_sample5_17,9207,13917,110.0,1384.0,train
2833,big_sample5_17,9207,13917,283.0,826.0,val
2834,big_sample5_17,9207,13917,1264.0,1391.0,val
2835,big_sample5_17,9207,13917,529.0,669.0,train
2836,big_sample5_17,9207,13917,953.0,592.0,val
2837,big_sample5_17,9207,13917,477.0,1650.0,train
2838,big_sample5_17,9207,13917,1732.0,1190.0,val
2839,big_sample5_17,9207,13917,1628.0,975.0,test
2840,big_sample5_17,15546,23654,693.0,1506.0,train
2841,big_sample5_17,15546,23654,1547.0,1168.0,train
2842,big_sample5_17,15546,23654,437.0,112.0,train
2843,big_sample5_17,15546,23654,951.0,1445.0,train
2844,big_sample5_17,15546,23654,1163.0,456.0,train
2845,big_sample5_17,15546,23654,1270.0,1290.0,test
2846,big_sample5_17,15546,23654,1772.0,1001.0,train
2847,big_sample5_17,15546,23654,915.0,1314.0,train
2848,big_sample5_17,15546,23654,304.0,261.0,test
2849,big_sample5_17,15546,23654,357.0,1123.0,train
2850,big_sample5_17,15546,23654,580.0,1274.0,train
2851,big_sample5_17,15546,23654,190.0,1893.0,train
2852,big_sample5_17,15546,23654,1090.0,946.0,train
2853,big_sample5_17,15546,23654,660.0,1144.0,train
2854,big_sample5_17,15546,23654,844.0,1160.0,train
2855,big_sample5_17,15546,23654,411.0,330.0,train
2856,big_sample5_17,15546,23654,769.0,1822.0,train
2857,big_sample5_17,15546,23654,984.0,1864.0,train
2858,big_sample5_17,15546,23654,369.0,1477.0,train
2859,big_sample5_17,15546,23654,1071.0,440.0,train
2860,big_sample5_17,4813,20996,147.0,182.0,train
2861,big_sample5_17,4813,20996,990.0,1673.0,train
2862,big_sample5_17,4813,20996,1046.0,928.0,train
2863,big_sample5_17,4813,20996,1091.0,757.0,train
2864,big_sample5_17,4813,20996,789.0,297.0,train
2865,big_sample5_17,4813,20996,747.0,1073.0,test
2866,big_sample5_17,4813,20996,1539.0,635.0,train
2867,big_sample5_17,4813,20996,726.0,1354.0,train
2868,big_sample5_17,4813,20996,1113.0,898.0,train
2869,big_sample5_17,4813,20996,1102.0,127.0,val
2870,big_sample5_17,4813,20996,520.0,1082.0,test
2871,big_sample5_17,4813,20996,749.0,1139.0,train
2872,big_sample5_17,4813,20996,703.0,560.0,train
2873,big_sample5_17,4813,20996,362.0,1706.0,train
2874,big_sample5_17,4813,20996,1088.0,1597.0,train
2875,big_sample5_17,4813,20996,595.0,915.0,val
2876,big_sample5_17,4813,20996,1082.0,900.0,train
2877,big_sample5_17,4813,20996,814.0,757.0,train
2878,big_sample5_17,4813,20996,1255.0,798.0,train
2879,big_sample5_17,4813,20996,1367.0,1779.0,train
2880,big_sample5_17,11693,18604,845.0,604.0,train
2881,big_sample5_17,11693,18604,471.0,1858.0,train
2882,big_sample5_17,11693,18604,1347.0,449.0,train
2883,big_sample5_17,11693,18604,577.0,1003.0,train
2884,big_sample5_17,11693,18604,1481.0,643.0,train
2885,big_sample5_17,11693,18604,833.0,1231.0,train
2886,big_sample5_17,11693,18604,689.0,118.0,train
2887,big_sample5_17,11693,18604,465.0,1723.0,train
2888,big_sample5_17,11693,18604,1602.0,495.0,train
2889,big_sample5_17,11693,18604,1172.0,1463.0,train
2890,big_sample5_17,11693,18604,716.0,1891.0,train
2891,big_sample5_17,11693,18604,1132.0,1017.0,train
2892,big_sample5_17,11693,18604,206.0,134.0,train
2893,big_sample5_17,11693,18604,640.0,1778.0,val
2894,big_sample5_17,11693,18604,299.0,332.0,train
2895,big_sample5_17,11693,18604,832.0,872.0,train
2896,big_sample5_17,11693,18604,1418.0,1010.0,train
2897,big_sample5_17,11693,18604,930.0,1617.0,train
2898,big_sample5_17,11693,18604,782.0,1515.0,train
2899,big_sample5_17,11693,18604,1440.0,996.0,val
2900,big_sample5_17,6020,18233,253.0,1008.0,train
2901,big_sample5_17,6020,18233,674.0,1813.0,train
2902,big_sample5_17,6020,18233,769.0,1825.0,val
2903,big_sample5_17,6020,18233,1064.0,772.0,train
2904,big_sample5_17,6020,18233,563.0,1049.0,train
2905,big_sample5_17,6020,18233,1601.0,655.0,train
2906,big_sample5_17,6020,18233,338.0,1862.0,train
2907,big_sample5_17,6020,18233,1034.0,1555.0,train
2908,big_sample5_17,6020,18233,1411.0,801.0,train
2909,big_sample5_17,6020,18233,1381.0,1884.0,train
2910,big_sample5_17,6020,18233,257.0,802.0,train
2911,big_sample5_17,6020,18233,745.0,988.0,test
2912,big_sample5_17,6020,18233,229.0,1456.0,train
2913,big_sample5_17,6020,18233,473.0,859.0,train
2914,big_sample5_17,6020,18233,1794.0,1521.0,train
2915,big_sample5_17,6020,18233,617.0,1798.0,train
2916,big_sample5_17,6020,18233,1725.0,1143.0,train
2917,big_sample5_17,6020,18233,1740.0,1454.0,train
2918,big_sample5_17,6020,18233,1819.0,1686.0,train
2919,big_sample5_17,6020,18233,1755.0,1509.0,train
2920,big_sample5_17,415,18617,293.0,1812.0,train
2921,big_sample5_17,415,18617,311.0,849.0,train
2922,big_sample5_17,415,18617,1743.0,1758.0,train
2923,big_sample5_17,415,18617,1484.0,824.0,train
2924,big_sample5_17,415,18617,1174.0,461.0,train
2925,big_sample5_17,415,18617,1317.0,402.0,train
2926,big_sample5_17,415,18617,1550.0,133.0,train
2927,big_sample5_17,415,18617,1271.0,1502.0,train
2928,big_sample5_17,415,18617,1442.0,1763.0,train
2929,big_sample5_17,415,18617,1111.0,1376.0,train
2930,big_sample5_17,415,18617,1603.0,100.0,val
2931,big_sample5_17,415,18617,1782.0,1588.0,train
2932,big_sample5_17,415,18617,1039.0,1406.0,train
2933,big_sample5_17,415,18617,399.0,1395.0,train
2934,big_sample5_17,415,18617,413.0,1639.0,val
2935,big_sample5_17,415,18617,1319.0,484.0,train
2936,big_sample5_17,415,18617,1159.0,339.0,test
2937,big_sample5_17,415,18617,579.0,1182.0,test
2938,big_sample5_17,415,18617,488.0,351.0,train
2939,big_sample5_17,415,18617,1552.0,1048.0,test
2940,big_sample5_17,10202,16807,384.0,1217.0,train
2941,big_sample5_17,10202,16807,454.0,311.0,val
2942,big_sample5_17,10202,16807,1348.0,247.0,train
2943,big_sample5_17,10202,16807,1291.0,1267.0,test
2944,big_sample5_17,10202,16807,132.0,1627.0,test
2945,big_sample5_17,10202,16807,985.0,197.0,train
2946,big_sample5_17,10202,16807,1694.0,185.0,train
2947,big_sample5_17,10202,16807,1862.0,234.0,train
2948,big_sample5_17,10202,16807,305.0,383.0,train
2949,big_sample5_17,10202,16807,576.0,166.0,train
2950,big_sample5_17,10202,16807,1226.0,148.0,train
2951,big_sample5_17,10202,16807,996.0,1079.0,train
2952,big_sample5_17,10202,16807,854.0,1306.0,train
2953,big_sample5_17,10202,16807,1419.0,1476.0,train
2954,big_sample5_17,10202,16807,862.0,1145.0,train
2955,big_sample5_17,10202,16807,1771.0,226.0,train
2956,big_sample5_17,10202,16807,1422.0,404.0,train
2957,big_sample5_17,10202,16807,1454.0,691.0,train
2958,big_sample5_17,10202,16807,1854.0,686.0,train
2959,big_sample5_17,10202,16807,229.0,1132.0,test
2960,big_sample5_17,4355,13717,1255.0,487.0,train
2961,big_sample5_17,4355,13717,546.0,1428.0,train
2962,big_sample5_17,4355,13717,1728.0,432.0,train
2963,big_sample5_17,4355,13717,1801.0,1545.0,train
2964,big_sample5_17,4355,13717,1032.0,1473.0,train
2965,big_sample5_17,4355,13717,1168.0,1465.0,train
2966,big_sample5_17,4355,13717,1801.0,1103.0,train
2967,big_sample5_17,4355,13717,709.0,1178.0,train
2968,big_sample5_17,4355,13717,1358.0,807.0,val
2969,big_sample5_17,4355,13717,1450.0,1169.0,val
2970,big_sample5_17,4355,13717,1652.0,1397.0,train
2971,big_sample5_17,4355,13717,347.0,1016.0,train
2972,big_sample5_17,4355,13717,707.0,685.0,train
2973,big_sample5_17,4355,13717,1764.0,1755.0,train
2974,big_sample5_17,4355,13717,705.0,1502.0,train
2975,big_sample5_17,4355,13717,358.0,1044.0,train
2976,big_sample5_17,4355,13717,1232.0,1659.0,train
2977,big_sample5_17,4355,13717,1358.0,1132.0,test
2978,big_sample5_17,4355,13717,605.0,843.0,train
2979,big_sample5_17,4355,13717,813.0,830.0,val
2980,big_sample5_17,677,20230,542.0,1115.0,train
2981,big_sample5_17,677,20230,597.0,1627.0,test
2982,big_sample5_17,677,20230,772.0,174.0,train
2983,big_sample5_17,677,20230,1675.0,786.0,train
2984,big_sample5_17,677,20230,1044.0,1234.0,train
2985,big_sample5_17,677,20230,369.0,757.0,val
2986,big_sample5_17,677,20230,708.0,371.0,train
2987,big_sample5_17,677,20230,1175.0,238.0,test
2988,big_sample5_17,677,20230,1574.0,1226.0,val
2989,big_sample5_17,677,20230,646.0,245.0,train
2990,big_sample5_17,677,20230,238.0,1473.0,train
2991,big_sample5_17,677,20230,1450.0,855.0,train
2992,big_sample5_17,677,20230,1679.0,130.0,train
2993,big_sample5_17,677,20230,740.0,836.0,train
2994,big_sample5_17,677,20230,1437.0,1793.0,train
2995,big_sample5_17,677,20230,1368.0,1511.0,train
2996,big_sample5_17,677,20230,1614.0,1848.0,train
2997,big_sample5_17,677,20230,974.0,1809.0,train
2998,big_sample5_17,677,20230,1871.0,1357.0,train
2999,big_sample5_17,677,20230,113.0,1349.0,train
3000,big_sample5_17,7129,17660,1535.0,416.0,train
3001,big_sample5_17,7129,17660,1578.0,837.0,test
3002,big_sample5_17,7129,17660,382.0,1439.0,train
3003,big_sample5_17,7129,17660,1526.0,105.0,train
3004,big_sample5_17,7129,17660,790.0,588.0,test
3005,big_sample5_17,7129,17660,535.0,994.0,train
3006,big_sample5_17,7129,17660,833.0,1764.0,train
3007,big_sample5_17,7129,17660,122.0,378.0,train
3008,big_sample5_17,7129,17660,624.0,388.0,train
3009,big_sample5_17,7129,17660,1194.0,666.0,train
3010,big_sample5_17,7129,17660,103.0,761.0,train
3011,big_sample5_17,7129,17660,818.0,731.0,val
3012,big_sample5_17,7129,17660,969.0,1379.0,train
3013,big_sample5_17,7129,17660,1158.0,471.0,train
3014,big_sample5_17,7129,17660,239.0,1031.0,train
3015,big_sample5_17,7129,17660,1560.0,1332.0,train
3016,big_sample5_17,7129,17660,454.0,874.0,train
3017,big_sample5_17,7129,17660,1057.0,1488.0,train
3018,big_sample5_17,7129,17660,188.0,570.0,train
3019,big_sample5_17,7129,17660,1431.0,1482.0,train
3020,big_sample5_17,10363,14014,1016.0,1516.0,train
3021,big_sample5_17,10363,14014,1706.0,304.0,train
3022,big_sample5_17,10363,14014,885.0,1114.0,train
3023,big_sample5_17,10363,14014,124.0,1259.0,train
3024,big_sample5_17,10363,14014,328.0,469.0,val
3025,big_sample5_17,10363,14014,700.0,1826.0,train
3026,big_sample5_17,10363,14014,1273.0,1232.0,train
3027,big_sample5_17,10363,14014,1239.0,1014.0,train
3028,big_sample5_17,10363,14014,1898.0,1712.0,test
3029,big_sample5_17,10363,14014,981.0,1431.0,train
3030,big_sample5_17,10363,14014,1167.0,1567.0,val
3031,big_sample5_17,10363,14014,419.0,1092.0,train
3032,big_sample5_17,10363,14014,796.0,904.0,train
3033,big_sample5_17,10363,14014,1385.0,212.0,train
3034,big_sample5_17,10363,14014,1426.0,1891.0,train
3035,big_sample5_17,10363,14014,1264.0,1265.0,train
3036,big_sample5_17,10363,14014,1344.0,1743.0,train
3037,big_sample5_17,10363,14014,1347.0,304.0,train
3038,big_sample5_17,10363,14014,1259.0,1474.0,train
3039,big_sample5_17,10363,14014,952.0,1732.0,train
3040,big_sample5_17,1236,14038,1513.0,874.0,train
3041,big_sample5_17,1236,14038,665.0,1645.0,train
3042,big_sample5_17,1236,14038,1483.0,327.0,train
3043,big_sample5_17,1236,14038,1710.0,924.0,train
3044,big_sample5_17,1236,14038,866.0,617.0,train
3045,big_sample5_17,1236,14038,287.0,1295.0,val
3046,big_sample5_17,1236,14038,609.0,124.0,train
3047,big_sample5_17,1236,14038,1140.0,877.0,train
3048,big_sample5_17,1236,14038,341.0,1036.0,train
3049,big_sample5_17,1236,14038,848.0,1330.0,val
3050,big_sample5_17,1236,14038,1427.0,684.0,train
3051,big_sample5_17,1236,14038,1551.0,196.0,train
3052,big_sample5_17,1236,14038,1780.0,1884.0,train
3053,big_sample5_17,1236,14038,457.0,1298.0,train
3054,big_sample5_17,1236,14038,392.0,1303.0,train
3055,big_sample5_17,1236,14038,1287.0,1855.0,val
3056,big_sample5_17,1236,14038,185.0,920.0,train
3057,big_sample5_17,1236,14038,808.0,765.0,test
3058,big_sample5_17,1236,14038,877.0,1643.0,train
3059,big_sample5_17,1236,14038,344.0,1832.0,test
3060,big_sample5_17,10727,19876,100.0,1124.0,val
3061,big_sample5_17,10727,19876,818.0,182.0,val
3062,big_sample5_17,10727,19876,982.0,991.0,train
3063,big_sample5_17,10727,19876,787.0,123.0,train
3064,big_sample5_17,10727,19876,1842.0,557.0,train
3065,big_sample5_17,10727,19876,464.0,980.0,train
3066,big_sample5_17,10727,19876,1285.0,1137.0,train
3067,big_sample5_17,10727,19876,686.0,1094.0,train
3068,big_sample5_17,10727,19876,1169.0,1866.0,train
3069,big_sample5_17,10727,19876,381.0,1349.0,train
3070,big_sample5_17,10727,19876,1828.0,842.0,train
3071,big_sample5_17,10727,19876,294.0,537.0,train
3072,big_sample5_17,10727,19876,355.0,654.0,train
3073,big_sample5_17,10727,19876,315.0,662.0,train
3074,big_sample5_17,10727,19876,308.0,1605.0,train
3075,big_sample5_17,10727,19876,163.0,1825.0,train
3076,big_sample5_17,10727,19876,1560.0,1063.0,train
3077,big_sample5_17,10727,19876,712.0,1794.0,train
3078,big_sample5_17,10727,19876,1186.0,1625.0,train
3079,big_sample5_17,10727,19876,476.0,1350.0,train
3080,big_sample5_17,5781,16264,396.0,1180.0,train
3081,big_sample5_17,5781,16264,1194.0,802.0,val
3082,big_sample5_17,5781,16264,1026.0,1250.0,test
3083,big_sample5_17,5781,16264,881.0,1870.0,train
3084,big_sample5_17,5781,16264,144.0,281.0,val
3085,big_sample5_17,5781,16264,549.0,1570.0,train
3086,big_sample5_17,5781,16264,595.0,1435.0,train
3087,big_sample5_17,5781,16264,393.0,1883.0,train
3088,big_sample5_17,5781,16264,1014.0,613.0,train
3089,big_sample5_17,5781,16264,311.0,1701.0,train
3090,big_sample5_17,5781,16264,1009.0,475.0,train
3091,big_sample5_17,5781,16264,644.0,1708.0,train
3092,big_sample5_17,5781,16264,498.0,904.0,train
3093,big_sample5_17,5781,16264,552.0,1171.0,train
3094,big_sample5_17,5781,16264,881.0,929.0,train
3095,big_sample5_17,5781,16264,143.0,470.0,train
3096,big_sample5_17,5781,16264,217.0,494.0,train
3097,big_sample5_17,5781,16264,614.0,1004.0,train
3098,big_sample5_17,5781,16264,1845.0,1339.0,train
3099,big_sample5_17,5781,16264,1630.0,1192.0,train
3100,big_sample5_17,7347,13462,958.0,230.0,train
3101,big_sample5_17,7347,13462,887.0,828.0,train
3102,big_sample5_17,7347,13462,750.0,842.0,train
3103,big_sample5_17,7347,13462,1159.0,1705.0,train
3104,big_sample5_17,7347,13462,1689.0,1502.0,train
3105,big_sample5_17,7347,13462,790.0,1023.0,train
3106,big_sample5_17,7347,13462,427.0,1250.0,train
3107,big_sample5_17,7347,13462,731.0,1550.0,val
3108,big_sample5_17,7347,13462,1405.0,749.0,test
3109,big_sample5_17,7347,13462,1401.0,706.0,train
3110,big_sample5_17,7347,13462,712.0,1089.0,train
3111,big_sample5_17,7347,13462,1686.0,1520.0,train
3112,big_sample5_17,7347,13462,586.0,1720.0,test
3113,big_sample5_17,7347,13462,1324.0,1243.0,train
3114,big_sample5_17,7347,13462,1127.0,1680.0,train
3115,big_sample5_17,7347,13462,923.0,817.0,train
3116,big_sample5_17,7347,13462,842.0,1895.0,train
3117,big_sample5_17,7347,13462,1129.0,253.0,train
3118,big_sample5_17,7347,13462,1004.0,363.0,val
3119,big_sample5_17,7347,13462,1264.0,943.0,val
3120,big_sample5_17,14322,20702,1597.0,534.0,train
3121,big_sample5_17,14322,20702,675.0,1064.0,train
3122,big_sample5_17,14322,20702,1539.0,1266.0,train
3123,big_sample5_17,14322,20702,1836.0,1551.0,train
3124,big_sample5_17,14322,20702,1741.0,426.0,val
3125,big_sample5_17,14322,20702,800.0,1896.0,train
3126,big_sample5_17,14322,20702,1538.0,517.0,train
3127,big_sample5_17,14322,20702,521.0,1595.0,train
3128,big_sample5_17,14322,20702,978.0,1798.0,train
3129,big_sample5_17,14322,20702,1758.0,659.0,train
3130,big_sample5_17,14322,20702,1321.0,275.0,train
3131,big_sample5_17,14322,20702,263.0,1377.0,train
3132,big_sample5_17,14322,20702,982.0,1873.0,val
3133,big_sample5_17,14322,20702,1478.0,1251.0,train
3134,big_sample5_17,14322,20702,1208.0,1198.0,train
3135,big_sample5_17,14322,20702,878.0,806.0,train
3136,big_sample5_17,14322,20702,1800.0,802.0,train
3137,big_sample5_17,14322,20702,500.0,1287.0,train
3138,big_sample5_17,14322,20702,1700.0,580.0,train
3139,big_sample5_17,14322,20702,850.0,880.0,test
3140,big_sample5_17,5697,18274,700.0,1584.0,train
3141,big_sample5_17,5697,18274,1763.0,1215.0,train
3142,big_sample5_17,5697,18274,1623.0,480.0,train
3143,big_sample5_17,5697,18274,1244.0,1513.0,test
3144,big_sample5_17,5697,18274,1144.0,699.0,train
3145,big_sample5_17,5697,18274,1307.0,1238.0,train
3146,big_sample5_17,5697,18274,393.0,1753.0,test
3147,big_sample5_17,5697,18274,1729.0,208.0,train
3148,big_sample5_17,5697,18274,757.0,1345.0,train
3149,big_sample5_17,5697,18274,575.0,1571.0,train
3150,big_sample5_17,5697,18274,531.0,848.0,train
3151,big_sample5_17,5697,18274,132.0,532.0,train
3152,big_sample5_17,5697,18274,1810.0,1531.0,train
3153,big_sample5_17,5697,18274,521.0,1000.0,train
3154,big_sample5_17,5697,18274,1438.0,1238.0,train
3155,big_sample5_17,5697,18274,612.0,970.0,train
3156,big_sample5_17,5697,18274,985.0,1540.0,val
3157,big_sample5_17,5697,18274,1525.0,1449.0,train
3158,big_sample5_17,5697,18274,1503.0,1404.0,train
3159,big_sample5_17,5697,18274,452.0,1142.0,train
3160,big_sample5_17,11384,19923,1545.0,692.0,test
3161,big_sample5_17,11384,19923,452.0,1896.0,train
3162,big_sample5_17,11384,19923,617.0,823.0,train
3163,big_sample5_17,11384,19923,1880.0,622.0,test
3164,big_sample5_17,11384,19923,710.0,1539.0,train
3165,big_sample5_17,11384,19923,1394.0,1794.0,test
3166,big_sample5_17,11384,19923,1611.0,309.0,train
3167,big_sample5_17,11384,19923,1778.0,1271.0,train
3168,big_sample5_17,11384,19923,1362.0,1760.0,train
3169,big_sample5_17,11384,19923,1560.0,1590.0,train
3170,big_sample5_17,11384,19923,705.0,1454.0,train
3171,big_sample5_17,11384,19923,1210.0,1510.0,train
3172,big_sample5_17,11384,19923,492.0,496.0,train
3173,big_sample5_17,11384,19923,173.0,638.0,train
3174,big_sample5_17,11384,19923,1066.0,1695.0,train
3175,big_sample5_17,11384,19923,1568.0,998.0,train
3176,big_sample5_17,11384,19923,291.0,1126.0,train
3177,big_sample5_17,11384,19923,638.0,628.0,test
3178,big_sample5_17,11384,19923,1090.0,1057.0,train
3179,big_sample5_17,11384,19923,765.0,1256.0,train
3180,big_sample5_17,12057,16861,1485.0,1098.0,train
3181,big_sample5_17,12057,16861,515.0,1775.0,val
3182,big_sample5_17,12057,16861,112.0,1417.0,train
3183,big_sample5_17,12057,16861,870.0,376.0,train
3184,big_sample5_17,12057,16861,1261.0,1287.0,val
3185,big_sample5_17,12057,16861,1886.0,1494.0,val
3186,big_sample5_17,12057,16861,1345.0,1540.0,train
3187,big_sample5_17,12057,16861,1654.0,1171.0,train
3188,big_sample5_17,12057,16861,540.0,1707.0,train
3189,big_sample5_17,12057,16861,1471.0,411.0,train
3190,big_sample5_17,12057,16861,1030.0,748.0,train
3191,big_sample5_17,12057,16861,1673.0,1158.0,train
3192,big_sample5_17,12057,16861,117.0,1455.0,test
3193,big_sample5_17,12057,16861,1433.0,913.0,train
3194,big_sample5_17,12057,16861,531.0,546.0,test
3195,big_sample5_17,12057,16861,1797.0,1443.0,test
3196,big_sample5_17,12057,16861,1436.0,1683.0,train
3197,big_sample5_17,12057,16861,248.0,1200.0,train
3198,big_sample5_17,12057,16861,1538.0,1801.0,train
3199,big_sample5_17,12057,16861,1506.0,211.0,train
3200,big_sample5_17,4484,15323,1122.0,319.0,train
3201,big_sample5_17,4484,15323,1838.0,371.0,train
3202,big_sample5_17,4484,15323,1068.0,646.0,train
3203,big_sample5_17,4484,15323,283.0,667.0,train
3204,big_sample5_17,4484,15323,1165.0,1873.0,train
3205,big_sample5_17,4484,15323,1628.0,1829.0,train
3206,big_sample5_17,4484,15323,1014.0,1162.0,train
3207,big_sample5_17,4484,15323,682.0,1090.0,val
3208,big_sample5_17,4484,15323,102.0,1442.0,test
3209,big_sample5_17,4484,15323,697.0,169.0,train
3210,big_sample5_17,4484,15323,1365.0,1204.0,train
3211,big_sample5_17,4484,15323,1313.0,332.0,train
3212,big_sample5_17,4484,15323,324.0,1844.0,train
3213,big_sample5_17,4484,15323,1356.0,1426.0,train
3214,big_sample5_17,4484,15323,1782.0,1751.0,train
3215,big_sample5_17,4484,15323,443.0,1580.0,train
3216,big_sample5_17,4484,15323,620.0,1104.0,val
3217,big_sample5_17,4484,15323,1196.0,1188.0,train
3218,big_sample5_17,4484,15323,1843.0,1714.0,train
3219,big_sample5_17,4484,15323,1333.0,214.0,val
3220,big_sample5_17,15447,21724,1085.0,527.0,val
3221,big_sample5_17,15447,21724,876.0,593.0,train
3222,big_sample5_17,15447,21724,594.0,1286.0,train
3223,big_sample5_17,15447,21724,699.0,1797.0,train
3224,big_sample5_17,15447,21724,1470.0,139.0,train
3225,big_sample5_17,15447,21724,588.0,100.0,train
3226,big_sample5_17,15447,21724,701.0,1418.0,val
3227,big_sample5_17,15447,21724,351.0,1070.0,train
3228,big_sample5_17,15447,21724,1157.0,244.0,train
3229,big_sample5_17,15447,21724,1425.0,678.0,train
3230,big_sample5_17,15447,21724,1761.0,1161.0,test
3231,big_sample5_17,15447,21724,441.0,1469.0,train
3232,big_sample5_17,15447,21724,1143.0,1019.0,train
3233,big_sample5_17,15447,21724,1223.0,949.0,train
3234,big_sample5_17,15447,21724,1603.0,370.0,val
3235,big_sample5_17,15447,21724,1524.0,1891.0,val
3236,big_sample5_17,15447,21724,978.0,1547.0,train
3237,big_sample5_17,15447,21724,250.0,128.0,train
3238,big_sample5_17,15447,21724,1848.0,269.0,train
3239,big_sample5_17,15447,21724,1062.0,719.0,val
3240,big_sample5_17,5449,13419,104.0,1715.0,train
3241,big_sample5_17,5449,13419,1801.0,1547.0,test
3242,big_sample5_17,5449,13419,1278.0,604.0,test
3243,big_sample5_17,5449,13419,1598.0,1572.0,train
3244,big_sample5_17,5449,13419,1595.0,1553.0,val
3245,big_sample5_17,5449,13419,1314.0,1567.0,train
3246,big_sample5_17,5449,13419,1899.0,326.0,train
3247,big_sample5_17,5449,13419,953.0,182.0,train
3248,big_sample5_17,5449,13419,1568.0,1238.0,train
3249,big_sample5_17,5449,13419,1829.0,288.0,train
3250,big_sample5_17,5449,13419,1485.0,1340.0,train
3251,big_sample5_17,5449,13419,1429.0,1853.0,train
3252,big_sample5_17,5449,13419,750.0,153.0,train
3253,big_sample5_17,5449,13419,1063.0,288.0,train
3254,big_sample5_17,5449,13419,644.0,1891.0,train
3255,big_sample5_17,5449,13419,807.0,1402.0,train
3256,big_sample5_17,5449,13419,237.0,533.0,train
3257,big_sample5_17,5449,13419,1746.0,572.0,train
3258,big_sample5_17,5449,13419,1321.0,165.0,test
3259,big_sample5_17,5449,13419,1709.0,977.0,train
3260,big_sample5_17,5315,23360,489.0,1266.0,train
3261,big_sample5_17,5315,23360,1841.0,1882.0,train
3262,big_sample5_17,5315,23360,491.0,1859.0,train
3263,big_sample5_17,5315,23360,1738.0,1077.0,train
3264,big_sample5_17,5315,23360,261.0,793.0,train
3265,big_sample5_17,5315,23360,1339.0,1039.0,val
3266,big_sample5_17,5315,23360,1546.0,1585.0,train
3267,big_sample5_17,5315,23360,1878.0,690.0,train
3268,big_sample5_17,5315,23360,319.0,891.0,train
3269,big_sample5_17,5315,23360,561.0,1184.0,train
3270,big_sample5_17,5315,23360,638.0,1765.0,train
3271,big_sample5_17,5315,23360,282.0,1341.0,train
3272,big_sample5_17,5315,23360,1595.0,1310.0,train
3273,big_sample5_17,5315,23360,426.0,698.0,train
3274,big_sample5_17,5315,23360,1734.0,372.0,test
3275,big_sample5_17,5315,23360,1851.0,1350.0,train
3276,big_sample5_17,5315,23360,229.0,1232.0,train
3277,big_sample5_17,5315,23360,440.0,1818.0,train
3278,big_sample5_17,5315,23360,159.0,1580.0,train
3279,big_sample5_17,5315,23360,600.0,674.0,train
3280,big_sample5_17,17221,23924,1192.0,1188.0,train
3281,big_sample5_17,17221,23924,176.0,1171.0,test
3282,big_sample5_17,17221,23924,464.0,1397.0,test
3283,big_sample5_17,17221,23924,1239.0,1490.0,test
3284,big_sample5_17,17221,23924,1492.0,782.0,train
3285,big_sample5_17,17221,23924,757.0,343.0,train
3286,big_sample5_17,17221,23924,1589.0,1415.0,train
3287,big_sample5_17,17221,23924,812.0,371.0,train
3288,big_sample5_17,17221,23924,988.0,1589.0,train
3289,big_sample5_17,17221,23924,1537.0,1505.0,train
3290,big_sample5_17,17221,23924,915.0,334.0,train
3291,big_sample5_17,17221,23924,541.0,397.0,test
3292,big_sample5_17,17221,23924,950.0,498.0,train
3293,big_sample5_17,17221,23924,105.0,1243.0,train
3294,big_sample5_17,17221,23924,685.0,1435.0,train
3295,big_sample5_17,17221,23924,1560.0,1895.0,train
3296,big_sample5_17,17221,23924,140.0,849.0,train
3297,big_sample5_17,17221,23924,127.0,454.0,train
3298,big_sample5_17,17221,23924,1882.0,340.0,test
3299,big_sample5_17,17221,23924,1730.0,1728.0,test
3300,big_sample5_17,8154,14715,1835.0,579.0,train
3301,big_sample5_17,8154,14715,147.0,1656.0,test
3302,big_sample5_17,8154,14715,1005.0,254.0,test
3303,big_sample5_17,8154,14715,900.0,845.0,test
3304,big_sample5_17,8154,14715,1420.0,820.0,train
3305,big_sample5_17,8154,14715,491.0,824.0,train
3306,big_sample5_17,8154,14715,1697.0,1729.0,train
3307,big_sample5_17,8154,14715,598.0,693.0,train
3308,big_sample5_17,8154,14715,656.0,440.0,train
3309,big_sample5_17,8154,14715,1086.0,1767.0,train
3310,big_sample5_17,8154,14715,1365.0,1368.0,val
3311,big_sample5_17,8154,14715,1580.0,928.0,train
3312,big_sample5_17,8154,14715,723.0,1641.0,train
3313,big_sample5_17,8154,14715,373.0,181.0,train
3314,big_sample5_17,8154,14715,1525.0,751.0,train
3315,big_sample5_17,8154,14715,626.0,120.0,train
3316,big_sample5_17,8154,14715,1292.0,1745.0,train
3317,big_sample5_17,8154,14715,893.0,1266.0,train
3318,big_sample5_17,8154,14715,1746.0,273.0,train
3319,big_sample5_17,8154,14715,1530.0,791.0,train
3320,big_sample5_17,6356,18963,1738.0,1000.0,train
3321,big_sample5_17,6356,18963,1563.0,912.0,train
3322,big_sample5_17,6356,18963,1844.0,711.0,val
3323,big_sample5_17,6356,18963,1742.0,711.0,train
3324,big_sample5_17,6356,18963,463.0,361.0,train
3325,big_sample5_17,6356,18963,364.0,1249.0,train
3326,big_sample5_17,6356,18963,1677.0,830.0,train
3327,big_sample5_17,6356,18963,1785.0,334.0,train
3328,big_sample5_17,6356,18963,1891.0,686.0,train
3329,big_sample5_17,6356,18963,1306.0,1334.0,train
3330,big_sample5_17,6356,18963,828.0,458.0,train
3331,big_sample5_17,6356,18963,754.0,1894.0,train
3332,big_sample5_17,6356,18963,221.0,1100.0,train
3333,big_sample5_17,6356,18963,1513.0,193.0,train
3334,big_sample5_17,6356,18963,646.0,1273.0,train
3335,big_sample5_17,6356,18963,326.0,148.0,train
3336,big_sample5_17,6356,18963,1207.0,623.0,train
3337,big_sample5_17,6356,18963,1757.0,694.0,train
3338,big_sample5_17,6356,18963,259.0,317.0,test
3339,big_sample5_17,6356,18963,1862.0,250.0,val
3340,big_sample5_17,17373,22594,1869.0,749.0,train
3341,big_sample5_17,17373,22594,685.0,636.0,test
3342,big_sample5_17,17373,22594,1081.0,585.0,train
3343,big_sample5_17,17373,22594,927.0,1454.0,train
3344,big_sample5_17,17373,22594,764.0,1493.0,train
3345,big_sample5_17,17373,22594,1892.0,1025.0,train
3346,big_sample5_17,17373,22594,1041.0,758.0,train
3347,big_sample5_17,17373,22594,1493.0,1737.0,train
3348,big_sample5_17,17373,22594,1872.0,1350.0,val
3349,big_sample5_17,17373,22594,1704.0,807.0,train
3350,big_sample5_17,17373,22594,1193.0,1110.0,train
3351,big_sample5_17,17373,22594,678.0,150.0,test
3352,big_sample5_17,17373,22594,775.0,961.0,val
3353,big_sample5_17,17373,22594,302.0,214.0,train
3354,big_sample5_17,17373,22594,329.0,943.0,val
3355,big_sample5_17,17373,22594,1860.0,760.0,val
3356,big_sample5_17,17373,22594,219.0,198.0,test
3357,big_sample5_17,17373,22594,181.0,812.0,train
3358,big_sample5_17,17373,22594,343.0,1573.0,train
3359,big_sample5_17,17373,22594,713.0,1738.0,train
3360,big_sample5_17,6277,18114,592.0,1443.0,train
3361,big_sample5_17,6277,18114,689.0,125.0,train
3362,big_sample5_17,6277,18114,1354.0,1127.0,train
3363,big_sample5_17,6277,18114,328.0,475.0,train
3364,big_sample5_17,6277,18114,414.0,1886.0,train
3365,big_sample5_17,6277,18114,1849.0,1253.0,train
3366,big_sample5_17,6277,18114,1790.0,408.0,train
3367,big_sample5_17,6277,18114,534.0,320.0,test
3368,big_sample5_17,6277,18114,1249.0,1856.0,train
3369,big_sample5_17,6277,18114,211.0,1747.0,train
3370,big_sample5_17,6277,18114,909.0,968.0,train
3371,big_sample5_17,6277,18114,306.0,1427.0,train
3372,big_sample5_17,6277,18114,1719.0,1317.0,train
3373,big_sample5_17,6277,18114,1745.0,123.0,train
3374,big_sample5_17,6277,18114,972.0,1797.0,train
3375,big_sample5_17,6277,18114,1720.0,564.0,train
3376,big_sample5_17,6277,18114,1756.0,319.0,train
3377,big_sample5_17,6277,18114,717.0,1668.0,train
3378,big_sample5_17,6277,18114,1404.0,407.0,train
3379,big_sample5_17,6277,18114,1065.0,836.0,train
3380,big_sample5_17,7635,23958,1476.0,1596.0,train
3381,big_sample5_17,7635,23958,1466.0,1307.0,train
3382,big_sample5_17,7635,23958,882.0,550.0,val
3383,big_sample5_17,7635,23958,1201.0,435.0,train
3384,big_sample5_17,7635,23958,189.0,1296.0,train
3385,big_sample5_17,7635,23958,1366.0,422.0,train
3386,big_sample5_17,7635,23958,366.0,592.0,test
3387,big_sample5_17,7635,23958,1390.0,269.0,train
3388,big_sample5_17,7635,23958,724.0,849.0,train
3389,big_sample5_17,7635,23958,559.0,1164.0,val
3390,big_sample5_17,7635,23958,1331.0,1280.0,train
3391,big_sample5_17,7635,23958,124.0,1386.0,train
3392,big_sample5_17,7635,23958,915.0,283.0,train
3393,big_sample5_17,7635,23958,1352.0,677.0,test
3394,big_sample5_17,7635,23958,1321.0,447.0,train
3395,big_sample5_17,7635,23958,344.0,162.0,train
3396,big_sample5_17,7635,23958,1701.0,1824.0,test
3397,big_sample5_17,7635,23958,439.0,326.0,train
3398,big_sample5_17,7635,23958,743.0,810.0,test
3399,big_sample5_17,7635,23958,724.0,326.0,train
3400,big_sample5_17,7522,23604,1079.0,730.0,train
3401,big_sample5_17,7522,23604,1001.0,1051.0,test
3402,big_sample5_17,7522,23604,911.0,1310.0,train
3403,big_sample5_17,7522,23604,1339.0,239.0,val
3404,big_sample5_17,7522,23604,1175.0,487.0,test
3405,big_sample5_17,7522,23604,1236.0,763.0,train
3406,big_sample5_17,7522,23604,920.0,1834.0,test
3407,big_sample5_17,7522,23604,1324.0,876.0,train
3408,big_sample5_17,7522,23604,397.0,675.0,train
3409,big_sample5_17,7522,23604,489.0,526.0,test
3410,big_sample5_17,7522,23604,1009.0,432.0,test
3411,big_sample5_17,7522,23604,171.0,1407.0,train
3412,big_sample5_17,7522,23604,1837.0,1741.0,val
3413,big_sample5_17,7522,23604,565.0,256.0,train
3414,big_sample5_17,7522,23604,903.0,1089.0,train
3415,big_sample5_17,7522,23604,1791.0,844.0,train
3416,big_sample5_17,7522,23604,394.0,1433.0,test
3417,big_sample5_17,7522,23604,1112.0,1703.0,train
3418,big_sample5_17,7522,23604,1870.0,449.0,train
3419,big_sample5_17,7522,23604,1781.0,315.0,train
3420,big_sample5_17,3118,15110,422.0,352.0,train
3421,big_sample5_17,3118,15110,522.0,390.0,test
3422,big_sample5_17,3118,15110,1473.0,460.0,train
3423,big_sample5_17,3118,15110,853.0,1683.0,train
3424,big_sample5_17,3118,15110,626.0,717.0,train
3425,big_sample5_17,3118,15110,1797.0,157.0,train
3426,big_sample5_17,3118,15110,192.0,1722.0,test
3427,big_sample5_17,3118,15110,1457.0,1091.0,train
3428,big_sample5_17,3118,15110,1518.0,843.0,train
3429,big_sample5_17,3118,15110,808.0,291.0,test
3430,big_sample5_17,3118,15110,551.0,1060.0,train
3431,big_sample5_17,3118,15110,589.0,948.0,train
3432,big_sample5_17,3118,15110,940.0,245.0,train
3433,big_sample5_17,3118,15110,1801.0,271.0,train
3434,big_sample5_17,3118,15110,1341.0,1752.0,train
3435,big_sample5_17,3118,15110,809.0,578.0,train
3436,big_sample5_17,3118,15110,1025.0,1246.0,train
3437,big_sample5_17,3118,15110,1330.0,605.0,train
3438,big_sample5_17,3118,15110,981.0,1868.0,train
3439,big_sample5_17,3118,15110,1023.0,1484.0,train
3440,big_sample5_17,13321,18092,1299.0,816.0,train
3441,big_sample5_17,13321,18092,294.0,715.0,train
3442,big_sample5_17,13321,18092,1421.0,579.0,train
3443,big_sample5_17,13321,18092,646.0,808.0,train
3444,big_sample5_17,13321,18092,925.0,1518.0,test
3445,big_sample5_17,13321,18092,1006.0,1801.0,train
3446,big_sample5_17,13321,18092,1322.0,1765.0,train
3447,big_sample5_17,13321,18092,1016.0,233.0,test
3448,big_sample5_17,13321,18092,1155.0,405.0,train
3449,big_sample5_17,13321,18092,1344.0,1013.0,train
3450,big_sample5_17,13321,18092,999.0,1763.0,val
3451,big_sample5_17,13321,18092,1151.0,696.0,train
3452,big_sample5_17,13321,18092,498.0,1491.0,train
3453,big_sample5_17,13321,18092,1627.0,1648.0,train
3454,big_sample5_17,13321,18092,135.0,1823.0,test
3455,big_sample5_17,13321,18092,536.0,1386.0,train
3456,big_sample5_17,13321,18092,1350.0,1032.0,test
3457,big_sample5_17,13321,18092,1377.0,1334.0,train
3458,big_sample5_17,13321,18092,302.0,973.0,train
3459,big_sample5_17,13321,18092,339.0,1591.0,train
3460,big_sample5_17,14014,18675,1616.0,973.0,test
3461,big_sample5_17,14014,18675,986.0,732.0,test
3462,big_sample5_17,14014,18675,626.0,825.0,train
3463,big_sample5_17,14014,18675,870.0,364.0,train
3464,big_sample5_17,14014,18675,1000.0,1406.0,train
3465,big_sample5_17,14014,18675,1565.0,1716.0,train
3466,big_sample5_17,14014,18675,563.0,385.0,train
3467,big_sample5_17,14014,18675,211.0,1105.0,train
3468,big_sample5_17,14014,18675,669.0,1808.0,train
3469,big_sample5_17,14014,18675,1451.0,1550.0,train
3470,big_sample5_17,14014,18675,1307.0,954.0,train
3471,big_sample5_17,14014,18675,790.0,1123.0,train
3472,big_sample5_17,14014,18675,337.0,1479.0,train
3473,big_sample5_17,14014,18675,572.0,515.0,train
3474,big_sample5_17,14014,18675,926.0,553.0,test
3475,big_sample5_17,14014,18675,1582.0,1370.0,train
3476,big_sample5_17,14014,18675,1342.0,1148.0,train
3477,big_sample5_17,14014,18675,969.0,469.0,train
3478,big_sample5_17,14014,18675,156.0,1133.0,val
3479,big_sample5_17,14014,18675,1825.0,941.0,train
3480,big_sample5_17,3101,14347,1767.0,1695.0,val
3481,big_sample5_17,3101,14347,1540.0,700.0,train
3482,big_sample5_17,3101,14347,113.0,436.0,train
3483,big_sample5_17,3101,14347,914.0,1523.0,train
3484,big_sample5_17,3101,14347,914.0,1237.0,train
3485,big_sample5_17,3101,14347,142.0,1888.0,test
3486,big_sample5_17,3101,14347,962.0,856.0,train
3487,big_sample5_17,3101,14347,129.0,1373.0,train
3488,big_sample5_17,3101,14347,732.0,770.0,train
3489,big_sample5_17,3101,14347,446.0,149.0,test
3490,big_sample5_17,3101,14347,1325.0,1140.0,test
3491,big_sample5_17,3101,14347,809.0,460.0,train
3492,big_sample5_17,3101,14347,766.0,1811.0,train
3493,big_sample5_17,3101,14347,962.0,1116.0,train
3494,big_sample5_17,3101,14347,631.0,281.0,train
3495,big_sample5_17,3101,14347,1743.0,1850.0,train
3496,big_sample5_17,3101,14347,123.0,865.0,train
3497,big_sample5_17,3101,14347,1410.0,1867.0,train
3498,big_sample5_17,3101,14347,720.0,1453.0,train
3499,big_sample5_17,3101,14347,857.0,1760.0,test
3500,big_sample5_17,5743,20202,1664.0,623.0,test
3501,big_sample5_17,5743,20202,901.0,148.0,train
3502,big_sample5_17,5743,20202,1381.0,240.0,train
3503,big_sample5_17,5743,20202,271.0,858.0,train
3504,big_sample5_17,5743,20202,1703.0,318.0,test
3505,big_sample5_17,5743,20202,1708.0,776.0,train
3506,big_sample5_17,5743,20202,1023.0,1397.0,train
3507,big_sample5_17,5743,20202,1278.0,386.0,train
3508,big_sample5_17,5743,20202,1457.0,1504.0,train
3509,big_sample5_17,5743,20202,1753.0,1347.0,train
3510,big_sample5_17,5743,20202,1487.0,1577.0,train
3511,big_sample5_17,5743,20202,1701.0,1218.0,train
3512,big_sample5_17,5743,20202,1113.0,1226.0,train
3513,big_sample5_17,5743,20202,1868.0,452.0,train
3514,big_sample5_17,5743,20202,1608.0,1102.0,train
3515,big_sample5_17,5743,20202,992.0,535.0,train
3516,big_sample5_17,5743,20202,1837.0,1526.0,train
3517,big_sample5_17,5743,20202,440.0,460.0,train
3518,big_sample5_17,5743,20202,786.0,1494.0,train
3519,big_sample5_17,5743,20202,319.0,1288.0,val
3520,big_sample5_17,11202,13545,577.0,883.0,train
3521,big_sample5_17,11202,13545,525.0,1214.0,train
3522,big_sample5_17,11202,13545,148.0,1530.0,train
3523,big_sample5_17,11202,13545,1817.0,703.0,train
3524,big_sample5_17,11202,13545,484.0,823.0,train
3525,big_sample5_17,11202,13545,1699.0,1775.0,train
3526,big_sample5_17,11202,13545,633.0,1420.0,train
3527,big_sample5_17,11202,13545,1787.0,1601.0,train
3528,big_sample5_17,11202,13545,1643.0,1401.0,train
3529,big_sample5_17,11202,13545,1445.0,216.0,val
3530,big_sample5_17,11202,13545,803.0,1731.0,train
3531,big_sample5_17,11202,13545,1184.0,1667.0,train
3532,big_sample5_17,11202,13545,968.0,774.0,train
3533,big_sample5_17,11202,13545,472.0,971.0,test
3534,big_sample5_17,11202,13545,103.0,223.0,val
3535,big_sample5_17,11202,13545,866.0,561.0,val
3536,big_sample5_17,11202,13545,269.0,146.0,train
3537,big_sample5_17,11202,13545,254.0,365.0,train
3538,big_sample5_17,11202,13545,496.0,1880.0,train
3539,big_sample5_17,11202,13545,1053.0,1537.0,val
3540,big_sample5_17,476,15813,1875.0,1452.0,train
3541,big_sample5_17,476,15813,978.0,696.0,train
3542,big_sample5_17,476,15813,384.0,957.0,train
3543,big_sample5_17,476,15813,649.0,653.0,train
3544,big_sample5_17,476,15813,648.0,1421.0,train
3545,big_sample5_17,476,15813,637.0,1167.0,train
3546,big_sample5_17,476,15813,474.0,1670.0,train
3547,big_sample5_17,476,15813,1445.0,1250.0,train
3548,big_sample5_17,476,15813,397.0,1590.0,train
3549,big_sample5_17,476,15813,1010.0,263.0,train
3550,big_sample5_17,476,15813,863.0,1257.0,train
3551,big_sample5_17,476,15813,1578.0,1775.0,train
3552,big_sample5_17,476,15813,726.0,325.0,train
3553,big_sample5_17,476,15813,1263.0,1047.0,val
3554,big_sample5_17,476,15813,1222.0,765.0,train
3555,big_sample5_17,476,15813,257.0,1363.0,train
3556,big_sample5_17,476,15813,218.0,1608.0,train
3557,big_sample5_17,476,15813,1601.0,648.0,train
3558,big_sample5_17,476,15813,1841.0,1666.0,test
3559,big_sample5_17,476,15813,1814.0,920.0,test
3560,big_sample5_17,6017,24278,1123.0,866.0,train
3561,big_sample5_17,6017,24278,569.0,917.0,train
3562,big_sample5_17,6017,24278,700.0,839.0,train
3563,big_sample5_17,6017,24278,745.0,1346.0,train
3564,big_sample5_17,6017,24278,1535.0,1153.0,train
3565,big_sample5_17,6017,24278,1067.0,1743.0,train
3566,big_sample5_17,6017,24278,381.0,143.0,train
3567,big_sample5_17,6017,24278,398.0,1447.0,train
3568,big_sample5_17,6017,24278,635.0,1190.0,train
3569,big_sample5_17,6017,24278,905.0,1344.0,train
3570,big_sample5_17,6017,24278,1628.0,370.0,val
3571,big_sample5_17,6017,24278,1142.0,446.0,train
3572,big_sample5_17,6017,24278,1518.0,1671.0,train
3573,big_sample5_17,6017,24278,1028.0,1275.0,train
3574,big_sample5_17,6017,24278,916.0,1318.0,train
3575,big_sample5_17,6017,24278,696.0,434.0,test
3576,big_sample5_17,6017,24278,1823.0,891.0,train
3577,big_sample5_17,6017,24278,784.0,882.0,train
3578,big_sample5_17,6017,24278,1663.0,1088.0,train
3579,big_sample5_17,6017,24278,1264.0,273.0,train
3580,big_sample5_17,17361,22770,111.0,396.0,train
3581,big_sample5_17,17361,22770,636.0,1514.0,train
3582,big_sample5_17,17361,22770,1363.0,442.0,train
3583,big_sample5_17,17361,22770,1151.0,1780.0,train
3584,big_sample5_17,17361,22770,428.0,944.0,train
3585,big_sample5_17,17361,22770,1008.0,1823.0,train
3586,big_sample5_17,17361,22770,744.0,669.0,val
3587,big_sample5_17,17361,22770,1103.0,1313.0,train
3588,big_sample5_17,17361,22770,1224.0,220.0,train
3589,big_sample5_17,17361,22770,879.0,1675.0,train
3590,big_sample5_17,17361,22770,819.0,1001.0,test
3591,big_sample5_17,17361,22770,481.0,1320.0,train
3592,big_sample5_17,17361,22770,1357.0,890.0,train
3593,big_sample5_17,17361,22770,1279.0,1065.0,train
3594,big_sample5_17,17361,22770,975.0,604.0,train
3595,big_sample5_17,17361,22770,1756.0,1772.0,train
3596,big_sample5_17,17361,22770,1418.0,1794.0,train
3597,big_sample5_17,17361,22770,869.0,795.0,train
3598,big_sample5_17,17361,22770,255.0,1323.0,train
3599,big_sample5_17,17361,22770,893.0,618.0,train
3600,big_sample5_17,6826,16297,1641.0,431.0,train
3601,big_sample5_17,6826,16297,323.0,1770.0,train
3602,big_sample5_17,6826,16297,1389.0,1128.0,train
3603,big_sample5_17,6826,16297,1383.0,1704.0,train
3604,big_sample5_17,6826,16297,980.0,1063.0,train
3605,big_sample5_17,6826,16297,1247.0,836.0,train
3606,big_sample5_17,6826,16297,714.0,1122.0,val
3607,big_sample5_17,6826,16297,200.0,1502.0,train
3608,big_sample5_17,6826,16297,1473.0,805.0,train
3609,big_sample5_17,6826,16297,916.0,1224.0,train
3610,big_sample5_17,6826,16297,1352.0,1807.0,test
3611,big_sample5_17,6826,16297,1721.0,1016.0,train
3612,big_sample5_17,6826,16297,177.0,694.0,train
3613,big_sample5_17,6826,16297,362.0,146.0,train
3614,big_sample5_17,6826,16297,360.0,911.0,train
3615,big_sample5_17,6826,16297,1638.0,423.0,train
3616,big_sample5_17,6826,16297,1457.0,1316.0,train
3617,big_sample5_17,6826,16297,587.0,1558.0,train
3618,big_sample5_17,6826,16297,1642.0,1383.0,train
3619,big_sample5_17,6826,16297,1050.0,843.0,val
3620,big_sample5_17,12795,17444,475.0,556.0,train
3621,big_sample5_17,12795,17444,269.0,892.0,train
3622,big_sample5_17,12795,17444,144.0,494.0,train
3623,big_sample5_17,12795,17444,740.0,1018.0,train
3624,big_sample5_17,12795,17444,1040.0,1668.0,train
3625,big_sample5_17,12795,17444,785.0,1217.0,train
3626,big_sample5_17,12795,17444,1788.0,128.0,train
3627,big_sample5_17,12795,17444,1158.0,796.0,train
3628,big_sample5_17,12795,17444,612.0,190.0,train
3629,big_sample5_17,12795,17444,1636.0,762.0,train
3630,big_sample5_17,12795,17444,1408.0,488.0,train
3631,big_sample5_17,12795,17444,1763.0,549.0,val
3632,big_sample5_17,12795,17444,1336.0,810.0,train
3633,big_sample5_17,12795,17444,187.0,602.0,train
3634,big_sample5_17,12795,17444,1469.0,1441.0,train
3635,big_sample5_17,12795,17444,1266.0,847.0,train
3636,big_sample5_17,12795,17444,733.0,1815.0,train
3637,big_sample5_17,12795,17444,145.0,1560.0,train
3638,big_sample5_17,12795,17444,841.0,959.0,train
3639,big_sample5_17,12795,17444,1883.0,111.0,val
3640,big_sample5_17,10039,17578,239.0,417.0,test
3641,big_sample5_17,10039,17578,861.0,587.0,train
3642,big_sample5_17,10039,17578,1506.0,1287.0,train
3643,big_sample5_17,10039,17578,336.0,1096.0,train
3644,big_sample5_17,10039,17578,940.0,365.0,train
3645,big_sample5_17,10039,17578,161.0,370.0,train
3646,big_sample5_17,10039,17578,847.0,1831.0,train
3647,big_sample5_17,10039,17578,761.0,645.0,train
3648,big_sample5_17,10039,17578,610.0,171.0,train
3649,big_sample5_17,10039,17578,423.0,117.0,train
3650,big_sample5_17,10039,17578,1004.0,506.0,train
3651,big_sample5_17,10039,17578,127.0,597.0,test
3652,big_sample5_17,10039,17578,1744.0,1298.0,test
3653,big_sample5_17,10039,17578,775.0,1591.0,test
3654,big_sample5_17,10039,17578,812.0,1601.0,train
3655,big_sample5_17,10039,17578,941.0,1768.0,train
3656,big_sample5_17,10039,17578,1389.0,1618.0,train
3657,big_sample5_17,10039,17578,112.0,1024.0,train
3658,big_sample5_17,10039,17578,907.0,1475.0,train
3659,big_sample5_17,10039,17578,1496.0,1028.0,train
3660,big_sample5_17,7741,16309,1508.0,793.0,train
3661,big_sample5_17,7741,16309,427.0,1863.0,test
3662,big_sample5_17,7741,16309,467.0,1793.0,train
3663,big_sample5_17,7741,16309,1399.0,1515.0,train
3664,big_sample5_17,7741,16309,515.0,1327.0,train
3665,big_sample5_17,7741,16309,138.0,416.0,train
3666,big_sample5_17,7741,16309,1558.0,880.0,train
3667,big_sample5_17,7741,16309,263.0,1309.0,train
3668,big_sample5_17,7741,16309,600.0,1492.0,train
3669,big_sample5_17,7741,16309,902.0,1496.0,train
3670,big_sample5_17,7741,16309,830.0,108.0,train
3671,big_sample5_17,7741,16309,488.0,1297.0,train
3672,big_sample5_17,7741,16309,227.0,1286.0,test
3673,big_sample5_17,7741,16309,367.0,1139.0,train
3674,big_sample5_17,7741,16309,1020.0,191.0,train
3675,big_sample5_17,7741,16309,1498.0,157.0,test
3676,big_sample5_17,7741,16309,1144.0,1020.0,train
3677,big_sample5_17,7741,16309,1636.0,1122.0,train
3678,big_sample5_17,7741,16309,1019.0,548.0,train
3679,big_sample5_17,7741,16309,1304.0,1702.0,train
3680,big_sample5_17,3285,22347,186.0,1430.0,train
3681,big_sample5_17,3285,22347,983.0,471.0,train
3682,big_sample5_17,3285,22347,1554.0,611.0,train
3683,big_sample5_17,3285,22347,1821.0,187.0,train
3684,big_sample5_17,3285,22347,739.0,211.0,train
3685,big_sample5_17,3285,22347,903.0,513.0,train
3686,big_sample5_17,3285,22347,522.0,942.0,val
3687,big_sample5_17,3285,22347,585.0,834.0,val
3688,big_sample5_17,3285,22347,754.0,1691.0,test
3689,big_sample5_17,3285,22347,1592.0,1850.0,train
3690,big_sample5_17,3285,22347,1103.0,842.0,train
3691,big_sample5_17,3285,22347,1165.0,606.0,train
3692,big_sample5_17,3285,22347,1477.0,1686.0,train
3693,big_sample5_17,3285,22347,1789.0,350.0,train
3694,big_sample5_17,3285,22347,518.0,594.0,val
3695,big_sample5_17,3285,22347,1367.0,1154.0,val
3696,big_sample5_17,3285,22347,633.0,1873.0,train
3697,big_sample5_17,3285,22347,773.0,1651.0,train
3698,big_sample5_17,3285,22347,1148.0,840.0,val
3699,big_sample5_17,3285,22347,1899.0,1840.0,train
3700,big_sample5_17,4145,20374,193.0,239.0,test
3701,big_sample5_17,4145,20374,540.0,1619.0,train
3702,big_sample5_17,4145,20374,1113.0,1815.0,train
3703,big_sample5_17,4145,20374,1128.0,467.0,train
3704,big_sample5_17,4145,20374,1819.0,935.0,val
3705,big_sample5_17,4145,20374,1274.0,274.0,train
3706,big_sample5_17,4145,20374,1744.0,234.0,train
3707,big_sample5_17,4145,20374,270.0,1221.0,train
3708,big_sample5_17,4145,20374,860.0,659.0,val
3709,big_sample5_17,4145,20374,1529.0,419.0,train
3710,big_sample5_17,4145,20374,1650.0,547.0,train
3711,big_sample5_17,4145,20374,276.0,697.0,test
3712,big_sample5_17,4145,20374,147.0,790.0,val
3713,big_sample5_17,4145,20374,586.0,1663.0,train
3714,big_sample5_17,4145,20374,1544.0,1014.0,train
3715,big_sample5_17,4145,20374,1611.0,158.0,train
3716,big_sample5_17,4145,20374,1403.0,603.0,test
3717,big_sample5_17,4145,20374,1873.0,1809.0,train
3718,big_sample5_17,4145,20374,1738.0,1579.0,val
3719,big_sample5_17,4145,20374,1716.0,894.0,train
3720,big_sample5_17,1983,21657,1569.0,1164.0,val
3721,big_sample5_17,1983,21657,772.0,1260.0,train
3722,big_sample5_17,1983,21657,203.0,1418.0,train
3723,big_sample5_17,1983,21657,1252.0,1167.0,test
3724,big_sample5_17,1983,21657,895.0,130.0,train
3725,big_sample5_17,1983,21657,974.0,968.0,train
3726,big_sample5_17,1983,21657,162.0,364.0,train
3727,big_sample5_17,1983,21657,909.0,744.0,train
3728,big_sample5_17,1983,21657,1299.0,1841.0,test
3729,big_sample5_17,1983,21657,1783.0,426.0,test
3730,big_sample5_17,1983,21657,1123.0,1848.0,train
3731,big_sample5_17,1983,21657,1865.0,342.0,train
3732,big_sample5_17,1983,21657,1652.0,1230.0,train
3733,big_sample5_17,1983,21657,943.0,994.0,train
3734,big_sample5_17,1983,21657,1092.0,350.0,train
3735,big_sample5_17,1983,21657,623.0,1679.0,train
3736,big_sample5_17,1983,21657,973.0,841.0,train
3737,big_sample5_17,1983,21657,1481.0,1788.0,train
3738,big_sample5_17,1983,21657,1634.0,760.0,train
3739,big_sample5_17,1983,21657,1029.0,1092.0,val
3740,big_sample5_17,850,15297,775.0,1173.0,train
3741,big_sample5_17,850,15297,1836.0,863.0,train
3742,big_sample5_17,850,15297,1385.0,394.0,train
3743,big_sample5_17,850,15297,1508.0,804.0,train
3744,big_sample5_17,850,15297,130.0,1691.0,train
3745,big_sample5_17,850,15297,1840.0,1501.0,train
3746,big_sample5_17,850,15297,923.0,1360.0,val
3747,big_sample5_17,850,15297,1262.0,1591.0,train
3748,big_sample5_17,850,15297,217.0,1092.0,train
3749,big_sample5_17,850,15297,471.0,952.0,train
3750,big_sample5_17,850,15297,1371.0,392.0,train
3751,big_sample5_17,850,15297,1188.0,326.0,train
3752,big_sample5_17,850,15297,301.0,473.0,val
3753,big_sample5_17,850,15297,1105.0,530.0,train
3754,big_sample5_17,850,15297,854.0,1657.0,train
3755,big_sample5_17,850,15297,1766.0,504.0,test
3756,big_sample5_17,850,15297,715.0,852.0,train
3757,big_sample5_17,850,15297,918.0,296.0,train
3758,big_sample5_17,850,15297,312.0,519.0,train
3759,big_sample5_17,850,15297,1043.0,512.0,train
3760,big_sample5_17,5577,19205,611.0,203.0,train
3761,big_sample5_17,5577,19205,112.0,1709.0,train
3762,big_sample5_17,5577,19205,1814.0,1012.0,test
3763,big_sample5_17,5577,19205,614.0,770.0,train
3764,big_sample5_17,5577,19205,1143.0,1648.0,train
3765,big_sample5_17,5577,19205,1083.0,1364.0,val
3766,big_sample5_17,5577,19205,1406.0,1802.0,val
3767,big_sample5_17,5577,19205,898.0,655.0,train
3768,big_sample5_17,5577,19205,567.0,1721.0,train
3769,big_sample5_17,5577,19205,294.0,195.0,train
3770,big_sample5_17,5577,19205,1507.0,513.0,train
3771,big_sample5_17,5577,19205,1873.0,948.0,train
3772,big_sample5_17,5577,19205,871.0,1460.0,train
3773,big_sample5_17,5577,19205,1665.0,397.0,train
3774,big_sample5_17,5577,19205,1582.0,1071.0,train
3775,big_sample5_17,5577,19205,174.0,1373.0,train
3776,big_sample5_17,5577,19205,1772.0,1520.0,train
3777,big_sample5_17,5577,19205,853.0,799.0,train
3778,big_sample5_17,5577,19205,772.0,320.0,train
3779,big_sample5_17,5577,19205,1344.0,954.0,train
3780,big_sample5_17,6623,16191,1691.0,1355.0,val
3781,big_sample5_17,6623,16191,1554.0,852.0,train
3782,big_sample5_17,6623,16191,1276.0,1804.0,train
3783,big_sample5_17,6623,16191,1763.0,160.0,train
3784,big_sample5_17,6623,16191,110.0,1109.0,train
3785,big_sample5_17,6623,16191,253.0,1170.0,train
3786,big_sample5_17,6623,16191,246.0,460.0,train
3787,big_sample5_17,6623,16191,1222.0,1678.0,train
3788,big_sample5_17,6623,16191,1433.0,1535.0,train
3789,big_sample5_17,6623,16191,1603.0,1278.0,train
3790,big_sample5_17,6623,16191,1473.0,1748.0,train
3791,big_sample5_17,6623,16191,1466.0,1824.0,val
3792,big_sample5_17,6623,16191,617.0,1042.0,train
3793,big_sample5_17,6623,16191,884.0,619.0,val
3794,big_sample5_17,6623,16191,603.0,1533.0,train
3795,big_sample5_17,6623,16191,369.0,1687.0,test
3796,big_sample5_17,6623,16191,584.0,1787.0,train
3797,big_sample5_17,6623,16191,708.0,439.0,train
3798,big_sample5_17,6623,16191,169.0,318.0,train
3799,big_sample5_17,6623,16191,670.0,1020.0,train
3800,big_sample5_17,3861,20138,1010.0,1427.0,train
3801,big_sample5_17,3861,20138,476.0,1816.0,train
3802,big_sample5_17,3861,20138,1110.0,1406.0,train
3803,big_sample5_17,3861,20138,315.0,875.0,train
3804,big_sample5_17,3861,20138,792.0,1551.0,val
3805,big_sample5_17,3861,20138,913.0,394.0,train
3806,big_sample5_17,3861,20138,795.0,1624.0,train
3807,big_sample5_17,3861,20138,1803.0,594.0,train
3808,big_sample5_17,3861,20138,1193.0,571.0,train
3809,big_sample5_17,3861,20138,739.0,475.0,val
3810,big_sample5_17,3861,20138,1038.0,1222.0,train
3811,big_sample5_17,3861,20138,1791.0,960.0,test
3812,big_sample5_17,3861,20138,462.0,1024.0,train
3813,big_sample5_17,3861,20138,1165.0,1673.0,train
3814,big_sample5_17,3861,20138,789.0,1375.0,train
3815,big_sample5_17,3861,20138,1675.0,638.0,train
3816,big_sample5_17,3861,20138,491.0,958.0,train
3817,big_sample5_17,3861,20138,165.0,1178.0,train
3818,big_sample5_17,3861,20138,1248.0,149.0,val
3819,big_sample5_17,3861,20138,1358.0,1772.0,train
3820,big_sample5_17,14704,22698,1424.0,322.0,train
3821,big_sample5_17,14704,22698,1492.0,1704.0,train
3822,big_sample5_17,14704,22698,814.0,1644.0,train
3823,big_sample5_17,14704,22698,1812.0,400.0,train
3824,big_sample5_17,14704,22698,1561.0,1743.0,train
3825,big_sample5_17,14704,22698,1823.0,780.0,train
3826,big_sample5_17,14704,22698,348.0,1170.0,test
3827,big_sample5_17,14704,22698,309.0,1832.0,test
3828,big_sample5_17,14704,22698,1512.0,639.0,train
3829,big_sample5_17,14704,22698,1606.0,1108.0,train
3830,big_sample5_17,14704,22698,1614.0,1334.0,val
3831,big_sample5_17,14704,22698,1235.0,1819.0,train
3832,big_sample5_17,14704,22698,223.0,611.0,train
3833,big_sample5_17,14704,22698,298.0,418.0,train
3834,big_sample5_17,14704,22698,1212.0,539.0,train
3835,big_sample5_17,14704,22698,1167.0,994.0,train
3836,big_sample5_17,14704,22698,1272.0,1874.0,train
3837,big_sample5_17,14704,22698,1616.0,699.0,train
3838,big_sample5_17,14704,22698,675.0,138.0,train
3839,big_sample5_17,14704,22698,1084.0,336.0,train
3840,big_sample5_17,3916,23672,1312.0,376.0,train
3841,big_sample5_17,3916,23672,724.0,835.0,train
3842,big_sample5_17,3916,23672,1106.0,233.0,train
3843,big_sample5_17,3916,23672,1126.0,1209.0,train
3844,big_sample5_17,3916,23672,1674.0,843.0,train
3845,big_sample5_17,3916,23672,170.0,1744.0,train
3846,big_sample5_17,3916,23672,1411.0,1339.0,train
3847,big_sample5_17,3916,23672,474.0,378.0,train
3848,big_sample5_17,3916,23672,1569.0,1509.0,test
3849,big_sample5_17,3916,23672,512.0,878.0,train
3850,big_sample5_17,3916,23672,837.0,1675.0,train
3851,big_sample5_17,3916,23672,1453.0,1374.0,test
3852,big_sample5_17,3916,23672,1536.0,568.0,train
3853,big_sample5_17,3916,23672,1211.0,1869.0,train
3854,big_sample5_17,3916,23672,1728.0,744.0,train
3855,big_sample5_17,3916,23672,265.0,133.0,train
3856,big_sample5_17,3916,23672,833.0,1080.0,val
3857,big_sample5_17,3916,23672,1200.0,261.0,train
3858,big_sample5_17,3916,23672,1242.0,1290.0,train
3859,big_sample5_17,3916,23672,173.0,1400.0,train
3860,big_sample5_17,2313,24712,1261.0,1226.0,train
3861,big_sample5_17,2313,24712,1823.0,449.0,val
3862,big_sample5_17,2313,24712,1750.0,1211.0,train
3863,big_sample5_17,2313,24712,842.0,526.0,test
3864,big_sample5_17,2313,24712,1636.0,572.0,train
3865,big_sample5_17,2313,24712,1509.0,1606.0,test
3866,big_sample5_17,2313,24712,1338.0,645.0,train
3867,big_sample5_17,2313,24712,1276.0,1795.0,train
3868,big_sample5_17,2313,24712,1865.0,639.0,train
3869,big_sample5_17,2313,24712,292.0,985.0,train
3870,big_sample5_17,2313,24712,971.0,545.0,train
3871,big_sample5_17,2313,24712,249.0,1295.0,train
3872,big_sample5_17,2313,24712,384.0,1375.0,train
3873,big_sample5_17,2313,24712,505.0,1640.0,val
3874,big_sample5_17,2313,24712,1406.0,899.0,train
3875,big_sample5_17,2313,24712,569.0,1631.0,train
3876,big_sample5_17,2313,24712,992.0,287.0,train
3877,big_sample5_17,2313,24712,1255.0,744.0,train
3878,big_sample5_17,2313,24712,702.0,496.0,train
3879,big_sample5_17,2313,24712,241.0,192.0,test
3880,big_sample5_17,17568,22386,1802.0,1054.0,train
3881,big_sample5_17,17568,22386,177.0,599.0,val
3882,big_sample5_17,17568,22386,1291.0,821.0,train
3883,big_sample5_17,17568,22386,512.0,1870.0,train
3884,big_sample5_17,17568,22386,839.0,912.0,val
3885,big_sample5_17,17568,22386,701.0,925.0,train
3886,big_sample5_17,17568,22386,1755.0,1873.0,train
3887,big_sample5_17,17568,22386,1814.0,697.0,test
3888,big_sample5_17,17568,22386,1570.0,1571.0,train
3889,big_sample5_17,17568,22386,1157.0,872.0,val
3890,big_sample5_17,17568,22386,528.0,847.0,train
3891,big_sample5_17,17568,22386,440.0,539.0,test
3892,big_sample5_17,17568,22386,979.0,1873.0,train
3893,big_sample5_17,17568,22386,768.0,1133.0,train
3894,big_sample5_17,17568,22386,103.0,588.0,train
3895,big_sample5_17,17568,22386,1415.0,558.0,val
3896,big_sample5_17,17568,22386,343.0,123.0,test
3897,big_sample5_17,17568,22386,574.0,1897.0,test
3898,big_sample5_17,17568,22386,775.0,1895.0,train
3899,big_sample5_17,17568,22386,1337.0,754.0,train
3900,big_sample5_17,12945,17538,1529.0,571.0,train
3901,big_sample5_17,12945,17538,835.0,421.0,train
3902,big_sample5_17,12945,17538,750.0,1883.0,train
3903,big_sample5_17,12945,17538,820.0,1225.0,train
3904,big_sample5_17,12945,17538,1368.0,554.0,val
3905,big_sample5_17,12945,17538,1072.0,453.0,train
3906,big_sample5_17,12945,17538,747.0,1693.0,train
3907,big_sample5_17,12945,17538,1428.0,1547.0,train
3908,big_sample5_17,12945,17538,940.0,538.0,train
3909,big_sample5_17,12945,17538,356.0,979.0,train
3910,big_sample5_17,12945,17538,862.0,1349.0,train
3911,big_sample5_17,12945,17538,177.0,575.0,train
3912,big_sample5_17,12945,17538,422.0,800.0,train
3913,big_sample5_17,12945,17538,371.0,1066.0,train
3914,big_sample5_17,12945,17538,1856.0,1753.0,train
3915,big_sample5_17,12945,17538,197.0,1604.0,train
3916,big_sample5_17,12945,17538,943.0,1422.0,train
3917,big_sample5_17,12945,17538,1400.0,1186.0,train
3918,big_sample5_17,12945,17538,121.0,415.0,val
3919,big_sample5_17,12945,17538,1344.0,1713.0,train
3920,big_sample5_17,10703,23340,1255.0,1196.0,train
3921,big_sample5_17,10703,23340,757.0,761.0,train
3922,big_sample5_17,10703,23340,1152.0,1834.0,train
3923,big_sample5_17,10703,23340,1773.0,260.0,train
3924,big_sample5_17,10703,23340,1007.0,1295.0,val
3925,big_sample5_17,10703,23340,218.0,253.0,train
3926,big_sample5_17,10703,23340,990.0,209.0,train
3927,big_sample5_17,10703,23340,1131.0,584.0,train
3928,big_sample5_17,10703,23340,563.0,259.0,train
3929,big_sample5_17,10703,23340,1131.0,885.0,train
3930,big_sample5_17,10703,23340,564.0,404.0,train
3931,big_sample5_17,10703,23340,669.0,988.0,train
3932,big_sample5_17,10703,23340,188.0,594.0,train
3933,big_sample5_17,10703,23340,1006.0,461.0,train
3934,big_sample5_17,10703,23340,1116.0,1573.0,train
3935,big_sample5_17,10703,23340,1449.0,931.0,val
3936,big_sample5_17,10703,23340,1003.0,846.0,train
3937,big_sample5_17,10703,23340,627.0,224.0,test
3938,big_sample5_17,10703,23340,678.0,595.0,val
3939,big_sample5_17,10703,23340,177.0,1179.0,train
3940,big_sample5_17,8877,17968,704.0,773.0,train
3941,big_sample5_17,8877,17968,1039.0,315.0,train
3942,big_sample5_17,8877,17968,552.0,1265.0,train
3943,big_sample5_17,8877,17968,1599.0,989.0,val
3944,big_sample5_17,8877,17968,1572.0,1695.0,train
3945,big_sample5_17,8877,17968,1302.0,1839.0,train
3946,big_sample5_17,8877,17968,635.0,1410.0,train
3947,big_sample5_17,8877,17968,1346.0,1227.0,train
3948,big_sample5_17,8877,17968,1614.0,1682.0,train
3949,big_sample5_17,8877,17968,1070.0,1225.0,train
3950,big_sample5_17,8877,17968,333.0,708.0,val
3951,big_sample5_17,8877,17968,1600.0,1807.0,train
3952,big_sample5_17,8877,17968,308.0,495.0,train
3953,big_sample5_17,8877,17968,659.0,1797.0,train
3954,big_sample5_17,8877,17968,1239.0,1502.0,test
3955,big_sample5_17,8877,17968,1199.0,1107.0,train
3956,big_sample5_17,8877,17968,1120.0,982.0,train
3957,big_sample5_17,8877,17968,226.0,1836.0,val
3958,big_sample5_17,8877,17968,1810.0,991.0,train
3959,big_sample5_17,8877,17968,567.0,1296.0,train
3960,big_sample5_17,2390,16572,1103.0,1832.0,train
3961,big_sample5_17,2390,16572,607.0,592.0,train
3962,big_sample5_17,2390,16572,1788.0,1743.0,train
3963,big_sample5_17,2390,16572,943.0,898.0,val
3964,big_sample5_17,2390,16572,690.0,253.0,val
3965,big_sample5_17,2390,16572,1025.0,1179.0,train
3966,big_sample5_17,2390,16572,128.0,913.0,test
3967,big_sample5_17,2390,16572,171.0,1408.0,test
3968,big_sample5_17,2390,16572,294.0,1363.0,train
3969,big_sample5_17,2390,16572,224.0,1859.0,train
3970,big_sample5_17,2390,16572,1444.0,1502.0,train
3971,big_sample5_17,2390,16572,1243.0,1662.0,train
3972,big_sample5_17,2390,16572,1268.0,1050.0,test
3973,big_sample5_17,2390,16572,320.0,384.0,train
3974,big_sample5_17,2390,16572,496.0,264.0,test
3975,big_sample5_17,2390,16572,1197.0,939.0,train
3976,big_sample5_17,2390,16572,521.0,1003.0,train
3977,big_sample5_17,2390,16572,1745.0,505.0,val
3978,big_sample5_17,2390,16572,244.0,1055.0,train
3979,big_sample5_17,2390,16572,1133.0,262.0,train
3980,big_sample5_17,1274,15675,1789.0,100.0,val
3981,big_sample5_17,1274,15675,1771.0,976.0,train
3982,big_sample5_17,1274,15675,1482.0,188.0,train
3983,big_sample5_17,1274,15675,383.0,1581.0,train
3984,big_sample5_17,1274,15675,553.0,1435.0,train
3985,big_sample5_17,1274,15675,1057.0,318.0,train
3986,big_sample5_17,1274,15675,677.0,1369.0,train
3987,big_sample5_17,1274,15675,887.0,219.0,test
3988,big_sample5_17,1274,15675,347.0,483.0,train
3989,big_sample5_17,1274,15675,701.0,962.0,train
3990,big_sample5_17,1274,15675,1466.0,276.0,train
3991,big_sample5_17,1274,15675,937.0,1608.0,train
3992,big_sample5_17,1274,15675,1854.0,1500.0,val
3993,big_sample5_17,1274,15675,523.0,1778.0,train
3994,big_sample5_17,1274,15675,1161.0,391.0,train
3995,big_sample5_17,1274,15675,451.0,965.0,train
3996,big_sample5_17,1274,15675,233.0,668.0,train
3997,big_sample5_17,1274,15675,1297.0,1471.0,train
3998,big_sample5_17,1274,15675,759.0,634.0,train
3999,big_sample5_17,1274,15675,217.0,1304.0,train
