sample_id,map_id,map_crop_x,map_crop_y,cur_tile_x,cur_tile_y,tar_tile_x,tar_tile_y,vector_dx,vector_dy,split
0,10_square,36,66,175.0,164.0,866.0,435.0,691.0,271.0,train
1,10_square,53,0,241.0,560.0,530.0,517.0,289.0,-43.0,train
2,10_square,0,45,500.0,651.0,578.0,859.0,78.0,208.0,train
3,10_square,34,6,590.0,506.0,378.0,787.0,-212.0,281.0,test
4,10_square,68,24,388.0,332.0,140.0,390.0,-248.0,58.0,train
5,10_square,17,62,732.0,569.0,720.0,187.0,-12.0,-382.0,train
6,10_square,51,44,147.0,351.0,601.0,825.0,454.0,474.0,train
7,10_square,18,44,230.0,787.0,316.0,387.0,86.0,-400.0,train
8,10_square,17,34,723.0,697.0,543.0,339.0,-180.0,-358.0,train
9,10_square,4,33,739.0,618.0,588.0,446.0,-151.0,-172.0,train
10,10_square,10,2,287.0,854.0,779.0,894.0,492.0,40.0,val
11,10_square,21,39,640.0,192.0,107.0,123.0,-533.0,-69.0,val
12,10_square,19,23,577.0,387.0,460.0,153.0,-117.0,-234.0,train
13,10_square,45,4,573.0,501.0,216.0,777.0,-357.0,276.0,train
14,10_square,4,48,596.0,170.0,456.0,734.0,-140.0,564.0,train
15,10_square,22,43,627.0,300.0,581.0,446.0,-46.0,146.0,train
16,10_square,50,56,258.0,818.0,229.0,434.0,-29.0,-384.0,train
17,10_square,54,67,323.0,342.0,116.0,472.0,-207.0,130.0,train
18,10_square,33,64,648.0,264.0,891.0,108.0,243.0,-156.0,train
19,10_square,4,41,842.0,345.0,686.0,555.0,-156.0,210.0,train
20,10_square,14,56,156.0,417.0,326.0,195.0,170.0,-222.0,train
21,10_square,68,26,528.0,867.0,644.0,301.0,116.0,-566.0,train
22,10_square,61,60,599.0,180.0,244.0,457.0,-355.0,277.0,train
23,10_square,55,49,235.0,619.0,158.0,389.0,-77.0,-230.0,train
24,10_square,30,57,415.0,272.0,639.0,618.0,224.0,346.0,train
25,10_square,45,8,843.0,480.0,101.0,503.0,-742.0,23.0,train
26,10_square,23,33,139.0,875.0,810.0,563.0,671.0,-312.0,test
27,10_square,23,55,545.0,258.0,169.0,469.0,-376.0,211.0,train
28,10_square,30,24,722.0,666.0,570.0,182.0,-152.0,-484.0,train
29,10_square,50,24,658.0,734.0,290.0,898.0,-368.0,164.0,train
30,10_square,37,34,236.0,745.0,805.0,768.0,569.0,23.0,train
31,10_square,26,31,561.0,123.0,268.0,283.0,-293.0,160.0,train
32,10_square,31,17,644.0,585.0,337.0,249.0,-307.0,-336.0,train
33,10_square,31,17,640.0,217.0,513.0,791.0,-127.0,574.0,train
34,10_square,56,11,865.0,781.0,666.0,577.0,-199.0,-204.0,train
35,10_square,7,20,758.0,782.0,648.0,568.0,-110.0,-214.0,test
36,10_square,65,46,642.0,714.0,151.0,764.0,-491.0,50.0,train
37,10_square,59,51,560.0,789.0,747.0,849.0,187.0,60.0,test
38,10_square,0,64,507.0,632.0,680.0,507.0,173.0,-125.0,val
39,10_square,49,57,142.0,646.0,156.0,282.0,14.0,-364.0,train
40,10_square,15,22,587.0,625.0,684.0,738.0,97.0,113.0,train
41,10_square,7,64,195.0,486.0,281.0,800.0,86.0,314.0,train
42,10_square,41,32,576.0,276.0,449.0,316.0,-127.0,40.0,train
43,10_square,23,62,243.0,375.0,575.0,378.0,332.0,3.0,train
44,10_square,32,68,598.0,525.0,482.0,655.0,-116.0,130.0,train
45,10_square,38,40,155.0,478.0,335.0,696.0,180.0,218.0,train
46,10_square,1,26,814.0,868.0,875.0,130.0,61.0,-738.0,train
47,10_square,23,2,643.0,141.0,471.0,519.0,-172.0,378.0,train
48,10_square,18,51,124.0,352.0,424.0,828.0,300.0,476.0,train
49,10_square,30,43,524.0,206.0,652.0,329.0,128.0,123.0,train
50,10_square,7,30,347.0,752.0,180.0,552.0,-167.0,-200.0,train
51,10_square,47,25,397.0,657.0,569.0,625.0,172.0,-32.0,train
52,10_square,48,2,214.0,292.0,193.0,404.0,-21.0,112.0,train
53,10_square,46,57,353.0,754.0,314.0,627.0,-39.0,-127.0,train
54,10_square,22,40,748.0,891.0,600.0,305.0,-148.0,-586.0,train
55,10_square,33,23,799.0,657.0,460.0,391.0,-339.0,-266.0,train
56,10_square,20,8,327.0,745.0,139.0,517.0,-188.0,-228.0,train
57,10_square,7,33,781.0,728.0,269.0,212.0,-512.0,-516.0,train
58,10_square,65,31,338.0,101.0,458.0,621.0,120.0,520.0,train
59,10_square,26,46,721.0,149.0,838.0,538.0,117.0,389.0,train
60,10_square,48,67,616.0,557.0,291.0,150.0,-325.0,-407.0,train
61,10_square,7,62,378.0,602.0,776.0,289.0,398.0,-313.0,train
62,10_square,59,57,398.0,446.0,723.0,671.0,325.0,225.0,train
63,10_square,38,53,593.0,672.0,553.0,116.0,-40.0,-556.0,train
64,10_square,68,48,664.0,832.0,604.0,453.0,-60.0,-379.0,train
65,10_square,28,2,393.0,582.0,476.0,671.0,83.0,89.0,train
66,10_square,33,18,149.0,667.0,863.0,644.0,714.0,-23.0,train
67,10_square,40,64,108.0,636.0,172.0,326.0,64.0,-310.0,train
68,10_square,55,40,298.0,304.0,102.0,652.0,-196.0,348.0,train
69,10_square,17,13,603.0,854.0,737.0,434.0,134.0,-420.0,train
70,10_square,8,57,466.0,618.0,440.0,659.0,-26.0,41.0,train
71,10_square,58,28,218.0,258.0,269.0,506.0,51.0,248.0,train
72,10_square,55,57,421.0,554.0,602.0,304.0,181.0,-250.0,train
73,10_square,29,27,814.0,453.0,608.0,500.0,-206.0,47.0,train
74,10_square,55,1,406.0,354.0,495.0,860.0,89.0,506.0,train
75,10_square,44,44,739.0,691.0,627.0,525.0,-112.0,-166.0,train
76,10_square,47,30,762.0,182.0,506.0,228.0,-256.0,46.0,val
77,10_square,4,42,256.0,477.0,616.0,271.0,360.0,-206.0,train
78,10_square,32,44,619.0,617.0,238.0,598.0,-381.0,-19.0,train
79,10_square,47,60,635.0,857.0,597.0,742.0,-38.0,-115.0,train
80,10_square,42,50,113.0,892.0,668.0,346.0,555.0,-546.0,train
81,10_square,63,30,594.0,465.0,441.0,171.0,-153.0,-294.0,train
82,10_square,50,25,234.0,857.0,625.0,402.0,391.0,-455.0,train
83,10_square,42,52,326.0,413.0,525.0,709.0,199.0,296.0,train
84,10_square,24,8,380.0,224.0,373.0,364.0,-7.0,140.0,val
85,10_square,22,54,819.0,394.0,613.0,517.0,-206.0,123.0,train
86,10_square,11,43,110.0,574.0,183.0,236.0,73.0,-338.0,val
87,10_square,31,61,329.0,415.0,173.0,202.0,-156.0,-213.0,val
88,10_square,54,10,571.0,356.0,879.0,177.0,308.0,-179.0,train
89,10_square,34,41,607.0,298.0,435.0,111.0,-172.0,-187.0,train
90,10_square,42,68,857.0,791.0,273.0,323.0,-584.0,-468.0,train
91,10_square,15,3,430.0,423.0,787.0,525.0,357.0,102.0,train
92,10_square,14,34,693.0,631.0,288.0,182.0,-405.0,-449.0,train
93,10_square,6,30,529.0,608.0,288.0,351.0,-241.0,-257.0,train
94,10_square,28,47,888.0,482.0,196.0,899.0,-692.0,417.0,test
95,10_square,42,64,523.0,536.0,545.0,496.0,22.0,-40.0,test
96,10_square,9,44,896.0,148.0,864.0,252.0,-32.0,104.0,train
97,10_square,14,25,660.0,399.0,766.0,318.0,106.0,-81.0,train
98,10_square,9,21,493.0,810.0,796.0,375.0,303.0,-435.0,train
99,10_square,57,10,517.0,888.0,759.0,574.0,242.0,-314.0,test
100,10_square,59,51,416.0,610.0,285.0,251.0,-131.0,-359.0,train
101,10_square,0,6,746.0,563.0,607.0,581.0,-139.0,18.0,train
102,10_square,6,48,653.0,440.0,712.0,558.0,59.0,118.0,train
103,10_square,62,44,498.0,627.0,807.0,230.0,309.0,-397.0,train
104,10_square,42,39,364.0,769.0,847.0,274.0,483.0,-495.0,train
105,10_square,28,46,571.0,723.0,421.0,444.0,-150.0,-279.0,val
106,10_square,44,17,660.0,511.0,883.0,595.0,223.0,84.0,test
107,10_square,15,22,826.0,139.0,848.0,151.0,22.0,12.0,train
108,10_square,41,16,126.0,175.0,898.0,143.0,772.0,-32.0,train
109,10_square,8,39,739.0,280.0,175.0,565.0,-564.0,285.0,train
110,10_square,21,39,752.0,730.0,786.0,829.0,34.0,99.0,train
111,10_square,65,6,774.0,591.0,456.0,532.0,-318.0,-59.0,test
112,10_square,17,9,434.0,313.0,660.0,192.0,226.0,-121.0,train
113,10_square,45,53,173.0,309.0,304.0,817.0,131.0,508.0,train
114,10_square,42,41,798.0,133.0,694.0,414.0,-104.0,281.0,train
115,10_square,9,13,789.0,434.0,745.0,377.0,-44.0,-57.0,train
116,10_square,39,5,317.0,308.0,811.0,425.0,494.0,117.0,train
117,10_square,22,9,792.0,683.0,383.0,828.0,-409.0,145.0,train
118,10_square,60,17,498.0,594.0,299.0,599.0,-199.0,5.0,train
119,10_square,15,54,292.0,406.0,197.0,544.0,-95.0,138.0,train
120,10_square,10,44,308.0,401.0,560.0,346.0,252.0,-55.0,train
121,10_square,54,54,631.0,757.0,281.0,736.0,-350.0,-21.0,train
122,10_square,35,28,235.0,381.0,192.0,769.0,-43.0,388.0,train
123,10_square,54,13,562.0,516.0,470.0,832.0,-92.0,316.0,train
124,10_square,62,23,233.0,484.0,495.0,732.0,262.0,248.0,train
125,10_square,32,2,648.0,745.0,214.0,233.0,-434.0,-512.0,train
126,10_square,19,8,698.0,225.0,595.0,395.0,-103.0,170.0,train
127,10_square,50,50,515.0,405.0,440.0,219.0,-75.0,-186.0,train
128,10_square,30,34,423.0,173.0,590.0,363.0,167.0,190.0,train
129,10_square,29,35,491.0,274.0,410.0,523.0,-81.0,249.0,train
130,10_square,26,51,816.0,152.0,126.0,186.0,-690.0,34.0,val
131,10_square,12,42,623.0,291.0,773.0,791.0,150.0,500.0,test
132,10_square,52,8,572.0,721.0,321.0,448.0,-251.0,-273.0,val
133,10_square,21,52,547.0,805.0,329.0,849.0,-218.0,44.0,train
134,10_square,59,34,652.0,732.0,557.0,653.0,-95.0,-79.0,train
135,10_square,54,47,661.0,666.0,780.0,129.0,119.0,-537.0,train
136,10_square,48,49,516.0,555.0,663.0,870.0,147.0,315.0,train
137,10_square,55,21,452.0,387.0,296.0,637.0,-156.0,250.0,train
138,10_square,8,35,330.0,235.0,816.0,533.0,486.0,298.0,train
139,10_square,66,1,698.0,468.0,524.0,271.0,-174.0,-197.0,val
140,10_square,4,7,715.0,446.0,894.0,101.0,179.0,-345.0,val
141,10_square,19,45,316.0,820.0,497.0,158.0,181.0,-662.0,train
142,10_square,48,3,815.0,306.0,228.0,716.0,-587.0,410.0,train
143,10_square,46,34,456.0,813.0,125.0,371.0,-331.0,-442.0,train
144,10_square,24,1,751.0,872.0,158.0,778.0,-593.0,-94.0,train
145,10_square,28,36,788.0,502.0,223.0,522.0,-565.0,20.0,train
146,10_square,11,49,833.0,333.0,861.0,562.0,28.0,229.0,val
147,10_square,14,31,263.0,458.0,659.0,598.0,396.0,140.0,train
148,10_square,68,30,854.0,546.0,628.0,525.0,-226.0,-21.0,train
149,10_square,64,58,213.0,329.0,329.0,664.0,116.0,335.0,train
150,10_square,5,31,617.0,888.0,515.0,120.0,-102.0,-768.0,train
151,10_square,66,48,442.0,465.0,705.0,778.0,263.0,313.0,train
152,10_square,24,66,845.0,683.0,419.0,697.0,-426.0,14.0,train
153,10_square,58,16,734.0,187.0,565.0,466.0,-169.0,279.0,train
154,10_square,61,37,777.0,257.0,458.0,626.0,-319.0,369.0,train
155,10_square,24,30,815.0,870.0,382.0,230.0,-433.0,-640.0,train
156,10_square,33,54,894.0,541.0,805.0,833.0,-89.0,292.0,train
157,10_square,55,5,418.0,263.0,189.0,831.0,-229.0,568.0,train
158,10_square,52,45,634.0,806.0,547.0,676.0,-87.0,-130.0,val
159,10_square,42,41,210.0,282.0,783.0,204.0,573.0,-78.0,train
160,10_square,37,18,372.0,885.0,217.0,466.0,-155.0,-419.0,train
161,10_square,3,41,330.0,628.0,453.0,306.0,123.0,-322.0,train
162,10_square,61,15,241.0,848.0,540.0,386.0,299.0,-462.0,train
163,10_square,55,10,430.0,158.0,738.0,876.0,308.0,718.0,val
164,10_square,18,55,690.0,232.0,652.0,868.0,-38.0,636.0,train
165,10_square,60,32,882.0,650.0,403.0,847.0,-479.0,197.0,train
166,10_square,53,58,599.0,607.0,848.0,268.0,249.0,-339.0,train
167,10_square,65,20,198.0,644.0,423.0,818.0,225.0,174.0,train
168,10_square,10,47,479.0,192.0,650.0,418.0,171.0,226.0,train
169,10_square,38,59,581.0,469.0,764.0,697.0,183.0,228.0,val
170,10_square,60,30,673.0,123.0,567.0,819.0,-106.0,696.0,train
171,10_square,11,40,476.0,538.0,769.0,253.0,293.0,-285.0,train
172,10_square,20,10,135.0,489.0,716.0,756.0,581.0,267.0,train
173,10_square,28,20,129.0,676.0,282.0,858.0,153.0,182.0,test
174,10_square,5,56,197.0,679.0,449.0,540.0,252.0,-139.0,train
175,10_square,26,58,736.0,156.0,282.0,338.0,-454.0,182.0,val
176,10_square,16,64,794.0,435.0,733.0,303.0,-61.0,-132.0,train
177,10_square,7,5,858.0,714.0,468.0,837.0,-390.0,123.0,train
178,10_square,14,17,330.0,718.0,291.0,125.0,-39.0,-593.0,train
179,10_square,51,31,716.0,346.0,150.0,711.0,-566.0,365.0,train
180,10_square,29,68,897.0,551.0,704.0,579.0,-193.0,28.0,val
181,10_square,6,11,810.0,159.0,505.0,582.0,-305.0,423.0,train
182,10_square,7,6,259.0,298.0,595.0,782.0,336.0,484.0,train
183,10_square,8,44,693.0,682.0,478.0,424.0,-215.0,-258.0,test
184,10_square,20,40,859.0,384.0,247.0,847.0,-612.0,463.0,train
185,10_square,36,22,642.0,666.0,425.0,150.0,-217.0,-516.0,train
186,10_square,24,41,897.0,143.0,407.0,320.0,-490.0,177.0,train
187,10_square,42,21,670.0,280.0,406.0,452.0,-264.0,172.0,train
188,10_square,17,52,236.0,203.0,645.0,577.0,409.0,374.0,train
189,10_square,1,41,437.0,156.0,329.0,338.0,-108.0,182.0,test
190,10_square,36,4,177.0,551.0,868.0,114.0,691.0,-437.0,train
191,10_square,10,11,445.0,108.0,143.0,151.0,-302.0,43.0,train
192,10_square,29,33,857.0,694.0,504.0,616.0,-353.0,-78.0,train
193,10_square,45,30,169.0,333.0,320.0,647.0,151.0,314.0,train
194,10_square,52,41,167.0,273.0,122.0,362.0,-45.0,89.0,train
195,10_square,35,57,493.0,868.0,546.0,429.0,53.0,-439.0,train
196,10_square,52,51,429.0,491.0,573.0,809.0,144.0,318.0,val
197,10_square,51,7,570.0,363.0,455.0,231.0,-115.0,-132.0,train
198,10_square,55,50,188.0,615.0,249.0,815.0,61.0,200.0,train
199,10_square,52,66,166.0,744.0,813.0,644.0,647.0,-100.0,train
200,23_square,2,39,261.0,332.0,882.0,679.0,621.0,347.0,train
201,23_square,30,36,686.0,775.0,509.0,393.0,-177.0,-382.0,train
202,23_square,20,18,329.0,717.0,340.0,647.0,11.0,-70.0,train
203,23_square,44,10,360.0,130.0,875.0,661.0,515.0,531.0,test
204,23_square,46,28,627.0,280.0,620.0,566.0,-7.0,286.0,train
205,23_square,35,56,193.0,274.0,285.0,631.0,92.0,357.0,train
206,23_square,5,59,408.0,188.0,876.0,899.0,468.0,711.0,train
207,23_square,15,42,607.0,368.0,666.0,687.0,59.0,319.0,train
208,23_square,38,30,126.0,440.0,291.0,480.0,165.0,40.0,train
209,23_square,39,36,236.0,704.0,678.0,241.0,442.0,-463.0,train
210,23_square,13,48,626.0,813.0,452.0,818.0,-174.0,5.0,train
211,23_square,29,28,810.0,454.0,320.0,502.0,-490.0,48.0,train
212,23_square,29,52,594.0,445.0,534.0,313.0,-60.0,-132.0,val
213,23_square,39,17,689.0,794.0,150.0,493.0,-539.0,-301.0,val
214,23_square,20,60,399.0,186.0,360.0,892.0,-39.0,706.0,train
215,23_square,41,34,821.0,193.0,215.0,858.0,-606.0,665.0,train
216,23_square,25,68,308.0,548.0,489.0,413.0,181.0,-135.0,train
217,23_square,18,22,520.0,236.0,749.0,611.0,229.0,375.0,train
218,23_square,11,52,510.0,405.0,748.0,700.0,238.0,295.0,train
219,23_square,9,63,293.0,104.0,522.0,452.0,229.0,348.0,val
220,23_square,34,18,544.0,231.0,278.0,405.0,-266.0,174.0,train
221,23_square,3,66,115.0,253.0,146.0,632.0,31.0,379.0,train
222,23_square,28,36,878.0,783.0,440.0,736.0,-438.0,-47.0,train
223,23_square,37,12,452.0,138.0,768.0,738.0,316.0,600.0,train
224,23_square,36,49,774.0,427.0,773.0,576.0,-1.0,149.0,train
225,23_square,27,60,319.0,679.0,776.0,683.0,457.0,4.0,train
226,23_square,32,48,120.0,436.0,201.0,550.0,81.0,114.0,train
227,23_square,25,22,532.0,194.0,752.0,486.0,220.0,292.0,train
228,23_square,7,3,722.0,427.0,471.0,553.0,-251.0,126.0,train
229,23_square,27,11,629.0,177.0,117.0,123.0,-512.0,-54.0,train
230,23_square,64,26,254.0,228.0,759.0,593.0,505.0,365.0,train
231,23_square,17,43,415.0,379.0,858.0,867.0,443.0,488.0,test
232,23_square,66,45,445.0,448.0,709.0,722.0,264.0,274.0,train
233,23_square,9,68,239.0,475.0,132.0,595.0,-107.0,120.0,train
234,23_square,42,50,775.0,700.0,589.0,124.0,-186.0,-576.0,train
235,23_square,40,22,237.0,762.0,497.0,589.0,260.0,-173.0,test
236,23_square,37,26,215.0,564.0,744.0,480.0,529.0,-84.0,train
237,23_square,27,9,126.0,391.0,174.0,710.0,48.0,319.0,train
238,23_square,54,12,200.0,568.0,719.0,612.0,519.0,44.0,val
239,23_square,15,41,600.0,230.0,716.0,866.0,116.0,636.0,train
240,23_square,13,31,514.0,383.0,184.0,148.0,-330.0,-235.0,train
241,23_square,33,35,842.0,636.0,300.0,207.0,-542.0,-429.0,val
242,23_square,68,50,509.0,326.0,137.0,648.0,-372.0,322.0,test
243,23_square,16,60,244.0,610.0,343.0,277.0,99.0,-333.0,train
244,23_square,46,13,761.0,667.0,325.0,677.0,-436.0,10.0,train
245,23_square,43,67,758.0,801.0,831.0,190.0,73.0,-611.0,train
246,23_square,5,64,882.0,332.0,742.0,110.0,-140.0,-222.0,train
247,23_square,62,55,568.0,308.0,348.0,314.0,-220.0,6.0,train
248,23_square,68,16,505.0,705.0,799.0,855.0,294.0,150.0,train
249,23_square,22,26,564.0,162.0,175.0,336.0,-389.0,174.0,train
250,23_square,21,26,286.0,779.0,613.0,406.0,327.0,-373.0,train
251,23_square,40,64,586.0,565.0,504.0,115.0,-82.0,-450.0,val
252,23_square,67,48,407.0,320.0,290.0,188.0,-117.0,-132.0,train
253,23_square,15,16,124.0,539.0,848.0,299.0,724.0,-240.0,train
254,23_square,59,47,790.0,896.0,400.0,831.0,-390.0,-65.0,train
255,23_square,65,20,414.0,561.0,512.0,275.0,98.0,-286.0,train
256,23_square,6,12,366.0,789.0,843.0,293.0,477.0,-496.0,train
257,23_square,40,4,792.0,139.0,200.0,576.0,-592.0,437.0,train
258,23_square,59,22,174.0,485.0,410.0,869.0,236.0,384.0,train
259,23_square,37,44,542.0,200.0,465.0,828.0,-77.0,628.0,train
260,23_square,61,6,281.0,279.0,180.0,694.0,-101.0,415.0,train
261,23_square,5,6,855.0,765.0,782.0,676.0,-73.0,-89.0,train
262,23_square,5,5,341.0,431.0,799.0,513.0,458.0,82.0,train
263,23_square,38,36,438.0,746.0,538.0,789.0,100.0,43.0,train
264,23_square,15,22,204.0,117.0,650.0,624.0,446.0,507.0,train
265,23_square,41,19,721.0,834.0,272.0,711.0,-449.0,-123.0,train
266,23_square,32,47,766.0,295.0,824.0,200.0,58.0,-95.0,test
267,23_square,56,54,543.0,821.0,269.0,438.0,-274.0,-383.0,train
268,23_square,60,10,513.0,769.0,796.0,125.0,283.0,-644.0,val
269,23_square,68,23,891.0,824.0,432.0,831.0,-459.0,7.0,train
270,23_square,30,35,587.0,804.0,580.0,809.0,-7.0,5.0,test
271,23_square,59,26,611.0,157.0,865.0,551.0,254.0,394.0,train
272,23_square,57,29,193.0,105.0,295.0,164.0,102.0,59.0,train
273,23_square,34,3,354.0,492.0,634.0,894.0,280.0,402.0,train
274,23_square,9,39,291.0,881.0,311.0,364.0,20.0,-517.0,train
275,23_square,27,3,181.0,122.0,449.0,579.0,268.0,457.0,train
276,23_square,39,67,821.0,684.0,540.0,390.0,-281.0,-294.0,train
277,23_square,24,32,790.0,570.0,205.0,284.0,-585.0,-286.0,train
278,23_square,37,25,439.0,861.0,601.0,681.0,162.0,-180.0,train
279,23_square,6,46,533.0,317.0,210.0,532.0,-323.0,215.0,val
280,23_square,4,14,114.0,433.0,581.0,156.0,467.0,-277.0,train
281,23_square,18,21,614.0,895.0,606.0,271.0,-8.0,-624.0,train
282,23_square,26,48,331.0,488.0,713.0,151.0,382.0,-337.0,train
283,23_square,4,15,871.0,257.0,433.0,281.0,-438.0,24.0,train
284,23_square,64,41,769.0,601.0,213.0,692.0,-556.0,91.0,train
285,23_square,43,21,328.0,296.0,862.0,141.0,534.0,-155.0,val
286,23_square,44,19,549.0,322.0,612.0,306.0,63.0,-16.0,val
287,23_square,42,44,368.0,390.0,639.0,252.0,271.0,-138.0,train
288,23_square,66,63,891.0,287.0,571.0,596.0,-320.0,309.0,train
289,23_square,31,8,578.0,113.0,281.0,481.0,-297.0,368.0,train
290,23_square,22,15,354.0,114.0,297.0,485.0,-57.0,371.0,train
291,23_square,18,53,181.0,408.0,832.0,804.0,651.0,396.0,test
292,23_square,33,42,681.0,808.0,863.0,803.0,182.0,-5.0,train
293,23_square,36,32,577.0,231.0,735.0,800.0,158.0,569.0,train
294,23_square,9,57,166.0,164.0,751.0,551.0,585.0,387.0,val
295,23_square,6,43,120.0,185.0,290.0,357.0,170.0,172.0,val
296,23_square,46,57,666.0,242.0,823.0,385.0,157.0,143.0,train
297,23_square,25,60,878.0,533.0,472.0,309.0,-406.0,-224.0,train
298,23_square,33,6,196.0,809.0,273.0,877.0,77.0,68.0,train
299,23_square,11,41,274.0,322.0,804.0,222.0,530.0,-100.0,train
300,23_square,19,36,465.0,849.0,768.0,501.0,303.0,-348.0,train
301,23_square,25,56,718.0,842.0,743.0,505.0,25.0,-337.0,train
302,23_square,23,53,419.0,338.0,397.0,792.0,-22.0,454.0,train
303,23_square,2,26,112.0,267.0,227.0,717.0,115.0,450.0,train
304,23_square,5,48,871.0,471.0,554.0,880.0,-317.0,409.0,train
305,23_square,41,51,725.0,897.0,563.0,868.0,-162.0,-29.0,train
306,23_square,52,4,287.0,680.0,852.0,287.0,565.0,-393.0,train
307,23_square,38,47,354.0,687.0,109.0,898.0,-245.0,211.0,train
308,23_square,16,9,471.0,153.0,706.0,688.0,235.0,535.0,test
309,23_square,28,10,504.0,712.0,858.0,543.0,354.0,-169.0,val
310,23_square,50,9,174.0,305.0,298.0,822.0,124.0,517.0,train
311,23_square,49,64,332.0,735.0,261.0,348.0,-71.0,-387.0,train
312,23_square,5,50,773.0,425.0,231.0,126.0,-542.0,-299.0,train
313,23_square,11,28,210.0,438.0,672.0,592.0,462.0,154.0,test
314,23_square,0,50,577.0,427.0,570.0,576.0,-7.0,149.0,train
315,23_square,40,63,165.0,172.0,598.0,732.0,433.0,560.0,train
316,23_square,15,9,173.0,670.0,137.0,321.0,-36.0,-349.0,test
317,23_square,9,32,780.0,749.0,522.0,693.0,-258.0,-56.0,test
318,23_square,47,15,560.0,370.0,839.0,700.0,279.0,330.0,train
319,23_square,39,44,382.0,824.0,899.0,362.0,517.0,-462.0,train
320,23_square,35,59,684.0,244.0,559.0,867.0,-125.0,623.0,train
321,23_square,40,21,523.0,588.0,427.0,586.0,-96.0,-2.0,test
322,23_square,67,9,510.0,769.0,529.0,421.0,19.0,-348.0,train
323,23_square,54,0,762.0,265.0,136.0,698.0,-626.0,433.0,train
324,23_square,62,21,701.0,895.0,434.0,459.0,-267.0,-436.0,train
325,23_square,15,22,633.0,688.0,677.0,729.0,44.0,41.0,test
326,23_square,33,61,682.0,220.0,155.0,555.0,-527.0,335.0,test
327,23_square,10,2,271.0,748.0,589.0,797.0,318.0,49.0,val
328,23_square,50,54,309.0,183.0,856.0,259.0,547.0,76.0,train
329,23_square,58,45,822.0,731.0,364.0,394.0,-458.0,-337.0,train
330,23_square,47,30,607.0,540.0,397.0,707.0,-210.0,167.0,train
331,23_square,54,62,179.0,607.0,890.0,885.0,711.0,278.0,train
332,23_square,6,65,590.0,322.0,842.0,129.0,252.0,-193.0,train
333,23_square,27,12,478.0,243.0,593.0,854.0,115.0,611.0,train
334,23_square,63,41,286.0,248.0,671.0,276.0,385.0,28.0,train
335,23_square,16,21,739.0,639.0,635.0,813.0,-104.0,174.0,train
336,23_square,32,32,356.0,599.0,115.0,839.0,-241.0,240.0,val
337,23_square,6,33,389.0,267.0,529.0,411.0,140.0,144.0,train
338,23_square,68,1,433.0,795.0,900.0,274.0,467.0,-521.0,train
339,23_square,16,9,295.0,230.0,662.0,246.0,367.0,16.0,val
340,23_square,15,38,339.0,309.0,484.0,620.0,145.0,311.0,train
341,23_square,47,56,129.0,519.0,522.0,198.0,393.0,-321.0,train
342,23_square,42,15,341.0,655.0,411.0,804.0,70.0,149.0,train
343,23_square,58,40,287.0,170.0,612.0,227.0,325.0,57.0,train
344,23_square,18,3,512.0,425.0,565.0,842.0,53.0,417.0,train
345,23_square,32,53,393.0,450.0,377.0,123.0,-16.0,-327.0,train
346,23_square,64,10,778.0,401.0,438.0,492.0,-340.0,91.0,train
347,23_square,23,36,541.0,498.0,170.0,351.0,-371.0,-147.0,train
348,23_square,22,48,889.0,769.0,549.0,471.0,-340.0,-298.0,train
349,23_square,57,45,380.0,366.0,695.0,897.0,315.0,531.0,train
350,23_square,48,39,239.0,321.0,531.0,439.0,292.0,118.0,train
351,23_square,56,31,552.0,558.0,564.0,880.0,12.0,322.0,train
352,23_square,54,17,453.0,432.0,210.0,656.0,-243.0,224.0,train
353,23_square,13,50,491.0,394.0,538.0,824.0,47.0,430.0,test
354,23_square,14,31,328.0,490.0,282.0,427.0,-46.0,-63.0,train
355,23_square,24,4,198.0,529.0,830.0,380.0,632.0,-149.0,train
356,23_square,65,9,684.0,281.0,372.0,432.0,-312.0,151.0,train
357,23_square,48,16,755.0,847.0,728.0,318.0,-27.0,-529.0,val
358,23_square,45,1,757.0,537.0,735.0,856.0,-22.0,319.0,test
359,23_square,37,61,394.0,124.0,898.0,295.0,504.0,171.0,train
360,23_square,59,14,791.0,463.0,544.0,598.0,-247.0,135.0,train
361,23_square,18,29,111.0,148.0,113.0,563.0,2.0,415.0,train
362,23_square,22,66,880.0,882.0,510.0,779.0,-370.0,-103.0,train
363,23_square,39,20,524.0,267.0,707.0,310.0,183.0,43.0,test
364,23_square,23,53,809.0,317.0,270.0,571.0,-539.0,254.0,test
365,23_square,65,61,561.0,397.0,779.0,311.0,218.0,-86.0,train
366,23_square,52,5,679.0,900.0,355.0,651.0,-324.0,-249.0,train
367,23_square,40,8,853.0,454.0,455.0,467.0,-398.0,13.0,train
368,23_square,61,37,690.0,898.0,534.0,228.0,-156.0,-670.0,train
369,23_square,19,8,515.0,626.0,875.0,556.0,360.0,-70.0,train
370,23_square,68,26,301.0,359.0,881.0,425.0,580.0,66.0,val
371,23_square,36,18,433.0,150.0,661.0,430.0,228.0,280.0,train
372,23_square,53,3,588.0,353.0,538.0,691.0,-50.0,338.0,train
373,23_square,65,57,124.0,674.0,530.0,672.0,406.0,-2.0,val
374,23_square,63,36,667.0,882.0,823.0,729.0,156.0,-153.0,train
375,23_square,3,7,105.0,674.0,343.0,817.0,238.0,143.0,train
376,23_square,40,18,296.0,113.0,837.0,477.0,541.0,364.0,train
377,23_square,31,28,486.0,379.0,256.0,501.0,-230.0,122.0,test
378,23_square,61,5,521.0,182.0,646.0,774.0,125.0,592.0,train
379,23_square,25,29,589.0,835.0,166.0,386.0,-423.0,-449.0,train
380,23_square,29,3,521.0,654.0,542.0,797.0,21.0,143.0,train
381,23_square,63,55,445.0,327.0,817.0,489.0,372.0,162.0,train
382,23_square,30,54,412.0,494.0,201.0,278.0,-211.0,-216.0,train
383,23_square,36,47,159.0,159.0,843.0,155.0,684.0,-4.0,train
384,23_square,55,61,150.0,814.0,808.0,440.0,658.0,-374.0,train
385,23_square,23,21,316.0,328.0,859.0,205.0,543.0,-123.0,train
386,23_square,41,51,605.0,774.0,373.0,146.0,-232.0,-628.0,train
387,23_square,20,16,221.0,338.0,765.0,735.0,544.0,397.0,train
388,23_square,48,21,247.0,361.0,271.0,609.0,24.0,248.0,train
389,23_square,21,5,670.0,186.0,464.0,896.0,-206.0,710.0,test
390,23_square,12,11,409.0,755.0,802.0,399.0,393.0,-356.0,train
391,23_square,37,49,404.0,325.0,253.0,269.0,-151.0,-56.0,train
392,23_square,65,18,731.0,859.0,894.0,275.0,163.0,-584.0,train
393,23_square,25,6,750.0,240.0,792.0,451.0,42.0,211.0,test
394,23_square,12,5,813.0,841.0,212.0,426.0,-601.0,-415.0,train
395,23_square,45,28,549.0,487.0,554.0,357.0,5.0,-130.0,train
396,23_square,35,11,691.0,507.0,736.0,761.0,45.0,254.0,train
397,23_square,44,11,723.0,518.0,654.0,600.0,-69.0,82.0,train
398,23_square,18,49,505.0,111.0,797.0,593.0,292.0,482.0,train
399,23_square,45,18,310.0,487.0,874.0,661.0,564.0,174.0,train
400,18_square,24,28,294.0,696.0,181.0,719.0,-113.0,23.0,train
401,18_square,24,61,372.0,229.0,422.0,816.0,50.0,587.0,train
402,18_square,33,36,743.0,806.0,765.0,223.0,22.0,-583.0,train
403,18_square,2,56,684.0,229.0,736.0,221.0,52.0,-8.0,train
404,18_square,37,10,145.0,776.0,876.0,581.0,731.0,-195.0,train
405,18_square,60,39,693.0,748.0,327.0,106.0,-366.0,-642.0,train
406,18_square,11,57,353.0,375.0,391.0,237.0,38.0,-138.0,train
407,18_square,5,50,869.0,900.0,487.0,514.0,-382.0,-386.0,test
408,18_square,14,49,744.0,460.0,600.0,737.0,-144.0,277.0,train
409,18_square,52,7,167.0,633.0,562.0,318.0,395.0,-315.0,val
410,18_square,34,5,514.0,442.0,285.0,138.0,-229.0,-304.0,train
411,18_square,48,5,425.0,694.0,806.0,834.0,381.0,140.0,train
412,18_square,6,36,109.0,632.0,117.0,447.0,8.0,-185.0,train
413,18_square,61,49,413.0,508.0,601.0,480.0,188.0,-28.0,train
414,18_square,21,31,494.0,815.0,437.0,202.0,-57.0,-613.0,train
415,18_square,61,33,504.0,336.0,163.0,361.0,-341.0,25.0,train
416,18_square,66,9,495.0,240.0,405.0,728.0,-90.0,488.0,train
417,18_square,32,8,538.0,473.0,841.0,549.0,303.0,76.0,test
418,18_square,56,34,733.0,866.0,770.0,490.0,37.0,-376.0,train
419,18_square,55,37,646.0,431.0,375.0,388.0,-271.0,-43.0,val
420,18_square,47,51,222.0,870.0,244.0,262.0,22.0,-608.0,test
421,18_square,27,1,830.0,117.0,517.0,594.0,-313.0,477.0,train
422,18_square,58,6,806.0,816.0,357.0,479.0,-449.0,-337.0,train
423,18_square,0,29,226.0,226.0,805.0,183.0,579.0,-43.0,train
424,18_square,14,47,481.0,761.0,353.0,652.0,-128.0,-109.0,val
425,18_square,1,68,888.0,749.0,578.0,275.0,-310.0,-474.0,train
426,18_square,22,22,143.0,681.0,263.0,881.0,120.0,200.0,train
427,18_square,23,52,411.0,782.0,373.0,498.0,-38.0,-284.0,train
428,18_square,49,42,589.0,222.0,293.0,774.0,-296.0,552.0,train
429,18_square,61,22,543.0,688.0,350.0,360.0,-193.0,-328.0,test
430,18_square,23,47,747.0,239.0,866.0,699.0,119.0,460.0,test
431,18_square,12,47,616.0,555.0,449.0,472.0,-167.0,-83.0,train
432,18_square,15,65,567.0,865.0,424.0,876.0,-143.0,11.0,train
433,18_square,32,14,864.0,657.0,359.0,565.0,-505.0,-92.0,train
434,18_square,41,66,378.0,278.0,210.0,357.0,-168.0,79.0,train
435,18_square,16,24,682.0,730.0,176.0,263.0,-506.0,-467.0,train
436,18_square,25,11,227.0,311.0,609.0,112.0,382.0,-199.0,test
437,18_square,27,48,240.0,587.0,882.0,559.0,642.0,-28.0,val
438,18_square,7,11,551.0,435.0,848.0,585.0,297.0,150.0,train
439,18_square,1,56,507.0,554.0,445.0,747.0,-62.0,193.0,val
440,18_square,6,68,594.0,610.0,693.0,516.0,99.0,-94.0,train
441,18_square,9,7,790.0,683.0,668.0,708.0,-122.0,25.0,train
442,18_square,45,34,274.0,859.0,432.0,657.0,158.0,-202.0,test
443,18_square,17,37,699.0,599.0,873.0,281.0,174.0,-318.0,test
444,18_square,10,60,634.0,163.0,791.0,257.0,157.0,94.0,train
445,18_square,52,53,659.0,115.0,796.0,359.0,137.0,244.0,train
446,18_square,41,22,251.0,527.0,161.0,845.0,-90.0,318.0,val
447,18_square,29,64,499.0,428.0,837.0,554.0,338.0,126.0,train
448,18_square,58,13,839.0,294.0,350.0,301.0,-489.0,7.0,test
449,18_square,63,51,843.0,573.0,798.0,379.0,-45.0,-194.0,train
450,18_square,42,55,779.0,821.0,628.0,384.0,-151.0,-437.0,train
451,18_square,12,0,676.0,119.0,712.0,667.0,36.0,548.0,train
452,18_square,66,0,463.0,802.0,418.0,899.0,-45.0,97.0,train
453,18_square,49,62,329.0,246.0,574.0,781.0,245.0,535.0,train
454,18_square,60,23,384.0,703.0,153.0,318.0,-231.0,-385.0,val
455,18_square,49,19,408.0,552.0,258.0,246.0,-150.0,-306.0,test
456,18_square,7,66,233.0,139.0,791.0,718.0,558.0,579.0,train
457,18_square,34,66,527.0,650.0,351.0,348.0,-176.0,-302.0,train
458,18_square,42,65,688.0,270.0,213.0,799.0,-475.0,529.0,train
459,18_square,10,24,247.0,128.0,505.0,261.0,258.0,133.0,train
460,18_square,9,39,435.0,223.0,711.0,737.0,276.0,514.0,train
461,18_square,49,39,269.0,265.0,791.0,766.0,522.0,501.0,train
462,18_square,8,17,763.0,715.0,254.0,827.0,-509.0,112.0,train
463,18_square,26,23,339.0,550.0,566.0,188.0,227.0,-362.0,train
464,18_square,35,56,376.0,309.0,517.0,698.0,141.0,389.0,train
465,18_square,64,7,411.0,471.0,176.0,343.0,-235.0,-128.0,train
466,18_square,3,1,435.0,704.0,687.0,798.0,252.0,94.0,train
467,18_square,4,34,780.0,891.0,735.0,434.0,-45.0,-457.0,train
468,18_square,3,33,541.0,461.0,159.0,618.0,-382.0,157.0,test
469,18_square,10,52,746.0,426.0,427.0,744.0,-319.0,318.0,train
470,18_square,14,52,335.0,711.0,219.0,739.0,-116.0,28.0,train
471,18_square,21,14,313.0,669.0,323.0,232.0,10.0,-437.0,train
472,18_square,51,45,446.0,385.0,719.0,627.0,273.0,242.0,train
473,18_square,2,6,640.0,891.0,643.0,650.0,3.0,-241.0,train
474,18_square,23,42,572.0,290.0,244.0,476.0,-328.0,186.0,train
475,18_square,23,20,808.0,826.0,176.0,671.0,-632.0,-155.0,train
476,18_square,14,64,895.0,437.0,337.0,879.0,-558.0,442.0,test
477,18_square,16,21,205.0,150.0,718.0,622.0,513.0,472.0,train
478,18_square,66,22,131.0,717.0,341.0,501.0,210.0,-216.0,test
479,18_square,2,20,753.0,150.0,355.0,595.0,-398.0,445.0,test
480,18_square,23,22,399.0,485.0,813.0,139.0,414.0,-346.0,train
481,18_square,34,46,666.0,406.0,783.0,357.0,117.0,-49.0,train
482,18_square,8,68,421.0,501.0,834.0,115.0,413.0,-386.0,train
483,18_square,41,5,139.0,269.0,525.0,305.0,386.0,36.0,val
484,18_square,53,62,370.0,450.0,257.0,242.0,-113.0,-208.0,train
485,18_square,58,45,140.0,362.0,384.0,644.0,244.0,282.0,train
486,18_square,11,10,755.0,290.0,259.0,145.0,-496.0,-145.0,train
487,18_square,35,25,312.0,799.0,139.0,372.0,-173.0,-427.0,train
488,18_square,62,58,658.0,363.0,439.0,756.0,-219.0,393.0,train
489,18_square,33,62,420.0,377.0,368.0,399.0,-52.0,22.0,test
490,18_square,8,2,465.0,794.0,726.0,785.0,261.0,-9.0,train
491,18_square,61,13,702.0,824.0,892.0,348.0,190.0,-476.0,train
492,18_square,15,26,479.0,215.0,220.0,344.0,-259.0,129.0,val
493,18_square,0,16,250.0,869.0,431.0,260.0,181.0,-609.0,train
494,18_square,2,29,386.0,642.0,248.0,393.0,-138.0,-249.0,train
495,18_square,35,60,643.0,812.0,764.0,492.0,121.0,-320.0,train
496,18_square,54,4,130.0,584.0,455.0,248.0,325.0,-336.0,train
497,18_square,40,59,549.0,260.0,799.0,847.0,250.0,587.0,train
498,18_square,30,32,496.0,460.0,810.0,885.0,314.0,425.0,train
499,18_square,61,32,177.0,194.0,816.0,178.0,639.0,-16.0,train
500,18_square,45,45,618.0,186.0,845.0,546.0,227.0,360.0,train
501,18_square,68,12,701.0,174.0,766.0,106.0,65.0,-68.0,train
502,18_square,55,54,545.0,395.0,414.0,194.0,-131.0,-201.0,train
503,18_square,52,36,544.0,794.0,616.0,216.0,72.0,-578.0,train
504,18_square,25,0,657.0,821.0,542.0,558.0,-115.0,-263.0,train
505,18_square,58,45,191.0,548.0,436.0,876.0,245.0,328.0,train
506,18_square,52,0,539.0,759.0,841.0,181.0,302.0,-578.0,train
507,18_square,55,12,301.0,395.0,199.0,558.0,-102.0,163.0,train
508,18_square,12,38,601.0,429.0,780.0,577.0,179.0,148.0,test
509,18_square,28,48,332.0,681.0,677.0,275.0,345.0,-406.0,train
510,18_square,66,37,116.0,426.0,335.0,568.0,219.0,142.0,train
511,18_square,47,68,362.0,387.0,866.0,420.0,504.0,33.0,train
512,18_square,68,46,663.0,777.0,229.0,270.0,-434.0,-507.0,test
513,18_square,51,15,425.0,647.0,298.0,345.0,-127.0,-302.0,train
514,18_square,27,23,621.0,430.0,331.0,789.0,-290.0,359.0,train
515,18_square,2,38,135.0,246.0,269.0,727.0,134.0,481.0,train
516,18_square,47,24,148.0,806.0,578.0,794.0,430.0,-12.0,train
517,18_square,8,6,160.0,167.0,894.0,704.0,734.0,537.0,train
518,18_square,57,51,447.0,333.0,131.0,836.0,-316.0,503.0,train
519,18_square,50,28,531.0,798.0,183.0,278.0,-348.0,-520.0,train
520,18_square,37,29,530.0,445.0,187.0,331.0,-343.0,-114.0,train
521,18_square,28,25,783.0,268.0,271.0,420.0,-512.0,152.0,val
522,18_square,33,27,900.0,896.0,560.0,342.0,-340.0,-554.0,test
523,18_square,19,32,628.0,783.0,545.0,157.0,-83.0,-626.0,train
524,18_square,22,36,624.0,684.0,229.0,885.0,-395.0,201.0,train
525,18_square,46,6,538.0,524.0,499.0,243.0,-39.0,-281.0,train
526,18_square,68,21,424.0,514.0,549.0,281.0,125.0,-233.0,val
527,18_square,45,17,680.0,864.0,148.0,314.0,-532.0,-550.0,test
528,18_square,5,40,737.0,621.0,270.0,328.0,-467.0,-293.0,train
529,18_square,23,41,439.0,232.0,558.0,669.0,119.0,437.0,train
530,18_square,34,63,427.0,778.0,561.0,864.0,134.0,86.0,train
531,18_square,49,7,122.0,487.0,613.0,325.0,491.0,-162.0,train
532,18_square,49,63,330.0,586.0,635.0,744.0,305.0,158.0,train
533,18_square,14,65,782.0,103.0,276.0,654.0,-506.0,551.0,train
534,18_square,43,52,869.0,178.0,664.0,407.0,-205.0,229.0,train
535,18_square,11,26,487.0,825.0,453.0,748.0,-34.0,-77.0,train
536,18_square,1,25,263.0,456.0,149.0,127.0,-114.0,-329.0,train
537,18_square,24,36,141.0,724.0,750.0,831.0,609.0,107.0,train
538,18_square,43,37,428.0,498.0,331.0,312.0,-97.0,-186.0,train
539,18_square,28,40,150.0,678.0,669.0,292.0,519.0,-386.0,train
540,18_square,28,21,453.0,147.0,299.0,379.0,-154.0,232.0,test
541,18_square,15,68,566.0,128.0,313.0,434.0,-253.0,306.0,train
542,18_square,28,15,639.0,719.0,885.0,191.0,246.0,-528.0,test
543,18_square,28,43,592.0,770.0,891.0,343.0,299.0,-427.0,train
544,18_square,4,45,453.0,210.0,490.0,385.0,37.0,175.0,test
545,18_square,10,33,572.0,734.0,577.0,659.0,5.0,-75.0,train
546,18_square,64,19,479.0,106.0,549.0,685.0,70.0,579.0,train
547,18_square,52,2,172.0,419.0,662.0,524.0,490.0,105.0,train
548,18_square,44,55,598.0,849.0,117.0,416.0,-481.0,-433.0,train
549,18_square,18,37,187.0,209.0,255.0,287.0,68.0,78.0,train
550,18_square,18,50,167.0,412.0,106.0,569.0,-61.0,157.0,train
551,18_square,62,52,174.0,103.0,605.0,877.0,431.0,774.0,train
552,18_square,42,41,732.0,674.0,861.0,795.0,129.0,121.0,train
553,18_square,17,24,816.0,175.0,103.0,465.0,-713.0,290.0,val
554,18_square,20,8,599.0,138.0,398.0,447.0,-201.0,309.0,train
555,18_square,49,28,729.0,709.0,382.0,255.0,-347.0,-454.0,val
556,18_square,19,2,581.0,821.0,690.0,250.0,109.0,-571.0,test
557,18_square,3,19,190.0,500.0,255.0,383.0,65.0,-117.0,train
558,18_square,30,23,419.0,774.0,822.0,850.0,403.0,76.0,train
559,18_square,31,31,695.0,498.0,560.0,338.0,-135.0,-160.0,train
560,18_square,38,38,127.0,145.0,638.0,277.0,511.0,132.0,train
561,18_square,31,16,579.0,808.0,873.0,439.0,294.0,-369.0,train
562,18_square,3,1,303.0,545.0,247.0,482.0,-56.0,-63.0,train
563,18_square,23,63,106.0,535.0,359.0,570.0,253.0,35.0,val
564,18_square,5,48,647.0,293.0,136.0,843.0,-511.0,550.0,train
565,18_square,17,29,182.0,182.0,228.0,557.0,46.0,375.0,val
566,18_square,40,34,450.0,587.0,312.0,194.0,-138.0,-393.0,test
567,18_square,25,31,196.0,744.0,546.0,387.0,350.0,-357.0,train
568,18_square,43,33,179.0,580.0,335.0,635.0,156.0,55.0,train
569,18_square,20,31,848.0,449.0,234.0,536.0,-614.0,87.0,val
570,18_square,22,61,388.0,391.0,194.0,622.0,-194.0,231.0,train
571,18_square,46,54,308.0,142.0,199.0,234.0,-109.0,92.0,train
572,18_square,12,17,494.0,632.0,757.0,762.0,263.0,130.0,train
573,18_square,47,42,261.0,602.0,261.0,150.0,0.0,-452.0,train
574,18_square,4,61,811.0,672.0,609.0,867.0,-202.0,195.0,train
575,18_square,58,3,697.0,357.0,695.0,168.0,-2.0,-189.0,train
576,18_square,28,2,395.0,822.0,383.0,420.0,-12.0,-402.0,train
577,18_square,48,2,729.0,851.0,894.0,420.0,165.0,-431.0,train
578,18_square,2,9,198.0,363.0,289.0,330.0,91.0,-33.0,test
579,18_square,59,32,402.0,302.0,777.0,314.0,375.0,12.0,train
580,18_square,52,55,700.0,439.0,242.0,526.0,-458.0,87.0,train
581,18_square,40,55,193.0,775.0,189.0,153.0,-4.0,-622.0,train
582,18_square,18,66,165.0,535.0,169.0,390.0,4.0,-145.0,train
583,18_square,25,30,139.0,642.0,139.0,273.0,0.0,-369.0,train
584,18_square,7,65,725.0,731.0,242.0,170.0,-483.0,-561.0,train
585,18_square,19,21,576.0,297.0,876.0,667.0,300.0,370.0,train
586,18_square,13,4,683.0,122.0,865.0,427.0,182.0,305.0,val
587,18_square,38,23,729.0,301.0,115.0,318.0,-614.0,17.0,train
588,18_square,68,2,607.0,391.0,295.0,544.0,-312.0,153.0,test
589,18_square,58,20,546.0,466.0,714.0,584.0,168.0,118.0,train
590,18_square,22,20,666.0,596.0,332.0,254.0,-334.0,-342.0,train
591,18_square,67,7,406.0,742.0,822.0,638.0,416.0,-104.0,test
592,18_square,41,0,737.0,566.0,268.0,733.0,-469.0,167.0,val
593,18_square,63,46,272.0,680.0,285.0,860.0,13.0,180.0,train
594,18_square,25,11,302.0,391.0,796.0,842.0,494.0,451.0,train
595,18_square,0,13,288.0,472.0,891.0,788.0,603.0,316.0,train
596,18_square,59,55,477.0,301.0,855.0,541.0,378.0,240.0,val
597,18_square,22,40,768.0,710.0,197.0,573.0,-571.0,-137.0,train
598,18_square,10,56,264.0,310.0,874.0,135.0,610.0,-175.0,train
599,18_square,37,36,884.0,377.0,243.0,403.0,-641.0,26.0,train
600,9_square,39,0,593.0,867.0,707.0,549.0,114.0,-318.0,train
601,9_square,5,34,580.0,380.0,385.0,482.0,-195.0,102.0,train
602,9_square,7,44,537.0,687.0,229.0,193.0,-308.0,-494.0,train
603,9_square,17,57,515.0,860.0,532.0,770.0,17.0,-90.0,val
604,9_square,58,19,256.0,881.0,121.0,798.0,-135.0,-83.0,train
605,9_square,22,41,447.0,600.0,531.0,685.0,84.0,85.0,train
606,9_square,3,17,290.0,549.0,470.0,145.0,180.0,-404.0,train
607,9_square,53,30,311.0,662.0,711.0,202.0,400.0,-460.0,train
608,9_square,43,54,366.0,304.0,733.0,798.0,367.0,494.0,train
609,9_square,10,37,592.0,718.0,666.0,868.0,74.0,150.0,train
610,9_square,33,31,447.0,653.0,628.0,778.0,181.0,125.0,train
611,9_square,19,17,117.0,201.0,382.0,796.0,265.0,595.0,train
612,9_square,68,64,734.0,586.0,654.0,450.0,-80.0,-136.0,train
613,9_square,35,16,575.0,405.0,144.0,883.0,-431.0,478.0,train
614,9_square,16,4,326.0,454.0,292.0,750.0,-34.0,296.0,train
615,9_square,20,44,357.0,639.0,161.0,173.0,-196.0,-466.0,val
616,9_square,49,30,211.0,689.0,562.0,871.0,351.0,182.0,train
617,9_square,31,6,480.0,696.0,703.0,299.0,223.0,-397.0,test
618,9_square,49,53,398.0,535.0,702.0,206.0,304.0,-329.0,val
619,9_square,15,67,470.0,172.0,147.0,260.0,-323.0,88.0,train
620,9_square,62,10,618.0,328.0,555.0,110.0,-63.0,-218.0,train
621,9_square,40,60,770.0,650.0,204.0,104.0,-566.0,-546.0,train
622,9_square,13,16,481.0,161.0,227.0,704.0,-254.0,543.0,train
623,9_square,19,26,226.0,580.0,373.0,451.0,147.0,-129.0,train
624,9_square,50,33,412.0,613.0,436.0,446.0,24.0,-167.0,val
625,9_square,57,56,486.0,209.0,229.0,635.0,-257.0,426.0,train
626,9_square,28,33,211.0,185.0,201.0,802.0,-10.0,617.0,train
627,9_square,50,17,820.0,660.0,430.0,540.0,-390.0,-120.0,train
628,9_square,63,5,879.0,805.0,199.0,879.0,-680.0,74.0,train
629,9_square,14,58,508.0,602.0,619.0,124.0,111.0,-478.0,train
630,9_square,61,34,336.0,219.0,318.0,125.0,-18.0,-94.0,train
631,9_square,64,17,121.0,551.0,850.0,612.0,729.0,61.0,train
632,9_square,26,11,788.0,195.0,789.0,518.0,1.0,323.0,train
633,9_square,61,46,831.0,311.0,572.0,140.0,-259.0,-171.0,test
634,9_square,47,18,701.0,852.0,433.0,376.0,-268.0,-476.0,train
635,9_square,29,53,624.0,828.0,487.0,118.0,-137.0,-710.0,train
636,9_square,8,41,127.0,746.0,111.0,519.0,-16.0,-227.0,val
637,9_square,30,43,664.0,708.0,853.0,830.0,189.0,122.0,train
638,9_square,57,19,285.0,829.0,624.0,424.0,339.0,-405.0,train
639,9_square,28,50,242.0,484.0,802.0,155.0,560.0,-329.0,train
640,9_square,43,54,756.0,557.0,820.0,734.0,64.0,177.0,train
641,9_square,67,31,806.0,631.0,701.0,538.0,-105.0,-93.0,val
642,9_square,10,28,173.0,425.0,481.0,101.0,308.0,-324.0,train
643,9_square,51,31,274.0,641.0,897.0,207.0,623.0,-434.0,train
644,9_square,4,48,787.0,530.0,304.0,535.0,-483.0,5.0,train
645,9_square,48,41,178.0,849.0,157.0,708.0,-21.0,-141.0,train
646,9_square,42,36,832.0,613.0,174.0,554.0,-658.0,-59.0,train
647,9_square,36,11,392.0,405.0,139.0,573.0,-253.0,168.0,train
648,9_square,56,50,263.0,830.0,300.0,324.0,37.0,-506.0,train
649,9_square,28,38,733.0,208.0,892.0,714.0,159.0,506.0,test
650,9_square,44,3,842.0,663.0,449.0,127.0,-393.0,-536.0,train
651,9_square,42,23,219.0,288.0,783.0,660.0,564.0,372.0,train
652,9_square,38,16,125.0,210.0,646.0,303.0,521.0,93.0,train
653,9_square,52,5,409.0,860.0,822.0,785.0,413.0,-75.0,val
654,9_square,15,33,109.0,145.0,885.0,891.0,776.0,746.0,train
655,9_square,55,24,544.0,515.0,440.0,482.0,-104.0,-33.0,train
656,9_square,10,21,740.0,861.0,208.0,403.0,-532.0,-458.0,train
657,9_square,11,33,771.0,602.0,737.0,477.0,-34.0,-125.0,train
658,9_square,17,59,539.0,263.0,879.0,437.0,340.0,174.0,train
659,9_square,58,58,739.0,320.0,866.0,764.0,127.0,444.0,train
660,9_square,34,62,537.0,769.0,337.0,531.0,-200.0,-238.0,train
661,9_square,24,11,753.0,674.0,559.0,360.0,-194.0,-314.0,train
662,9_square,18,16,466.0,304.0,387.0,733.0,-79.0,429.0,val
663,9_square,63,68,697.0,456.0,558.0,137.0,-139.0,-319.0,train
664,9_square,51,60,580.0,359.0,764.0,471.0,184.0,112.0,train
665,9_square,20,43,813.0,831.0,390.0,849.0,-423.0,18.0,train
666,9_square,52,35,341.0,774.0,844.0,163.0,503.0,-611.0,train
667,9_square,7,28,163.0,501.0,335.0,278.0,172.0,-223.0,train
668,9_square,12,44,486.0,291.0,514.0,857.0,28.0,566.0,val
669,9_square,23,49,822.0,839.0,769.0,243.0,-53.0,-596.0,train
670,9_square,49,56,423.0,434.0,592.0,404.0,169.0,-30.0,train
671,9_square,16,52,267.0,175.0,778.0,474.0,511.0,299.0,train
672,9_square,61,42,843.0,361.0,830.0,105.0,-13.0,-256.0,train
673,9_square,59,38,730.0,696.0,304.0,226.0,-426.0,-470.0,train
674,9_square,6,63,276.0,678.0,465.0,196.0,189.0,-482.0,train
675,9_square,38,61,791.0,475.0,785.0,625.0,-6.0,150.0,train
676,9_square,24,17,492.0,378.0,245.0,510.0,-247.0,132.0,train
677,9_square,19,2,894.0,158.0,340.0,478.0,-554.0,320.0,val
678,9_square,27,54,727.0,748.0,102.0,655.0,-625.0,-93.0,train
679,9_square,52,14,384.0,509.0,695.0,603.0,311.0,94.0,train
680,9_square,12,48,293.0,222.0,496.0,783.0,203.0,561.0,train
681,9_square,46,50,242.0,376.0,535.0,294.0,293.0,-82.0,train
682,9_square,1,53,613.0,718.0,574.0,533.0,-39.0,-185.0,train
683,9_square,13,64,460.0,361.0,757.0,161.0,297.0,-200.0,test
684,9_square,50,9,293.0,615.0,603.0,382.0,310.0,-233.0,train
685,9_square,5,43,491.0,193.0,403.0,429.0,-88.0,236.0,train
686,9_square,13,49,255.0,866.0,398.0,280.0,143.0,-586.0,train
687,9_square,53,36,669.0,293.0,745.0,433.0,76.0,140.0,test
688,9_square,33,40,743.0,336.0,485.0,117.0,-258.0,-219.0,train
689,9_square,68,51,801.0,393.0,733.0,327.0,-68.0,-66.0,train
690,9_square,59,58,581.0,149.0,831.0,839.0,250.0,690.0,train
691,9_square,26,67,557.0,299.0,863.0,837.0,306.0,538.0,train
692,9_square,66,57,628.0,721.0,177.0,198.0,-451.0,-523.0,train
693,9_square,26,20,433.0,589.0,736.0,139.0,303.0,-450.0,test
694,9_square,54,48,819.0,316.0,710.0,351.0,-109.0,35.0,train
695,9_square,6,57,334.0,683.0,797.0,845.0,463.0,162.0,train
696,9_square,7,60,810.0,295.0,713.0,236.0,-97.0,-59.0,train
697,9_square,60,10,851.0,635.0,605.0,580.0,-246.0,-55.0,test
698,9_square,49,61,153.0,782.0,425.0,416.0,272.0,-366.0,test
699,9_square,45,9,228.0,133.0,498.0,752.0,270.0,619.0,train
700,9_square,68,25,137.0,482.0,545.0,883.0,408.0,401.0,train
701,9_square,58,48,659.0,575.0,758.0,894.0,99.0,319.0,train
702,9_square,21,0,166.0,300.0,481.0,439.0,315.0,139.0,train
703,9_square,66,32,892.0,214.0,273.0,197.0,-619.0,-17.0,val
704,9_square,29,56,881.0,789.0,345.0,428.0,-536.0,-361.0,train
705,9_square,68,27,397.0,428.0,480.0,804.0,83.0,376.0,train
706,9_square,66,7,613.0,449.0,374.0,848.0,-239.0,399.0,train
707,9_square,63,36,120.0,399.0,399.0,149.0,279.0,-250.0,val
708,9_square,22,29,844.0,629.0,706.0,683.0,-138.0,54.0,train
709,9_square,47,35,645.0,581.0,359.0,732.0,-286.0,151.0,train
710,9_square,23,5,711.0,171.0,358.0,545.0,-353.0,374.0,train
711,9_square,28,1,526.0,821.0,419.0,631.0,-107.0,-190.0,val
712,9_square,64,13,797.0,162.0,414.0,652.0,-383.0,490.0,train
713,9_square,65,32,575.0,587.0,807.0,444.0,232.0,-143.0,train
714,9_square,37,13,700.0,309.0,495.0,812.0,-205.0,503.0,val
715,9_square,64,34,557.0,226.0,795.0,873.0,238.0,647.0,test
716,9_square,55,24,577.0,510.0,379.0,705.0,-198.0,195.0,train
717,9_square,28,63,179.0,579.0,116.0,592.0,-63.0,13.0,train
718,9_square,30,17,526.0,427.0,370.0,646.0,-156.0,219.0,train
719,9_square,0,21,148.0,406.0,328.0,103.0,180.0,-303.0,train
720,9_square,43,51,736.0,183.0,647.0,100.0,-89.0,-83.0,train
721,9_square,7,41,218.0,554.0,315.0,757.0,97.0,203.0,val
722,9_square,8,67,798.0,892.0,800.0,444.0,2.0,-448.0,val
723,9_square,3,50,383.0,473.0,789.0,843.0,406.0,370.0,train
724,9_square,40,43,669.0,578.0,466.0,892.0,-203.0,314.0,train
725,9_square,31,58,563.0,149.0,312.0,522.0,-251.0,373.0,train
726,9_square,60,49,211.0,665.0,631.0,554.0,420.0,-111.0,train
727,9_square,52,49,665.0,407.0,503.0,363.0,-162.0,-44.0,train
728,9_square,50,42,749.0,792.0,137.0,858.0,-612.0,66.0,test
729,9_square,9,60,629.0,341.0,511.0,121.0,-118.0,-220.0,test
730,9_square,12,29,164.0,549.0,854.0,436.0,690.0,-113.0,train
731,9_square,54,33,481.0,698.0,156.0,325.0,-325.0,-373.0,train
732,9_square,1,50,146.0,427.0,540.0,900.0,394.0,473.0,train
733,9_square,38,14,802.0,405.0,491.0,261.0,-311.0,-144.0,test
734,9_square,22,43,496.0,454.0,142.0,440.0,-354.0,-14.0,train
735,9_square,35,45,599.0,150.0,509.0,721.0,-90.0,571.0,train
736,9_square,59,51,322.0,358.0,507.0,847.0,185.0,489.0,train
737,9_square,53,3,702.0,900.0,873.0,222.0,171.0,-678.0,train
738,9_square,25,33,695.0,282.0,630.0,254.0,-65.0,-28.0,train
739,9_square,60,7,839.0,345.0,353.0,808.0,-486.0,463.0,test
740,9_square,56,50,695.0,249.0,165.0,184.0,-530.0,-65.0,train
741,9_square,33,25,869.0,152.0,361.0,837.0,-508.0,685.0,train
742,9_square,20,47,812.0,134.0,833.0,878.0,21.0,744.0,train
743,9_square,1,27,168.0,806.0,780.0,108.0,612.0,-698.0,train
744,9_square,52,9,441.0,499.0,754.0,340.0,313.0,-159.0,train
745,9_square,42,43,833.0,186.0,786.0,839.0,-47.0,653.0,test
746,9_square,18,21,884.0,718.0,231.0,581.0,-653.0,-137.0,test
747,9_square,5,13,593.0,477.0,283.0,286.0,-310.0,-191.0,train
748,9_square,32,5,604.0,770.0,331.0,803.0,-273.0,33.0,train
749,9_square,14,48,328.0,155.0,573.0,439.0,245.0,284.0,train
750,9_square,35,64,463.0,779.0,210.0,257.0,-253.0,-522.0,train
751,9_square,65,7,872.0,530.0,361.0,832.0,-511.0,302.0,train
752,9_square,61,3,555.0,763.0,628.0,419.0,73.0,-344.0,train
753,9_square,23,28,647.0,744.0,817.0,780.0,170.0,36.0,train
754,9_square,21,67,863.0,144.0,207.0,872.0,-656.0,728.0,val
755,9_square,37,27,137.0,385.0,613.0,128.0,476.0,-257.0,val
756,9_square,41,0,791.0,412.0,532.0,852.0,-259.0,440.0,train
757,9_square,20,39,690.0,443.0,827.0,479.0,137.0,36.0,train
758,9_square,66,15,447.0,558.0,682.0,160.0,235.0,-398.0,test
759,9_square,11,21,774.0,866.0,564.0,543.0,-210.0,-323.0,train
760,9_square,46,68,875.0,350.0,625.0,351.0,-250.0,1.0,train
761,9_square,40,45,808.0,319.0,802.0,623.0,-6.0,304.0,val
762,9_square,20,28,830.0,368.0,154.0,582.0,-676.0,214.0,train
763,9_square,66,27,345.0,455.0,488.0,561.0,143.0,106.0,test
764,9_square,16,16,133.0,386.0,162.0,398.0,29.0,12.0,train
765,9_square,29,20,750.0,832.0,556.0,594.0,-194.0,-238.0,train
766,9_square,21,55,834.0,638.0,476.0,246.0,-358.0,-392.0,val
767,9_square,26,27,516.0,212.0,671.0,896.0,155.0,684.0,train
768,9_square,28,3,582.0,867.0,154.0,556.0,-428.0,-311.0,train
769,9_square,66,5,508.0,773.0,406.0,718.0,-102.0,-55.0,train
770,9_square,68,22,230.0,139.0,672.0,310.0,442.0,171.0,train
771,9_square,64,40,225.0,101.0,182.0,107.0,-43.0,6.0,train
772,9_square,61,30,269.0,478.0,841.0,673.0,572.0,195.0,test
773,9_square,44,67,232.0,417.0,351.0,748.0,119.0,331.0,train
774,9_square,32,37,468.0,116.0,746.0,868.0,278.0,752.0,train
775,9_square,52,27,123.0,530.0,506.0,193.0,383.0,-337.0,train
776,9_square,19,45,177.0,635.0,361.0,789.0,184.0,154.0,train
777,9_square,8,38,410.0,710.0,197.0,795.0,-213.0,85.0,test
778,9_square,39,21,681.0,624.0,299.0,836.0,-382.0,212.0,val
779,9_square,3,54,308.0,789.0,862.0,339.0,554.0,-450.0,train
780,9_square,14,34,241.0,591.0,461.0,821.0,220.0,230.0,train
781,9_square,11,17,329.0,313.0,592.0,283.0,263.0,-30.0,train
782,9_square,42,32,648.0,276.0,823.0,496.0,175.0,220.0,train
783,9_square,62,62,649.0,730.0,849.0,523.0,200.0,-207.0,train
784,9_square,41,65,490.0,128.0,491.0,813.0,1.0,685.0,train
785,9_square,54,10,621.0,299.0,615.0,350.0,-6.0,51.0,train
786,9_square,16,3,216.0,779.0,765.0,665.0,549.0,-114.0,val
787,9_square,1,68,532.0,405.0,397.0,112.0,-135.0,-293.0,train
788,9_square,12,30,614.0,490.0,366.0,346.0,-248.0,-144.0,train
789,9_square,66,59,158.0,489.0,143.0,854.0,-15.0,365.0,val
790,9_square,31,66,300.0,827.0,592.0,639.0,292.0,-188.0,train
791,9_square,22,44,235.0,589.0,345.0,579.0,110.0,-10.0,train
792,9_square,23,15,700.0,743.0,206.0,345.0,-494.0,-398.0,train
793,9_square,20,50,214.0,890.0,311.0,104.0,97.0,-786.0,train
794,9_square,67,59,544.0,811.0,657.0,635.0,113.0,-176.0,train
795,9_square,27,12,412.0,152.0,872.0,579.0,460.0,427.0,train
796,9_square,53,64,340.0,336.0,123.0,446.0,-217.0,110.0,train
797,9_square,55,27,256.0,664.0,488.0,748.0,232.0,84.0,train
798,9_square,36,32,820.0,258.0,306.0,621.0,-514.0,363.0,train
799,9_square,19,21,722.0,594.0,112.0,815.0,-610.0,221.0,train
800,24_square,33,26,533.0,283.0,763.0,245.0,230.0,-38.0,train
801,24_square,59,32,205.0,276.0,836.0,246.0,631.0,-30.0,train
802,24_square,55,32,335.0,345.0,397.0,669.0,62.0,324.0,train
803,24_square,27,34,802.0,780.0,760.0,157.0,-42.0,-623.0,train
804,24_square,37,49,338.0,502.0,564.0,479.0,226.0,-23.0,train
805,24_square,52,51,190.0,341.0,378.0,848.0,188.0,507.0,train
806,24_square,32,33,633.0,566.0,512.0,392.0,-121.0,-174.0,train
807,24_square,48,64,554.0,802.0,158.0,228.0,-396.0,-574.0,train
808,24_square,20,39,237.0,318.0,787.0,553.0,550.0,235.0,val
809,24_square,15,53,858.0,842.0,173.0,195.0,-685.0,-647.0,train
810,24_square,23,60,249.0,704.0,241.0,343.0,-8.0,-361.0,test
811,24_square,17,57,687.0,165.0,557.0,101.0,-130.0,-64.0,test
812,24_square,59,9,202.0,243.0,115.0,310.0,-87.0,67.0,train
813,24_square,13,51,430.0,411.0,785.0,444.0,355.0,33.0,train
814,24_square,68,2,671.0,377.0,459.0,485.0,-212.0,108.0,val
815,24_square,17,41,233.0,583.0,825.0,390.0,592.0,-193.0,test
816,24_square,15,37,395.0,466.0,264.0,211.0,-131.0,-255.0,train
817,24_square,63,31,561.0,447.0,488.0,186.0,-73.0,-261.0,test
818,24_square,33,12,814.0,740.0,819.0,850.0,5.0,110.0,train
819,24_square,10,61,213.0,398.0,663.0,639.0,450.0,241.0,test
820,24_square,61,56,494.0,321.0,380.0,636.0,-114.0,315.0,test
821,24_square,55,3,615.0,157.0,767.0,700.0,152.0,543.0,train
822,24_square,6,5,338.0,313.0,763.0,272.0,425.0,-41.0,test
823,24_square,13,12,159.0,320.0,608.0,511.0,449.0,191.0,test
824,24_square,11,29,289.0,148.0,662.0,328.0,373.0,180.0,train
825,24_square,1,18,241.0,782.0,640.0,416.0,399.0,-366.0,train
826,24_square,50,57,741.0,617.0,180.0,263.0,-561.0,-354.0,test
827,24_square,28,63,791.0,694.0,768.0,866.0,-23.0,172.0,train
828,24_square,12,54,417.0,112.0,147.0,675.0,-270.0,563.0,train
829,24_square,6,8,503.0,848.0,620.0,782.0,117.0,-66.0,train
830,24_square,27,56,508.0,286.0,191.0,549.0,-317.0,263.0,train
831,24_square,39,54,489.0,158.0,770.0,343.0,281.0,185.0,train
832,24_square,55,31,236.0,271.0,170.0,362.0,-66.0,91.0,train
833,24_square,5,31,622.0,624.0,429.0,868.0,-193.0,244.0,val
834,24_square,68,19,298.0,506.0,585.0,522.0,287.0,16.0,train
835,24_square,36,2,194.0,540.0,247.0,269.0,53.0,-271.0,train
836,24_square,39,38,528.0,111.0,394.0,850.0,-134.0,739.0,train
837,24_square,45,58,217.0,525.0,371.0,417.0,154.0,-108.0,train
838,24_square,45,29,833.0,254.0,351.0,250.0,-482.0,-4.0,train
839,24_square,25,42,322.0,401.0,438.0,873.0,116.0,472.0,val
840,24_square,9,21,299.0,835.0,774.0,441.0,475.0,-394.0,train
841,24_square,47,3,183.0,837.0,151.0,211.0,-32.0,-626.0,train
842,24_square,37,30,211.0,290.0,404.0,175.0,193.0,-115.0,val
843,24_square,8,45,883.0,336.0,513.0,345.0,-370.0,9.0,test
844,24_square,28,40,198.0,820.0,487.0,752.0,289.0,-68.0,train
845,24_square,54,53,496.0,648.0,155.0,650.0,-341.0,2.0,train
846,24_square,19,29,134.0,572.0,302.0,253.0,168.0,-319.0,train
847,24_square,68,2,261.0,335.0,388.0,728.0,127.0,393.0,test
848,24_square,16,63,766.0,568.0,760.0,292.0,-6.0,-276.0,train
849,24_square,51,68,299.0,250.0,363.0,712.0,64.0,462.0,val
850,24_square,3,34,479.0,786.0,360.0,283.0,-119.0,-503.0,train
851,24_square,27,9,189.0,349.0,301.0,675.0,112.0,326.0,val
852,24_square,52,38,734.0,579.0,695.0,676.0,-39.0,97.0,train
853,24_square,38,41,111.0,152.0,161.0,221.0,50.0,69.0,test
854,24_square,34,3,858.0,736.0,382.0,314.0,-476.0,-422.0,test
855,24_square,44,28,796.0,801.0,357.0,300.0,-439.0,-501.0,test
856,24_square,40,36,487.0,410.0,766.0,117.0,279.0,-293.0,train
857,24_square,32,33,189.0,841.0,747.0,709.0,558.0,-132.0,train
858,24_square,29,45,672.0,112.0,164.0,748.0,-508.0,636.0,train
859,24_square,40,0,308.0,324.0,157.0,631.0,-151.0,307.0,train
860,24_square,14,41,467.0,625.0,585.0,694.0,118.0,69.0,train
861,24_square,39,23,205.0,645.0,557.0,183.0,352.0,-462.0,test
862,24_square,38,28,623.0,891.0,525.0,280.0,-98.0,-611.0,test
863,24_square,21,30,566.0,209.0,805.0,663.0,239.0,454.0,train
864,24_square,60,28,849.0,145.0,682.0,205.0,-167.0,60.0,train
865,24_square,30,44,862.0,559.0,622.0,598.0,-240.0,39.0,val
866,24_square,26,39,175.0,669.0,653.0,336.0,478.0,-333.0,train
867,24_square,21,46,115.0,728.0,550.0,801.0,435.0,73.0,train
868,24_square,55,15,277.0,341.0,198.0,312.0,-79.0,-29.0,train
869,24_square,49,68,807.0,425.0,352.0,498.0,-455.0,73.0,test
870,24_square,45,2,471.0,333.0,551.0,833.0,80.0,500.0,train
871,24_square,30,53,403.0,268.0,176.0,290.0,-227.0,22.0,train
872,24_square,39,37,131.0,833.0,591.0,395.0,460.0,-438.0,train
873,24_square,51,66,458.0,113.0,510.0,471.0,52.0,358.0,train
874,24_square,66,7,255.0,631.0,588.0,521.0,333.0,-110.0,train
875,24_square,51,57,660.0,498.0,697.0,721.0,37.0,223.0,val
876,24_square,11,34,846.0,184.0,479.0,778.0,-367.0,594.0,train
877,24_square,45,13,313.0,654.0,869.0,718.0,556.0,64.0,train
878,24_square,6,17,130.0,462.0,248.0,525.0,118.0,63.0,train
879,24_square,34,20,577.0,487.0,736.0,179.0,159.0,-308.0,test
880,24_square,65,0,665.0,700.0,749.0,663.0,84.0,-37.0,train
881,24_square,33,15,507.0,413.0,510.0,166.0,3.0,-247.0,val
882,24_square,42,63,466.0,112.0,264.0,334.0,-202.0,222.0,train
883,24_square,63,53,723.0,724.0,739.0,856.0,16.0,132.0,train
884,24_square,41,26,798.0,545.0,349.0,689.0,-449.0,144.0,val
885,24_square,21,1,771.0,121.0,486.0,871.0,-285.0,750.0,train
886,24_square,12,34,865.0,496.0,232.0,244.0,-633.0,-252.0,train
887,24_square,60,39,728.0,322.0,769.0,389.0,41.0,67.0,train
888,24_square,25,63,440.0,235.0,681.0,132.0,241.0,-103.0,test
889,24_square,9,0,311.0,126.0,215.0,219.0,-96.0,93.0,train
890,24_square,38,10,792.0,109.0,650.0,671.0,-142.0,562.0,train
891,24_square,49,48,513.0,188.0,232.0,607.0,-281.0,419.0,train
892,24_square,56,39,703.0,566.0,862.0,138.0,159.0,-428.0,train
893,24_square,64,53,129.0,900.0,884.0,258.0,755.0,-642.0,train
894,24_square,42,7,738.0,107.0,403.0,890.0,-335.0,783.0,train
895,24_square,59,22,840.0,635.0,823.0,482.0,-17.0,-153.0,train
896,24_square,39,65,856.0,128.0,442.0,525.0,-414.0,397.0,val
897,24_square,33,8,155.0,568.0,106.0,579.0,-49.0,11.0,train
898,24_square,48,28,875.0,796.0,667.0,684.0,-208.0,-112.0,val
899,24_square,63,25,647.0,138.0,188.0,579.0,-459.0,441.0,train
900,24_square,34,0,665.0,615.0,104.0,638.0,-561.0,23.0,train
901,24_square,16,2,738.0,452.0,619.0,636.0,-119.0,184.0,train
902,24_square,12,57,188.0,258.0,121.0,831.0,-67.0,573.0,val
903,24_square,40,33,246.0,790.0,328.0,851.0,82.0,61.0,train
904,24_square,44,20,854.0,697.0,421.0,681.0,-433.0,-16.0,train
905,24_square,23,47,496.0,151.0,285.0,535.0,-211.0,384.0,train
906,24_square,7,4,809.0,230.0,615.0,412.0,-194.0,182.0,train
907,24_square,6,48,466.0,823.0,771.0,764.0,305.0,-59.0,train
908,24_square,66,39,672.0,807.0,896.0,399.0,224.0,-408.0,train
909,24_square,38,25,778.0,137.0,698.0,138.0,-80.0,1.0,train
910,24_square,11,46,598.0,385.0,221.0,870.0,-377.0,485.0,test
911,24_square,57,22,441.0,380.0,132.0,580.0,-309.0,200.0,train
912,24_square,51,35,360.0,154.0,693.0,440.0,333.0,286.0,train
913,24_square,6,44,418.0,453.0,468.0,861.0,50.0,408.0,train
914,24_square,23,18,186.0,434.0,324.0,564.0,138.0,130.0,train
915,24_square,16,54,432.0,531.0,221.0,713.0,-211.0,182.0,train
916,24_square,7,45,726.0,421.0,143.0,706.0,-583.0,285.0,val
917,24_square,51,27,680.0,350.0,143.0,555.0,-537.0,205.0,train
918,24_square,5,23,153.0,519.0,637.0,276.0,484.0,-243.0,train
919,24_square,8,67,200.0,376.0,206.0,616.0,6.0,240.0,train
920,24_square,33,38,656.0,219.0,564.0,160.0,-92.0,-59.0,train
921,24_square,4,23,463.0,778.0,261.0,650.0,-202.0,-128.0,train
922,24_square,18,40,519.0,302.0,527.0,781.0,8.0,479.0,train
923,24_square,0,49,205.0,696.0,604.0,896.0,399.0,200.0,train
924,24_square,22,1,423.0,860.0,478.0,635.0,55.0,-225.0,train
925,24_square,61,50,183.0,628.0,407.0,630.0,224.0,2.0,train
926,24_square,1,4,263.0,502.0,247.0,759.0,-16.0,257.0,train
927,24_square,54,6,849.0,411.0,484.0,227.0,-365.0,-184.0,train
928,24_square,61,59,726.0,830.0,488.0,489.0,-238.0,-341.0,train
929,24_square,17,12,215.0,590.0,346.0,480.0,131.0,-110.0,train
930,24_square,32,31,285.0,615.0,566.0,875.0,281.0,260.0,train
931,24_square,8,49,566.0,556.0,268.0,774.0,-298.0,218.0,train
932,24_square,4,54,300.0,345.0,664.0,710.0,364.0,365.0,train
933,24_square,39,46,604.0,678.0,117.0,856.0,-487.0,178.0,val
934,24_square,37,21,199.0,771.0,784.0,825.0,585.0,54.0,test
935,24_square,22,66,762.0,853.0,752.0,140.0,-10.0,-713.0,val
936,24_square,45,67,716.0,784.0,262.0,613.0,-454.0,-171.0,test
937,24_square,50,12,245.0,867.0,776.0,705.0,531.0,-162.0,train
938,24_square,29,35,575.0,337.0,601.0,587.0,26.0,250.0,train
939,24_square,20,6,165.0,698.0,117.0,873.0,-48.0,175.0,train
940,24_square,49,36,825.0,362.0,533.0,813.0,-292.0,451.0,val
941,24_square,51,30,766.0,679.0,268.0,849.0,-498.0,170.0,train
942,24_square,10,29,140.0,235.0,425.0,240.0,285.0,5.0,train
943,24_square,62,17,789.0,657.0,721.0,412.0,-68.0,-245.0,train
944,24_square,7,8,692.0,250.0,786.0,139.0,94.0,-111.0,val
945,24_square,55,53,317.0,642.0,747.0,292.0,430.0,-350.0,train
946,24_square,26,49,896.0,872.0,659.0,767.0,-237.0,-105.0,train
947,24_square,42,55,671.0,459.0,733.0,846.0,62.0,387.0,train
948,24_square,10,54,711.0,407.0,272.0,501.0,-439.0,94.0,train
949,24_square,42,51,251.0,329.0,115.0,217.0,-136.0,-112.0,train
950,24_square,1,2,163.0,295.0,856.0,445.0,693.0,150.0,val
951,24_square,2,49,514.0,670.0,599.0,408.0,85.0,-262.0,val
952,24_square,67,68,852.0,688.0,742.0,677.0,-110.0,-11.0,train
953,24_square,29,14,672.0,155.0,276.0,117.0,-396.0,-38.0,train
954,24_square,5,40,873.0,129.0,688.0,394.0,-185.0,265.0,train
955,24_square,50,26,559.0,348.0,473.0,509.0,-86.0,161.0,train
956,24_square,59,15,260.0,217.0,241.0,181.0,-19.0,-36.0,train
957,24_square,37,64,277.0,884.0,659.0,529.0,382.0,-355.0,train
958,24_square,5,37,542.0,419.0,655.0,142.0,113.0,-277.0,train
959,24_square,34,68,210.0,809.0,318.0,121.0,108.0,-688.0,train
960,24_square,63,46,436.0,383.0,187.0,425.0,-249.0,42.0,train
961,24_square,41,2,632.0,114.0,378.0,687.0,-254.0,573.0,train
962,24_square,22,66,588.0,645.0,775.0,818.0,187.0,173.0,train
963,24_square,61,25,540.0,534.0,479.0,219.0,-61.0,-315.0,train
964,24_square,60,9,692.0,557.0,457.0,508.0,-235.0,-49.0,train
965,24_square,2,33,440.0,438.0,229.0,834.0,-211.0,396.0,train
966,24_square,66,11,789.0,630.0,232.0,137.0,-557.0,-493.0,train
967,24_square,43,38,763.0,591.0,709.0,452.0,-54.0,-139.0,train
968,24_square,44,42,805.0,615.0,743.0,485.0,-62.0,-130.0,test
969,24_square,53,58,566.0,288.0,567.0,578.0,1.0,290.0,train
970,24_square,61,56,495.0,813.0,378.0,202.0,-117.0,-611.0,train
971,24_square,48,67,505.0,148.0,708.0,209.0,203.0,61.0,train
972,24_square,1,12,352.0,796.0,227.0,146.0,-125.0,-650.0,train
973,24_square,55,23,529.0,416.0,381.0,650.0,-148.0,234.0,train
974,24_square,59,52,867.0,410.0,135.0,795.0,-732.0,385.0,train
975,24_square,28,54,368.0,685.0,475.0,139.0,107.0,-546.0,test
976,24_square,37,66,439.0,719.0,238.0,220.0,-201.0,-499.0,train
977,24_square,11,41,884.0,398.0,670.0,604.0,-214.0,206.0,train
978,24_square,65,50,453.0,160.0,212.0,360.0,-241.0,200.0,train
979,24_square,34,66,449.0,397.0,861.0,842.0,412.0,445.0,train
980,24_square,32,37,666.0,452.0,665.0,660.0,-1.0,208.0,train
981,24_square,0,31,665.0,881.0,413.0,724.0,-252.0,-157.0,train
982,24_square,58,59,629.0,358.0,755.0,477.0,126.0,119.0,test
983,24_square,7,2,641.0,675.0,487.0,715.0,-154.0,40.0,train
984,24_square,10,33,754.0,836.0,825.0,309.0,71.0,-527.0,test
985,24_square,7,29,142.0,824.0,541.0,765.0,399.0,-59.0,train
986,24_square,13,57,474.0,394.0,439.0,363.0,-35.0,-31.0,train
987,24_square,29,55,117.0,339.0,341.0,404.0,224.0,65.0,test
988,24_square,44,35,353.0,706.0,258.0,754.0,-95.0,48.0,train
989,24_square,36,11,516.0,432.0,361.0,383.0,-155.0,-49.0,train
990,24_square,65,9,780.0,320.0,827.0,761.0,47.0,441.0,train
991,24_square,59,15,391.0,373.0,537.0,503.0,146.0,130.0,train
992,24_square,33,15,571.0,856.0,896.0,829.0,325.0,-27.0,val
993,24_square,4,65,144.0,663.0,480.0,834.0,336.0,171.0,train
994,24_square,55,24,698.0,369.0,444.0,426.0,-254.0,57.0,test
995,24_square,28,53,792.0,105.0,756.0,444.0,-36.0,339.0,train
996,24_square,57,23,732.0,518.0,345.0,614.0,-387.0,96.0,train
997,24_square,1,46,183.0,758.0,201.0,367.0,18.0,-391.0,train
998,24_square,2,32,490.0,424.0,237.0,599.0,-253.0,175.0,val
999,24_square,16,43,812.0,617.0,807.0,481.0,-5.0,-136.0,train
1000,13_square,57,31,366.0,541.0,766.0,635.0,400.0,94.0,train
1001,13_square,67,46,855.0,875.0,117.0,308.0,-738.0,-567.0,train
1002,13_square,46,42,781.0,898.0,549.0,554.0,-232.0,-344.0,train
1003,13_square,9,41,808.0,480.0,120.0,327.0,-688.0,-153.0,train
1004,13_square,44,67,387.0,258.0,781.0,409.0,394.0,151.0,train
1005,13_square,13,3,757.0,613.0,845.0,597.0,88.0,-16.0,train
1006,13_square,65,62,314.0,109.0,731.0,291.0,417.0,182.0,train
1007,13_square,26,59,706.0,841.0,873.0,567.0,167.0,-274.0,train
1008,13_square,51,68,863.0,276.0,190.0,246.0,-673.0,-30.0,train
1009,13_square,45,38,669.0,730.0,708.0,514.0,39.0,-216.0,train
1010,13_square,52,35,758.0,858.0,185.0,767.0,-573.0,-91.0,train
1011,13_square,25,41,584.0,161.0,776.0,729.0,192.0,568.0,train
1012,13_square,5,5,812.0,843.0,610.0,882.0,-202.0,39.0,train
1013,13_square,24,12,287.0,326.0,869.0,431.0,582.0,105.0,train
1014,13_square,43,32,211.0,835.0,793.0,502.0,582.0,-333.0,train
1015,13_square,53,39,513.0,491.0,674.0,130.0,161.0,-361.0,test
1016,13_square,25,0,343.0,382.0,391.0,260.0,48.0,-122.0,train
1017,13_square,1,67,454.0,212.0,271.0,395.0,-183.0,183.0,test
1018,13_square,59,17,846.0,745.0,502.0,566.0,-344.0,-179.0,train
1019,13_square,51,60,226.0,153.0,853.0,795.0,627.0,642.0,val
1020,13_square,38,5,258.0,896.0,500.0,860.0,242.0,-36.0,train
1021,13_square,32,8,384.0,324.0,530.0,881.0,146.0,557.0,val
1022,13_square,9,65,513.0,257.0,311.0,108.0,-202.0,-149.0,val
1023,13_square,31,8,791.0,267.0,296.0,463.0,-495.0,196.0,train
1024,13_square,5,66,771.0,413.0,565.0,311.0,-206.0,-102.0,train
1025,13_square,59,55,315.0,189.0,607.0,441.0,292.0,252.0,train
1026,13_square,37,5,799.0,526.0,341.0,486.0,-458.0,-40.0,train
1027,13_square,31,49,771.0,353.0,398.0,414.0,-373.0,61.0,train
1028,13_square,41,37,583.0,186.0,188.0,648.0,-395.0,462.0,train
1029,13_square,26,15,641.0,687.0,331.0,452.0,-310.0,-235.0,train
1030,13_square,28,66,696.0,686.0,867.0,400.0,171.0,-286.0,train
1031,13_square,15,47,202.0,435.0,231.0,303.0,29.0,-132.0,train
1032,13_square,28,31,274.0,676.0,353.0,859.0,79.0,183.0,train
1033,13_square,29,7,752.0,237.0,509.0,853.0,-243.0,616.0,train
1034,13_square,61,17,586.0,559.0,634.0,256.0,48.0,-303.0,train
1035,13_square,15,49,261.0,760.0,223.0,733.0,-38.0,-27.0,train
1036,13_square,48,53,140.0,755.0,645.0,757.0,505.0,2.0,test
1037,13_square,4,68,310.0,815.0,321.0,267.0,11.0,-548.0,train
1038,13_square,46,28,107.0,333.0,700.0,169.0,593.0,-164.0,val
1039,13_square,60,63,715.0,162.0,586.0,331.0,-129.0,169.0,train
1040,13_square,62,13,580.0,457.0,894.0,292.0,314.0,-165.0,train
1041,13_square,13,65,523.0,778.0,439.0,738.0,-84.0,-40.0,train
1042,13_square,0,42,271.0,658.0,537.0,574.0,266.0,-84.0,train
1043,13_square,21,50,474.0,272.0,202.0,685.0,-272.0,413.0,test
1044,13_square,6,44,389.0,826.0,340.0,720.0,-49.0,-106.0,train
1045,13_square,32,30,130.0,293.0,465.0,473.0,335.0,180.0,train
1046,13_square,34,13,694.0,397.0,492.0,242.0,-202.0,-155.0,train
1047,13_square,5,27,490.0,380.0,386.0,580.0,-104.0,200.0,train
1048,13_square,14,50,585.0,423.0,727.0,126.0,142.0,-297.0,train
1049,13_square,22,32,807.0,407.0,529.0,124.0,-278.0,-283.0,train
1050,13_square,47,42,379.0,550.0,306.0,592.0,-73.0,42.0,train
1051,13_square,61,43,856.0,685.0,616.0,819.0,-240.0,134.0,train
1052,13_square,29,48,438.0,272.0,583.0,348.0,145.0,76.0,val
1053,13_square,1,53,251.0,375.0,129.0,379.0,-122.0,4.0,train
1054,13_square,15,67,754.0,676.0,556.0,122.0,-198.0,-554.0,train
1055,13_square,45,48,127.0,599.0,240.0,713.0,113.0,114.0,train
1056,13_square,42,41,189.0,322.0,723.0,245.0,534.0,-77.0,train
1057,13_square,65,63,458.0,390.0,212.0,237.0,-246.0,-153.0,train
1058,13_square,16,58,555.0,384.0,453.0,611.0,-102.0,227.0,train
1059,13_square,1,42,592.0,360.0,805.0,221.0,213.0,-139.0,train
1060,13_square,57,66,825.0,260.0,715.0,364.0,-110.0,104.0,train
1061,13_square,14,53,333.0,717.0,678.0,522.0,345.0,-195.0,test
1062,13_square,5,26,455.0,800.0,561.0,406.0,106.0,-394.0,train
1063,13_square,46,1,217.0,556.0,688.0,890.0,471.0,334.0,train
1064,13_square,11,54,407.0,164.0,737.0,833.0,330.0,669.0,train
1065,13_square,31,68,813.0,699.0,744.0,838.0,-69.0,139.0,train
1066,13_square,12,12,877.0,177.0,109.0,811.0,-768.0,634.0,train
1067,13_square,28,65,785.0,577.0,430.0,522.0,-355.0,-55.0,test
1068,13_square,47,45,828.0,624.0,772.0,503.0,-56.0,-121.0,train
1069,13_square,20,40,261.0,243.0,443.0,601.0,182.0,358.0,train
1070,13_square,20,3,809.0,797.0,130.0,212.0,-679.0,-585.0,val
1071,13_square,9,34,203.0,319.0,742.0,567.0,539.0,248.0,val
1072,13_square,60,19,365.0,513.0,663.0,424.0,298.0,-89.0,test
1073,13_square,33,30,147.0,596.0,846.0,533.0,699.0,-63.0,train
1074,13_square,57,9,666.0,814.0,590.0,255.0,-76.0,-559.0,train
1075,13_square,13,46,253.0,439.0,898.0,503.0,645.0,64.0,train
1076,13_square,38,2,117.0,603.0,840.0,896.0,723.0,293.0,train
1077,13_square,9,54,492.0,792.0,602.0,263.0,110.0,-529.0,train
1078,13_square,11,58,708.0,507.0,812.0,412.0,104.0,-95.0,train
1079,13_square,4,15,351.0,440.0,856.0,141.0,505.0,-299.0,train
1080,13_square,3,31,121.0,615.0,361.0,562.0,240.0,-53.0,val
1081,13_square,64,9,405.0,673.0,188.0,724.0,-217.0,51.0,train
1082,13_square,61,10,719.0,513.0,312.0,556.0,-407.0,43.0,train
1083,13_square,30,31,177.0,664.0,507.0,657.0,330.0,-7.0,train
1084,13_square,2,30,191.0,886.0,554.0,395.0,363.0,-491.0,train
1085,13_square,43,22,861.0,667.0,230.0,232.0,-631.0,-435.0,train
1086,13_square,65,1,746.0,387.0,139.0,344.0,-607.0,-43.0,train
1087,13_square,51,68,208.0,682.0,711.0,528.0,503.0,-154.0,train
1088,13_square,62,13,362.0,794.0,561.0,563.0,199.0,-231.0,val
1089,13_square,37,21,510.0,669.0,891.0,247.0,381.0,-422.0,train
1090,13_square,38,32,545.0,354.0,355.0,246.0,-190.0,-108.0,train
1091,13_square,21,37,209.0,198.0,227.0,691.0,18.0,493.0,train
1092,13_square,16,22,779.0,482.0,140.0,309.0,-639.0,-173.0,train
1093,13_square,15,47,213.0,659.0,265.0,641.0,52.0,-18.0,train
1094,13_square,64,38,139.0,225.0,293.0,177.0,154.0,-48.0,train
1095,13_square,65,0,415.0,205.0,654.0,374.0,239.0,169.0,val
1096,13_square,9,64,546.0,148.0,542.0,831.0,-4.0,683.0,train
1097,13_square,42,64,102.0,255.0,207.0,634.0,105.0,379.0,train
1098,13_square,28,61,208.0,710.0,168.0,397.0,-40.0,-313.0,train
1099,13_square,7,63,840.0,355.0,590.0,135.0,-250.0,-220.0,val
1100,13_square,14,4,219.0,144.0,172.0,581.0,-47.0,437.0,train
1101,13_square,44,39,742.0,818.0,663.0,107.0,-79.0,-711.0,train
1102,13_square,8,62,230.0,861.0,388.0,120.0,158.0,-741.0,train
1103,13_square,49,57,704.0,406.0,137.0,799.0,-567.0,393.0,train
1104,13_square,2,34,261.0,467.0,350.0,203.0,89.0,-264.0,train
1105,13_square,32,5,848.0,170.0,635.0,364.0,-213.0,194.0,train
1106,13_square,32,51,870.0,790.0,512.0,696.0,-358.0,-94.0,train
1107,13_square,18,45,725.0,792.0,857.0,329.0,132.0,-463.0,train
1108,13_square,39,53,540.0,483.0,493.0,116.0,-47.0,-367.0,train
1109,13_square,8,57,243.0,583.0,557.0,893.0,314.0,310.0,train
1110,13_square,40,9,476.0,273.0,603.0,286.0,127.0,13.0,train
1111,13_square,68,28,259.0,109.0,878.0,591.0,619.0,482.0,train
1112,13_square,2,27,726.0,360.0,741.0,889.0,15.0,529.0,train
1113,13_square,61,65,440.0,698.0,831.0,410.0,391.0,-288.0,train
1114,13_square,44,35,285.0,310.0,491.0,243.0,206.0,-67.0,train
1115,13_square,59,3,527.0,483.0,101.0,738.0,-426.0,255.0,train
1116,13_square,41,1,359.0,238.0,378.0,788.0,19.0,550.0,train
1117,13_square,56,31,226.0,526.0,305.0,806.0,79.0,280.0,train
1118,13_square,44,34,558.0,868.0,430.0,747.0,-128.0,-121.0,train
1119,13_square,32,52,340.0,708.0,229.0,272.0,-111.0,-436.0,val
1120,13_square,68,10,419.0,851.0,409.0,747.0,-10.0,-104.0,train
1121,13_square,41,20,810.0,657.0,129.0,421.0,-681.0,-236.0,val
1122,13_square,19,57,621.0,870.0,843.0,891.0,222.0,21.0,train
1123,13_square,12,10,728.0,608.0,132.0,119.0,-596.0,-489.0,train
1124,13_square,30,45,677.0,510.0,837.0,445.0,160.0,-65.0,train
1125,13_square,37,33,369.0,738.0,818.0,820.0,449.0,82.0,train
1126,13_square,47,7,348.0,373.0,293.0,782.0,-55.0,409.0,train
1127,13_square,22,38,242.0,551.0,104.0,574.0,-138.0,23.0,train
1128,13_square,66,48,447.0,538.0,833.0,397.0,386.0,-141.0,train
1129,13_square,43,28,356.0,201.0,638.0,562.0,282.0,361.0,train
1130,13_square,17,35,710.0,668.0,734.0,454.0,24.0,-214.0,train
1131,13_square,7,25,582.0,166.0,656.0,263.0,74.0,97.0,val
1132,13_square,5,20,372.0,475.0,117.0,221.0,-255.0,-254.0,test
1133,13_square,12,27,498.0,466.0,631.0,350.0,133.0,-116.0,train
1134,13_square,0,34,393.0,612.0,429.0,132.0,36.0,-480.0,train
1135,13_square,64,62,483.0,138.0,246.0,735.0,-237.0,597.0,train
1136,13_square,35,63,427.0,348.0,648.0,741.0,221.0,393.0,train
1137,13_square,18,61,783.0,851.0,204.0,706.0,-579.0,-145.0,train
1138,13_square,14,58,165.0,522.0,754.0,152.0,589.0,-370.0,train
1139,13_square,66,21,234.0,518.0,419.0,539.0,185.0,21.0,test
1140,13_square,54,0,131.0,269.0,177.0,530.0,46.0,261.0,train
1141,13_square,44,31,171.0,521.0,861.0,150.0,690.0,-371.0,test
1142,13_square,32,0,374.0,187.0,336.0,809.0,-38.0,622.0,train
1143,13_square,40,48,402.0,546.0,178.0,245.0,-224.0,-301.0,train
1144,13_square,48,28,616.0,239.0,494.0,544.0,-122.0,305.0,train
1145,13_square,13,68,359.0,334.0,773.0,879.0,414.0,545.0,train
1146,13_square,58,45,302.0,867.0,745.0,579.0,443.0,-288.0,train
1147,13_square,12,21,270.0,572.0,659.0,554.0,389.0,-18.0,train
1148,13_square,19,51,591.0,829.0,496.0,594.0,-95.0,-235.0,train
1149,13_square,21,64,647.0,885.0,663.0,627.0,16.0,-258.0,train
1150,13_square,63,52,174.0,873.0,480.0,827.0,306.0,-46.0,train
1151,13_square,63,12,851.0,279.0,792.0,597.0,-59.0,318.0,train
1152,13_square,3,3,640.0,233.0,168.0,175.0,-472.0,-58.0,train
1153,13_square,16,21,200.0,305.0,244.0,221.0,44.0,-84.0,train
1154,13_square,29,23,516.0,214.0,456.0,662.0,-60.0,448.0,train
1155,13_square,40,23,268.0,233.0,690.0,519.0,422.0,286.0,train
1156,13_square,12,0,511.0,850.0,415.0,543.0,-96.0,-307.0,train
1157,13_square,5,25,341.0,602.0,810.0,559.0,469.0,-43.0,train
1158,13_square,18,21,821.0,623.0,218.0,244.0,-603.0,-379.0,val
1159,13_square,0,54,406.0,622.0,885.0,900.0,479.0,278.0,test
1160,13_square,60,62,834.0,897.0,276.0,170.0,-558.0,-727.0,train
1161,13_square,10,36,701.0,433.0,175.0,168.0,-526.0,-265.0,train
1162,13_square,49,12,284.0,320.0,885.0,268.0,601.0,-52.0,train
1163,13_square,13,38,713.0,599.0,840.0,129.0,127.0,-470.0,train
1164,13_square,62,40,404.0,567.0,859.0,345.0,455.0,-222.0,train
1165,13_square,56,24,588.0,161.0,784.0,336.0,196.0,175.0,train
1166,13_square,11,58,467.0,770.0,242.0,163.0,-225.0,-607.0,train
1167,13_square,20,49,210.0,223.0,389.0,188.0,179.0,-35.0,train
1168,13_square,5,48,301.0,534.0,142.0,812.0,-159.0,278.0,val
1169,13_square,58,47,602.0,477.0,198.0,636.0,-404.0,159.0,train
1170,13_square,61,53,538.0,596.0,767.0,764.0,229.0,168.0,train
1171,13_square,23,0,588.0,570.0,221.0,864.0,-367.0,294.0,train
1172,13_square,56,49,867.0,723.0,764.0,135.0,-103.0,-588.0,train
1173,13_square,68,17,809.0,468.0,735.0,620.0,-74.0,152.0,train
1174,13_square,13,56,231.0,811.0,572.0,624.0,341.0,-187.0,train
1175,13_square,46,19,852.0,671.0,726.0,159.0,-126.0,-512.0,test
1176,13_square,15,59,281.0,153.0,473.0,484.0,192.0,331.0,train
1177,13_square,24,63,700.0,214.0,530.0,450.0,-170.0,236.0,val
1178,13_square,25,49,742.0,216.0,569.0,744.0,-173.0,528.0,test
1179,13_square,22,39,797.0,249.0,292.0,330.0,-505.0,81.0,val
1180,13_square,56,30,202.0,821.0,649.0,753.0,447.0,-68.0,train
1181,13_square,56,33,336.0,520.0,409.0,307.0,73.0,-213.0,train
1182,13_square,53,57,573.0,760.0,361.0,483.0,-212.0,-277.0,train
1183,13_square,18,28,643.0,374.0,573.0,411.0,-70.0,37.0,train
1184,13_square,36,21,560.0,474.0,336.0,733.0,-224.0,259.0,train
1185,13_square,34,11,448.0,846.0,232.0,514.0,-216.0,-332.0,train
1186,13_square,45,38,206.0,306.0,725.0,490.0,519.0,184.0,test
1187,13_square,68,16,337.0,508.0,805.0,691.0,468.0,183.0,train
1188,13_square,22,7,125.0,558.0,301.0,702.0,176.0,144.0,train
1189,13_square,62,17,642.0,566.0,421.0,715.0,-221.0,149.0,train
1190,13_square,60,46,869.0,888.0,114.0,725.0,-755.0,-163.0,train
1191,13_square,46,28,526.0,869.0,681.0,624.0,155.0,-245.0,train
1192,13_square,49,12,715.0,116.0,361.0,646.0,-354.0,530.0,val
1193,13_square,42,27,673.0,403.0,131.0,103.0,-542.0,-300.0,train
1194,13_square,18,20,530.0,624.0,609.0,380.0,79.0,-244.0,train
1195,13_square,2,53,265.0,681.0,677.0,878.0,412.0,197.0,train
1196,13_square,41,26,212.0,203.0,882.0,497.0,670.0,294.0,train
1197,13_square,4,30,490.0,742.0,568.0,692.0,78.0,-50.0,train
1198,13_square,18,41,873.0,813.0,568.0,156.0,-305.0,-657.0,train
1199,13_square,34,20,349.0,521.0,598.0,474.0,249.0,-47.0,train
1200,19_square,63,31,550.0,691.0,339.0,677.0,-211.0,-14.0,test
1201,19_square,27,59,826.0,858.0,302.0,236.0,-524.0,-622.0,train
1202,19_square,15,2,877.0,573.0,727.0,638.0,-150.0,65.0,val
1203,19_square,67,44,541.0,638.0,506.0,227.0,-35.0,-411.0,val
1204,19_square,66,59,426.0,715.0,692.0,139.0,266.0,-576.0,train
1205,19_square,60,31,784.0,525.0,741.0,582.0,-43.0,57.0,test
1206,19_square,12,64,615.0,425.0,268.0,313.0,-347.0,-112.0,train
1207,19_square,21,24,212.0,217.0,569.0,433.0,357.0,216.0,train
1208,19_square,55,44,859.0,719.0,860.0,744.0,1.0,25.0,train
1209,19_square,65,26,569.0,473.0,195.0,127.0,-374.0,-346.0,train
1210,19_square,6,11,813.0,513.0,827.0,813.0,14.0,300.0,train
1211,19_square,8,37,118.0,298.0,327.0,149.0,209.0,-149.0,train
1212,19_square,67,7,168.0,105.0,359.0,369.0,191.0,264.0,train
1213,19_square,55,37,691.0,223.0,618.0,346.0,-73.0,123.0,train
1214,19_square,59,46,487.0,391.0,749.0,665.0,262.0,274.0,train
1215,19_square,35,56,236.0,465.0,209.0,797.0,-27.0,332.0,train
1216,19_square,18,28,385.0,823.0,166.0,714.0,-219.0,-109.0,train
1217,19_square,65,39,495.0,695.0,560.0,637.0,65.0,-58.0,val
1218,19_square,24,14,559.0,586.0,494.0,208.0,-65.0,-378.0,train
1219,19_square,38,47,592.0,433.0,865.0,528.0,273.0,95.0,train
1220,19_square,42,14,377.0,184.0,621.0,247.0,244.0,63.0,train
1221,19_square,44,55,756.0,807.0,645.0,315.0,-111.0,-492.0,train
1222,19_square,17,35,409.0,421.0,804.0,804.0,395.0,383.0,train
1223,19_square,59,23,621.0,279.0,782.0,650.0,161.0,371.0,train
1224,19_square,42,21,799.0,864.0,161.0,585.0,-638.0,-279.0,train
1225,19_square,17,48,101.0,388.0,701.0,853.0,600.0,465.0,test
1226,19_square,2,52,489.0,345.0,590.0,439.0,101.0,94.0,train
1227,19_square,52,28,719.0,701.0,494.0,237.0,-225.0,-464.0,train
1228,19_square,18,9,805.0,501.0,686.0,230.0,-119.0,-271.0,train
1229,19_square,22,63,733.0,315.0,707.0,446.0,-26.0,131.0,val
1230,19_square,27,45,823.0,404.0,573.0,392.0,-250.0,-12.0,val
1231,19_square,41,28,514.0,138.0,897.0,804.0,383.0,666.0,train
1232,19_square,0,0,378.0,699.0,106.0,659.0,-272.0,-40.0,train
1233,19_square,62,62,722.0,793.0,210.0,552.0,-512.0,-241.0,train
1234,19_square,46,26,440.0,577.0,498.0,746.0,58.0,169.0,train
1235,19_square,28,3,851.0,690.0,271.0,766.0,-580.0,76.0,train
1236,19_square,0,23,594.0,819.0,829.0,454.0,235.0,-365.0,train
1237,19_square,9,56,236.0,484.0,443.0,421.0,207.0,-63.0,train
1238,19_square,23,26,364.0,329.0,718.0,448.0,354.0,119.0,train
1239,19_square,40,48,687.0,136.0,153.0,495.0,-534.0,359.0,train
1240,19_square,9,8,316.0,553.0,818.0,643.0,502.0,90.0,train
1241,19_square,54,36,817.0,598.0,285.0,856.0,-532.0,258.0,train
1242,19_square,40,20,225.0,709.0,481.0,738.0,256.0,29.0,train
1243,19_square,65,35,845.0,408.0,855.0,162.0,10.0,-246.0,train
1244,19_square,19,3,302.0,630.0,530.0,848.0,228.0,218.0,train
1245,19_square,19,6,710.0,109.0,235.0,451.0,-475.0,342.0,test
1246,19_square,12,33,716.0,380.0,209.0,555.0,-507.0,175.0,train
1247,19_square,3,8,897.0,412.0,735.0,749.0,-162.0,337.0,train
1248,19_square,41,20,770.0,337.0,585.0,686.0,-185.0,349.0,train
1249,19_square,68,29,201.0,524.0,774.0,454.0,573.0,-70.0,train
1250,19_square,6,55,325.0,729.0,847.0,289.0,522.0,-440.0,train
1251,19_square,57,49,769.0,478.0,418.0,687.0,-351.0,209.0,train
1252,19_square,20,22,859.0,508.0,388.0,518.0,-471.0,10.0,train
1253,19_square,11,39,397.0,749.0,646.0,552.0,249.0,-197.0,train
1254,19_square,65,62,770.0,863.0,804.0,612.0,34.0,-251.0,train
1255,19_square,28,56,557.0,604.0,887.0,199.0,330.0,-405.0,train
1256,19_square,55,10,383.0,726.0,293.0,112.0,-90.0,-614.0,train
1257,19_square,31,15,425.0,338.0,694.0,573.0,269.0,235.0,test
1258,19_square,34,51,134.0,618.0,438.0,286.0,304.0,-332.0,train
1259,19_square,53,35,896.0,865.0,584.0,355.0,-312.0,-510.0,train
1260,19_square,21,8,277.0,108.0,746.0,252.0,469.0,144.0,train
1261,19_square,55,13,674.0,643.0,174.0,383.0,-500.0,-260.0,train
1262,19_square,39,59,379.0,160.0,470.0,121.0,91.0,-39.0,train
1263,19_square,30,12,709.0,625.0,359.0,837.0,-350.0,212.0,train
1264,19_square,42,52,744.0,374.0,218.0,539.0,-526.0,165.0,train
1265,19_square,12,15,554.0,234.0,400.0,318.0,-154.0,84.0,val
1266,19_square,3,18,452.0,601.0,522.0,151.0,70.0,-450.0,train
1267,19_square,51,49,102.0,149.0,262.0,675.0,160.0,526.0,train
1268,19_square,26,35,403.0,527.0,541.0,345.0,138.0,-182.0,train
1269,19_square,22,30,383.0,537.0,792.0,337.0,409.0,-200.0,train
1270,19_square,63,6,691.0,829.0,594.0,309.0,-97.0,-520.0,test
1271,19_square,9,62,805.0,432.0,199.0,574.0,-606.0,142.0,train
1272,19_square,43,42,583.0,533.0,261.0,784.0,-322.0,251.0,train
1273,19_square,19,57,577.0,122.0,319.0,565.0,-258.0,443.0,train
1274,19_square,63,13,199.0,459.0,138.0,741.0,-61.0,282.0,test
1275,19_square,1,31,204.0,138.0,343.0,788.0,139.0,650.0,train
1276,19_square,29,53,872.0,341.0,658.0,485.0,-214.0,144.0,train
1277,19_square,59,16,671.0,676.0,897.0,419.0,226.0,-257.0,train
1278,19_square,37,55,267.0,533.0,897.0,763.0,630.0,230.0,train
1279,19_square,45,40,294.0,651.0,295.0,794.0,1.0,143.0,train
1280,19_square,28,12,282.0,332.0,698.0,530.0,416.0,198.0,test
1281,19_square,4,36,178.0,516.0,710.0,292.0,532.0,-224.0,train
1282,19_square,57,64,390.0,776.0,454.0,594.0,64.0,-182.0,train
1283,19_square,20,58,417.0,635.0,578.0,249.0,161.0,-386.0,train
1284,19_square,27,29,870.0,156.0,895.0,162.0,25.0,6.0,train
1285,19_square,19,40,319.0,271.0,397.0,144.0,78.0,-127.0,train
1286,19_square,26,4,696.0,328.0,259.0,739.0,-437.0,411.0,train
1287,19_square,65,13,705.0,142.0,587.0,177.0,-118.0,35.0,train
1288,19_square,49,67,337.0,681.0,406.0,636.0,69.0,-45.0,train
1289,19_square,13,47,513.0,222.0,679.0,710.0,166.0,488.0,val
1290,19_square,24,65,296.0,316.0,747.0,638.0,451.0,322.0,train
1291,19_square,56,44,312.0,453.0,558.0,149.0,246.0,-304.0,train
1292,19_square,41,11,658.0,734.0,600.0,680.0,-58.0,-54.0,train
1293,19_square,50,47,470.0,542.0,183.0,479.0,-287.0,-63.0,train
1294,19_square,0,32,458.0,310.0,159.0,319.0,-299.0,9.0,train
1295,19_square,27,49,782.0,103.0,826.0,346.0,44.0,243.0,train
1296,19_square,45,7,139.0,262.0,750.0,580.0,611.0,318.0,test
1297,19_square,8,53,170.0,419.0,377.0,140.0,207.0,-279.0,train
1298,19_square,14,21,465.0,842.0,282.0,500.0,-183.0,-342.0,train
1299,19_square,30,21,358.0,854.0,309.0,436.0,-49.0,-418.0,train
1300,19_square,63,31,684.0,696.0,736.0,181.0,52.0,-515.0,train
1301,19_square,12,26,561.0,712.0,222.0,243.0,-339.0,-469.0,train
1302,19_square,58,47,505.0,319.0,716.0,897.0,211.0,578.0,train
1303,19_square,39,42,387.0,408.0,675.0,871.0,288.0,463.0,val
1304,19_square,15,47,572.0,613.0,687.0,452.0,115.0,-161.0,train
1305,19_square,24,0,149.0,445.0,658.0,781.0,509.0,336.0,val
1306,19_square,6,21,806.0,890.0,848.0,196.0,42.0,-694.0,train
1307,19_square,39,22,335.0,557.0,347.0,726.0,12.0,169.0,test
1308,19_square,16,24,658.0,586.0,636.0,473.0,-22.0,-113.0,val
1309,19_square,19,3,531.0,326.0,770.0,528.0,239.0,202.0,train
1310,19_square,1,64,533.0,320.0,223.0,217.0,-310.0,-103.0,train
1311,19_square,43,37,174.0,684.0,259.0,247.0,85.0,-437.0,train
1312,19_square,52,59,545.0,226.0,133.0,244.0,-412.0,18.0,train
1313,19_square,67,5,154.0,384.0,179.0,443.0,25.0,59.0,train
1314,19_square,47,27,638.0,842.0,462.0,163.0,-176.0,-679.0,train
1315,19_square,37,47,340.0,601.0,206.0,534.0,-134.0,-67.0,train
1316,19_square,22,34,165.0,295.0,218.0,796.0,53.0,501.0,train
1317,19_square,20,39,774.0,293.0,328.0,323.0,-446.0,30.0,test
1318,19_square,27,12,733.0,287.0,149.0,340.0,-584.0,53.0,train
1319,19_square,53,4,652.0,381.0,634.0,896.0,-18.0,515.0,train
1320,19_square,10,56,713.0,507.0,173.0,816.0,-540.0,309.0,train
1321,19_square,21,6,436.0,646.0,604.0,694.0,168.0,48.0,train
1322,19_square,29,22,431.0,639.0,272.0,529.0,-159.0,-110.0,train
1323,19_square,40,11,151.0,744.0,298.0,505.0,147.0,-239.0,train
1324,19_square,31,14,333.0,584.0,573.0,151.0,240.0,-433.0,train
1325,19_square,5,0,885.0,844.0,186.0,847.0,-699.0,3.0,train
1326,19_square,64,13,117.0,243.0,277.0,534.0,160.0,291.0,train
1327,19_square,2,62,310.0,709.0,422.0,765.0,112.0,56.0,train
1328,19_square,22,33,290.0,318.0,430.0,293.0,140.0,-25.0,test
1329,19_square,45,2,775.0,607.0,774.0,429.0,-1.0,-178.0,train
1330,19_square,1,43,453.0,612.0,304.0,360.0,-149.0,-252.0,train
1331,19_square,60,65,644.0,466.0,836.0,764.0,192.0,298.0,train
1332,19_square,13,3,237.0,415.0,445.0,291.0,208.0,-124.0,train
1333,19_square,32,27,442.0,766.0,115.0,838.0,-327.0,72.0,test
1334,19_square,68,22,685.0,757.0,286.0,848.0,-399.0,91.0,val
1335,19_square,52,13,856.0,841.0,721.0,489.0,-135.0,-352.0,train
1336,19_square,20,18,862.0,815.0,647.0,614.0,-215.0,-201.0,train
1337,19_square,5,54,586.0,698.0,281.0,766.0,-305.0,68.0,train
1338,19_square,59,26,472.0,287.0,139.0,590.0,-333.0,303.0,test
1339,19_square,2,13,438.0,154.0,102.0,131.0,-336.0,-23.0,train
1340,19_square,11,35,790.0,418.0,352.0,788.0,-438.0,370.0,train
1341,19_square,68,16,176.0,716.0,509.0,702.0,333.0,-14.0,train
1342,19_square,66,27,796.0,659.0,882.0,368.0,86.0,-291.0,val
1343,19_square,61,59,327.0,733.0,171.0,753.0,-156.0,20.0,train
1344,19_square,15,0,759.0,562.0,598.0,213.0,-161.0,-349.0,train
1345,19_square,60,29,530.0,784.0,783.0,832.0,253.0,48.0,train
1346,19_square,13,48,834.0,619.0,388.0,844.0,-446.0,225.0,train
1347,19_square,50,39,882.0,687.0,792.0,763.0,-90.0,76.0,train
1348,19_square,67,16,328.0,177.0,784.0,612.0,456.0,435.0,train
1349,19_square,16,27,694.0,538.0,848.0,219.0,154.0,-319.0,train
1350,19_square,54,16,763.0,876.0,572.0,148.0,-191.0,-728.0,train
1351,19_square,1,44,447.0,791.0,723.0,744.0,276.0,-47.0,train
1352,19_square,17,56,367.0,211.0,126.0,435.0,-241.0,224.0,val
1353,19_square,8,23,359.0,865.0,357.0,562.0,-2.0,-303.0,train
1354,19_square,12,30,398.0,670.0,731.0,229.0,333.0,-441.0,train
1355,19_square,64,38,279.0,279.0,830.0,380.0,551.0,101.0,test
1356,19_square,15,0,482.0,395.0,722.0,342.0,240.0,-53.0,test
1357,19_square,29,52,465.0,114.0,632.0,842.0,167.0,728.0,train
1358,19_square,55,32,162.0,147.0,292.0,710.0,130.0,563.0,train
1359,19_square,26,22,101.0,822.0,521.0,234.0,420.0,-588.0,train
1360,19_square,8,11,453.0,506.0,285.0,303.0,-168.0,-203.0,train
1361,19_square,3,47,813.0,137.0,551.0,352.0,-262.0,215.0,val
1362,19_square,57,8,658.0,241.0,307.0,499.0,-351.0,258.0,train
1363,19_square,51,44,292.0,849.0,583.0,715.0,291.0,-134.0,train
1364,19_square,20,39,312.0,350.0,563.0,136.0,251.0,-214.0,train
1365,19_square,35,53,433.0,338.0,431.0,557.0,-2.0,219.0,train
1366,19_square,62,17,158.0,878.0,468.0,665.0,310.0,-213.0,train
1367,19_square,18,17,350.0,579.0,203.0,439.0,-147.0,-140.0,train
1368,19_square,61,10,181.0,893.0,256.0,207.0,75.0,-686.0,train
1369,19_square,11,67,713.0,416.0,249.0,566.0,-464.0,150.0,train
1370,19_square,15,59,291.0,303.0,575.0,856.0,284.0,553.0,val
1371,19_square,49,0,502.0,478.0,187.0,562.0,-315.0,84.0,train
1372,19_square,50,15,736.0,656.0,192.0,784.0,-544.0,128.0,val
1373,19_square,30,56,218.0,151.0,676.0,393.0,458.0,242.0,train
1374,19_square,49,67,580.0,124.0,257.0,549.0,-323.0,425.0,val
1375,19_square,67,46,153.0,699.0,312.0,360.0,159.0,-339.0,test
1376,19_square,38,4,825.0,121.0,400.0,693.0,-425.0,572.0,train
1377,19_square,45,50,129.0,828.0,425.0,628.0,296.0,-200.0,train
1378,19_square,50,11,816.0,328.0,441.0,867.0,-375.0,539.0,test
1379,19_square,34,48,867.0,780.0,327.0,815.0,-540.0,35.0,train
1380,19_square,57,13,426.0,400.0,409.0,541.0,-17.0,141.0,train
1381,19_square,11,66,294.0,816.0,556.0,252.0,262.0,-564.0,train
1382,19_square,25,29,254.0,756.0,761.0,685.0,507.0,-71.0,train
1383,19_square,55,27,415.0,645.0,336.0,697.0,-79.0,52.0,train
1384,19_square,38,61,649.0,257.0,482.0,612.0,-167.0,355.0,train
1385,19_square,58,20,776.0,156.0,682.0,337.0,-94.0,181.0,train
1386,19_square,29,58,278.0,802.0,719.0,494.0,441.0,-308.0,train
1387,19_square,21,62,181.0,891.0,350.0,866.0,169.0,-25.0,train
1388,19_square,38,36,466.0,483.0,385.0,635.0,-81.0,152.0,train
1389,19_square,68,55,787.0,848.0,689.0,463.0,-98.0,-385.0,test
1390,19_square,24,34,194.0,477.0,149.0,826.0,-45.0,349.0,train
1391,19_square,56,41,245.0,351.0,384.0,209.0,139.0,-142.0,train
1392,19_square,20,0,234.0,271.0,405.0,893.0,171.0,622.0,train
1393,19_square,43,26,139.0,442.0,844.0,535.0,705.0,93.0,val
1394,19_square,13,12,830.0,581.0,823.0,473.0,-7.0,-108.0,train
1395,19_square,54,39,371.0,379.0,142.0,316.0,-229.0,-63.0,train
1396,19_square,42,43,219.0,373.0,697.0,731.0,478.0,358.0,train
1397,19_square,60,24,436.0,496.0,182.0,869.0,-254.0,373.0,train
1398,19_square,59,46,499.0,810.0,204.0,713.0,-295.0,-97.0,train
1399,19_square,32,43,688.0,141.0,615.0,681.0,-73.0,540.0,train
1400,7_square,15,11,486.0,239.0,142.0,288.0,-344.0,49.0,train
1401,7_square,30,19,349.0,354.0,256.0,642.0,-93.0,288.0,train
1402,7_square,32,53,799.0,194.0,725.0,788.0,-74.0,594.0,train
1403,7_square,31,61,298.0,684.0,825.0,480.0,527.0,-204.0,train
1404,7_square,10,26,258.0,141.0,871.0,407.0,613.0,266.0,val
1405,7_square,24,22,494.0,238.0,873.0,408.0,379.0,170.0,train
1406,7_square,7,55,689.0,410.0,349.0,401.0,-340.0,-9.0,train
1407,7_square,33,61,465.0,261.0,198.0,879.0,-267.0,618.0,train
1408,7_square,63,40,209.0,757.0,339.0,857.0,130.0,100.0,train
1409,7_square,60,54,274.0,605.0,332.0,854.0,58.0,249.0,train
1410,7_square,9,10,809.0,328.0,859.0,183.0,50.0,-145.0,train
1411,7_square,58,58,833.0,287.0,192.0,420.0,-641.0,133.0,train
1412,7_square,3,27,135.0,484.0,621.0,442.0,486.0,-42.0,test
1413,7_square,47,46,874.0,830.0,577.0,783.0,-297.0,-47.0,train
1414,7_square,49,15,423.0,102.0,222.0,882.0,-201.0,780.0,test
1415,7_square,57,18,666.0,252.0,447.0,423.0,-219.0,171.0,test
1416,7_square,15,58,368.0,319.0,184.0,419.0,-184.0,100.0,val
1417,7_square,14,16,880.0,176.0,255.0,420.0,-625.0,244.0,train
1418,7_square,5,38,653.0,168.0,645.0,798.0,-8.0,630.0,val
1419,7_square,6,65,629.0,770.0,686.0,470.0,57.0,-300.0,train
1420,7_square,64,46,779.0,564.0,654.0,659.0,-125.0,95.0,test
1421,7_square,57,51,116.0,637.0,414.0,498.0,298.0,-139.0,train
1422,7_square,63,27,580.0,588.0,867.0,826.0,287.0,238.0,train
1423,7_square,59,3,517.0,583.0,735.0,160.0,218.0,-423.0,train
1424,7_square,52,21,406.0,519.0,528.0,133.0,122.0,-386.0,train
1425,7_square,48,12,366.0,429.0,737.0,650.0,371.0,221.0,train
1426,7_square,35,29,410.0,613.0,137.0,436.0,-273.0,-177.0,train
1427,7_square,61,47,156.0,360.0,563.0,889.0,407.0,529.0,train
1428,7_square,1,23,791.0,828.0,529.0,387.0,-262.0,-441.0,train
1429,7_square,8,27,518.0,261.0,242.0,484.0,-276.0,223.0,train
1430,7_square,33,25,859.0,361.0,807.0,431.0,-52.0,70.0,train
1431,7_square,1,50,655.0,701.0,722.0,121.0,67.0,-580.0,train
1432,7_square,14,66,368.0,535.0,351.0,508.0,-17.0,-27.0,train
1433,7_square,53,22,502.0,445.0,291.0,295.0,-211.0,-150.0,val
1434,7_square,4,42,823.0,145.0,136.0,735.0,-687.0,590.0,train
1435,7_square,67,32,442.0,420.0,402.0,497.0,-40.0,77.0,train
1436,7_square,39,36,192.0,575.0,344.0,778.0,152.0,203.0,train
1437,7_square,48,34,242.0,752.0,282.0,775.0,40.0,23.0,train
1438,7_square,68,27,436.0,303.0,150.0,607.0,-286.0,304.0,train
1439,7_square,5,17,376.0,812.0,228.0,381.0,-148.0,-431.0,train
1440,7_square,5,18,638.0,771.0,369.0,577.0,-269.0,-194.0,train
1441,7_square,19,30,207.0,805.0,608.0,744.0,401.0,-61.0,train
1442,7_square,37,11,841.0,867.0,784.0,134.0,-57.0,-733.0,train
1443,7_square,32,17,693.0,114.0,412.0,195.0,-281.0,81.0,train
1444,7_square,4,21,771.0,578.0,376.0,740.0,-395.0,162.0,train
1445,7_square,42,17,424.0,302.0,244.0,794.0,-180.0,492.0,test
1446,7_square,35,11,806.0,262.0,250.0,118.0,-556.0,-144.0,val
1447,7_square,33,56,781.0,517.0,316.0,466.0,-465.0,-51.0,train
1448,7_square,5,11,526.0,733.0,133.0,490.0,-393.0,-243.0,train
1449,7_square,67,68,599.0,377.0,694.0,431.0,95.0,54.0,test
1450,7_square,54,31,332.0,640.0,816.0,585.0,484.0,-55.0,test
1451,7_square,46,39,523.0,810.0,666.0,548.0,143.0,-262.0,train
1452,7_square,5,50,865.0,273.0,585.0,659.0,-280.0,386.0,train
1453,7_square,15,52,895.0,716.0,892.0,805.0,-3.0,89.0,train
1454,7_square,45,7,832.0,370.0,378.0,411.0,-454.0,41.0,train
1455,7_square,20,3,269.0,777.0,217.0,153.0,-52.0,-624.0,train
1456,7_square,29,8,692.0,888.0,402.0,898.0,-290.0,10.0,train
1457,7_square,12,45,381.0,222.0,425.0,238.0,44.0,16.0,train
1458,7_square,20,5,126.0,694.0,240.0,200.0,114.0,-494.0,train
1459,7_square,54,38,877.0,737.0,556.0,755.0,-321.0,18.0,train
1460,7_square,44,68,620.0,113.0,103.0,463.0,-517.0,350.0,train
1461,7_square,49,63,535.0,787.0,778.0,423.0,243.0,-364.0,train
1462,7_square,20,28,218.0,877.0,109.0,774.0,-109.0,-103.0,train
1463,7_square,12,16,424.0,858.0,869.0,160.0,445.0,-698.0,test
1464,7_square,23,66,181.0,847.0,308.0,544.0,127.0,-303.0,train
1465,7_square,6,16,343.0,470.0,433.0,433.0,90.0,-37.0,train
1466,7_square,2,1,752.0,268.0,625.0,506.0,-127.0,238.0,train
1467,7_square,3,4,225.0,545.0,269.0,759.0,44.0,214.0,test
1468,7_square,18,55,202.0,491.0,750.0,618.0,548.0,127.0,train
1469,7_square,48,6,290.0,188.0,280.0,502.0,-10.0,314.0,train
1470,7_square,18,9,864.0,490.0,606.0,218.0,-258.0,-272.0,val
1471,7_square,68,39,607.0,857.0,859.0,565.0,252.0,-292.0,train
1472,7_square,67,0,558.0,317.0,203.0,154.0,-355.0,-163.0,train
1473,7_square,2,47,892.0,335.0,486.0,564.0,-406.0,229.0,train
1474,7_square,36,62,821.0,671.0,317.0,200.0,-504.0,-471.0,train
1475,7_square,37,57,799.0,861.0,246.0,242.0,-553.0,-619.0,train
1476,7_square,7,44,616.0,738.0,105.0,143.0,-511.0,-595.0,train
1477,7_square,16,57,311.0,350.0,601.0,409.0,290.0,59.0,train
1478,7_square,26,6,202.0,116.0,148.0,398.0,-54.0,282.0,val
1479,7_square,42,17,263.0,384.0,269.0,414.0,6.0,30.0,train
1480,7_square,12,30,584.0,178.0,369.0,126.0,-215.0,-52.0,train
1481,7_square,60,36,660.0,101.0,578.0,897.0,-82.0,796.0,train
1482,7_square,41,27,435.0,320.0,307.0,837.0,-128.0,517.0,train
1483,7_square,23,27,615.0,603.0,551.0,496.0,-64.0,-107.0,val
1484,7_square,61,66,135.0,573.0,186.0,195.0,51.0,-378.0,test
1485,7_square,26,2,374.0,494.0,625.0,210.0,251.0,-284.0,train
1486,7_square,68,15,404.0,547.0,235.0,820.0,-169.0,273.0,train
1487,7_square,13,35,523.0,594.0,887.0,605.0,364.0,11.0,val
1488,7_square,23,44,825.0,709.0,260.0,610.0,-565.0,-99.0,train
1489,7_square,0,2,507.0,134.0,542.0,504.0,35.0,370.0,train
1490,7_square,21,57,468.0,776.0,527.0,769.0,59.0,-7.0,train
1491,7_square,59,48,531.0,415.0,351.0,827.0,-180.0,412.0,train
1492,7_square,60,17,809.0,737.0,385.0,525.0,-424.0,-212.0,train
1493,7_square,44,36,275.0,308.0,433.0,143.0,158.0,-165.0,train
1494,7_square,43,8,747.0,407.0,118.0,140.0,-629.0,-267.0,train
1495,7_square,21,50,470.0,710.0,391.0,815.0,-79.0,105.0,train
1496,7_square,37,5,862.0,562.0,854.0,249.0,-8.0,-313.0,train
1497,7_square,68,14,795.0,336.0,381.0,732.0,-414.0,396.0,train
1498,7_square,30,44,590.0,367.0,184.0,316.0,-406.0,-51.0,train
1499,7_square,51,35,308.0,686.0,278.0,727.0,-30.0,41.0,train
1500,7_square,30,8,441.0,667.0,196.0,269.0,-245.0,-398.0,train
1501,7_square,6,42,444.0,250.0,425.0,746.0,-19.0,496.0,train
1502,7_square,65,35,243.0,248.0,673.0,572.0,430.0,324.0,train
1503,7_square,13,32,849.0,661.0,629.0,103.0,-220.0,-558.0,train
1504,7_square,21,26,638.0,572.0,140.0,410.0,-498.0,-162.0,train
1505,7_square,44,68,592.0,827.0,501.0,225.0,-91.0,-602.0,train
1506,7_square,66,53,278.0,886.0,342.0,733.0,64.0,-153.0,train
1507,7_square,34,28,644.0,660.0,572.0,119.0,-72.0,-541.0,train
1508,7_square,35,10,123.0,900.0,729.0,182.0,606.0,-718.0,train
1509,7_square,37,56,360.0,485.0,551.0,203.0,191.0,-282.0,train
1510,7_square,58,43,520.0,456.0,471.0,617.0,-49.0,161.0,train
1511,7_square,21,6,659.0,628.0,418.0,229.0,-241.0,-399.0,train
1512,7_square,28,4,128.0,418.0,392.0,195.0,264.0,-223.0,train
1513,7_square,20,11,176.0,488.0,816.0,694.0,640.0,206.0,train
1514,7_square,51,12,192.0,276.0,677.0,165.0,485.0,-111.0,train
1515,7_square,26,38,832.0,587.0,203.0,101.0,-629.0,-486.0,train
1516,7_square,2,57,223.0,551.0,717.0,558.0,494.0,7.0,test
1517,7_square,12,67,535.0,426.0,877.0,777.0,342.0,351.0,train
1518,7_square,54,52,188.0,606.0,826.0,613.0,638.0,7.0,train
1519,7_square,47,65,320.0,657.0,894.0,807.0,574.0,150.0,train
1520,7_square,47,59,572.0,549.0,557.0,327.0,-15.0,-222.0,test
1521,7_square,46,41,625.0,202.0,673.0,598.0,48.0,396.0,train
1522,7_square,33,33,892.0,549.0,743.0,193.0,-149.0,-356.0,train
1523,7_square,17,39,633.0,581.0,254.0,763.0,-379.0,182.0,train
1524,7_square,4,53,564.0,310.0,542.0,492.0,-22.0,182.0,train
1525,7_square,30,14,318.0,535.0,861.0,513.0,543.0,-22.0,train
1526,7_square,43,41,564.0,115.0,713.0,629.0,149.0,514.0,train
1527,7_square,18,34,613.0,125.0,344.0,241.0,-269.0,116.0,train
1528,7_square,66,41,715.0,897.0,200.0,774.0,-515.0,-123.0,train
1529,7_square,45,22,550.0,370.0,362.0,886.0,-188.0,516.0,train
1530,7_square,10,2,607.0,840.0,455.0,874.0,-152.0,34.0,train
1531,7_square,21,56,187.0,581.0,442.0,556.0,255.0,-25.0,train
1532,7_square,36,50,829.0,329.0,203.0,188.0,-626.0,-141.0,train
1533,7_square,23,49,546.0,613.0,180.0,672.0,-366.0,59.0,train
1534,7_square,13,5,886.0,720.0,348.0,462.0,-538.0,-258.0,test
1535,7_square,9,68,833.0,206.0,460.0,145.0,-373.0,-61.0,train
1536,7_square,36,9,399.0,531.0,315.0,333.0,-84.0,-198.0,val
1537,7_square,58,1,748.0,217.0,600.0,368.0,-148.0,151.0,val
1538,7_square,48,4,462.0,433.0,418.0,343.0,-44.0,-90.0,train
1539,7_square,33,16,455.0,725.0,153.0,793.0,-302.0,68.0,val
1540,7_square,12,21,304.0,170.0,727.0,324.0,423.0,154.0,train
1541,7_square,20,45,187.0,706.0,248.0,288.0,61.0,-418.0,train
1542,7_square,17,26,900.0,816.0,713.0,530.0,-187.0,-286.0,train
1543,7_square,56,2,383.0,410.0,373.0,135.0,-10.0,-275.0,train
1544,7_square,10,45,101.0,221.0,853.0,357.0,752.0,136.0,train
1545,7_square,18,44,746.0,406.0,564.0,465.0,-182.0,59.0,val
1546,7_square,60,53,245.0,741.0,797.0,445.0,552.0,-296.0,train
1547,7_square,64,62,443.0,796.0,652.0,634.0,209.0,-162.0,train
1548,7_square,42,55,808.0,803.0,235.0,601.0,-573.0,-202.0,test
1549,7_square,53,15,464.0,572.0,505.0,513.0,41.0,-59.0,train
1550,7_square,46,34,606.0,699.0,686.0,513.0,80.0,-186.0,train
1551,7_square,25,12,693.0,595.0,714.0,192.0,21.0,-403.0,val
1552,7_square,43,12,714.0,656.0,617.0,133.0,-97.0,-523.0,val
1553,7_square,28,57,255.0,538.0,418.0,609.0,163.0,71.0,train
1554,7_square,66,13,156.0,725.0,784.0,648.0,628.0,-77.0,train
1555,7_square,51,58,290.0,696.0,705.0,421.0,415.0,-275.0,train
1556,7_square,68,39,181.0,543.0,262.0,499.0,81.0,-44.0,train
1557,7_square,62,28,898.0,295.0,429.0,391.0,-469.0,96.0,train
1558,7_square,43,34,655.0,571.0,516.0,659.0,-139.0,88.0,train
1559,7_square,58,14,563.0,206.0,408.0,444.0,-155.0,238.0,train
1560,7_square,55,10,207.0,490.0,523.0,270.0,316.0,-220.0,train
1561,7_square,36,48,798.0,284.0,127.0,858.0,-671.0,574.0,train
1562,7_square,20,31,720.0,884.0,126.0,341.0,-594.0,-543.0,train
1563,7_square,62,22,315.0,222.0,372.0,852.0,57.0,630.0,test
1564,7_square,13,28,161.0,539.0,644.0,597.0,483.0,58.0,train
1565,7_square,21,28,834.0,393.0,116.0,181.0,-718.0,-212.0,test
1566,7_square,58,28,887.0,606.0,235.0,198.0,-652.0,-408.0,train
1567,7_square,44,50,715.0,864.0,557.0,764.0,-158.0,-100.0,train
1568,7_square,36,25,814.0,856.0,334.0,753.0,-480.0,-103.0,train
1569,7_square,35,6,787.0,599.0,486.0,408.0,-301.0,-191.0,train
1570,7_square,0,5,254.0,688.0,886.0,349.0,632.0,-339.0,train
1571,7_square,53,62,868.0,400.0,375.0,187.0,-493.0,-213.0,train
1572,7_square,57,67,698.0,116.0,388.0,346.0,-310.0,230.0,val
1573,7_square,27,33,104.0,406.0,374.0,413.0,270.0,7.0,train
1574,7_square,53,20,117.0,766.0,622.0,862.0,505.0,96.0,train
1575,7_square,12,66,142.0,182.0,291.0,650.0,149.0,468.0,train
1576,7_square,34,51,727.0,156.0,698.0,163.0,-29.0,7.0,test
1577,7_square,6,47,893.0,664.0,764.0,832.0,-129.0,168.0,train
1578,7_square,52,5,343.0,198.0,712.0,639.0,369.0,441.0,test
1579,7_square,10,30,613.0,877.0,858.0,405.0,245.0,-472.0,val
1580,7_square,18,41,407.0,600.0,475.0,251.0,68.0,-349.0,train
1581,7_square,36,28,890.0,584.0,379.0,303.0,-511.0,-281.0,train
1582,7_square,49,21,153.0,290.0,895.0,281.0,742.0,-9.0,train
1583,7_square,2,47,621.0,886.0,627.0,634.0,6.0,-252.0,train
1584,7_square,47,29,375.0,562.0,411.0,634.0,36.0,72.0,train
1585,7_square,54,67,508.0,889.0,303.0,500.0,-205.0,-389.0,train
1586,7_square,14,32,838.0,886.0,737.0,472.0,-101.0,-414.0,val
1587,7_square,60,12,592.0,583.0,441.0,198.0,-151.0,-385.0,train
1588,7_square,38,8,698.0,521.0,410.0,249.0,-288.0,-272.0,train
1589,7_square,51,54,609.0,885.0,723.0,164.0,114.0,-721.0,train
1590,7_square,43,37,509.0,297.0,828.0,718.0,319.0,421.0,train
1591,7_square,3,0,384.0,274.0,646.0,283.0,262.0,9.0,train
1592,7_square,23,46,126.0,338.0,383.0,441.0,257.0,103.0,train
1593,7_square,68,1,540.0,609.0,493.0,315.0,-47.0,-294.0,train
1594,7_square,35,3,817.0,249.0,286.0,781.0,-531.0,532.0,test
1595,7_square,6,32,611.0,497.0,437.0,300.0,-174.0,-197.0,train
1596,7_square,37,22,368.0,764.0,849.0,722.0,481.0,-42.0,train
1597,7_square,32,48,501.0,420.0,867.0,827.0,366.0,407.0,train
1598,7_square,67,39,345.0,131.0,666.0,326.0,321.0,195.0,test
1599,7_square,51,66,412.0,597.0,450.0,226.0,38.0,-371.0,test
1600,26_square,30,48,708.0,114.0,702.0,826.0,-6.0,712.0,train
1601,26_square,60,58,349.0,301.0,226.0,478.0,-123.0,177.0,train
1602,26_square,30,26,600.0,706.0,762.0,287.0,162.0,-419.0,train
1603,26_square,52,58,891.0,767.0,732.0,298.0,-159.0,-469.0,train
1604,26_square,20,38,108.0,456.0,770.0,436.0,662.0,-20.0,train
1605,26_square,36,44,110.0,778.0,607.0,224.0,497.0,-554.0,train
1606,26_square,2,58,565.0,180.0,172.0,417.0,-393.0,237.0,train
1607,26_square,53,64,760.0,772.0,505.0,290.0,-255.0,-482.0,val
1608,26_square,53,21,400.0,222.0,402.0,360.0,2.0,138.0,test
1609,26_square,59,52,642.0,818.0,388.0,518.0,-254.0,-300.0,train
1610,26_square,26,47,705.0,730.0,767.0,337.0,62.0,-393.0,train
1611,26_square,35,48,128.0,327.0,494.0,527.0,366.0,200.0,val
1612,26_square,36,20,879.0,653.0,498.0,762.0,-381.0,109.0,test
1613,26_square,58,25,521.0,286.0,779.0,762.0,258.0,476.0,train
1614,26_square,54,23,820.0,472.0,574.0,615.0,-246.0,143.0,test
1615,26_square,56,38,274.0,676.0,638.0,804.0,364.0,128.0,train
1616,26_square,43,4,228.0,886.0,177.0,219.0,-51.0,-667.0,train
1617,26_square,24,68,297.0,471.0,484.0,238.0,187.0,-233.0,train
1618,26_square,11,12,630.0,683.0,189.0,169.0,-441.0,-514.0,train
1619,26_square,39,7,651.0,200.0,656.0,334.0,5.0,134.0,val
1620,26_square,17,1,620.0,494.0,834.0,801.0,214.0,307.0,test
1621,26_square,42,17,381.0,335.0,746.0,192.0,365.0,-143.0,train
1622,26_square,26,47,676.0,503.0,245.0,899.0,-431.0,396.0,train
1623,26_square,50,42,291.0,343.0,425.0,513.0,134.0,170.0,train
1624,26_square,49,59,623.0,343.0,862.0,691.0,239.0,348.0,val
1625,26_square,36,63,788.0,840.0,214.0,843.0,-574.0,3.0,train
1626,26_square,5,18,465.0,796.0,621.0,664.0,156.0,-132.0,train
1627,26_square,47,62,268.0,692.0,595.0,474.0,327.0,-218.0,train
1628,26_square,24,11,673.0,313.0,210.0,797.0,-463.0,484.0,train
1629,26_square,58,38,617.0,339.0,677.0,209.0,60.0,-130.0,train
1630,26_square,30,61,441.0,250.0,806.0,595.0,365.0,345.0,train
1631,26_square,51,5,654.0,262.0,491.0,751.0,-163.0,489.0,train
1632,26_square,22,7,699.0,215.0,223.0,678.0,-476.0,463.0,train
1633,26_square,30,2,232.0,646.0,362.0,609.0,130.0,-37.0,train
1634,26_square,1,10,521.0,809.0,880.0,845.0,359.0,36.0,train
1635,26_square,38,16,240.0,526.0,137.0,868.0,-103.0,342.0,train
1636,26_square,19,58,716.0,455.0,876.0,389.0,160.0,-66.0,train
1637,26_square,64,21,823.0,303.0,619.0,227.0,-204.0,-76.0,train
1638,26_square,4,36,125.0,488.0,889.0,740.0,764.0,252.0,test
1639,26_square,57,26,805.0,407.0,503.0,336.0,-302.0,-71.0,train
1640,26_square,53,68,646.0,236.0,167.0,836.0,-479.0,600.0,train
1641,26_square,49,45,766.0,527.0,349.0,533.0,-417.0,6.0,train
1642,26_square,25,29,889.0,336.0,797.0,816.0,-92.0,480.0,train
1643,26_square,8,65,317.0,760.0,374.0,848.0,57.0,88.0,test
1644,26_square,11,22,682.0,472.0,157.0,819.0,-525.0,347.0,train
1645,26_square,28,17,327.0,836.0,464.0,526.0,137.0,-310.0,val
1646,26_square,23,12,452.0,504.0,444.0,461.0,-8.0,-43.0,train
1647,26_square,10,29,423.0,313.0,849.0,504.0,426.0,191.0,train
1648,26_square,3,23,886.0,776.0,233.0,118.0,-653.0,-658.0,train
1649,26_square,11,13,348.0,646.0,179.0,556.0,-169.0,-90.0,test
1650,26_square,68,0,234.0,379.0,122.0,742.0,-112.0,363.0,train
1651,26_square,58,14,734.0,875.0,196.0,617.0,-538.0,-258.0,train
1652,26_square,23,38,799.0,496.0,206.0,556.0,-593.0,60.0,train
1653,26_square,32,43,381.0,189.0,123.0,771.0,-258.0,582.0,train
1654,26_square,21,12,701.0,319.0,272.0,175.0,-429.0,-144.0,train
1655,26_square,29,3,154.0,644.0,243.0,387.0,89.0,-257.0,train
1656,26_square,6,1,813.0,307.0,420.0,726.0,-393.0,419.0,test
1657,26_square,39,30,565.0,706.0,248.0,174.0,-317.0,-532.0,train
1658,26_square,18,61,742.0,723.0,510.0,806.0,-232.0,83.0,train
1659,26_square,35,43,771.0,653.0,879.0,137.0,108.0,-516.0,train
1660,26_square,63,53,715.0,391.0,775.0,289.0,60.0,-102.0,val
1661,26_square,54,22,752.0,144.0,625.0,454.0,-127.0,310.0,test
1662,26_square,32,47,464.0,463.0,888.0,674.0,424.0,211.0,val
1663,26_square,48,66,291.0,525.0,258.0,187.0,-33.0,-338.0,train
1664,26_square,67,3,475.0,117.0,243.0,651.0,-232.0,534.0,train
1665,26_square,48,64,123.0,647.0,530.0,659.0,407.0,12.0,train
1666,26_square,0,42,894.0,780.0,118.0,854.0,-776.0,74.0,val
1667,26_square,61,51,640.0,565.0,781.0,363.0,141.0,-202.0,train
1668,26_square,3,43,755.0,275.0,759.0,246.0,4.0,-29.0,train
1669,26_square,2,11,124.0,795.0,335.0,676.0,211.0,-119.0,train
1670,26_square,7,42,652.0,298.0,679.0,845.0,27.0,547.0,train
1671,26_square,35,9,871.0,723.0,320.0,768.0,-551.0,45.0,train
1672,26_square,9,16,174.0,871.0,758.0,756.0,584.0,-115.0,val
1673,26_square,32,3,152.0,873.0,265.0,500.0,113.0,-373.0,test
1674,26_square,40,58,858.0,130.0,343.0,686.0,-515.0,556.0,train
1675,26_square,35,3,111.0,229.0,671.0,142.0,560.0,-87.0,train
1676,26_square,7,8,666.0,736.0,320.0,392.0,-346.0,-344.0,train
1677,26_square,47,58,746.0,129.0,730.0,104.0,-16.0,-25.0,train
1678,26_square,68,56,837.0,241.0,473.0,452.0,-364.0,211.0,train
1679,26_square,51,14,205.0,104.0,824.0,136.0,619.0,32.0,train
1680,26_square,65,8,217.0,542.0,214.0,271.0,-3.0,-271.0,train
1681,26_square,66,28,582.0,642.0,839.0,838.0,257.0,196.0,train
1682,26_square,57,41,504.0,889.0,126.0,593.0,-378.0,-296.0,train
1683,26_square,40,34,842.0,699.0,153.0,615.0,-689.0,-84.0,test
1684,26_square,5,44,866.0,436.0,843.0,102.0,-23.0,-334.0,train
1685,26_square,59,34,286.0,861.0,192.0,350.0,-94.0,-511.0,train
1686,26_square,59,52,592.0,327.0,780.0,272.0,188.0,-55.0,test
1687,26_square,33,65,758.0,313.0,470.0,790.0,-288.0,477.0,train
1688,26_square,55,49,282.0,279.0,679.0,188.0,397.0,-91.0,train
1689,26_square,34,31,632.0,239.0,593.0,609.0,-39.0,370.0,train
1690,26_square,42,60,762.0,435.0,358.0,826.0,-404.0,391.0,val
1691,26_square,51,11,598.0,372.0,110.0,622.0,-488.0,250.0,train
1692,26_square,29,45,128.0,397.0,338.0,896.0,210.0,499.0,train
1693,26_square,45,64,399.0,304.0,581.0,324.0,182.0,20.0,train
1694,26_square,45,13,260.0,352.0,142.0,811.0,-118.0,459.0,train
1695,26_square,44,36,491.0,601.0,741.0,461.0,250.0,-140.0,train
1696,26_square,40,25,886.0,193.0,561.0,226.0,-325.0,33.0,train
1697,26_square,22,2,401.0,838.0,605.0,641.0,204.0,-197.0,train
1698,26_square,61,15,525.0,895.0,662.0,291.0,137.0,-604.0,val
1699,26_square,67,32,639.0,411.0,460.0,717.0,-179.0,306.0,train
1700,26_square,15,18,322.0,711.0,679.0,664.0,357.0,-47.0,train
1701,26_square,48,51,614.0,511.0,667.0,220.0,53.0,-291.0,train
1702,26_square,44,1,454.0,847.0,487.0,305.0,33.0,-542.0,train
1703,26_square,39,1,611.0,473.0,572.0,868.0,-39.0,395.0,train
1704,26_square,52,13,114.0,477.0,233.0,171.0,119.0,-306.0,train
1705,26_square,36,52,210.0,591.0,655.0,174.0,445.0,-417.0,train
1706,26_square,20,32,358.0,289.0,221.0,683.0,-137.0,394.0,train
1707,26_square,63,18,748.0,395.0,543.0,141.0,-205.0,-254.0,val
1708,26_square,26,34,488.0,749.0,321.0,633.0,-167.0,-116.0,train
1709,26_square,53,18,356.0,668.0,516.0,705.0,160.0,37.0,val
1710,26_square,44,57,254.0,190.0,898.0,155.0,644.0,-35.0,val
1711,26_square,10,62,642.0,196.0,659.0,172.0,17.0,-24.0,train
1712,26_square,13,51,363.0,647.0,236.0,243.0,-127.0,-404.0,train
1713,26_square,38,40,626.0,674.0,291.0,584.0,-335.0,-90.0,train
1714,26_square,63,54,468.0,623.0,631.0,828.0,163.0,205.0,train
1715,26_square,20,15,715.0,482.0,672.0,158.0,-43.0,-324.0,train
1716,26_square,53,15,779.0,506.0,385.0,103.0,-394.0,-403.0,val
1717,26_square,11,31,226.0,529.0,759.0,176.0,533.0,-353.0,train
1718,26_square,54,62,458.0,405.0,558.0,501.0,100.0,96.0,train
1719,26_square,30,22,560.0,492.0,808.0,236.0,248.0,-256.0,train
1720,26_square,23,64,808.0,637.0,875.0,380.0,67.0,-257.0,train
1721,26_square,1,63,510.0,219.0,249.0,237.0,-261.0,18.0,test
1722,26_square,26,16,628.0,441.0,557.0,179.0,-71.0,-262.0,train
1723,26_square,66,58,558.0,806.0,334.0,631.0,-224.0,-175.0,train
1724,26_square,17,55,443.0,798.0,889.0,679.0,446.0,-119.0,train
1725,26_square,46,59,558.0,693.0,744.0,528.0,186.0,-165.0,train
1726,26_square,1,50,296.0,135.0,278.0,539.0,-18.0,404.0,train
1727,26_square,28,11,522.0,280.0,307.0,737.0,-215.0,457.0,train
1728,26_square,59,47,799.0,373.0,478.0,819.0,-321.0,446.0,train
1729,26_square,53,25,829.0,357.0,427.0,398.0,-402.0,41.0,train
1730,26_square,62,51,698.0,545.0,223.0,579.0,-475.0,34.0,train
1731,26_square,3,62,203.0,102.0,687.0,740.0,484.0,638.0,train
1732,26_square,65,3,421.0,639.0,696.0,554.0,275.0,-85.0,train
1733,26_square,24,12,607.0,625.0,297.0,651.0,-310.0,26.0,train
1734,26_square,2,47,812.0,649.0,670.0,114.0,-142.0,-535.0,train
1735,26_square,64,21,447.0,821.0,519.0,708.0,72.0,-113.0,train
1736,26_square,64,17,215.0,574.0,577.0,864.0,362.0,290.0,val
1737,26_square,35,59,710.0,463.0,138.0,585.0,-572.0,122.0,train
1738,26_square,58,14,496.0,261.0,418.0,429.0,-78.0,168.0,train
1739,26_square,12,27,866.0,779.0,318.0,186.0,-548.0,-593.0,train
1740,26_square,31,17,640.0,807.0,393.0,566.0,-247.0,-241.0,train
1741,26_square,50,45,442.0,813.0,417.0,558.0,-25.0,-255.0,train
1742,26_square,36,20,709.0,844.0,495.0,813.0,-214.0,-31.0,test
1743,26_square,36,65,445.0,497.0,349.0,634.0,-96.0,137.0,train
1744,26_square,33,57,562.0,117.0,799.0,891.0,237.0,774.0,train
1745,26_square,30,35,509.0,467.0,439.0,647.0,-70.0,180.0,train
1746,26_square,44,4,309.0,110.0,369.0,607.0,60.0,497.0,test
1747,26_square,0,37,489.0,395.0,294.0,853.0,-195.0,458.0,train
1748,26_square,8,2,644.0,530.0,629.0,142.0,-15.0,-388.0,test
1749,26_square,6,64,183.0,587.0,444.0,362.0,261.0,-225.0,test
1750,26_square,55,52,742.0,741.0,137.0,471.0,-605.0,-270.0,train
1751,26_square,51,3,592.0,460.0,615.0,548.0,23.0,88.0,train
1752,26_square,10,67,686.0,349.0,374.0,668.0,-312.0,319.0,train
1753,26_square,43,6,571.0,899.0,571.0,870.0,0.0,-29.0,train
1754,26_square,30,39,179.0,564.0,390.0,244.0,211.0,-320.0,train
1755,26_square,60,41,268.0,827.0,839.0,755.0,571.0,-72.0,train
1756,26_square,11,5,771.0,589.0,377.0,661.0,-394.0,72.0,train
1757,26_square,52,59,299.0,841.0,263.0,873.0,-36.0,32.0,train
1758,26_square,16,14,262.0,479.0,866.0,367.0,604.0,-112.0,test
1759,26_square,15,46,561.0,388.0,128.0,317.0,-433.0,-71.0,train
1760,26_square,42,29,346.0,791.0,253.0,560.0,-93.0,-231.0,train
1761,26_square,64,21,755.0,531.0,244.0,371.0,-511.0,-160.0,train
1762,26_square,28,61,277.0,585.0,889.0,450.0,612.0,-135.0,train
1763,26_square,60,46,134.0,781.0,406.0,829.0,272.0,48.0,train
1764,26_square,68,28,259.0,507.0,689.0,670.0,430.0,163.0,train
1765,26_square,67,64,439.0,597.0,662.0,388.0,223.0,-209.0,train
1766,26_square,66,42,189.0,283.0,353.0,862.0,164.0,579.0,train
1767,26_square,17,52,154.0,342.0,150.0,364.0,-4.0,22.0,train
1768,26_square,32,25,681.0,313.0,664.0,210.0,-17.0,-103.0,train
1769,26_square,62,44,386.0,480.0,279.0,578.0,-107.0,98.0,train
1770,26_square,43,42,538.0,565.0,232.0,835.0,-306.0,270.0,train
1771,26_square,13,59,802.0,420.0,584.0,566.0,-218.0,146.0,train
1772,26_square,45,37,659.0,633.0,614.0,178.0,-45.0,-455.0,train
1773,26_square,31,1,678.0,333.0,778.0,513.0,100.0,180.0,train
1774,26_square,32,40,628.0,163.0,156.0,544.0,-472.0,381.0,train
1775,26_square,64,10,248.0,376.0,296.0,596.0,48.0,220.0,train
1776,26_square,44,54,288.0,243.0,217.0,803.0,-71.0,560.0,train
1777,26_square,9,62,421.0,554.0,164.0,303.0,-257.0,-251.0,train
1778,26_square,43,28,132.0,870.0,497.0,449.0,365.0,-421.0,train
1779,26_square,49,3,559.0,767.0,760.0,308.0,201.0,-459.0,train
1780,26_square,57,26,202.0,563.0,635.0,147.0,433.0,-416.0,train
1781,26_square,14,43,787.0,850.0,541.0,610.0,-246.0,-240.0,train
1782,26_square,23,67,381.0,212.0,475.0,874.0,94.0,662.0,train
1783,26_square,8,50,762.0,742.0,849.0,235.0,87.0,-507.0,train
1784,26_square,44,26,743.0,283.0,382.0,429.0,-361.0,146.0,train
1785,26_square,62,41,210.0,825.0,764.0,175.0,554.0,-650.0,train
1786,26_square,19,40,889.0,359.0,275.0,609.0,-614.0,250.0,test
1787,26_square,2,20,103.0,207.0,627.0,290.0,524.0,83.0,train
1788,26_square,3,19,193.0,783.0,470.0,560.0,277.0,-223.0,train
1789,26_square,13,19,417.0,562.0,812.0,793.0,395.0,231.0,train
1790,26_square,10,36,601.0,147.0,791.0,141.0,190.0,-6.0,train
1791,26_square,11,63,882.0,411.0,249.0,205.0,-633.0,-206.0,train
1792,26_square,21,37,812.0,818.0,105.0,865.0,-707.0,47.0,train
1793,26_square,27,32,600.0,307.0,369.0,767.0,-231.0,460.0,train
1794,26_square,43,24,429.0,239.0,424.0,721.0,-5.0,482.0,train
1795,26_square,68,58,778.0,820.0,638.0,896.0,-140.0,76.0,train
1796,26_square,64,53,576.0,285.0,792.0,461.0,216.0,176.0,test
1797,26_square,68,57,894.0,712.0,595.0,356.0,-299.0,-356.0,test
1798,26_square,36,27,132.0,392.0,784.0,584.0,652.0,192.0,train
1799,26_square,22,40,636.0,140.0,545.0,153.0,-91.0,13.0,train
1800,14_square,47,16,630.0,637.0,651.0,742.0,21.0,105.0,test
1801,14_square,68,12,862.0,777.0,556.0,562.0,-306.0,-215.0,train
1802,14_square,0,56,788.0,834.0,639.0,744.0,-149.0,-90.0,train
1803,14_square,41,58,761.0,820.0,580.0,130.0,-181.0,-690.0,val
1804,14_square,33,6,279.0,241.0,408.0,412.0,129.0,171.0,val
1805,14_square,24,25,248.0,634.0,580.0,338.0,332.0,-296.0,test
1806,14_square,25,57,596.0,635.0,689.0,298.0,93.0,-337.0,train
1807,14_square,13,6,873.0,791.0,361.0,883.0,-512.0,92.0,train
1808,14_square,14,9,180.0,366.0,746.0,769.0,566.0,403.0,train
1809,14_square,55,63,349.0,122.0,203.0,257.0,-146.0,135.0,train
1810,14_square,3,47,621.0,122.0,563.0,660.0,-58.0,538.0,train
1811,14_square,45,58,736.0,231.0,292.0,473.0,-444.0,242.0,train
1812,14_square,63,12,529.0,446.0,789.0,626.0,260.0,180.0,train
1813,14_square,4,36,468.0,651.0,318.0,370.0,-150.0,-281.0,train
1814,14_square,37,24,216.0,269.0,112.0,631.0,-104.0,362.0,train
1815,14_square,39,51,612.0,393.0,292.0,593.0,-320.0,200.0,train
1816,14_square,66,30,561.0,846.0,279.0,480.0,-282.0,-366.0,train
1817,14_square,54,27,372.0,639.0,769.0,163.0,397.0,-476.0,test
1818,14_square,68,59,271.0,577.0,148.0,195.0,-123.0,-382.0,train
1819,14_square,43,5,677.0,430.0,575.0,740.0,-102.0,310.0,train
1820,14_square,12,62,751.0,273.0,748.0,423.0,-3.0,150.0,train
1821,14_square,2,20,457.0,168.0,749.0,402.0,292.0,234.0,train
1822,14_square,2,3,662.0,693.0,590.0,355.0,-72.0,-338.0,train
1823,14_square,13,67,188.0,367.0,646.0,464.0,458.0,97.0,val
1824,14_square,2,21,199.0,614.0,365.0,459.0,166.0,-155.0,train
1825,14_square,62,61,575.0,204.0,357.0,797.0,-218.0,593.0,train
1826,14_square,44,9,647.0,305.0,497.0,745.0,-150.0,440.0,train
1827,14_square,22,61,501.0,814.0,613.0,473.0,112.0,-341.0,train
1828,14_square,64,53,497.0,244.0,742.0,298.0,245.0,54.0,train
1829,14_square,63,40,306.0,587.0,816.0,265.0,510.0,-322.0,train
1830,14_square,61,64,852.0,617.0,196.0,475.0,-656.0,-142.0,train
1831,14_square,29,63,425.0,344.0,298.0,231.0,-127.0,-113.0,test
1832,14_square,12,20,742.0,330.0,841.0,747.0,99.0,417.0,test
1833,14_square,40,32,227.0,710.0,892.0,202.0,665.0,-508.0,train
1834,14_square,5,47,281.0,567.0,349.0,561.0,68.0,-6.0,val
1835,14_square,54,56,893.0,883.0,124.0,529.0,-769.0,-354.0,train
1836,14_square,12,34,218.0,203.0,276.0,631.0,58.0,428.0,train
1837,14_square,2,25,711.0,195.0,671.0,179.0,-40.0,-16.0,train
1838,14_square,65,35,514.0,673.0,761.0,354.0,247.0,-319.0,train
1839,14_square,38,63,782.0,247.0,787.0,114.0,5.0,-133.0,train
1840,14_square,46,17,317.0,401.0,361.0,320.0,44.0,-81.0,train
1841,14_square,19,19,856.0,890.0,419.0,860.0,-437.0,-30.0,train
1842,14_square,45,10,214.0,715.0,420.0,329.0,206.0,-386.0,train
1843,14_square,24,53,804.0,531.0,113.0,723.0,-691.0,192.0,train
1844,14_square,9,2,132.0,625.0,124.0,385.0,-8.0,-240.0,train
1845,14_square,18,23,502.0,234.0,612.0,317.0,110.0,83.0,train
1846,14_square,53,17,476.0,167.0,331.0,597.0,-145.0,430.0,train
1847,14_square,22,0,742.0,164.0,463.0,201.0,-279.0,37.0,train
1848,14_square,51,26,167.0,133.0,299.0,383.0,132.0,250.0,val
1849,14_square,39,13,200.0,530.0,537.0,758.0,337.0,228.0,train
1850,14_square,6,5,319.0,681.0,650.0,478.0,331.0,-203.0,train
1851,14_square,46,8,362.0,144.0,215.0,826.0,-147.0,682.0,train
1852,14_square,33,56,780.0,565.0,407.0,601.0,-373.0,36.0,val
1853,14_square,38,51,563.0,490.0,132.0,405.0,-431.0,-85.0,train
1854,14_square,39,57,527.0,820.0,259.0,642.0,-268.0,-178.0,train
1855,14_square,54,13,545.0,458.0,858.0,554.0,313.0,96.0,train
1856,14_square,19,51,546.0,861.0,125.0,282.0,-421.0,-579.0,val
1857,14_square,53,3,687.0,214.0,791.0,464.0,104.0,250.0,train
1858,14_square,64,21,287.0,666.0,564.0,572.0,277.0,-94.0,train
1859,14_square,34,25,537.0,559.0,413.0,147.0,-124.0,-412.0,train
1860,14_square,41,1,163.0,591.0,213.0,362.0,50.0,-229.0,train
1861,14_square,42,7,246.0,751.0,506.0,122.0,260.0,-629.0,train
1862,14_square,56,27,243.0,555.0,592.0,146.0,349.0,-409.0,train
1863,14_square,43,26,715.0,755.0,883.0,235.0,168.0,-520.0,train
1864,14_square,24,23,437.0,402.0,733.0,557.0,296.0,155.0,test
1865,14_square,3,18,291.0,320.0,155.0,698.0,-136.0,378.0,train
1866,14_square,65,68,174.0,739.0,793.0,594.0,619.0,-145.0,train
1867,14_square,31,4,386.0,684.0,666.0,869.0,280.0,185.0,val
1868,14_square,64,24,485.0,665.0,786.0,454.0,301.0,-211.0,train
1869,14_square,62,67,606.0,750.0,835.0,846.0,229.0,96.0,train
1870,14_square,15,33,284.0,183.0,736.0,742.0,452.0,559.0,train
1871,14_square,47,2,772.0,275.0,810.0,606.0,38.0,331.0,train
1872,14_square,0,8,135.0,834.0,672.0,742.0,537.0,-92.0,val
1873,14_square,57,19,828.0,854.0,833.0,272.0,5.0,-582.0,train
1874,14_square,11,64,343.0,618.0,825.0,233.0,482.0,-385.0,train
1875,14_square,10,47,710.0,325.0,686.0,888.0,-24.0,563.0,train
1876,14_square,24,14,715.0,547.0,621.0,620.0,-94.0,73.0,train
1877,14_square,33,37,710.0,178.0,675.0,126.0,-35.0,-52.0,train
1878,14_square,43,6,561.0,668.0,812.0,377.0,251.0,-291.0,train
1879,14_square,12,38,139.0,839.0,824.0,244.0,685.0,-595.0,train
1880,14_square,54,15,772.0,177.0,423.0,556.0,-349.0,379.0,train
1881,14_square,3,20,831.0,622.0,824.0,250.0,-7.0,-372.0,train
1882,14_square,0,9,659.0,293.0,604.0,622.0,-55.0,329.0,train
1883,14_square,19,24,668.0,554.0,449.0,821.0,-219.0,267.0,train
1884,14_square,62,35,577.0,220.0,853.0,598.0,276.0,378.0,train
1885,14_square,36,32,666.0,798.0,818.0,824.0,152.0,26.0,test
1886,14_square,11,4,810.0,344.0,328.0,691.0,-482.0,347.0,train
1887,14_square,5,38,288.0,711.0,611.0,480.0,323.0,-231.0,train
1888,14_square,43,57,867.0,634.0,728.0,763.0,-139.0,129.0,train
1889,14_square,56,32,185.0,891.0,143.0,246.0,-42.0,-645.0,test
1890,14_square,30,60,733.0,775.0,298.0,825.0,-435.0,50.0,val
1891,14_square,42,6,606.0,659.0,835.0,398.0,229.0,-261.0,train
1892,14_square,37,17,688.0,850.0,589.0,578.0,-99.0,-272.0,train
1893,14_square,17,32,642.0,137.0,770.0,348.0,128.0,211.0,train
1894,14_square,9,66,594.0,564.0,179.0,477.0,-415.0,-87.0,train
1895,14_square,53,47,436.0,439.0,686.0,157.0,250.0,-282.0,val
1896,14_square,3,0,492.0,347.0,695.0,763.0,203.0,416.0,train
1897,14_square,2,33,756.0,791.0,178.0,842.0,-578.0,51.0,train
1898,14_square,15,13,556.0,609.0,140.0,828.0,-416.0,219.0,train
1899,14_square,20,51,537.0,562.0,455.0,702.0,-82.0,140.0,train
1900,14_square,51,45,372.0,202.0,401.0,650.0,29.0,448.0,test
1901,14_square,55,58,266.0,540.0,191.0,800.0,-75.0,260.0,train
1902,14_square,16,18,354.0,654.0,136.0,207.0,-218.0,-447.0,train
1903,14_square,59,55,760.0,157.0,135.0,799.0,-625.0,642.0,train
1904,14_square,16,0,893.0,140.0,132.0,526.0,-761.0,386.0,test
1905,14_square,31,57,711.0,580.0,399.0,347.0,-312.0,-233.0,train
1906,14_square,23,30,732.0,356.0,434.0,120.0,-298.0,-236.0,train
1907,14_square,61,14,261.0,476.0,687.0,417.0,426.0,-59.0,train
1908,14_square,61,28,823.0,160.0,397.0,311.0,-426.0,151.0,test
1909,14_square,22,65,418.0,411.0,577.0,753.0,159.0,342.0,train
1910,14_square,21,19,472.0,360.0,573.0,871.0,101.0,511.0,train
1911,14_square,11,62,895.0,715.0,489.0,269.0,-406.0,-446.0,train
1912,14_square,51,24,701.0,375.0,726.0,633.0,25.0,258.0,val
1913,14_square,46,64,703.0,123.0,211.0,543.0,-492.0,420.0,train
1914,14_square,44,44,827.0,617.0,839.0,440.0,12.0,-177.0,train
1915,14_square,11,41,860.0,565.0,283.0,223.0,-577.0,-342.0,train
1916,14_square,26,44,850.0,245.0,843.0,190.0,-7.0,-55.0,train
1917,14_square,1,3,890.0,338.0,192.0,804.0,-698.0,466.0,train
1918,14_square,30,66,405.0,113.0,183.0,477.0,-222.0,364.0,test
1919,14_square,28,49,714.0,304.0,569.0,156.0,-145.0,-148.0,train
1920,14_square,46,14,462.0,253.0,293.0,138.0,-169.0,-115.0,train
1921,14_square,67,62,833.0,119.0,306.0,654.0,-527.0,535.0,train
1922,14_square,34,5,677.0,831.0,434.0,128.0,-243.0,-703.0,train
1923,14_square,19,54,190.0,574.0,561.0,438.0,371.0,-136.0,train
1924,14_square,64,59,395.0,884.0,733.0,714.0,338.0,-170.0,test
1925,14_square,15,34,864.0,391.0,347.0,699.0,-517.0,308.0,test
1926,14_square,1,60,533.0,501.0,264.0,271.0,-269.0,-230.0,train
1927,14_square,43,32,631.0,512.0,599.0,619.0,-32.0,107.0,train
1928,14_square,25,7,516.0,654.0,534.0,576.0,18.0,-78.0,val
1929,14_square,13,8,622.0,475.0,252.0,308.0,-370.0,-167.0,train
1930,14_square,23,67,858.0,899.0,269.0,608.0,-589.0,-291.0,train
1931,14_square,59,39,394.0,752.0,204.0,377.0,-190.0,-375.0,train
1932,14_square,67,18,437.0,557.0,174.0,661.0,-263.0,104.0,test
1933,14_square,24,40,217.0,505.0,213.0,851.0,-4.0,346.0,train
1934,14_square,50,32,726.0,580.0,719.0,543.0,-7.0,-37.0,train
1935,14_square,29,60,191.0,324.0,741.0,850.0,550.0,526.0,train
1936,14_square,47,32,772.0,521.0,444.0,757.0,-328.0,236.0,test
1937,14_square,35,18,312.0,888.0,663.0,723.0,351.0,-165.0,train
1938,14_square,43,12,850.0,645.0,897.0,672.0,47.0,27.0,val
1939,14_square,62,37,140.0,217.0,424.0,668.0,284.0,451.0,train
1940,14_square,65,63,234.0,673.0,650.0,302.0,416.0,-371.0,train
1941,14_square,61,37,595.0,364.0,382.0,615.0,-213.0,251.0,train
1942,14_square,23,10,213.0,289.0,728.0,305.0,515.0,16.0,test
1943,14_square,63,52,231.0,206.0,713.0,163.0,482.0,-43.0,train
1944,14_square,17,26,640.0,770.0,628.0,701.0,-12.0,-69.0,train
1945,14_square,31,25,327.0,895.0,449.0,385.0,122.0,-510.0,train
1946,14_square,13,42,316.0,281.0,828.0,237.0,512.0,-44.0,train
1947,14_square,3,17,185.0,272.0,741.0,751.0,556.0,479.0,train
1948,14_square,21,4,845.0,467.0,642.0,643.0,-203.0,176.0,train
1949,14_square,64,40,546.0,757.0,568.0,127.0,22.0,-630.0,train
1950,14_square,15,67,615.0,809.0,382.0,402.0,-233.0,-407.0,train
1951,14_square,16,3,290.0,772.0,270.0,135.0,-20.0,-637.0,test
1952,14_square,59,68,190.0,414.0,164.0,637.0,-26.0,223.0,train
1953,14_square,53,40,740.0,571.0,375.0,806.0,-365.0,235.0,train
1954,14_square,45,55,389.0,869.0,413.0,382.0,24.0,-487.0,train
1955,14_square,52,43,169.0,506.0,605.0,226.0,436.0,-280.0,train
1956,14_square,64,48,448.0,691.0,515.0,553.0,67.0,-138.0,train
1957,14_square,68,30,118.0,510.0,238.0,285.0,120.0,-225.0,train
1958,14_square,57,35,541.0,603.0,680.0,418.0,139.0,-185.0,train
1959,14_square,54,50,681.0,900.0,885.0,318.0,204.0,-582.0,val
1960,14_square,56,13,297.0,210.0,818.0,388.0,521.0,178.0,train
1961,14_square,35,7,479.0,752.0,579.0,257.0,100.0,-495.0,train
1962,14_square,11,6,574.0,324.0,578.0,537.0,4.0,213.0,train
1963,14_square,22,27,457.0,616.0,202.0,279.0,-255.0,-337.0,train
1964,14_square,28,45,476.0,258.0,341.0,732.0,-135.0,474.0,train
1965,14_square,13,54,608.0,497.0,181.0,128.0,-427.0,-369.0,train
1966,14_square,33,42,402.0,858.0,289.0,768.0,-113.0,-90.0,train
1967,14_square,59,62,212.0,219.0,599.0,420.0,387.0,201.0,train
1968,14_square,0,55,417.0,203.0,232.0,434.0,-185.0,231.0,train
1969,14_square,26,40,777.0,378.0,450.0,221.0,-327.0,-157.0,train
1970,14_square,18,47,466.0,550.0,193.0,141.0,-273.0,-409.0,val
1971,14_square,10,45,138.0,193.0,535.0,743.0,397.0,550.0,train
1972,14_square,16,39,100.0,450.0,792.0,709.0,692.0,259.0,val
1973,14_square,1,0,321.0,171.0,510.0,579.0,189.0,408.0,train
1974,14_square,62,18,308.0,828.0,492.0,579.0,184.0,-249.0,train
1975,14_square,64,61,214.0,588.0,556.0,403.0,342.0,-185.0,train
1976,14_square,39,15,454.0,424.0,567.0,484.0,113.0,60.0,train
1977,14_square,20,32,174.0,655.0,673.0,650.0,499.0,-5.0,val
1978,14_square,39,57,269.0,267.0,136.0,348.0,-133.0,81.0,train
1979,14_square,16,50,557.0,895.0,873.0,749.0,316.0,-146.0,train
1980,14_square,1,30,121.0,721.0,667.0,605.0,546.0,-116.0,test
1981,14_square,28,64,344.0,562.0,704.0,382.0,360.0,-180.0,train
1982,14_square,14,52,405.0,355.0,109.0,763.0,-296.0,408.0,train
1983,14_square,49,11,198.0,555.0,327.0,838.0,129.0,283.0,train
1984,14_square,13,36,350.0,152.0,191.0,251.0,-159.0,99.0,train
1985,14_square,14,57,624.0,635.0,509.0,645.0,-115.0,10.0,train
1986,14_square,33,20,764.0,837.0,875.0,118.0,111.0,-719.0,train
1987,14_square,30,35,407.0,722.0,286.0,150.0,-121.0,-572.0,val
1988,14_square,49,21,799.0,305.0,245.0,412.0,-554.0,107.0,train
1989,14_square,7,55,426.0,740.0,179.0,714.0,-247.0,-26.0,train
1990,14_square,29,26,865.0,584.0,704.0,842.0,-161.0,258.0,train
1991,14_square,48,13,403.0,878.0,405.0,573.0,2.0,-305.0,train
1992,14_square,4,37,160.0,560.0,116.0,249.0,-44.0,-311.0,train
1993,14_square,44,37,883.0,387.0,843.0,461.0,-40.0,74.0,train
1994,14_square,1,36,468.0,113.0,239.0,664.0,-229.0,551.0,train
1995,14_square,57,50,893.0,772.0,347.0,515.0,-546.0,-257.0,train
1996,14_square,53,44,268.0,451.0,514.0,392.0,246.0,-59.0,train
1997,14_square,64,65,284.0,291.0,617.0,793.0,333.0,502.0,train
1998,14_square,15,7,511.0,688.0,865.0,830.0,354.0,142.0,val
1999,14_square,16,33,332.0,573.0,466.0,108.0,134.0,-465.0,train
2000,17_square,35,25,454.0,508.0,514.0,702.0,60.0,194.0,test
2001,17_square,32,53,577.0,557.0,251.0,389.0,-326.0,-168.0,train
2002,17_square,41,32,380.0,874.0,681.0,662.0,301.0,-212.0,train
2003,17_square,63,0,132.0,671.0,563.0,520.0,431.0,-151.0,train
2004,17_square,25,21,530.0,450.0,344.0,526.0,-186.0,76.0,train
2005,17_square,20,14,763.0,633.0,720.0,631.0,-43.0,-2.0,val
2006,17_square,15,62,656.0,794.0,325.0,175.0,-331.0,-619.0,train
2007,17_square,5,38,475.0,733.0,420.0,107.0,-55.0,-626.0,train
2008,17_square,10,43,294.0,734.0,310.0,127.0,16.0,-607.0,train
2009,17_square,21,41,891.0,648.0,817.0,495.0,-74.0,-153.0,train
2010,17_square,14,3,823.0,796.0,109.0,596.0,-714.0,-200.0,train
2011,17_square,15,45,605.0,522.0,659.0,238.0,54.0,-284.0,train
2012,17_square,50,56,259.0,825.0,724.0,791.0,465.0,-34.0,train
2013,17_square,52,4,283.0,702.0,562.0,126.0,279.0,-576.0,train
2014,17_square,31,59,492.0,691.0,174.0,504.0,-318.0,-187.0,train
2015,17_square,14,59,351.0,282.0,721.0,377.0,370.0,95.0,val
2016,17_square,11,25,684.0,552.0,816.0,576.0,132.0,24.0,test
2017,17_square,45,42,854.0,419.0,753.0,171.0,-101.0,-248.0,train
2018,17_square,48,13,892.0,696.0,859.0,435.0,-33.0,-261.0,train
2019,17_square,51,38,522.0,543.0,876.0,749.0,354.0,206.0,train
2020,17_square,34,18,805.0,127.0,592.0,839.0,-213.0,712.0,val
2021,17_square,48,32,840.0,812.0,448.0,383.0,-392.0,-429.0,test
2022,17_square,43,58,253.0,275.0,747.0,547.0,494.0,272.0,train
2023,17_square,64,51,846.0,243.0,860.0,546.0,14.0,303.0,train
2024,17_square,57,62,134.0,690.0,263.0,721.0,129.0,31.0,train
2025,17_square,49,42,608.0,124.0,611.0,569.0,3.0,445.0,train
2026,17_square,36,27,302.0,662.0,124.0,706.0,-178.0,44.0,train
2027,17_square,38,51,401.0,731.0,717.0,866.0,316.0,135.0,train
2028,17_square,22,35,726.0,117.0,756.0,741.0,30.0,624.0,train
2029,17_square,60,0,582.0,687.0,350.0,742.0,-232.0,55.0,train
2030,17_square,9,2,578.0,679.0,389.0,750.0,-189.0,71.0,train
2031,17_square,60,50,888.0,233.0,669.0,120.0,-219.0,-113.0,train
2032,17_square,64,44,690.0,229.0,135.0,878.0,-555.0,649.0,train
2033,17_square,43,0,869.0,388.0,490.0,214.0,-379.0,-174.0,test
2034,17_square,49,20,232.0,595.0,688.0,622.0,456.0,27.0,test
2035,17_square,50,41,221.0,535.0,613.0,592.0,392.0,57.0,train
2036,17_square,20,1,863.0,836.0,760.0,101.0,-103.0,-735.0,train
2037,17_square,7,20,567.0,445.0,482.0,865.0,-85.0,420.0,train
2038,17_square,39,43,301.0,650.0,658.0,488.0,357.0,-162.0,test
2039,17_square,34,46,730.0,347.0,189.0,233.0,-541.0,-114.0,train
2040,17_square,55,21,582.0,824.0,187.0,164.0,-395.0,-660.0,train
2041,17_square,56,45,554.0,150.0,496.0,560.0,-58.0,410.0,train
2042,17_square,45,52,235.0,766.0,511.0,877.0,276.0,111.0,train
2043,17_square,20,31,102.0,136.0,641.0,543.0,539.0,407.0,train
2044,17_square,9,41,417.0,660.0,107.0,119.0,-310.0,-541.0,train
2045,17_square,23,11,104.0,705.0,372.0,511.0,268.0,-194.0,test
2046,17_square,26,8,471.0,520.0,154.0,706.0,-317.0,186.0,train
2047,17_square,10,12,697.0,825.0,498.0,825.0,-199.0,0.0,test
2048,17_square,7,65,800.0,599.0,460.0,160.0,-340.0,-439.0,train
2049,17_square,31,36,835.0,658.0,702.0,899.0,-133.0,241.0,train
2050,17_square,10,62,295.0,738.0,275.0,470.0,-20.0,-268.0,train
2051,17_square,27,67,512.0,291.0,685.0,400.0,173.0,109.0,val
2052,17_square,25,56,294.0,875.0,339.0,398.0,45.0,-477.0,train
2053,17_square,9,30,725.0,598.0,625.0,101.0,-100.0,-497.0,train
2054,17_square,49,23,778.0,658.0,655.0,315.0,-123.0,-343.0,train
2055,17_square,20,7,145.0,860.0,629.0,576.0,484.0,-284.0,train
2056,17_square,42,22,771.0,829.0,190.0,719.0,-581.0,-110.0,val
2057,17_square,47,32,889.0,199.0,512.0,141.0,-377.0,-58.0,test
2058,17_square,13,20,103.0,507.0,886.0,814.0,783.0,307.0,train
2059,17_square,4,51,897.0,476.0,350.0,446.0,-547.0,-30.0,test
2060,17_square,48,66,708.0,731.0,458.0,756.0,-250.0,25.0,train
2061,17_square,17,52,382.0,773.0,262.0,503.0,-120.0,-270.0,train
2062,17_square,40,50,128.0,488.0,648.0,655.0,520.0,167.0,train
2063,17_square,29,56,651.0,840.0,325.0,189.0,-326.0,-651.0,train
2064,17_square,15,30,833.0,465.0,464.0,605.0,-369.0,140.0,val
2065,17_square,25,27,420.0,780.0,102.0,220.0,-318.0,-560.0,train
2066,17_square,20,60,745.0,361.0,804.0,502.0,59.0,141.0,train
2067,17_square,17,67,217.0,327.0,521.0,318.0,304.0,-9.0,val
2068,17_square,9,37,287.0,847.0,804.0,132.0,517.0,-715.0,val
2069,17_square,13,45,206.0,351.0,684.0,794.0,478.0,443.0,train
2070,17_square,43,60,492.0,194.0,802.0,123.0,310.0,-71.0,train
2071,17_square,36,43,490.0,433.0,392.0,342.0,-98.0,-91.0,train
2072,17_square,19,4,162.0,224.0,735.0,296.0,573.0,72.0,train
2073,17_square,15,24,604.0,247.0,815.0,406.0,211.0,159.0,val
2074,17_square,53,1,439.0,105.0,495.0,879.0,56.0,774.0,train
2075,17_square,58,12,430.0,887.0,729.0,670.0,299.0,-217.0,train
2076,17_square,14,34,274.0,234.0,679.0,353.0,405.0,119.0,train
2077,17_square,8,6,238.0,845.0,529.0,482.0,291.0,-363.0,test
2078,17_square,21,7,206.0,286.0,118.0,301.0,-88.0,15.0,test
2079,17_square,18,0,817.0,162.0,195.0,797.0,-622.0,635.0,train
2080,17_square,32,30,885.0,319.0,849.0,665.0,-36.0,346.0,test
2081,17_square,10,4,494.0,490.0,537.0,742.0,43.0,252.0,train
2082,17_square,29,24,424.0,106.0,334.0,475.0,-90.0,369.0,val
2083,17_square,65,63,672.0,106.0,543.0,344.0,-129.0,238.0,train
2084,17_square,54,14,820.0,859.0,330.0,484.0,-490.0,-375.0,train
2085,17_square,65,35,294.0,770.0,270.0,839.0,-24.0,69.0,train
2086,17_square,46,18,564.0,804.0,502.0,558.0,-62.0,-246.0,train
2087,17_square,10,13,548.0,735.0,430.0,345.0,-118.0,-390.0,train
2088,17_square,21,63,825.0,541.0,209.0,764.0,-616.0,223.0,train
2089,17_square,64,61,523.0,311.0,844.0,399.0,321.0,88.0,train
2090,17_square,6,42,805.0,470.0,607.0,488.0,-198.0,18.0,test
2091,17_square,27,7,346.0,850.0,774.0,485.0,428.0,-365.0,train
2092,17_square,12,34,528.0,651.0,737.0,451.0,209.0,-200.0,test
2093,17_square,56,45,632.0,448.0,548.0,613.0,-84.0,165.0,train
2094,17_square,49,49,433.0,716.0,607.0,435.0,174.0,-281.0,train
2095,17_square,63,14,177.0,833.0,254.0,286.0,77.0,-547.0,train
2096,17_square,61,40,765.0,614.0,757.0,742.0,-8.0,128.0,train
2097,17_square,56,63,795.0,280.0,464.0,292.0,-331.0,12.0,train
2098,17_square,10,34,223.0,869.0,851.0,286.0,628.0,-583.0,train
2099,17_square,64,33,427.0,646.0,733.0,324.0,306.0,-322.0,train
2100,17_square,30,7,555.0,332.0,340.0,425.0,-215.0,93.0,train
2101,17_square,44,11,768.0,481.0,809.0,590.0,41.0,109.0,train
2102,17_square,41,64,600.0,227.0,414.0,204.0,-186.0,-23.0,train
2103,17_square,2,29,432.0,849.0,509.0,577.0,77.0,-272.0,train
2104,17_square,19,66,900.0,692.0,830.0,247.0,-70.0,-445.0,train
2105,17_square,27,37,494.0,615.0,753.0,602.0,259.0,-13.0,train
2106,17_square,22,18,738.0,489.0,891.0,796.0,153.0,307.0,train
2107,17_square,52,41,840.0,582.0,537.0,469.0,-303.0,-113.0,test
2108,17_square,55,7,750.0,806.0,105.0,614.0,-645.0,-192.0,train
2109,17_square,45,23,128.0,781.0,636.0,622.0,508.0,-159.0,train
2110,17_square,60,61,651.0,897.0,772.0,676.0,121.0,-221.0,val
2111,17_square,26,58,517.0,747.0,434.0,447.0,-83.0,-300.0,train
2112,17_square,19,32,781.0,646.0,385.0,383.0,-396.0,-263.0,train
2113,17_square,18,41,560.0,158.0,684.0,493.0,124.0,335.0,train
2114,17_square,29,60,455.0,258.0,381.0,628.0,-74.0,370.0,train
2115,17_square,12,24,459.0,863.0,497.0,896.0,38.0,33.0,train
2116,17_square,23,36,877.0,182.0,516.0,204.0,-361.0,22.0,train
2117,17_square,22,18,230.0,109.0,859.0,238.0,629.0,129.0,test
2118,17_square,33,20,457.0,164.0,212.0,561.0,-245.0,397.0,train
2119,17_square,54,50,641.0,339.0,412.0,426.0,-229.0,87.0,train
2120,17_square,0,35,488.0,826.0,336.0,385.0,-152.0,-441.0,train
2121,17_square,31,26,583.0,288.0,859.0,193.0,276.0,-95.0,train
2122,17_square,1,14,609.0,213.0,185.0,172.0,-424.0,-41.0,train
2123,17_square,43,33,851.0,844.0,467.0,547.0,-384.0,-297.0,val
2124,17_square,36,66,201.0,135.0,245.0,634.0,44.0,499.0,train
2125,17_square,19,46,884.0,782.0,834.0,212.0,-50.0,-570.0,train
2126,17_square,19,2,513.0,643.0,444.0,559.0,-69.0,-84.0,train
2127,17_square,27,26,416.0,279.0,864.0,810.0,448.0,531.0,train
2128,17_square,21,13,439.0,851.0,667.0,227.0,228.0,-624.0,val
2129,17_square,55,62,720.0,431.0,774.0,254.0,54.0,-177.0,train
2130,17_square,37,33,768.0,718.0,842.0,199.0,74.0,-519.0,test
2131,17_square,44,2,792.0,690.0,122.0,470.0,-670.0,-220.0,train
2132,17_square,26,22,851.0,614.0,753.0,605.0,-98.0,-9.0,train
2133,17_square,21,14,681.0,365.0,827.0,439.0,146.0,74.0,train
2134,17_square,31,56,884.0,340.0,113.0,533.0,-771.0,193.0,train
2135,17_square,52,20,781.0,880.0,778.0,315.0,-3.0,-565.0,train
2136,17_square,29,47,580.0,412.0,876.0,599.0,296.0,187.0,train
2137,17_square,42,51,735.0,423.0,573.0,847.0,-162.0,424.0,train
2138,17_square,9,29,356.0,479.0,534.0,225.0,178.0,-254.0,train
2139,17_square,6,23,710.0,269.0,370.0,546.0,-340.0,277.0,val
2140,17_square,55,67,699.0,586.0,292.0,558.0,-407.0,-28.0,train
2141,17_square,41,61,263.0,526.0,324.0,849.0,61.0,323.0,train
2142,17_square,59,41,204.0,471.0,222.0,365.0,18.0,-106.0,train
2143,17_square,26,6,282.0,299.0,834.0,633.0,552.0,334.0,train
2144,17_square,3,27,487.0,157.0,596.0,436.0,109.0,279.0,train
2145,17_square,45,10,307.0,304.0,756.0,652.0,449.0,348.0,train
2146,17_square,55,33,703.0,296.0,500.0,442.0,-203.0,146.0,test
2147,17_square,57,64,368.0,701.0,673.0,586.0,305.0,-115.0,train
2148,17_square,41,52,814.0,200.0,464.0,109.0,-350.0,-91.0,train
2149,17_square,4,57,538.0,611.0,838.0,709.0,300.0,98.0,test
2150,17_square,38,54,149.0,489.0,591.0,142.0,442.0,-347.0,train
2151,17_square,16,59,148.0,115.0,432.0,309.0,284.0,194.0,train
2152,17_square,51,56,638.0,316.0,800.0,249.0,162.0,-67.0,val
2153,17_square,43,11,875.0,628.0,512.0,586.0,-363.0,-42.0,train
2154,17_square,20,45,797.0,162.0,664.0,156.0,-133.0,-6.0,train
2155,17_square,38,7,374.0,774.0,681.0,350.0,307.0,-424.0,test
2156,17_square,58,47,546.0,694.0,418.0,644.0,-128.0,-50.0,train
2157,17_square,51,29,412.0,796.0,756.0,794.0,344.0,-2.0,train
2158,17_square,26,53,463.0,276.0,614.0,275.0,151.0,-1.0,train
2159,17_square,21,49,195.0,664.0,280.0,130.0,85.0,-534.0,train
2160,17_square,41,67,117.0,819.0,585.0,323.0,468.0,-496.0,train
2161,17_square,57,18,677.0,606.0,678.0,173.0,1.0,-433.0,train
2162,17_square,53,52,209.0,851.0,864.0,659.0,655.0,-192.0,train
2163,17_square,68,58,170.0,340.0,313.0,428.0,143.0,88.0,train
2164,17_square,7,35,343.0,599.0,684.0,741.0,341.0,142.0,train
2165,17_square,48,44,398.0,612.0,797.0,868.0,399.0,256.0,train
2166,17_square,62,62,469.0,109.0,336.0,131.0,-133.0,22.0,train
2167,17_square,54,44,606.0,388.0,412.0,262.0,-194.0,-126.0,train
2168,17_square,45,60,567.0,466.0,293.0,658.0,-274.0,192.0,train
2169,17_square,29,67,240.0,754.0,412.0,447.0,172.0,-307.0,train
2170,17_square,39,60,723.0,190.0,232.0,514.0,-491.0,324.0,train
2171,17_square,41,8,369.0,302.0,822.0,574.0,453.0,272.0,train
2172,17_square,15,17,501.0,210.0,885.0,290.0,384.0,80.0,train
2173,17_square,68,2,419.0,573.0,452.0,119.0,33.0,-454.0,train
2174,17_square,28,35,487.0,770.0,858.0,409.0,371.0,-361.0,train
2175,17_square,45,40,441.0,322.0,499.0,474.0,58.0,152.0,train
2176,17_square,11,18,767.0,531.0,698.0,773.0,-69.0,242.0,train
2177,17_square,63,17,651.0,699.0,297.0,378.0,-354.0,-321.0,train
2178,17_square,61,4,661.0,424.0,266.0,552.0,-395.0,128.0,train
2179,17_square,17,38,276.0,493.0,614.0,642.0,338.0,149.0,train
2180,17_square,47,47,311.0,529.0,101.0,623.0,-210.0,94.0,train
2181,17_square,40,39,716.0,441.0,538.0,763.0,-178.0,322.0,val
2182,17_square,6,42,517.0,848.0,272.0,526.0,-245.0,-322.0,train
2183,17_square,24,17,248.0,445.0,319.0,211.0,71.0,-234.0,train
2184,17_square,26,62,637.0,620.0,572.0,581.0,-65.0,-39.0,train
2185,17_square,19,10,201.0,357.0,576.0,131.0,375.0,-226.0,train
2186,17_square,18,38,668.0,190.0,852.0,299.0,184.0,109.0,train
2187,17_square,60,21,366.0,736.0,251.0,116.0,-115.0,-620.0,train
2188,17_square,55,0,457.0,321.0,325.0,775.0,-132.0,454.0,train
2189,17_square,11,34,297.0,708.0,879.0,500.0,582.0,-208.0,test
2190,17_square,26,40,689.0,327.0,209.0,190.0,-480.0,-137.0,train
2191,17_square,50,38,239.0,416.0,789.0,835.0,550.0,419.0,train
2192,17_square,23,52,582.0,808.0,421.0,358.0,-161.0,-450.0,train
2193,17_square,36,23,321.0,418.0,230.0,884.0,-91.0,466.0,val
2194,17_square,2,47,264.0,648.0,435.0,516.0,171.0,-132.0,train
2195,17_square,43,18,715.0,668.0,587.0,350.0,-128.0,-318.0,train
2196,17_square,3,54,108.0,145.0,418.0,756.0,310.0,611.0,train
2197,17_square,41,64,627.0,167.0,510.0,619.0,-117.0,452.0,test
2198,17_square,29,60,444.0,383.0,500.0,864.0,56.0,481.0,train
2199,17_square,11,19,118.0,783.0,809.0,832.0,691.0,49.0,train
2200,21_square,41,38,272.0,517.0,553.0,508.0,281.0,-9.0,train
2201,21_square,18,7,445.0,554.0,262.0,700.0,-183.0,146.0,train
2202,21_square,16,16,259.0,563.0,547.0,392.0,288.0,-171.0,val
2203,21_square,54,41,831.0,458.0,521.0,668.0,-310.0,210.0,train
2204,21_square,9,9,134.0,843.0,268.0,315.0,134.0,-528.0,train
2205,21_square,67,49,522.0,362.0,177.0,637.0,-345.0,275.0,train
2206,21_square,22,18,694.0,663.0,169.0,839.0,-525.0,176.0,train
2207,21_square,64,38,186.0,826.0,445.0,846.0,259.0,20.0,train
2208,21_square,66,35,693.0,680.0,232.0,772.0,-461.0,92.0,train
2209,21_square,46,62,526.0,318.0,468.0,898.0,-58.0,580.0,val
2210,21_square,19,20,402.0,187.0,377.0,342.0,-25.0,155.0,val
2211,21_square,34,60,332.0,229.0,376.0,202.0,44.0,-27.0,train
2212,21_square,28,24,895.0,743.0,386.0,890.0,-509.0,147.0,train
2213,21_square,42,62,886.0,434.0,725.0,724.0,-161.0,290.0,train
2214,21_square,8,60,385.0,620.0,157.0,250.0,-228.0,-370.0,train
2215,21_square,23,12,258.0,397.0,132.0,523.0,-126.0,126.0,train
2216,21_square,60,20,786.0,579.0,541.0,511.0,-245.0,-68.0,train
2217,21_square,63,53,203.0,682.0,851.0,131.0,648.0,-551.0,train
2218,21_square,49,48,870.0,739.0,261.0,213.0,-609.0,-526.0,train
2219,21_square,11,66,382.0,368.0,409.0,174.0,27.0,-194.0,train
2220,21_square,22,63,649.0,494.0,293.0,804.0,-356.0,310.0,train
2221,21_square,0,14,529.0,798.0,137.0,666.0,-392.0,-132.0,val
2222,21_square,13,56,316.0,729.0,705.0,589.0,389.0,-140.0,train
2223,21_square,51,4,262.0,460.0,184.0,652.0,-78.0,192.0,val
2224,21_square,64,23,879.0,594.0,332.0,880.0,-547.0,286.0,train
2225,21_square,31,5,311.0,768.0,723.0,589.0,412.0,-179.0,train
2226,21_square,29,58,103.0,291.0,517.0,623.0,414.0,332.0,test
2227,21_square,63,58,626.0,660.0,500.0,786.0,-126.0,126.0,train
2228,21_square,51,37,218.0,271.0,171.0,180.0,-47.0,-91.0,train
2229,21_square,20,29,860.0,668.0,520.0,347.0,-340.0,-321.0,train
2230,21_square,25,38,531.0,311.0,107.0,260.0,-424.0,-51.0,val
2231,21_square,11,27,878.0,522.0,369.0,363.0,-509.0,-159.0,train
2232,21_square,0,35,219.0,883.0,124.0,373.0,-95.0,-510.0,train
2233,21_square,42,38,799.0,636.0,878.0,304.0,79.0,-332.0,train
2234,21_square,52,39,256.0,416.0,374.0,281.0,118.0,-135.0,train
2235,21_square,23,25,784.0,866.0,643.0,772.0,-141.0,-94.0,train
2236,21_square,2,26,852.0,559.0,787.0,227.0,-65.0,-332.0,train
2237,21_square,19,9,308.0,709.0,309.0,152.0,1.0,-557.0,train
2238,21_square,62,28,429.0,137.0,151.0,839.0,-278.0,702.0,train
2239,21_square,18,66,590.0,115.0,568.0,315.0,-22.0,200.0,test
2240,21_square,66,5,103.0,496.0,172.0,328.0,69.0,-168.0,train
2241,21_square,15,28,317.0,307.0,764.0,865.0,447.0,558.0,train
2242,21_square,55,50,359.0,632.0,650.0,652.0,291.0,20.0,train
2243,21_square,50,66,533.0,488.0,889.0,337.0,356.0,-151.0,train
2244,21_square,27,0,853.0,898.0,602.0,521.0,-251.0,-377.0,val
2245,21_square,68,31,300.0,215.0,605.0,550.0,305.0,335.0,train
2246,21_square,7,32,797.0,478.0,815.0,628.0,18.0,150.0,train
2247,21_square,6,13,503.0,272.0,168.0,438.0,-335.0,166.0,train
2248,21_square,48,55,549.0,732.0,392.0,475.0,-157.0,-257.0,val
2249,21_square,47,52,130.0,416.0,131.0,324.0,1.0,-92.0,train
2250,21_square,33,48,815.0,292.0,176.0,717.0,-639.0,425.0,test
2251,21_square,45,23,361.0,675.0,703.0,836.0,342.0,161.0,train
2252,21_square,16,27,701.0,776.0,161.0,386.0,-540.0,-390.0,train
2253,21_square,38,7,654.0,140.0,804.0,475.0,150.0,335.0,train
2254,21_square,65,9,674.0,879.0,328.0,680.0,-346.0,-199.0,train
2255,21_square,29,29,839.0,257.0,668.0,445.0,-171.0,188.0,train
2256,21_square,65,7,245.0,252.0,290.0,455.0,45.0,203.0,train
2257,21_square,68,40,720.0,402.0,545.0,482.0,-175.0,80.0,train
2258,21_square,12,36,855.0,697.0,273.0,755.0,-582.0,58.0,train
2259,21_square,6,36,876.0,694.0,357.0,884.0,-519.0,190.0,train
2260,21_square,6,20,894.0,889.0,827.0,686.0,-67.0,-203.0,train
2261,21_square,2,1,368.0,734.0,179.0,590.0,-189.0,-144.0,train
2262,21_square,39,58,300.0,523.0,743.0,234.0,443.0,-289.0,train
2263,21_square,39,41,299.0,734.0,368.0,351.0,69.0,-383.0,train
2264,21_square,23,42,431.0,248.0,472.0,863.0,41.0,615.0,train
2265,21_square,37,2,475.0,196.0,880.0,615.0,405.0,419.0,val
2266,21_square,31,5,460.0,564.0,794.0,819.0,334.0,255.0,train
2267,21_square,47,50,413.0,230.0,334.0,709.0,-79.0,479.0,train
2268,21_square,33,51,339.0,807.0,797.0,726.0,458.0,-81.0,train
2269,21_square,47,23,212.0,216.0,370.0,847.0,158.0,631.0,val
2270,21_square,8,51,291.0,859.0,221.0,224.0,-70.0,-635.0,train
2271,21_square,45,58,240.0,635.0,156.0,414.0,-84.0,-221.0,train
2272,21_square,59,47,736.0,229.0,777.0,589.0,41.0,360.0,test
2273,21_square,15,7,690.0,619.0,792.0,120.0,102.0,-499.0,val
2274,21_square,20,20,380.0,446.0,610.0,605.0,230.0,159.0,test
2275,21_square,32,26,531.0,573.0,830.0,794.0,299.0,221.0,train
2276,21_square,28,36,534.0,758.0,157.0,479.0,-377.0,-279.0,train
2277,21_square,24,42,281.0,404.0,436.0,682.0,155.0,278.0,val
2278,21_square,2,23,628.0,221.0,486.0,295.0,-142.0,74.0,val
2279,21_square,65,8,355.0,353.0,791.0,518.0,436.0,165.0,train
2280,21_square,6,9,294.0,862.0,881.0,628.0,587.0,-234.0,val
2281,21_square,26,56,421.0,311.0,688.0,890.0,267.0,579.0,train
2282,21_square,24,40,798.0,578.0,137.0,436.0,-661.0,-142.0,train
2283,21_square,68,24,109.0,827.0,429.0,511.0,320.0,-316.0,train
2284,21_square,63,6,258.0,732.0,301.0,872.0,43.0,140.0,train
2285,21_square,34,52,801.0,668.0,497.0,767.0,-304.0,99.0,train
2286,21_square,35,1,778.0,248.0,802.0,166.0,24.0,-82.0,train
2287,21_square,56,42,464.0,385.0,102.0,825.0,-362.0,440.0,train
2288,21_square,63,20,743.0,128.0,420.0,506.0,-323.0,378.0,test
2289,21_square,10,61,278.0,375.0,512.0,638.0,234.0,263.0,test
2290,21_square,58,46,202.0,690.0,696.0,687.0,494.0,-3.0,train
2291,21_square,40,5,471.0,134.0,171.0,702.0,-300.0,568.0,train
2292,21_square,1,17,846.0,161.0,684.0,397.0,-162.0,236.0,test
2293,21_square,62,23,888.0,518.0,162.0,373.0,-726.0,-145.0,test
2294,21_square,21,1,723.0,178.0,568.0,252.0,-155.0,74.0,val
2295,21_square,59,43,265.0,274.0,234.0,410.0,-31.0,136.0,val
2296,21_square,51,42,395.0,372.0,223.0,829.0,-172.0,457.0,train
2297,21_square,27,66,563.0,852.0,379.0,368.0,-184.0,-484.0,train
2298,21_square,36,45,302.0,764.0,150.0,761.0,-152.0,-3.0,train
2299,21_square,52,13,505.0,837.0,300.0,272.0,-205.0,-565.0,train
2300,21_square,38,4,721.0,800.0,237.0,382.0,-484.0,-418.0,train
2301,21_square,65,30,827.0,534.0,477.0,260.0,-350.0,-274.0,val
2302,21_square,34,55,453.0,309.0,435.0,750.0,-18.0,441.0,train
2303,21_square,62,19,162.0,286.0,576.0,284.0,414.0,-2.0,train
2304,21_square,18,66,876.0,636.0,164.0,661.0,-712.0,25.0,val
2305,21_square,0,4,395.0,551.0,370.0,431.0,-25.0,-120.0,train
2306,21_square,49,7,108.0,659.0,691.0,560.0,583.0,-99.0,test
2307,21_square,52,63,409.0,862.0,176.0,270.0,-233.0,-592.0,train
2308,21_square,63,11,492.0,492.0,756.0,362.0,264.0,-130.0,val
2309,21_square,57,43,185.0,334.0,548.0,630.0,363.0,296.0,test
2310,21_square,57,31,532.0,212.0,395.0,425.0,-137.0,213.0,test
2311,21_square,66,64,163.0,423.0,303.0,604.0,140.0,181.0,train
2312,21_square,36,57,274.0,796.0,449.0,203.0,175.0,-593.0,val
2313,21_square,42,22,419.0,142.0,609.0,727.0,190.0,585.0,train
2314,21_square,42,47,664.0,749.0,234.0,508.0,-430.0,-241.0,train
2315,21_square,4,47,406.0,277.0,365.0,899.0,-41.0,622.0,test
2316,21_square,45,0,551.0,724.0,215.0,745.0,-336.0,21.0,train
2317,21_square,50,60,652.0,128.0,760.0,842.0,108.0,714.0,train
2318,21_square,8,3,668.0,155.0,381.0,156.0,-287.0,1.0,train
2319,21_square,51,60,286.0,871.0,779.0,518.0,493.0,-353.0,train
2320,21_square,68,57,803.0,670.0,864.0,681.0,61.0,11.0,train
2321,21_square,15,45,388.0,699.0,544.0,139.0,156.0,-560.0,test
2322,21_square,68,59,179.0,376.0,413.0,778.0,234.0,402.0,train
2323,21_square,47,9,430.0,775.0,767.0,630.0,337.0,-145.0,val
2324,21_square,68,56,153.0,765.0,584.0,445.0,431.0,-320.0,train
2325,21_square,33,14,635.0,588.0,465.0,254.0,-170.0,-334.0,train
2326,21_square,61,52,412.0,187.0,887.0,659.0,475.0,472.0,train
2327,21_square,11,29,208.0,747.0,806.0,373.0,598.0,-374.0,train
2328,21_square,21,40,399.0,163.0,764.0,299.0,365.0,136.0,train
2329,21_square,68,54,185.0,480.0,516.0,394.0,331.0,-86.0,val
2330,21_square,43,53,884.0,180.0,105.0,875.0,-779.0,695.0,train
2331,21_square,13,30,329.0,818.0,178.0,864.0,-151.0,46.0,train
2332,21_square,52,13,525.0,813.0,255.0,357.0,-270.0,-456.0,train
2333,21_square,52,9,569.0,179.0,178.0,878.0,-391.0,699.0,test
2334,21_square,60,13,563.0,132.0,198.0,339.0,-365.0,207.0,train
2335,21_square,56,60,636.0,471.0,817.0,435.0,181.0,-36.0,train
2336,21_square,56,41,750.0,818.0,104.0,569.0,-646.0,-249.0,test
2337,21_square,27,26,128.0,426.0,837.0,142.0,709.0,-284.0,train
2338,21_square,13,35,643.0,134.0,615.0,279.0,-28.0,145.0,train
2339,21_square,21,68,855.0,354.0,469.0,352.0,-386.0,-2.0,train
2340,21_square,62,24,446.0,570.0,195.0,285.0,-251.0,-285.0,train
2341,21_square,13,38,640.0,496.0,867.0,325.0,227.0,-171.0,train
2342,21_square,68,30,420.0,702.0,617.0,308.0,197.0,-394.0,train
2343,21_square,24,61,343.0,291.0,708.0,567.0,365.0,276.0,train
2344,21_square,21,53,386.0,877.0,197.0,785.0,-189.0,-92.0,train
2345,21_square,28,30,617.0,339.0,675.0,145.0,58.0,-194.0,train
2346,21_square,34,23,458.0,445.0,199.0,222.0,-259.0,-223.0,train
2347,21_square,43,0,896.0,248.0,490.0,774.0,-406.0,526.0,train
2348,21_square,42,40,778.0,856.0,755.0,863.0,-23.0,7.0,val
2349,21_square,48,36,408.0,227.0,815.0,776.0,407.0,549.0,train
2350,21_square,15,16,510.0,834.0,528.0,622.0,18.0,-212.0,train
2351,21_square,17,19,290.0,388.0,432.0,406.0,142.0,18.0,train
2352,21_square,58,48,523.0,707.0,740.0,461.0,217.0,-246.0,train
2353,21_square,62,40,325.0,330.0,609.0,215.0,284.0,-115.0,test
2354,21_square,2,30,689.0,134.0,289.0,641.0,-400.0,507.0,train
2355,21_square,48,21,862.0,185.0,319.0,145.0,-543.0,-40.0,train
2356,21_square,19,27,587.0,753.0,433.0,869.0,-154.0,116.0,train
2357,21_square,57,6,145.0,528.0,428.0,621.0,283.0,93.0,train
2358,21_square,13,4,728.0,338.0,604.0,234.0,-124.0,-104.0,test
2359,21_square,7,22,292.0,660.0,570.0,109.0,278.0,-551.0,train
2360,21_square,21,59,644.0,637.0,682.0,101.0,38.0,-536.0,train
2361,21_square,59,48,769.0,799.0,584.0,711.0,-185.0,-88.0,train
2362,21_square,68,67,625.0,581.0,752.0,426.0,127.0,-155.0,train
2363,21_square,24,37,674.0,772.0,236.0,314.0,-438.0,-458.0,train
2364,21_square,20,2,659.0,463.0,741.0,525.0,82.0,62.0,train
2365,21_square,29,23,785.0,588.0,163.0,417.0,-622.0,-171.0,val
2366,21_square,59,16,201.0,153.0,825.0,657.0,624.0,504.0,train
2367,21_square,49,33,481.0,158.0,496.0,330.0,15.0,172.0,train
2368,21_square,57,63,529.0,491.0,849.0,848.0,320.0,357.0,train
2369,21_square,68,13,133.0,293.0,646.0,179.0,513.0,-114.0,test
2370,21_square,24,6,318.0,161.0,695.0,260.0,377.0,99.0,train
2371,21_square,46,2,201.0,258.0,133.0,133.0,-68.0,-125.0,test
2372,21_square,60,21,805.0,291.0,637.0,589.0,-168.0,298.0,train
2373,21_square,23,21,445.0,236.0,615.0,613.0,170.0,377.0,train
2374,21_square,57,51,320.0,298.0,200.0,239.0,-120.0,-59.0,train
2375,21_square,1,51,280.0,445.0,865.0,663.0,585.0,218.0,val
2376,21_square,32,26,730.0,510.0,483.0,761.0,-247.0,251.0,train
2377,21_square,52,5,752.0,692.0,463.0,478.0,-289.0,-214.0,train
2378,21_square,62,39,659.0,694.0,583.0,112.0,-76.0,-582.0,train
2379,21_square,0,11,497.0,209.0,316.0,833.0,-181.0,624.0,train
2380,21_square,40,68,487.0,476.0,630.0,654.0,143.0,178.0,val
2381,21_square,31,5,420.0,381.0,127.0,724.0,-293.0,343.0,train
2382,21_square,48,7,491.0,281.0,525.0,520.0,34.0,239.0,train
2383,21_square,20,59,769.0,551.0,658.0,146.0,-111.0,-405.0,train
2384,21_square,36,50,693.0,179.0,330.0,760.0,-363.0,581.0,test
2385,21_square,11,41,340.0,443.0,122.0,595.0,-218.0,152.0,train
2386,21_square,35,3,444.0,628.0,710.0,281.0,266.0,-347.0,train
2387,21_square,48,49,273.0,867.0,857.0,654.0,584.0,-213.0,train
2388,21_square,29,50,814.0,893.0,345.0,688.0,-469.0,-205.0,train
2389,21_square,64,34,771.0,538.0,736.0,252.0,-35.0,-286.0,test
2390,21_square,37,16,325.0,376.0,199.0,197.0,-126.0,-179.0,train
2391,21_square,23,36,459.0,256.0,655.0,409.0,196.0,153.0,train
2392,21_square,19,7,426.0,104.0,313.0,372.0,-113.0,268.0,train
2393,21_square,62,42,469.0,245.0,489.0,519.0,20.0,274.0,train
2394,21_square,56,59,135.0,709.0,549.0,401.0,414.0,-308.0,train
2395,21_square,0,34,115.0,826.0,652.0,435.0,537.0,-391.0,train
2396,21_square,10,34,830.0,750.0,367.0,737.0,-463.0,-13.0,train
2397,21_square,45,3,655.0,839.0,620.0,667.0,-35.0,-172.0,train
2398,21_square,16,44,131.0,181.0,694.0,470.0,563.0,289.0,train
2399,21_square,0,34,574.0,353.0,614.0,318.0,40.0,-35.0,train
2400,29_square,18,20,481.0,444.0,163.0,281.0,-318.0,-163.0,test
2401,29_square,31,47,221.0,139.0,334.0,578.0,113.0,439.0,train
2402,29_square,60,38,564.0,573.0,578.0,861.0,14.0,288.0,train
2403,29_square,24,11,148.0,896.0,151.0,623.0,3.0,-273.0,train
2404,29_square,26,4,629.0,112.0,594.0,585.0,-35.0,473.0,test
2405,29_square,18,41,528.0,407.0,227.0,421.0,-301.0,14.0,test
2406,29_square,52,61,281.0,275.0,362.0,283.0,81.0,8.0,train
2407,29_square,20,46,714.0,718.0,679.0,383.0,-35.0,-335.0,train
2408,29_square,7,65,142.0,883.0,326.0,744.0,184.0,-139.0,train
2409,29_square,30,52,426.0,768.0,456.0,317.0,30.0,-451.0,train
2410,29_square,5,22,104.0,368.0,675.0,323.0,571.0,-45.0,val
2411,29_square,13,16,745.0,161.0,280.0,333.0,-465.0,172.0,train
2412,29_square,29,24,757.0,286.0,731.0,688.0,-26.0,402.0,train
2413,29_square,19,15,811.0,344.0,173.0,468.0,-638.0,124.0,train
2414,29_square,35,8,804.0,373.0,496.0,803.0,-308.0,430.0,train
2415,29_square,30,50,687.0,135.0,552.0,189.0,-135.0,54.0,train
2416,29_square,8,0,270.0,806.0,577.0,118.0,307.0,-688.0,train
2417,29_square,51,4,830.0,438.0,583.0,841.0,-247.0,403.0,train
2418,29_square,64,6,862.0,262.0,283.0,184.0,-579.0,-78.0,test
2419,29_square,2,19,303.0,821.0,324.0,392.0,21.0,-429.0,train
2420,29_square,47,12,264.0,340.0,447.0,761.0,183.0,421.0,train
2421,29_square,24,38,758.0,616.0,331.0,799.0,-427.0,183.0,train
2422,29_square,57,46,228.0,334.0,755.0,623.0,527.0,289.0,train
2423,29_square,68,13,796.0,438.0,348.0,141.0,-448.0,-297.0,train
2424,29_square,27,19,805.0,198.0,862.0,603.0,57.0,405.0,train
2425,29_square,59,60,736.0,887.0,729.0,289.0,-7.0,-598.0,val
2426,29_square,30,20,639.0,680.0,487.0,506.0,-152.0,-174.0,train
2427,29_square,43,10,509.0,614.0,200.0,382.0,-309.0,-232.0,test
2428,29_square,46,60,243.0,422.0,885.0,353.0,642.0,-69.0,train
2429,29_square,52,67,351.0,309.0,789.0,522.0,438.0,213.0,train
2430,29_square,26,39,556.0,218.0,666.0,111.0,110.0,-107.0,test
2431,29_square,39,11,618.0,305.0,518.0,715.0,-100.0,410.0,train
2432,29_square,23,14,684.0,492.0,128.0,683.0,-556.0,191.0,train
2433,29_square,52,51,646.0,276.0,821.0,160.0,175.0,-116.0,train
2434,29_square,25,25,293.0,714.0,704.0,572.0,411.0,-142.0,train
2435,29_square,35,22,697.0,856.0,843.0,399.0,146.0,-457.0,train
2436,29_square,30,63,158.0,669.0,522.0,142.0,364.0,-527.0,train
2437,29_square,44,7,858.0,755.0,501.0,622.0,-357.0,-133.0,train
2438,29_square,20,26,170.0,440.0,828.0,761.0,658.0,321.0,test
2439,29_square,62,14,612.0,774.0,645.0,395.0,33.0,-379.0,val
2440,29_square,10,32,427.0,814.0,275.0,217.0,-152.0,-597.0,val
2441,29_square,60,53,697.0,264.0,659.0,796.0,-38.0,532.0,train
2442,29_square,36,32,210.0,750.0,709.0,499.0,499.0,-251.0,train
2443,29_square,3,50,826.0,491.0,199.0,669.0,-627.0,178.0,val
2444,29_square,11,60,900.0,223.0,181.0,309.0,-719.0,86.0,train
2445,29_square,31,64,486.0,616.0,489.0,455.0,3.0,-161.0,train
2446,29_square,34,1,492.0,294.0,188.0,270.0,-304.0,-24.0,train
2447,29_square,3,16,601.0,275.0,611.0,619.0,10.0,344.0,train
2448,29_square,36,60,691.0,815.0,297.0,368.0,-394.0,-447.0,train
2449,29_square,9,58,686.0,170.0,749.0,637.0,63.0,467.0,train
2450,29_square,46,45,406.0,357.0,475.0,874.0,69.0,517.0,train
2451,29_square,3,62,652.0,791.0,521.0,783.0,-131.0,-8.0,train
2452,29_square,27,39,357.0,799.0,661.0,663.0,304.0,-136.0,val
2453,29_square,27,3,179.0,648.0,839.0,202.0,660.0,-446.0,train
2454,29_square,18,52,271.0,623.0,346.0,802.0,75.0,179.0,train
2455,29_square,10,1,660.0,871.0,178.0,595.0,-482.0,-276.0,train
2456,29_square,3,28,811.0,124.0,457.0,825.0,-354.0,701.0,train
2457,29_square,10,15,260.0,448.0,718.0,117.0,458.0,-331.0,train
2458,29_square,39,5,619.0,801.0,176.0,594.0,-443.0,-207.0,train
2459,29_square,41,27,310.0,837.0,270.0,499.0,-40.0,-338.0,train
2460,29_square,66,37,883.0,793.0,524.0,625.0,-359.0,-168.0,train
2461,29_square,51,1,529.0,359.0,148.0,473.0,-381.0,114.0,test
2462,29_square,64,67,180.0,452.0,669.0,688.0,489.0,236.0,train
2463,29_square,31,25,478.0,605.0,524.0,178.0,46.0,-427.0,train
2464,29_square,25,61,196.0,454.0,265.0,788.0,69.0,334.0,train
2465,29_square,21,7,280.0,530.0,782.0,734.0,502.0,204.0,train
2466,29_square,45,8,420.0,124.0,351.0,148.0,-69.0,24.0,train
2467,29_square,56,29,156.0,590.0,516.0,152.0,360.0,-438.0,train
2468,29_square,49,14,381.0,149.0,229.0,836.0,-152.0,687.0,train
2469,29_square,58,56,900.0,531.0,502.0,848.0,-398.0,317.0,train
2470,29_square,16,32,338.0,642.0,261.0,341.0,-77.0,-301.0,val
2471,29_square,9,45,202.0,466.0,485.0,209.0,283.0,-257.0,val
2472,29_square,62,49,324.0,726.0,354.0,142.0,30.0,-584.0,train
2473,29_square,47,65,467.0,524.0,184.0,259.0,-283.0,-265.0,train
2474,29_square,37,34,208.0,304.0,647.0,624.0,439.0,320.0,train
2475,29_square,3,34,483.0,626.0,702.0,444.0,219.0,-182.0,train
2476,29_square,7,32,182.0,348.0,111.0,117.0,-71.0,-231.0,train
2477,29_square,22,34,312.0,685.0,603.0,544.0,291.0,-141.0,train
2478,29_square,6,37,649.0,309.0,634.0,517.0,-15.0,208.0,train
2479,29_square,60,18,544.0,700.0,319.0,788.0,-225.0,88.0,train
2480,29_square,20,55,778.0,371.0,627.0,705.0,-151.0,334.0,train
2481,29_square,11,57,388.0,213.0,820.0,112.0,432.0,-101.0,test
2482,29_square,17,50,743.0,896.0,845.0,601.0,102.0,-295.0,test
2483,29_square,64,16,521.0,380.0,701.0,884.0,180.0,504.0,val
2484,29_square,45,19,274.0,877.0,137.0,558.0,-137.0,-319.0,train
2485,29_square,3,11,691.0,435.0,694.0,155.0,3.0,-280.0,train
2486,29_square,37,27,639.0,523.0,864.0,480.0,225.0,-43.0,train
2487,29_square,28,7,800.0,321.0,395.0,894.0,-405.0,573.0,train
2488,29_square,54,40,240.0,637.0,239.0,399.0,-1.0,-238.0,train
2489,29_square,24,30,363.0,443.0,432.0,874.0,69.0,431.0,train
2490,29_square,68,42,198.0,768.0,862.0,338.0,664.0,-430.0,val
2491,29_square,39,68,324.0,176.0,456.0,838.0,132.0,662.0,train
2492,29_square,39,8,812.0,651.0,216.0,163.0,-596.0,-488.0,train
2493,29_square,25,49,713.0,781.0,335.0,291.0,-378.0,-490.0,train
2494,29_square,47,4,618.0,138.0,413.0,364.0,-205.0,226.0,train
2495,29_square,59,56,474.0,669.0,435.0,516.0,-39.0,-153.0,train
2496,29_square,30,42,238.0,194.0,396.0,690.0,158.0,496.0,train
2497,29_square,11,35,626.0,678.0,701.0,482.0,75.0,-196.0,train
2498,29_square,14,66,159.0,516.0,750.0,536.0,591.0,20.0,train
2499,29_square,1,42,287.0,257.0,286.0,659.0,-1.0,402.0,train
2500,29_square,37,10,665.0,745.0,349.0,272.0,-316.0,-473.0,train
2501,29_square,13,2,257.0,137.0,469.0,685.0,212.0,548.0,train
2502,29_square,14,39,581.0,136.0,139.0,284.0,-442.0,148.0,train
2503,29_square,12,31,407.0,391.0,250.0,205.0,-157.0,-186.0,train
2504,29_square,34,13,888.0,455.0,445.0,817.0,-443.0,362.0,train
2505,29_square,55,36,292.0,784.0,170.0,201.0,-122.0,-583.0,train
2506,29_square,31,8,648.0,263.0,828.0,434.0,180.0,171.0,val
2507,29_square,34,49,249.0,485.0,412.0,140.0,163.0,-345.0,train
2508,29_square,60,44,861.0,369.0,666.0,140.0,-195.0,-229.0,train
2509,29_square,12,58,659.0,430.0,594.0,413.0,-65.0,-17.0,train
2510,29_square,46,47,818.0,615.0,385.0,602.0,-433.0,-13.0,train
2511,29_square,68,5,100.0,706.0,879.0,548.0,779.0,-158.0,train
2512,29_square,64,7,156.0,899.0,848.0,756.0,692.0,-143.0,train
2513,29_square,65,15,535.0,884.0,707.0,510.0,172.0,-374.0,train
2514,29_square,21,24,619.0,131.0,170.0,683.0,-449.0,552.0,test
2515,29_square,21,56,723.0,131.0,671.0,778.0,-52.0,647.0,train
2516,29_square,31,53,219.0,782.0,678.0,322.0,459.0,-460.0,train
2517,29_square,10,4,152.0,642.0,569.0,377.0,417.0,-265.0,train
2518,29_square,46,11,323.0,307.0,158.0,136.0,-165.0,-171.0,train
2519,29_square,66,31,377.0,653.0,693.0,634.0,316.0,-19.0,train
2520,29_square,55,64,146.0,675.0,468.0,234.0,322.0,-441.0,train
2521,29_square,58,15,250.0,504.0,348.0,626.0,98.0,122.0,train
2522,29_square,38,15,152.0,780.0,410.0,315.0,258.0,-465.0,train
2523,29_square,62,41,855.0,223.0,641.0,823.0,-214.0,600.0,train
2524,29_square,16,4,293.0,789.0,476.0,676.0,183.0,-113.0,train
2525,29_square,46,23,325.0,732.0,123.0,707.0,-202.0,-25.0,train
2526,29_square,49,67,141.0,812.0,784.0,876.0,643.0,64.0,test
2527,29_square,55,27,375.0,635.0,790.0,303.0,415.0,-332.0,train
2528,29_square,65,1,682.0,876.0,230.0,303.0,-452.0,-573.0,test
2529,29_square,62,19,897.0,319.0,892.0,881.0,-5.0,562.0,test
2530,29_square,4,50,523.0,878.0,461.0,884.0,-62.0,6.0,train
2531,29_square,29,5,894.0,510.0,718.0,532.0,-176.0,22.0,train
2532,29_square,55,26,289.0,738.0,196.0,660.0,-93.0,-78.0,train
2533,29_square,15,6,314.0,771.0,892.0,831.0,578.0,60.0,train
2534,29_square,22,1,756.0,563.0,735.0,687.0,-21.0,124.0,train
2535,29_square,65,65,764.0,696.0,445.0,549.0,-319.0,-147.0,val
2536,29_square,55,17,283.0,160.0,639.0,267.0,356.0,107.0,train
2537,29_square,23,64,119.0,446.0,515.0,830.0,396.0,384.0,train
2538,29_square,67,32,790.0,408.0,310.0,369.0,-480.0,-39.0,train
2539,29_square,10,17,155.0,772.0,216.0,496.0,61.0,-276.0,val
2540,29_square,21,68,323.0,700.0,430.0,475.0,107.0,-225.0,train
2541,29_square,10,11,298.0,732.0,719.0,331.0,421.0,-401.0,train
2542,29_square,3,46,799.0,790.0,480.0,820.0,-319.0,30.0,train
2543,29_square,6,59,830.0,132.0,310.0,313.0,-520.0,181.0,train
2544,29_square,38,39,326.0,743.0,566.0,242.0,240.0,-501.0,train
2545,29_square,9,25,543.0,792.0,900.0,265.0,357.0,-527.0,train
2546,29_square,38,66,232.0,776.0,353.0,215.0,121.0,-561.0,train
2547,29_square,40,13,216.0,148.0,709.0,871.0,493.0,723.0,test
2548,29_square,38,12,171.0,354.0,608.0,483.0,437.0,129.0,test
2549,29_square,33,47,580.0,769.0,383.0,655.0,-197.0,-114.0,train
2550,29_square,14,9,248.0,694.0,867.0,110.0,619.0,-584.0,train
2551,29_square,27,17,386.0,335.0,548.0,677.0,162.0,342.0,train
2552,29_square,19,43,164.0,252.0,776.0,370.0,612.0,118.0,train
2553,29_square,5,19,826.0,558.0,184.0,448.0,-642.0,-110.0,train
2554,29_square,42,0,363.0,776.0,890.0,705.0,527.0,-71.0,train
2555,29_square,16,62,186.0,547.0,243.0,587.0,57.0,40.0,train
2556,29_square,16,63,707.0,108.0,138.0,862.0,-569.0,754.0,test
2557,29_square,29,21,217.0,219.0,731.0,876.0,514.0,657.0,train
2558,29_square,62,61,734.0,493.0,205.0,788.0,-529.0,295.0,train
2559,29_square,57,36,108.0,425.0,232.0,580.0,124.0,155.0,train
2560,29_square,27,0,763.0,712.0,837.0,166.0,74.0,-546.0,train
2561,29_square,35,24,399.0,468.0,768.0,837.0,369.0,369.0,test
2562,29_square,44,27,464.0,117.0,316.0,112.0,-148.0,-5.0,train
2563,29_square,29,5,333.0,119.0,125.0,848.0,-208.0,729.0,test
2564,29_square,25,17,169.0,625.0,127.0,419.0,-42.0,-206.0,test
2565,29_square,25,37,475.0,193.0,817.0,636.0,342.0,443.0,train
2566,29_square,51,10,177.0,636.0,671.0,726.0,494.0,90.0,train
2567,29_square,50,21,495.0,657.0,780.0,510.0,285.0,-147.0,train
2568,29_square,54,30,524.0,615.0,420.0,782.0,-104.0,167.0,test
2569,29_square,61,7,811.0,694.0,307.0,207.0,-504.0,-487.0,train
2570,29_square,36,29,550.0,185.0,740.0,441.0,190.0,256.0,train
2571,29_square,14,41,154.0,351.0,245.0,385.0,91.0,34.0,train
2572,29_square,31,15,849.0,670.0,874.0,758.0,25.0,88.0,train
2573,29_square,24,63,459.0,448.0,556.0,261.0,97.0,-187.0,train
2574,29_square,41,42,561.0,584.0,754.0,691.0,193.0,107.0,train
2575,29_square,38,56,312.0,287.0,537.0,604.0,225.0,317.0,test
2576,29_square,53,4,594.0,281.0,745.0,516.0,151.0,235.0,train
2577,29_square,15,40,749.0,140.0,743.0,185.0,-6.0,45.0,train
2578,29_square,14,13,104.0,512.0,396.0,665.0,292.0,153.0,train
2579,29_square,28,17,442.0,694.0,646.0,761.0,204.0,67.0,val
2580,29_square,35,19,763.0,705.0,302.0,726.0,-461.0,21.0,train
2581,29_square,1,1,681.0,730.0,375.0,187.0,-306.0,-543.0,train
2582,29_square,38,36,509.0,699.0,404.0,324.0,-105.0,-375.0,train
2583,29_square,61,56,269.0,313.0,732.0,533.0,463.0,220.0,train
2584,29_square,68,52,464.0,177.0,479.0,625.0,15.0,448.0,train
2585,29_square,45,14,110.0,224.0,729.0,857.0,619.0,633.0,train
2586,29_square,34,2,458.0,679.0,607.0,690.0,149.0,11.0,test
2587,29_square,42,58,169.0,103.0,520.0,767.0,351.0,664.0,train
2588,29_square,60,46,810.0,187.0,105.0,409.0,-705.0,222.0,train
2589,29_square,56,35,365.0,371.0,612.0,200.0,247.0,-171.0,test
2590,29_square,42,36,367.0,244.0,777.0,611.0,410.0,367.0,train
2591,29_square,42,25,783.0,509.0,500.0,148.0,-283.0,-361.0,train
2592,29_square,67,44,175.0,187.0,679.0,656.0,504.0,469.0,train
2593,29_square,67,46,826.0,897.0,532.0,692.0,-294.0,-205.0,test
2594,29_square,4,60,655.0,443.0,272.0,695.0,-383.0,252.0,train
2595,29_square,55,35,850.0,785.0,407.0,589.0,-443.0,-196.0,train
2596,29_square,11,45,771.0,811.0,414.0,368.0,-357.0,-443.0,train
2597,29_square,60,24,682.0,634.0,838.0,420.0,156.0,-214.0,train
2598,29_square,54,56,417.0,734.0,586.0,820.0,169.0,86.0,train
2599,29_square,41,45,467.0,743.0,364.0,102.0,-103.0,-641.0,train
2600,28_square,0,46,404.0,466.0,662.0,641.0,258.0,175.0,train
2601,28_square,10,3,222.0,831.0,184.0,733.0,-38.0,-98.0,train
2602,28_square,39,63,199.0,427.0,795.0,900.0,596.0,473.0,train
2603,28_square,50,21,394.0,375.0,757.0,293.0,363.0,-82.0,train
2604,28_square,57,48,814.0,256.0,748.0,157.0,-66.0,-99.0,train
2605,28_square,35,58,295.0,721.0,109.0,726.0,-186.0,5.0,train
2606,28_square,26,25,327.0,489.0,232.0,205.0,-95.0,-284.0,train
2607,28_square,38,53,386.0,225.0,840.0,242.0,454.0,17.0,train
2608,28_square,1,6,264.0,710.0,707.0,494.0,443.0,-216.0,train
2609,28_square,47,33,665.0,175.0,274.0,866.0,-391.0,691.0,val
2610,28_square,33,19,793.0,557.0,330.0,742.0,-463.0,185.0,train
2611,28_square,42,15,406.0,344.0,107.0,388.0,-299.0,44.0,train
2612,28_square,68,58,317.0,418.0,559.0,355.0,242.0,-63.0,val
2613,28_square,20,13,337.0,819.0,373.0,293.0,36.0,-526.0,train
2614,28_square,5,60,529.0,587.0,359.0,543.0,-170.0,-44.0,train
2615,28_square,27,34,851.0,504.0,350.0,529.0,-501.0,25.0,train
2616,28_square,53,63,724.0,336.0,251.0,621.0,-473.0,285.0,train
2617,28_square,13,33,512.0,414.0,584.0,186.0,72.0,-228.0,train
2618,28_square,42,37,894.0,647.0,313.0,424.0,-581.0,-223.0,train
2619,28_square,28,27,238.0,349.0,151.0,713.0,-87.0,364.0,train
2620,28_square,62,32,544.0,214.0,210.0,163.0,-334.0,-51.0,train
2621,28_square,62,20,451.0,462.0,415.0,199.0,-36.0,-263.0,train
2622,28_square,44,16,367.0,153.0,485.0,475.0,118.0,322.0,train
2623,28_square,32,19,504.0,706.0,701.0,189.0,197.0,-517.0,train
2624,28_square,34,21,607.0,154.0,584.0,341.0,-23.0,187.0,train
2625,28_square,29,49,827.0,766.0,446.0,180.0,-381.0,-586.0,train
2626,28_square,8,39,105.0,291.0,378.0,620.0,273.0,329.0,train
2627,28_square,43,1,272.0,731.0,322.0,301.0,50.0,-430.0,train
2628,28_square,61,38,292.0,490.0,701.0,151.0,409.0,-339.0,train
2629,28_square,24,47,751.0,464.0,183.0,656.0,-568.0,192.0,train
2630,28_square,19,39,864.0,828.0,155.0,560.0,-709.0,-268.0,train
2631,28_square,41,35,179.0,650.0,531.0,509.0,352.0,-141.0,train
2632,28_square,37,5,624.0,633.0,770.0,427.0,146.0,-206.0,test
2633,28_square,25,14,215.0,795.0,414.0,198.0,199.0,-597.0,train
2634,28_square,28,46,439.0,723.0,823.0,126.0,384.0,-597.0,test
2635,28_square,52,36,866.0,370.0,430.0,446.0,-436.0,76.0,train
2636,28_square,36,54,671.0,797.0,752.0,701.0,81.0,-96.0,train
2637,28_square,43,58,310.0,603.0,639.0,311.0,329.0,-292.0,train
2638,28_square,5,0,403.0,195.0,329.0,400.0,-74.0,205.0,train
2639,28_square,50,9,372.0,347.0,568.0,112.0,196.0,-235.0,test
2640,28_square,13,36,185.0,454.0,272.0,562.0,87.0,108.0,train
2641,28_square,63,1,318.0,201.0,421.0,204.0,103.0,3.0,train
2642,28_square,25,1,273.0,183.0,729.0,597.0,456.0,414.0,val
2643,28_square,59,43,310.0,345.0,373.0,310.0,63.0,-35.0,train
2644,28_square,32,63,890.0,608.0,176.0,761.0,-714.0,153.0,train
2645,28_square,25,23,690.0,575.0,333.0,414.0,-357.0,-161.0,train
2646,28_square,21,2,609.0,809.0,269.0,491.0,-340.0,-318.0,train
2647,28_square,19,7,688.0,533.0,515.0,150.0,-173.0,-383.0,test
2648,28_square,67,18,365.0,482.0,378.0,884.0,13.0,402.0,train
2649,28_square,43,20,205.0,837.0,505.0,640.0,300.0,-197.0,test
2650,28_square,32,60,791.0,761.0,408.0,207.0,-383.0,-554.0,test
2651,28_square,32,1,862.0,758.0,798.0,543.0,-64.0,-215.0,train
2652,28_square,49,19,253.0,809.0,443.0,304.0,190.0,-505.0,train
2653,28_square,44,38,681.0,553.0,385.0,512.0,-296.0,-41.0,train
2654,28_square,31,35,828.0,154.0,731.0,549.0,-97.0,395.0,train
2655,28_square,41,24,642.0,420.0,356.0,579.0,-286.0,159.0,train
2656,28_square,26,41,594.0,116.0,502.0,665.0,-92.0,549.0,train
2657,28_square,28,41,715.0,834.0,633.0,710.0,-82.0,-124.0,test
2658,28_square,34,32,664.0,697.0,241.0,607.0,-423.0,-90.0,val
2659,28_square,60,52,713.0,581.0,292.0,528.0,-421.0,-53.0,train
2660,28_square,57,13,125.0,647.0,381.0,810.0,256.0,163.0,train
2661,28_square,52,61,293.0,849.0,851.0,471.0,558.0,-378.0,train
2662,28_square,26,38,449.0,862.0,372.0,554.0,-77.0,-308.0,train
2663,28_square,55,44,211.0,794.0,346.0,590.0,135.0,-204.0,test
2664,28_square,11,3,401.0,464.0,418.0,295.0,17.0,-169.0,train
2665,28_square,64,35,152.0,714.0,427.0,604.0,275.0,-110.0,train
2666,28_square,30,31,307.0,352.0,662.0,571.0,355.0,219.0,train
2667,28_square,9,65,778.0,841.0,369.0,716.0,-409.0,-125.0,train
2668,28_square,0,64,770.0,346.0,164.0,897.0,-606.0,551.0,train
2669,28_square,55,0,128.0,331.0,444.0,697.0,316.0,366.0,train
2670,28_square,19,9,380.0,493.0,660.0,402.0,280.0,-91.0,train
2671,28_square,30,43,133.0,603.0,118.0,244.0,-15.0,-359.0,train
2672,28_square,28,50,891.0,478.0,783.0,340.0,-108.0,-138.0,train
2673,28_square,40,45,373.0,790.0,456.0,327.0,83.0,-463.0,train
2674,28_square,4,48,313.0,300.0,491.0,164.0,178.0,-136.0,train
2675,28_square,51,57,291.0,258.0,262.0,290.0,-29.0,32.0,train
2676,28_square,9,29,101.0,170.0,466.0,874.0,365.0,704.0,train
2677,28_square,49,25,671.0,836.0,859.0,425.0,188.0,-411.0,test
2678,28_square,10,21,786.0,336.0,373.0,203.0,-413.0,-133.0,test
2679,28_square,8,25,722.0,762.0,581.0,311.0,-141.0,-451.0,train
2680,28_square,35,47,488.0,615.0,624.0,451.0,136.0,-164.0,train
2681,28_square,49,49,304.0,212.0,107.0,787.0,-197.0,575.0,train
2682,28_square,65,18,385.0,840.0,378.0,106.0,-7.0,-734.0,val
2683,28_square,48,7,118.0,601.0,754.0,853.0,636.0,252.0,train
2684,28_square,50,8,240.0,863.0,735.0,288.0,495.0,-575.0,train
2685,28_square,41,29,790.0,672.0,659.0,139.0,-131.0,-533.0,train
2686,28_square,11,64,498.0,827.0,773.0,136.0,275.0,-691.0,train
2687,28_square,27,61,350.0,242.0,312.0,190.0,-38.0,-52.0,train
2688,28_square,39,28,270.0,151.0,287.0,428.0,17.0,277.0,train
2689,28_square,14,44,614.0,436.0,416.0,771.0,-198.0,335.0,val
2690,28_square,57,0,623.0,783.0,404.0,894.0,-219.0,111.0,test
2691,28_square,67,26,148.0,576.0,448.0,737.0,300.0,161.0,train
2692,28_square,20,8,475.0,562.0,414.0,274.0,-61.0,-288.0,test
2693,28_square,47,11,671.0,647.0,599.0,412.0,-72.0,-235.0,val
2694,28_square,4,0,796.0,453.0,865.0,897.0,69.0,444.0,train
2695,28_square,11,24,895.0,252.0,585.0,491.0,-310.0,239.0,train
2696,28_square,62,22,526.0,621.0,731.0,535.0,205.0,-86.0,train
2697,28_square,20,14,228.0,417.0,549.0,590.0,321.0,173.0,train
2698,28_square,34,14,432.0,898.0,280.0,843.0,-152.0,-55.0,train
2699,28_square,55,22,171.0,882.0,175.0,700.0,4.0,-182.0,test
2700,28_square,58,11,725.0,210.0,129.0,679.0,-596.0,469.0,train
2701,28_square,21,59,760.0,753.0,791.0,150.0,31.0,-603.0,train
2702,28_square,15,30,511.0,388.0,682.0,728.0,171.0,340.0,train
2703,28_square,55,24,313.0,762.0,114.0,209.0,-199.0,-553.0,train
2704,28_square,27,49,888.0,673.0,466.0,563.0,-422.0,-110.0,train
2705,28_square,35,36,806.0,347.0,139.0,714.0,-667.0,367.0,train
2706,28_square,65,15,191.0,842.0,862.0,883.0,671.0,41.0,train
2707,28_square,46,28,481.0,672.0,629.0,234.0,148.0,-438.0,train
2708,28_square,51,36,169.0,609.0,374.0,896.0,205.0,287.0,train
2709,28_square,48,51,696.0,136.0,790.0,112.0,94.0,-24.0,val
2710,28_square,67,46,246.0,223.0,495.0,821.0,249.0,598.0,train
2711,28_square,19,47,328.0,429.0,265.0,441.0,-63.0,12.0,train
2712,28_square,48,44,581.0,124.0,523.0,239.0,-58.0,115.0,train
2713,28_square,68,10,889.0,486.0,122.0,498.0,-767.0,12.0,train
2714,28_square,42,35,597.0,460.0,600.0,256.0,3.0,-204.0,train
2715,28_square,11,63,313.0,401.0,338.0,167.0,25.0,-234.0,train
2716,28_square,26,14,252.0,731.0,689.0,657.0,437.0,-74.0,train
2717,28_square,10,10,166.0,528.0,673.0,300.0,507.0,-228.0,test
2718,28_square,68,21,645.0,208.0,216.0,270.0,-429.0,62.0,train
2719,28_square,8,57,554.0,329.0,345.0,207.0,-209.0,-122.0,train
2720,28_square,14,38,499.0,112.0,779.0,872.0,280.0,760.0,train
2721,28_square,9,16,465.0,500.0,316.0,666.0,-149.0,166.0,train
2722,28_square,45,47,425.0,116.0,820.0,406.0,395.0,290.0,train
2723,28_square,9,44,314.0,127.0,594.0,349.0,280.0,222.0,val
2724,28_square,46,14,511.0,372.0,571.0,234.0,60.0,-138.0,train
2725,28_square,41,31,145.0,113.0,899.0,102.0,754.0,-11.0,val
2726,28_square,0,38,629.0,364.0,585.0,472.0,-44.0,108.0,val
2727,28_square,65,4,327.0,149.0,808.0,701.0,481.0,552.0,train
2728,28_square,61,30,643.0,578.0,855.0,557.0,212.0,-21.0,train
2729,28_square,60,3,744.0,815.0,696.0,522.0,-48.0,-293.0,train
2730,28_square,46,68,317.0,813.0,403.0,488.0,86.0,-325.0,train
2731,28_square,3,17,660.0,302.0,454.0,459.0,-206.0,157.0,train
2732,28_square,33,21,600.0,635.0,594.0,313.0,-6.0,-322.0,train
2733,28_square,16,61,179.0,778.0,445.0,631.0,266.0,-147.0,train
2734,28_square,62,60,899.0,522.0,221.0,659.0,-678.0,137.0,train
2735,28_square,63,44,558.0,265.0,682.0,173.0,124.0,-92.0,train
2736,28_square,67,18,492.0,673.0,425.0,390.0,-67.0,-283.0,train
2737,28_square,8,60,252.0,341.0,173.0,238.0,-79.0,-103.0,train
2738,28_square,43,30,638.0,882.0,139.0,540.0,-499.0,-342.0,val
2739,28_square,61,17,857.0,199.0,285.0,179.0,-572.0,-20.0,train
2740,28_square,15,9,697.0,866.0,877.0,290.0,180.0,-576.0,train
2741,28_square,37,49,511.0,580.0,655.0,489.0,144.0,-91.0,val
2742,28_square,48,31,834.0,358.0,357.0,557.0,-477.0,199.0,val
2743,28_square,40,11,114.0,243.0,394.0,128.0,280.0,-115.0,train
2744,28_square,0,2,577.0,236.0,687.0,204.0,110.0,-32.0,train
2745,28_square,54,12,290.0,673.0,802.0,768.0,512.0,95.0,train
2746,28_square,7,3,419.0,169.0,360.0,180.0,-59.0,11.0,train
2747,28_square,61,33,298.0,170.0,241.0,468.0,-57.0,298.0,train
2748,28_square,8,3,227.0,615.0,720.0,408.0,493.0,-207.0,val
2749,28_square,29,47,219.0,645.0,156.0,686.0,-63.0,41.0,train
2750,28_square,13,33,342.0,677.0,787.0,349.0,445.0,-328.0,val
2751,28_square,18,4,632.0,407.0,199.0,881.0,-433.0,474.0,train
2752,28_square,62,66,742.0,594.0,341.0,623.0,-401.0,29.0,train
2753,28_square,36,11,456.0,715.0,647.0,627.0,191.0,-88.0,train
2754,28_square,33,56,701.0,605.0,867.0,382.0,166.0,-223.0,train
2755,28_square,9,0,119.0,443.0,732.0,488.0,613.0,45.0,train
2756,28_square,53,1,498.0,678.0,114.0,602.0,-384.0,-76.0,train
2757,28_square,39,63,381.0,343.0,785.0,180.0,404.0,-163.0,train
2758,28_square,16,21,377.0,339.0,165.0,633.0,-212.0,294.0,train
2759,28_square,53,41,492.0,867.0,740.0,620.0,248.0,-247.0,train
2760,28_square,42,35,156.0,362.0,823.0,898.0,667.0,536.0,train
2761,28_square,45,36,348.0,900.0,345.0,763.0,-3.0,-137.0,train
2762,28_square,50,62,165.0,658.0,323.0,788.0,158.0,130.0,train
2763,28_square,39,55,473.0,602.0,793.0,183.0,320.0,-419.0,train
2764,28_square,27,5,251.0,253.0,793.0,840.0,542.0,587.0,train
2765,28_square,25,3,655.0,728.0,133.0,370.0,-522.0,-358.0,train
2766,28_square,56,13,511.0,120.0,502.0,514.0,-9.0,394.0,train
2767,28_square,57,57,470.0,265.0,808.0,694.0,338.0,429.0,val
2768,28_square,16,56,234.0,565.0,579.0,530.0,345.0,-35.0,val
2769,28_square,26,6,579.0,674.0,776.0,821.0,197.0,147.0,train
2770,28_square,54,25,637.0,365.0,685.0,826.0,48.0,461.0,train
2771,28_square,52,23,405.0,686.0,107.0,533.0,-298.0,-153.0,train
2772,28_square,65,22,829.0,358.0,348.0,822.0,-481.0,464.0,train
2773,28_square,17,44,812.0,501.0,308.0,130.0,-504.0,-371.0,train
2774,28_square,25,27,759.0,535.0,366.0,122.0,-393.0,-413.0,train
2775,28_square,0,63,144.0,691.0,497.0,575.0,353.0,-116.0,train
2776,28_square,62,18,587.0,401.0,477.0,509.0,-110.0,108.0,train
2777,28_square,31,26,576.0,723.0,642.0,192.0,66.0,-531.0,train
2778,28_square,46,5,646.0,689.0,216.0,694.0,-430.0,5.0,train
2779,28_square,32,45,181.0,487.0,108.0,672.0,-73.0,185.0,train
2780,28_square,49,66,280.0,611.0,792.0,101.0,512.0,-510.0,train
2781,28_square,4,42,434.0,640.0,659.0,478.0,225.0,-162.0,train
2782,28_square,27,41,620.0,302.0,489.0,145.0,-131.0,-157.0,val
2783,28_square,50,9,590.0,506.0,159.0,299.0,-431.0,-207.0,train
2784,28_square,45,35,530.0,820.0,159.0,312.0,-371.0,-508.0,train
2785,28_square,58,40,558.0,762.0,314.0,362.0,-244.0,-400.0,train
2786,28_square,42,27,649.0,481.0,785.0,178.0,136.0,-303.0,train
2787,28_square,10,39,777.0,754.0,740.0,246.0,-37.0,-508.0,train
2788,28_square,21,30,900.0,878.0,785.0,896.0,-115.0,18.0,val
2789,28_square,66,38,129.0,776.0,372.0,594.0,243.0,-182.0,train
2790,28_square,23,35,762.0,127.0,514.0,732.0,-248.0,605.0,train
2791,28_square,7,24,586.0,722.0,583.0,630.0,-3.0,-92.0,train
2792,28_square,0,11,422.0,652.0,276.0,269.0,-146.0,-383.0,train
2793,28_square,47,26,606.0,226.0,690.0,489.0,84.0,263.0,train
2794,28_square,11,68,342.0,258.0,813.0,760.0,471.0,502.0,train
2795,28_square,11,49,577.0,426.0,853.0,456.0,276.0,30.0,train
2796,28_square,31,52,691.0,233.0,137.0,522.0,-554.0,289.0,test
2797,28_square,9,31,121.0,438.0,714.0,310.0,593.0,-128.0,train
2798,28_square,25,19,504.0,519.0,681.0,499.0,177.0,-20.0,test
2799,28_square,26,9,339.0,739.0,502.0,308.0,163.0,-431.0,val
2800,20_square,61,47,428.0,597.0,846.0,657.0,418.0,60.0,train
2801,20_square,20,37,305.0,533.0,497.0,364.0,192.0,-169.0,train
2802,20_square,66,22,858.0,110.0,348.0,776.0,-510.0,666.0,train
2803,20_square,28,39,282.0,254.0,664.0,203.0,382.0,-51.0,train
2804,20_square,12,33,868.0,765.0,582.0,135.0,-286.0,-630.0,val
2805,20_square,11,65,805.0,602.0,868.0,738.0,63.0,136.0,train
2806,20_square,52,42,412.0,664.0,144.0,445.0,-268.0,-219.0,train
2807,20_square,18,17,630.0,473.0,396.0,816.0,-234.0,343.0,train
2808,20_square,20,41,258.0,460.0,870.0,692.0,612.0,232.0,train
2809,20_square,4,4,203.0,430.0,605.0,411.0,402.0,-19.0,train
2810,20_square,51,37,496.0,118.0,332.0,204.0,-164.0,86.0,train
2811,20_square,5,68,234.0,666.0,694.0,143.0,460.0,-523.0,train
2812,20_square,46,36,650.0,281.0,667.0,548.0,17.0,267.0,train
2813,20_square,22,1,733.0,332.0,311.0,420.0,-422.0,88.0,val
2814,20_square,62,52,639.0,416.0,479.0,413.0,-160.0,-3.0,val
2815,20_square,12,13,710.0,813.0,727.0,459.0,17.0,-354.0,train
2816,20_square,35,68,147.0,710.0,704.0,102.0,557.0,-608.0,train
2817,20_square,8,0,111.0,586.0,422.0,645.0,311.0,59.0,val
2818,20_square,52,51,252.0,807.0,813.0,659.0,561.0,-148.0,test
2819,20_square,24,60,212.0,329.0,418.0,490.0,206.0,161.0,val
2820,20_square,37,44,371.0,449.0,391.0,382.0,20.0,-67.0,train
2821,20_square,21,16,827.0,601.0,672.0,725.0,-155.0,124.0,train
2822,20_square,53,1,183.0,814.0,230.0,850.0,47.0,36.0,train
2823,20_square,8,24,208.0,311.0,618.0,270.0,410.0,-41.0,val
2824,20_square,56,59,438.0,215.0,381.0,624.0,-57.0,409.0,train
2825,20_square,8,44,369.0,600.0,635.0,389.0,266.0,-211.0,train
2826,20_square,20,64,275.0,531.0,481.0,354.0,206.0,-177.0,train
2827,20_square,2,5,755.0,408.0,258.0,125.0,-497.0,-283.0,train
2828,20_square,34,13,106.0,129.0,411.0,469.0,305.0,340.0,train
2829,20_square,43,29,600.0,853.0,889.0,432.0,289.0,-421.0,train
2830,20_square,34,49,765.0,615.0,764.0,461.0,-1.0,-154.0,train
2831,20_square,12,54,132.0,174.0,217.0,690.0,85.0,516.0,val
2832,20_square,50,60,543.0,500.0,709.0,546.0,166.0,46.0,train
2833,20_square,1,22,173.0,282.0,623.0,660.0,450.0,378.0,train
2834,20_square,51,39,769.0,534.0,212.0,731.0,-557.0,197.0,train
2835,20_square,62,0,552.0,225.0,148.0,682.0,-404.0,457.0,train
2836,20_square,21,63,495.0,390.0,719.0,398.0,224.0,8.0,train
2837,20_square,29,30,583.0,254.0,376.0,471.0,-207.0,217.0,train
2838,20_square,55,24,379.0,455.0,232.0,778.0,-147.0,323.0,train
2839,20_square,67,22,164.0,523.0,652.0,595.0,488.0,72.0,train
2840,20_square,29,27,678.0,103.0,146.0,182.0,-532.0,79.0,train
2841,20_square,17,63,223.0,164.0,808.0,600.0,585.0,436.0,val
2842,20_square,30,43,526.0,594.0,378.0,729.0,-148.0,135.0,test
2843,20_square,46,16,675.0,332.0,573.0,234.0,-102.0,-98.0,train
2844,20_square,43,6,320.0,126.0,830.0,675.0,510.0,549.0,train
2845,20_square,40,4,153.0,211.0,703.0,371.0,550.0,160.0,train
2846,20_square,30,6,775.0,487.0,266.0,820.0,-509.0,333.0,train
2847,20_square,39,32,232.0,616.0,375.0,499.0,143.0,-117.0,train
2848,20_square,4,65,330.0,394.0,436.0,125.0,106.0,-269.0,train
2849,20_square,43,43,385.0,267.0,346.0,532.0,-39.0,265.0,train
2850,20_square,47,19,862.0,387.0,329.0,262.0,-533.0,-125.0,train
2851,20_square,11,7,429.0,518.0,190.0,563.0,-239.0,45.0,train
2852,20_square,25,17,477.0,176.0,318.0,697.0,-159.0,521.0,train
2853,20_square,30,44,867.0,821.0,300.0,872.0,-567.0,51.0,train
2854,20_square,58,68,692.0,555.0,401.0,843.0,-291.0,288.0,train
2855,20_square,15,25,609.0,202.0,575.0,318.0,-34.0,116.0,train
2856,20_square,62,38,523.0,807.0,538.0,573.0,15.0,-234.0,train
2857,20_square,56,51,577.0,187.0,193.0,485.0,-384.0,298.0,train
2858,20_square,47,52,335.0,585.0,613.0,739.0,278.0,154.0,train
2859,20_square,67,1,112.0,574.0,609.0,274.0,497.0,-300.0,train
2860,20_square,49,6,376.0,539.0,865.0,428.0,489.0,-111.0,train
2861,20_square,51,49,398.0,331.0,298.0,232.0,-100.0,-99.0,train
2862,20_square,29,66,819.0,300.0,479.0,434.0,-340.0,134.0,train
2863,20_square,10,45,186.0,463.0,247.0,256.0,61.0,-207.0,train
2864,20_square,55,46,328.0,776.0,591.0,616.0,263.0,-160.0,train
2865,20_square,54,36,234.0,597.0,504.0,344.0,270.0,-253.0,test
2866,20_square,31,5,547.0,255.0,881.0,114.0,334.0,-141.0,val
2867,20_square,66,35,294.0,314.0,237.0,553.0,-57.0,239.0,train
2868,20_square,3,45,582.0,435.0,647.0,658.0,65.0,223.0,train
2869,20_square,38,0,461.0,833.0,477.0,771.0,16.0,-62.0,train
2870,20_square,8,22,311.0,170.0,679.0,278.0,368.0,108.0,test
2871,20_square,2,36,520.0,880.0,722.0,584.0,202.0,-296.0,train
2872,20_square,9,12,476.0,273.0,620.0,675.0,144.0,402.0,val
2873,20_square,40,13,203.0,179.0,407.0,457.0,204.0,278.0,train
2874,20_square,30,34,614.0,669.0,879.0,590.0,265.0,-79.0,train
2875,20_square,68,7,206.0,892.0,122.0,892.0,-84.0,0.0,train
2876,20_square,12,19,850.0,402.0,841.0,186.0,-9.0,-216.0,train
2877,20_square,20,60,419.0,732.0,313.0,455.0,-106.0,-277.0,test
2878,20_square,11,36,683.0,695.0,449.0,518.0,-234.0,-177.0,train
2879,20_square,33,17,806.0,844.0,582.0,640.0,-224.0,-204.0,train
2880,20_square,38,1,784.0,298.0,849.0,729.0,65.0,431.0,train
2881,20_square,56,34,624.0,208.0,514.0,357.0,-110.0,149.0,train
2882,20_square,12,47,673.0,462.0,673.0,746.0,0.0,284.0,train
2883,20_square,19,6,231.0,898.0,375.0,406.0,144.0,-492.0,train
2884,20_square,55,60,880.0,561.0,730.0,234.0,-150.0,-327.0,test
2885,20_square,54,13,144.0,483.0,876.0,311.0,732.0,-172.0,train
2886,20_square,60,27,727.0,631.0,811.0,451.0,84.0,-180.0,train
2887,20_square,42,2,120.0,842.0,149.0,471.0,29.0,-371.0,test
2888,20_square,51,18,104.0,795.0,445.0,567.0,341.0,-228.0,train
2889,20_square,21,28,862.0,571.0,570.0,649.0,-292.0,78.0,train
2890,20_square,31,1,327.0,659.0,196.0,204.0,-131.0,-455.0,train
2891,20_square,10,33,854.0,392.0,459.0,645.0,-395.0,253.0,train
2892,20_square,56,31,580.0,520.0,769.0,244.0,189.0,-276.0,val
2893,20_square,34,10,829.0,436.0,607.0,759.0,-222.0,323.0,train
2894,20_square,36,66,755.0,762.0,285.0,728.0,-470.0,-34.0,train
2895,20_square,51,24,755.0,202.0,713.0,706.0,-42.0,504.0,train
2896,20_square,35,44,549.0,838.0,143.0,136.0,-406.0,-702.0,train
2897,20_square,6,53,445.0,119.0,840.0,465.0,395.0,346.0,train
2898,20_square,16,23,733.0,309.0,740.0,130.0,7.0,-179.0,train
2899,20_square,18,2,202.0,408.0,763.0,568.0,561.0,160.0,train
2900,20_square,39,1,798.0,669.0,286.0,208.0,-512.0,-461.0,train
2901,20_square,62,54,455.0,152.0,816.0,549.0,361.0,397.0,test
2902,20_square,50,10,792.0,374.0,790.0,557.0,-2.0,183.0,test
2903,20_square,18,17,251.0,139.0,828.0,181.0,577.0,42.0,train
2904,20_square,38,16,147.0,760.0,282.0,495.0,135.0,-265.0,train
2905,20_square,26,61,234.0,861.0,402.0,712.0,168.0,-149.0,val
2906,20_square,0,29,702.0,614.0,734.0,790.0,32.0,176.0,val
2907,20_square,56,17,742.0,832.0,754.0,619.0,12.0,-213.0,test
2908,20_square,8,43,824.0,897.0,228.0,180.0,-596.0,-717.0,train
2909,20_square,30,23,605.0,144.0,597.0,547.0,-8.0,403.0,train
2910,20_square,44,8,804.0,836.0,466.0,768.0,-338.0,-68.0,train
2911,20_square,1,31,194.0,852.0,165.0,491.0,-29.0,-361.0,train
2912,20_square,34,9,786.0,241.0,562.0,219.0,-224.0,-22.0,train
2913,20_square,45,51,404.0,685.0,546.0,744.0,142.0,59.0,train
2914,20_square,1,36,781.0,361.0,659.0,433.0,-122.0,72.0,train
2915,20_square,47,46,670.0,209.0,484.0,580.0,-186.0,371.0,train
2916,20_square,48,9,844.0,825.0,470.0,121.0,-374.0,-704.0,val
2917,20_square,12,32,650.0,548.0,355.0,450.0,-295.0,-98.0,train
2918,20_square,31,5,448.0,213.0,837.0,147.0,389.0,-66.0,train
2919,20_square,39,60,896.0,682.0,406.0,399.0,-490.0,-283.0,test
2920,20_square,18,31,535.0,253.0,357.0,864.0,-178.0,611.0,train
2921,20_square,8,62,532.0,407.0,100.0,672.0,-432.0,265.0,train
2922,20_square,44,51,743.0,335.0,164.0,233.0,-579.0,-102.0,test
2923,20_square,35,42,566.0,252.0,482.0,870.0,-84.0,618.0,train
2924,20_square,65,35,556.0,866.0,450.0,363.0,-106.0,-503.0,train
2925,20_square,56,56,219.0,126.0,892.0,598.0,673.0,472.0,train
2926,20_square,29,1,874.0,837.0,419.0,598.0,-455.0,-239.0,train
2927,20_square,31,32,596.0,831.0,668.0,514.0,72.0,-317.0,train
2928,20_square,10,36,253.0,184.0,358.0,648.0,105.0,464.0,train
2929,20_square,5,12,864.0,171.0,120.0,807.0,-744.0,636.0,train
2930,20_square,35,37,219.0,874.0,495.0,128.0,276.0,-746.0,train
2931,20_square,47,59,414.0,314.0,850.0,418.0,436.0,104.0,val
2932,20_square,16,64,551.0,520.0,274.0,357.0,-277.0,-163.0,train
2933,20_square,9,29,512.0,779.0,715.0,123.0,203.0,-656.0,train
2934,20_square,1,57,851.0,790.0,149.0,486.0,-702.0,-304.0,val
2935,20_square,48,45,311.0,448.0,386.0,449.0,75.0,1.0,train
2936,20_square,46,11,176.0,123.0,803.0,304.0,627.0,181.0,train
2937,20_square,29,52,718.0,193.0,860.0,428.0,142.0,235.0,train
2938,20_square,51,20,461.0,482.0,119.0,525.0,-342.0,43.0,val
2939,20_square,21,11,793.0,629.0,321.0,851.0,-472.0,222.0,train
2940,20_square,66,61,321.0,187.0,691.0,717.0,370.0,530.0,train
2941,20_square,0,46,102.0,131.0,632.0,266.0,530.0,135.0,train
2942,20_square,45,53,132.0,447.0,511.0,837.0,379.0,390.0,train
2943,20_square,2,13,799.0,823.0,685.0,362.0,-114.0,-461.0,val
2944,20_square,44,21,484.0,372.0,500.0,434.0,16.0,62.0,train
2945,20_square,64,20,828.0,237.0,396.0,388.0,-432.0,151.0,train
2946,20_square,24,14,738.0,184.0,500.0,434.0,-238.0,250.0,train
2947,20_square,42,8,392.0,578.0,350.0,733.0,-42.0,155.0,train
2948,20_square,14,50,231.0,510.0,693.0,773.0,462.0,263.0,train
2949,20_square,44,29,345.0,753.0,697.0,336.0,352.0,-417.0,train
2950,20_square,4,9,394.0,391.0,295.0,295.0,-99.0,-96.0,train
2951,20_square,59,10,558.0,862.0,802.0,639.0,244.0,-223.0,test
2952,20_square,29,14,515.0,146.0,805.0,642.0,290.0,496.0,train
2953,20_square,34,43,647.0,553.0,432.0,190.0,-215.0,-363.0,train
2954,20_square,48,63,440.0,516.0,395.0,424.0,-45.0,-92.0,train
2955,20_square,62,49,281.0,839.0,105.0,217.0,-176.0,-622.0,val
2956,20_square,24,37,331.0,541.0,248.0,819.0,-83.0,278.0,train
2957,20_square,51,19,868.0,331.0,536.0,628.0,-332.0,297.0,train
2958,20_square,6,3,275.0,319.0,377.0,147.0,102.0,-172.0,train
2959,20_square,7,25,796.0,703.0,225.0,695.0,-571.0,-8.0,train
2960,20_square,40,29,610.0,577.0,499.0,339.0,-111.0,-238.0,train
2961,20_square,29,34,351.0,267.0,243.0,838.0,-108.0,571.0,train
2962,20_square,49,4,545.0,439.0,198.0,716.0,-347.0,277.0,train
2963,20_square,30,68,392.0,728.0,249.0,105.0,-143.0,-623.0,train
2964,20_square,36,7,554.0,592.0,531.0,280.0,-23.0,-312.0,train
2965,20_square,6,21,788.0,202.0,232.0,589.0,-556.0,387.0,train
2966,20_square,56,49,663.0,318.0,567.0,677.0,-96.0,359.0,train
2967,20_square,34,37,775.0,524.0,514.0,230.0,-261.0,-294.0,train
2968,20_square,4,56,611.0,279.0,484.0,566.0,-127.0,287.0,train
2969,20_square,68,35,293.0,887.0,260.0,521.0,-33.0,-366.0,train
2970,20_square,47,15,509.0,865.0,726.0,721.0,217.0,-144.0,train
2971,20_square,58,24,814.0,841.0,517.0,124.0,-297.0,-717.0,train
2972,20_square,45,46,784.0,207.0,409.0,758.0,-375.0,551.0,test
2973,20_square,57,57,312.0,685.0,401.0,135.0,89.0,-550.0,train
2974,20_square,24,44,669.0,333.0,550.0,167.0,-119.0,-166.0,train
2975,20_square,5,7,182.0,778.0,114.0,132.0,-68.0,-646.0,val
2976,20_square,2,17,203.0,488.0,497.0,191.0,294.0,-297.0,train
2977,20_square,29,14,283.0,649.0,154.0,442.0,-129.0,-207.0,test
2978,20_square,62,1,188.0,134.0,454.0,395.0,266.0,261.0,train
2979,20_square,68,18,285.0,472.0,855.0,132.0,570.0,-340.0,train
2980,20_square,11,41,297.0,568.0,189.0,161.0,-108.0,-407.0,train
2981,20_square,40,28,797.0,601.0,739.0,316.0,-58.0,-285.0,val
2982,20_square,45,49,624.0,741.0,428.0,485.0,-196.0,-256.0,train
2983,20_square,34,35,505.0,846.0,788.0,182.0,283.0,-664.0,train
2984,20_square,43,11,597.0,201.0,205.0,444.0,-392.0,243.0,train
2985,20_square,49,33,469.0,487.0,402.0,115.0,-67.0,-372.0,train
2986,20_square,22,63,219.0,318.0,371.0,231.0,152.0,-87.0,train
2987,20_square,11,14,626.0,796.0,326.0,638.0,-300.0,-158.0,train
2988,20_square,57,3,868.0,887.0,744.0,694.0,-124.0,-193.0,train
2989,20_square,36,14,415.0,263.0,756.0,829.0,341.0,566.0,train
2990,20_square,38,55,828.0,158.0,813.0,535.0,-15.0,377.0,train
2991,20_square,23,43,542.0,446.0,534.0,809.0,-8.0,363.0,train
2992,20_square,67,38,268.0,417.0,845.0,394.0,577.0,-23.0,train
2993,20_square,34,23,427.0,417.0,163.0,276.0,-264.0,-141.0,train
2994,20_square,58,43,412.0,778.0,115.0,849.0,-297.0,71.0,test
2995,20_square,18,39,338.0,535.0,223.0,219.0,-115.0,-316.0,train
2996,20_square,41,54,883.0,246.0,507.0,685.0,-376.0,439.0,train
2997,20_square,22,59,242.0,790.0,448.0,524.0,206.0,-266.0,train
2998,20_square,10,18,754.0,714.0,887.0,330.0,133.0,-384.0,test
2999,20_square,30,49,442.0,722.0,323.0,166.0,-119.0,-556.0,train
3000,16_square,42,25,687.0,590.0,434.0,633.0,-253.0,43.0,train
3001,16_square,49,56,472.0,329.0,424.0,646.0,-48.0,317.0,train
3002,16_square,14,39,797.0,526.0,625.0,179.0,-172.0,-347.0,train
3003,16_square,0,30,350.0,792.0,182.0,743.0,-168.0,-49.0,train
3004,16_square,26,0,339.0,769.0,816.0,698.0,477.0,-71.0,train
3005,16_square,33,51,756.0,435.0,243.0,524.0,-513.0,89.0,val
3006,16_square,55,48,887.0,602.0,206.0,129.0,-681.0,-473.0,train
3007,16_square,40,13,469.0,534.0,665.0,348.0,196.0,-186.0,train
3008,16_square,3,68,644.0,253.0,289.0,223.0,-355.0,-30.0,train
3009,16_square,30,41,664.0,689.0,244.0,553.0,-420.0,-136.0,test
3010,16_square,36,66,154.0,641.0,334.0,783.0,180.0,142.0,train
3011,16_square,31,14,653.0,561.0,721.0,498.0,68.0,-63.0,train
3012,16_square,34,18,636.0,417.0,348.0,767.0,-288.0,350.0,train
3013,16_square,38,9,203.0,808.0,319.0,681.0,116.0,-127.0,train
3014,16_square,57,55,779.0,388.0,708.0,483.0,-71.0,95.0,val
3015,16_square,48,11,739.0,685.0,142.0,119.0,-597.0,-566.0,train
3016,16_square,62,61,550.0,151.0,601.0,244.0,51.0,93.0,train
3017,16_square,38,22,701.0,479.0,158.0,481.0,-543.0,2.0,train
3018,16_square,31,53,429.0,100.0,532.0,536.0,103.0,436.0,train
3019,16_square,54,14,408.0,632.0,738.0,791.0,330.0,159.0,train
3020,16_square,62,27,205.0,104.0,728.0,110.0,523.0,6.0,test
3021,16_square,36,8,645.0,799.0,772.0,776.0,127.0,-23.0,val
3022,16_square,56,43,813.0,786.0,611.0,271.0,-202.0,-515.0,train
3023,16_square,46,24,363.0,741.0,649.0,214.0,286.0,-527.0,train
3024,16_square,52,35,868.0,296.0,657.0,685.0,-211.0,389.0,test
3025,16_square,19,67,854.0,214.0,410.0,244.0,-444.0,30.0,train
3026,16_square,46,11,631.0,465.0,290.0,442.0,-341.0,-23.0,train
3027,16_square,33,19,204.0,299.0,537.0,753.0,333.0,454.0,test
3028,16_square,34,23,638.0,741.0,167.0,188.0,-471.0,-553.0,train
3029,16_square,68,64,690.0,815.0,606.0,890.0,-84.0,75.0,train
3030,16_square,4,21,717.0,622.0,848.0,794.0,131.0,172.0,train
3031,16_square,0,26,348.0,608.0,186.0,314.0,-162.0,-294.0,test
3032,16_square,61,29,250.0,815.0,193.0,710.0,-57.0,-105.0,train
3033,16_square,53,7,893.0,345.0,284.0,608.0,-609.0,263.0,train
3034,16_square,51,49,228.0,715.0,553.0,616.0,325.0,-99.0,train
3035,16_square,34,45,714.0,358.0,675.0,198.0,-39.0,-160.0,test
3036,16_square,31,24,300.0,391.0,238.0,801.0,-62.0,410.0,train
3037,16_square,27,0,664.0,521.0,867.0,524.0,203.0,3.0,train
3038,16_square,7,3,108.0,677.0,773.0,621.0,665.0,-56.0,train
3039,16_square,54,64,637.0,837.0,884.0,636.0,247.0,-201.0,test
3040,16_square,48,50,651.0,186.0,351.0,731.0,-300.0,545.0,train
3041,16_square,63,54,887.0,399.0,137.0,356.0,-750.0,-43.0,val
3042,16_square,24,10,550.0,247.0,365.0,575.0,-185.0,328.0,train
3043,16_square,17,37,189.0,676.0,700.0,130.0,511.0,-546.0,train
3044,16_square,19,0,730.0,544.0,746.0,734.0,16.0,190.0,train
3045,16_square,54,25,876.0,631.0,707.0,418.0,-169.0,-213.0,train
3046,16_square,11,30,485.0,594.0,736.0,583.0,251.0,-11.0,train
3047,16_square,15,9,388.0,706.0,891.0,473.0,503.0,-233.0,train
3048,16_square,51,24,757.0,716.0,332.0,750.0,-425.0,34.0,test
3049,16_square,7,49,125.0,713.0,720.0,612.0,595.0,-101.0,train
3050,16_square,44,1,718.0,727.0,224.0,756.0,-494.0,29.0,train
3051,16_square,12,18,523.0,306.0,872.0,623.0,349.0,317.0,test
3052,16_square,31,18,326.0,474.0,452.0,894.0,126.0,420.0,train
3053,16_square,42,46,579.0,637.0,763.0,888.0,184.0,251.0,test
3054,16_square,45,21,900.0,438.0,381.0,138.0,-519.0,-300.0,test
3055,16_square,23,8,141.0,634.0,518.0,200.0,377.0,-434.0,train
3056,16_square,65,38,288.0,341.0,607.0,739.0,319.0,398.0,train
3057,16_square,67,26,291.0,402.0,162.0,626.0,-129.0,224.0,train
3058,16_square,0,37,882.0,649.0,495.0,843.0,-387.0,194.0,train
3059,16_square,27,18,647.0,606.0,508.0,331.0,-139.0,-275.0,train
3060,16_square,33,28,212.0,782.0,228.0,462.0,16.0,-320.0,train
3061,16_square,12,17,347.0,722.0,879.0,665.0,532.0,-57.0,train
3062,16_square,35,52,813.0,859.0,340.0,881.0,-473.0,22.0,test
3063,16_square,60,27,177.0,171.0,666.0,302.0,489.0,131.0,train
3064,16_square,64,46,591.0,609.0,370.0,461.0,-221.0,-148.0,train
3065,16_square,67,11,555.0,504.0,571.0,270.0,16.0,-234.0,train
3066,16_square,39,54,245.0,413.0,438.0,820.0,193.0,407.0,val
3067,16_square,8,56,736.0,450.0,702.0,831.0,-34.0,381.0,train
3068,16_square,30,0,647.0,775.0,521.0,611.0,-126.0,-164.0,train
3069,16_square,8,55,565.0,614.0,525.0,568.0,-40.0,-46.0,train
3070,16_square,26,28,818.0,449.0,620.0,875.0,-198.0,426.0,train
3071,16_square,35,23,220.0,125.0,745.0,343.0,525.0,218.0,train
3072,16_square,34,41,495.0,861.0,425.0,520.0,-70.0,-341.0,train
3073,16_square,27,16,146.0,316.0,445.0,375.0,299.0,59.0,train
3074,16_square,25,46,429.0,371.0,569.0,876.0,140.0,505.0,train
3075,16_square,14,17,782.0,351.0,356.0,147.0,-426.0,-204.0,train
3076,16_square,48,36,738.0,589.0,479.0,199.0,-259.0,-390.0,val
3077,16_square,44,68,873.0,107.0,607.0,564.0,-266.0,457.0,train
3078,16_square,11,20,424.0,825.0,607.0,525.0,183.0,-300.0,train
3079,16_square,51,57,427.0,588.0,808.0,648.0,381.0,60.0,val
3080,16_square,50,40,616.0,512.0,865.0,165.0,249.0,-347.0,train
3081,16_square,29,8,448.0,786.0,652.0,698.0,204.0,-88.0,train
3082,16_square,63,31,368.0,506.0,677.0,782.0,309.0,276.0,train
3083,16_square,4,24,821.0,532.0,295.0,342.0,-526.0,-190.0,train
3084,16_square,48,58,323.0,751.0,878.0,401.0,555.0,-350.0,train
3085,16_square,55,32,812.0,127.0,851.0,279.0,39.0,152.0,train
3086,16_square,5,61,200.0,144.0,513.0,716.0,313.0,572.0,val
3087,16_square,11,31,637.0,139.0,506.0,834.0,-131.0,695.0,train
3088,16_square,5,53,561.0,377.0,718.0,322.0,157.0,-55.0,train
3089,16_square,57,49,354.0,373.0,720.0,434.0,366.0,61.0,train
3090,16_square,1,32,725.0,660.0,638.0,630.0,-87.0,-30.0,train
3091,16_square,53,66,220.0,691.0,404.0,350.0,184.0,-341.0,val
3092,16_square,36,52,480.0,633.0,170.0,176.0,-310.0,-457.0,train
3093,16_square,51,57,472.0,802.0,440.0,316.0,-32.0,-486.0,train
3094,16_square,21,67,437.0,887.0,533.0,652.0,96.0,-235.0,train
3095,16_square,30,21,116.0,361.0,468.0,846.0,352.0,485.0,train
3096,16_square,10,54,634.0,781.0,527.0,874.0,-107.0,93.0,train
3097,16_square,63,64,859.0,208.0,642.0,616.0,-217.0,408.0,train
3098,16_square,68,40,421.0,793.0,841.0,490.0,420.0,-303.0,train
3099,16_square,35,53,805.0,328.0,589.0,813.0,-216.0,485.0,train
3100,16_square,67,5,750.0,464.0,424.0,659.0,-326.0,195.0,train
3101,16_square,9,8,440.0,140.0,184.0,424.0,-256.0,284.0,test
3102,16_square,18,33,543.0,131.0,239.0,241.0,-304.0,110.0,test
3103,16_square,53,47,667.0,792.0,498.0,347.0,-169.0,-445.0,train
3104,16_square,11,17,776.0,340.0,633.0,709.0,-143.0,369.0,train
3105,16_square,34,5,884.0,356.0,372.0,542.0,-512.0,186.0,val
3106,16_square,34,26,609.0,561.0,251.0,159.0,-358.0,-402.0,train
3107,16_square,16,8,520.0,714.0,552.0,105.0,32.0,-609.0,train
3108,16_square,30,11,346.0,163.0,888.0,180.0,542.0,17.0,train
3109,16_square,52,23,589.0,380.0,656.0,437.0,67.0,57.0,train
3110,16_square,49,35,387.0,642.0,517.0,819.0,130.0,177.0,train
3111,16_square,3,31,638.0,291.0,268.0,724.0,-370.0,433.0,train
3112,16_square,34,62,896.0,139.0,319.0,399.0,-577.0,260.0,val
3113,16_square,51,33,674.0,179.0,465.0,688.0,-209.0,509.0,train
3114,16_square,11,42,804.0,785.0,283.0,776.0,-521.0,-9.0,train
3115,16_square,36,61,325.0,632.0,365.0,709.0,40.0,77.0,train
3116,16_square,22,5,495.0,246.0,227.0,801.0,-268.0,555.0,train
3117,16_square,43,46,136.0,376.0,810.0,740.0,674.0,364.0,val
3118,16_square,34,64,667.0,601.0,770.0,818.0,103.0,217.0,train
3119,16_square,27,25,373.0,451.0,779.0,811.0,406.0,360.0,train
3120,16_square,45,38,802.0,848.0,824.0,419.0,22.0,-429.0,test
3121,16_square,11,66,845.0,365.0,262.0,745.0,-583.0,380.0,test
3122,16_square,44,37,247.0,331.0,229.0,818.0,-18.0,487.0,train
3123,16_square,19,28,606.0,792.0,105.0,326.0,-501.0,-466.0,val
3124,16_square,68,47,189.0,534.0,676.0,365.0,487.0,-169.0,val
3125,16_square,40,43,214.0,709.0,440.0,547.0,226.0,-162.0,train
3126,16_square,9,14,356.0,888.0,186.0,522.0,-170.0,-366.0,train
3127,16_square,9,20,507.0,525.0,206.0,488.0,-301.0,-37.0,train
3128,16_square,53,60,775.0,686.0,133.0,196.0,-642.0,-490.0,train
3129,16_square,21,38,726.0,347.0,629.0,556.0,-97.0,209.0,train
3130,16_square,61,62,374.0,113.0,335.0,885.0,-39.0,772.0,train
3131,16_square,57,59,520.0,597.0,382.0,698.0,-138.0,101.0,test
3132,16_square,28,11,538.0,707.0,211.0,717.0,-327.0,10.0,train
3133,16_square,34,23,744.0,299.0,381.0,563.0,-363.0,264.0,train
3134,16_square,16,33,359.0,421.0,408.0,754.0,49.0,333.0,train
3135,16_square,17,17,161.0,498.0,150.0,778.0,-11.0,280.0,train
3136,16_square,15,33,255.0,452.0,592.0,513.0,337.0,61.0,train
3137,16_square,46,55,730.0,484.0,795.0,397.0,65.0,-87.0,train
3138,16_square,15,64,682.0,819.0,874.0,226.0,192.0,-593.0,train
3139,16_square,30,16,298.0,348.0,459.0,754.0,161.0,406.0,val
3140,16_square,54,23,374.0,597.0,373.0,105.0,-1.0,-492.0,val
3141,16_square,0,66,579.0,670.0,451.0,318.0,-128.0,-352.0,train
3142,16_square,18,3,226.0,253.0,852.0,422.0,626.0,169.0,train
3143,16_square,45,56,113.0,294.0,866.0,888.0,753.0,594.0,train
3144,16_square,11,66,291.0,437.0,871.0,539.0,580.0,102.0,val
3145,16_square,3,30,837.0,190.0,840.0,766.0,3.0,576.0,train
3146,16_square,59,36,323.0,421.0,308.0,618.0,-15.0,197.0,train
3147,16_square,28,21,710.0,466.0,494.0,347.0,-216.0,-119.0,train
3148,16_square,8,65,556.0,841.0,404.0,409.0,-152.0,-432.0,train
3149,16_square,23,47,110.0,427.0,592.0,251.0,482.0,-176.0,train
3150,16_square,62,7,199.0,376.0,155.0,797.0,-44.0,421.0,train
3151,16_square,37,11,213.0,376.0,576.0,854.0,363.0,478.0,train
3152,16_square,5,2,271.0,112.0,817.0,386.0,546.0,274.0,train
3153,16_square,49,3,450.0,406.0,835.0,844.0,385.0,438.0,train
3154,16_square,28,38,899.0,261.0,625.0,179.0,-274.0,-82.0,train
3155,16_square,4,68,348.0,223.0,559.0,618.0,211.0,395.0,train
3156,16_square,6,8,715.0,589.0,625.0,588.0,-90.0,-1.0,train
3157,16_square,11,45,837.0,829.0,286.0,454.0,-551.0,-375.0,train
3158,16_square,26,61,710.0,204.0,452.0,268.0,-258.0,64.0,train
3159,16_square,10,22,802.0,639.0,271.0,698.0,-531.0,59.0,test
3160,16_square,54,29,589.0,441.0,724.0,755.0,135.0,314.0,train
3161,16_square,35,45,496.0,808.0,423.0,793.0,-73.0,-15.0,train
3162,16_square,26,9,630.0,739.0,203.0,716.0,-427.0,-23.0,val
3163,16_square,17,35,516.0,867.0,442.0,238.0,-74.0,-629.0,train
3164,16_square,6,62,263.0,217.0,579.0,590.0,316.0,373.0,train
3165,16_square,33,28,681.0,605.0,184.0,239.0,-497.0,-366.0,train
3166,16_square,66,1,252.0,750.0,510.0,593.0,258.0,-157.0,test
3167,16_square,16,0,463.0,231.0,770.0,497.0,307.0,266.0,train
3168,16_square,48,56,654.0,256.0,294.0,309.0,-360.0,53.0,val
3169,16_square,66,51,433.0,568.0,164.0,508.0,-269.0,-60.0,train
3170,16_square,1,31,201.0,748.0,516.0,113.0,315.0,-635.0,train
3171,16_square,62,44,570.0,228.0,244.0,323.0,-326.0,95.0,train
3172,16_square,3,34,809.0,271.0,560.0,361.0,-249.0,90.0,train
3173,16_square,22,2,418.0,104.0,228.0,183.0,-190.0,79.0,train
3174,16_square,24,22,743.0,193.0,659.0,321.0,-84.0,128.0,train
3175,16_square,38,8,179.0,648.0,759.0,263.0,580.0,-385.0,train
3176,16_square,19,0,288.0,337.0,169.0,538.0,-119.0,201.0,test
3177,16_square,18,8,200.0,551.0,105.0,811.0,-95.0,260.0,train
3178,16_square,59,47,732.0,335.0,271.0,556.0,-461.0,221.0,train
3179,16_square,49,56,146.0,131.0,681.0,550.0,535.0,419.0,train
3180,16_square,57,10,319.0,674.0,243.0,248.0,-76.0,-426.0,train
3181,16_square,23,14,176.0,746.0,293.0,890.0,117.0,144.0,test
3182,16_square,29,59,522.0,263.0,735.0,554.0,213.0,291.0,train
3183,16_square,6,19,501.0,380.0,834.0,889.0,333.0,509.0,train
3184,16_square,46,27,830.0,831.0,575.0,159.0,-255.0,-672.0,val
3185,16_square,9,4,121.0,734.0,586.0,672.0,465.0,-62.0,test
3186,16_square,23,21,679.0,743.0,887.0,443.0,208.0,-300.0,train
3187,16_square,64,28,641.0,270.0,247.0,838.0,-394.0,568.0,train
3188,16_square,63,59,605.0,760.0,801.0,124.0,196.0,-636.0,test
3189,16_square,23,14,152.0,790.0,127.0,407.0,-25.0,-383.0,train
3190,16_square,38,12,471.0,774.0,309.0,768.0,-162.0,-6.0,train
3191,16_square,49,13,151.0,265.0,616.0,537.0,465.0,272.0,train
3192,16_square,6,46,760.0,375.0,636.0,614.0,-124.0,239.0,train
3193,16_square,25,21,122.0,768.0,221.0,240.0,99.0,-528.0,train
3194,16_square,64,55,265.0,713.0,739.0,678.0,474.0,-35.0,train
3195,16_square,35,20,385.0,786.0,422.0,713.0,37.0,-73.0,train
3196,16_square,65,57,787.0,737.0,469.0,134.0,-318.0,-603.0,train
3197,16_square,55,7,198.0,612.0,390.0,489.0,192.0,-123.0,train
3198,16_square,51,30,759.0,189.0,362.0,413.0,-397.0,224.0,train
3199,16_square,59,46,353.0,130.0,667.0,224.0,314.0,94.0,train
3200,11_square,17,0,719.0,246.0,659.0,288.0,-60.0,42.0,train
3201,11_square,12,39,549.0,484.0,306.0,175.0,-243.0,-309.0,train
3202,11_square,4,55,619.0,479.0,193.0,185.0,-426.0,-294.0,train
3203,11_square,29,66,155.0,244.0,476.0,624.0,321.0,380.0,train
3204,11_square,20,16,331.0,231.0,126.0,239.0,-205.0,8.0,train
3205,11_square,2,62,575.0,630.0,489.0,297.0,-86.0,-333.0,test
3206,11_square,24,38,404.0,426.0,212.0,179.0,-192.0,-247.0,val
3207,11_square,6,58,676.0,506.0,553.0,580.0,-123.0,74.0,train
3208,11_square,32,10,336.0,219.0,280.0,412.0,-56.0,193.0,train
3209,11_square,60,16,223.0,553.0,503.0,578.0,280.0,25.0,train
3210,11_square,66,21,588.0,875.0,381.0,655.0,-207.0,-220.0,train
3211,11_square,0,14,359.0,761.0,701.0,784.0,342.0,23.0,train
3212,11_square,52,35,187.0,812.0,847.0,414.0,660.0,-398.0,train
3213,11_square,60,14,195.0,184.0,146.0,706.0,-49.0,522.0,test
3214,11_square,49,56,692.0,214.0,876.0,271.0,184.0,57.0,train
3215,11_square,47,32,216.0,444.0,844.0,103.0,628.0,-341.0,train
3216,11_square,43,66,319.0,838.0,604.0,828.0,285.0,-10.0,train
3217,11_square,6,23,149.0,386.0,254.0,415.0,105.0,29.0,train
3218,11_square,45,0,625.0,450.0,859.0,321.0,234.0,-129.0,train
3219,11_square,48,33,622.0,148.0,402.0,102.0,-220.0,-46.0,train
3220,11_square,57,19,427.0,848.0,879.0,286.0,452.0,-562.0,train
3221,11_square,18,24,734.0,594.0,837.0,882.0,103.0,288.0,train
3222,11_square,21,58,721.0,155.0,641.0,232.0,-80.0,77.0,train
3223,11_square,7,26,751.0,129.0,156.0,255.0,-595.0,126.0,train
3224,11_square,63,46,810.0,506.0,342.0,588.0,-468.0,82.0,train
3225,11_square,43,24,321.0,179.0,612.0,798.0,291.0,619.0,test
3226,11_square,30,11,820.0,701.0,829.0,507.0,9.0,-194.0,train
3227,11_square,5,56,218.0,261.0,629.0,330.0,411.0,69.0,train
3228,11_square,63,46,835.0,820.0,584.0,423.0,-251.0,-397.0,val
3229,11_square,37,28,443.0,408.0,645.0,183.0,202.0,-225.0,train
3230,11_square,32,36,359.0,572.0,198.0,835.0,-161.0,263.0,train
3231,11_square,3,46,154.0,861.0,203.0,403.0,49.0,-458.0,train
3232,11_square,14,34,890.0,527.0,194.0,789.0,-696.0,262.0,train
3233,11_square,45,53,588.0,795.0,708.0,412.0,120.0,-383.0,train
3234,11_square,31,51,430.0,125.0,182.0,841.0,-248.0,716.0,train
3235,11_square,6,35,139.0,540.0,889.0,252.0,750.0,-288.0,train
3236,11_square,64,7,742.0,574.0,426.0,183.0,-316.0,-391.0,train
3237,11_square,58,49,390.0,651.0,489.0,228.0,99.0,-423.0,train
3238,11_square,9,25,577.0,634.0,123.0,636.0,-454.0,2.0,train
3239,11_square,29,18,454.0,439.0,650.0,664.0,196.0,225.0,train
3240,11_square,37,49,311.0,654.0,138.0,505.0,-173.0,-149.0,train
3241,11_square,36,56,304.0,352.0,841.0,379.0,537.0,27.0,val
3242,11_square,23,54,286.0,625.0,111.0,235.0,-175.0,-390.0,train
3243,11_square,24,26,530.0,107.0,214.0,103.0,-316.0,-4.0,train
3244,11_square,68,53,574.0,842.0,268.0,673.0,-306.0,-169.0,train
3245,11_square,57,40,766.0,125.0,491.0,694.0,-275.0,569.0,train
3246,11_square,17,42,899.0,873.0,594.0,849.0,-305.0,-24.0,train
3247,11_square,54,25,468.0,273.0,162.0,630.0,-306.0,357.0,val
3248,11_square,68,29,867.0,330.0,596.0,304.0,-271.0,-26.0,train
3249,11_square,45,68,683.0,260.0,255.0,866.0,-428.0,606.0,test
3250,11_square,65,10,842.0,119.0,430.0,729.0,-412.0,610.0,val
3251,11_square,55,53,293.0,838.0,861.0,215.0,568.0,-623.0,train
3252,11_square,64,32,261.0,624.0,504.0,519.0,243.0,-105.0,train
3253,11_square,19,66,115.0,891.0,386.0,376.0,271.0,-515.0,train
3254,11_square,19,49,846.0,322.0,717.0,219.0,-129.0,-103.0,test
3255,11_square,32,37,675.0,143.0,363.0,417.0,-312.0,274.0,train
3256,11_square,67,37,520.0,122.0,877.0,758.0,357.0,636.0,val
3257,11_square,11,30,355.0,306.0,289.0,490.0,-66.0,184.0,test
3258,11_square,17,54,499.0,109.0,253.0,271.0,-246.0,162.0,train
3259,11_square,5,29,615.0,155.0,324.0,537.0,-291.0,382.0,test
3260,11_square,58,8,411.0,288.0,271.0,371.0,-140.0,83.0,test
3261,11_square,57,58,806.0,191.0,105.0,126.0,-701.0,-65.0,train
3262,11_square,5,28,302.0,257.0,167.0,336.0,-135.0,79.0,train
3263,11_square,50,17,198.0,388.0,516.0,871.0,318.0,483.0,train
3264,11_square,12,53,110.0,631.0,431.0,553.0,321.0,-78.0,train
3265,11_square,31,27,858.0,175.0,369.0,450.0,-489.0,275.0,train
3266,11_square,63,41,886.0,245.0,269.0,539.0,-617.0,294.0,train
3267,11_square,30,55,449.0,593.0,405.0,220.0,-44.0,-373.0,train
3268,11_square,47,26,872.0,368.0,550.0,857.0,-322.0,489.0,train
3269,11_square,51,55,202.0,354.0,316.0,536.0,114.0,182.0,train
3270,11_square,65,67,233.0,610.0,751.0,179.0,518.0,-431.0,train
3271,11_square,64,12,759.0,426.0,879.0,593.0,120.0,167.0,train
3272,11_square,11,30,663.0,269.0,546.0,731.0,-117.0,462.0,train
3273,11_square,38,48,558.0,758.0,139.0,807.0,-419.0,49.0,test
3274,11_square,25,22,863.0,146.0,156.0,113.0,-707.0,-33.0,train
3275,11_square,16,8,224.0,871.0,593.0,754.0,369.0,-117.0,val
3276,11_square,12,63,209.0,349.0,779.0,134.0,570.0,-215.0,train
3277,11_square,17,24,799.0,315.0,160.0,852.0,-639.0,537.0,val
3278,11_square,62,42,169.0,445.0,146.0,513.0,-23.0,68.0,train
3279,11_square,54,44,151.0,335.0,452.0,249.0,301.0,-86.0,train
3280,11_square,0,5,370.0,599.0,496.0,540.0,126.0,-59.0,train
3281,11_square,10,11,277.0,654.0,504.0,533.0,227.0,-121.0,train
3282,11_square,29,55,116.0,648.0,885.0,313.0,769.0,-335.0,train
3283,11_square,11,61,825.0,239.0,104.0,635.0,-721.0,396.0,train
3284,11_square,7,29,542.0,717.0,293.0,599.0,-249.0,-118.0,val
3285,11_square,40,12,273.0,645.0,601.0,838.0,328.0,193.0,train
3286,11_square,19,60,742.0,344.0,747.0,562.0,5.0,218.0,train
3287,11_square,56,27,668.0,272.0,289.0,767.0,-379.0,495.0,test
3288,11_square,0,37,177.0,887.0,493.0,698.0,316.0,-189.0,test
3289,11_square,35,0,174.0,198.0,204.0,812.0,30.0,614.0,train
3290,11_square,16,63,608.0,227.0,378.0,469.0,-230.0,242.0,train
3291,11_square,45,0,295.0,448.0,687.0,289.0,392.0,-159.0,train
3292,11_square,58,16,716.0,777.0,710.0,894.0,-6.0,117.0,train
3293,11_square,30,16,268.0,524.0,665.0,634.0,397.0,110.0,train
3294,11_square,51,13,470.0,697.0,699.0,591.0,229.0,-106.0,train
3295,11_square,34,64,816.0,566.0,535.0,100.0,-281.0,-466.0,train
3296,11_square,15,35,376.0,571.0,532.0,113.0,156.0,-458.0,train
3297,11_square,15,44,464.0,665.0,336.0,244.0,-128.0,-421.0,train
3298,11_square,67,62,185.0,141.0,784.0,510.0,599.0,369.0,test
3299,11_square,45,32,766.0,115.0,289.0,670.0,-477.0,555.0,train
3300,11_square,26,44,494.0,600.0,283.0,425.0,-211.0,-175.0,train
3301,11_square,8,43,451.0,397.0,801.0,669.0,350.0,272.0,train
3302,11_square,53,28,230.0,669.0,816.0,101.0,586.0,-568.0,val
3303,11_square,0,51,144.0,649.0,169.0,829.0,25.0,180.0,val
3304,11_square,46,29,850.0,779.0,443.0,265.0,-407.0,-514.0,val
3305,11_square,31,48,449.0,275.0,832.0,758.0,383.0,483.0,train
3306,11_square,68,47,401.0,359.0,499.0,844.0,98.0,485.0,train
3307,11_square,66,45,768.0,665.0,415.0,885.0,-353.0,220.0,train
3308,11_square,54,8,886.0,451.0,279.0,795.0,-607.0,344.0,train
3309,11_square,6,7,758.0,780.0,276.0,864.0,-482.0,84.0,train
3310,11_square,66,24,407.0,601.0,571.0,870.0,164.0,269.0,train
3311,11_square,21,3,620.0,755.0,712.0,414.0,92.0,-341.0,train
3312,11_square,66,19,653.0,455.0,578.0,831.0,-75.0,376.0,test
3313,11_square,15,24,391.0,312.0,130.0,844.0,-261.0,532.0,train
3314,11_square,33,20,156.0,292.0,127.0,469.0,-29.0,177.0,train
3315,11_square,18,14,894.0,856.0,203.0,372.0,-691.0,-484.0,val
3316,11_square,35,27,486.0,761.0,825.0,292.0,339.0,-469.0,train
3317,11_square,21,2,255.0,843.0,650.0,728.0,395.0,-115.0,test
3318,11_square,7,67,823.0,807.0,864.0,221.0,41.0,-586.0,val
3319,11_square,50,29,884.0,368.0,570.0,363.0,-314.0,-5.0,train
3320,11_square,19,24,179.0,135.0,288.0,760.0,109.0,625.0,train
3321,11_square,0,60,115.0,570.0,836.0,833.0,721.0,263.0,train
3322,11_square,20,10,367.0,752.0,305.0,768.0,-62.0,16.0,train
3323,11_square,17,40,891.0,524.0,415.0,773.0,-476.0,249.0,train
3324,11_square,40,24,239.0,675.0,728.0,589.0,489.0,-86.0,train
3325,11_square,20,46,722.0,893.0,103.0,415.0,-619.0,-478.0,train
3326,11_square,29,32,619.0,414.0,315.0,645.0,-304.0,231.0,train
3327,11_square,2,39,351.0,708.0,831.0,776.0,480.0,68.0,train
3328,11_square,6,42,675.0,463.0,559.0,536.0,-116.0,73.0,train
3329,11_square,47,7,701.0,507.0,489.0,645.0,-212.0,138.0,train
3330,11_square,14,28,593.0,310.0,336.0,176.0,-257.0,-134.0,train
3331,11_square,58,43,135.0,112.0,430.0,188.0,295.0,76.0,train
3332,11_square,23,30,636.0,513.0,485.0,732.0,-151.0,219.0,test
3333,11_square,34,24,202.0,861.0,475.0,250.0,273.0,-611.0,train
3334,11_square,19,8,486.0,858.0,622.0,412.0,136.0,-446.0,train
3335,11_square,28,53,328.0,631.0,761.0,319.0,433.0,-312.0,train
3336,11_square,46,29,392.0,666.0,857.0,863.0,465.0,197.0,train
3337,11_square,64,48,734.0,181.0,258.0,736.0,-476.0,555.0,train
3338,11_square,5,1,244.0,762.0,120.0,508.0,-124.0,-254.0,train
3339,11_square,7,15,184.0,683.0,166.0,793.0,-18.0,110.0,train
3340,11_square,42,20,593.0,449.0,339.0,466.0,-254.0,17.0,train
3341,11_square,62,30,724.0,435.0,661.0,803.0,-63.0,368.0,test
3342,11_square,51,54,193.0,815.0,675.0,565.0,482.0,-250.0,train
3343,11_square,50,9,841.0,564.0,159.0,823.0,-682.0,259.0,train
3344,11_square,8,7,411.0,490.0,730.0,708.0,319.0,218.0,train
3345,11_square,14,37,409.0,768.0,548.0,882.0,139.0,114.0,train
3346,11_square,3,2,159.0,330.0,430.0,163.0,271.0,-167.0,train
3347,11_square,5,63,682.0,375.0,347.0,833.0,-335.0,458.0,train
3348,11_square,59,23,104.0,171.0,584.0,471.0,480.0,300.0,train
3349,11_square,35,3,108.0,790.0,784.0,834.0,676.0,44.0,train
3350,11_square,16,18,360.0,684.0,743.0,311.0,383.0,-373.0,train
3351,11_square,53,54,433.0,202.0,151.0,833.0,-282.0,631.0,train
3352,11_square,34,5,575.0,727.0,782.0,711.0,207.0,-16.0,train
3353,11_square,47,49,238.0,269.0,416.0,504.0,178.0,235.0,train
3354,11_square,20,30,817.0,783.0,869.0,879.0,52.0,96.0,train
3355,11_square,48,3,595.0,510.0,504.0,613.0,-91.0,103.0,train
3356,11_square,50,30,704.0,834.0,854.0,123.0,150.0,-711.0,train
3357,11_square,44,31,370.0,670.0,268.0,625.0,-102.0,-45.0,train
3358,11_square,60,7,499.0,665.0,628.0,777.0,129.0,112.0,train
3359,11_square,60,25,759.0,612.0,588.0,154.0,-171.0,-458.0,train
3360,11_square,44,65,670.0,270.0,415.0,461.0,-255.0,191.0,train
3361,11_square,17,17,495.0,786.0,584.0,370.0,89.0,-416.0,train
3362,11_square,30,28,656.0,394.0,578.0,260.0,-78.0,-134.0,val
3363,11_square,14,59,695.0,790.0,141.0,606.0,-554.0,-184.0,train
3364,11_square,40,39,423.0,546.0,380.0,339.0,-43.0,-207.0,train
3365,11_square,37,10,873.0,821.0,510.0,537.0,-363.0,-284.0,train
3366,11_square,52,14,693.0,324.0,432.0,137.0,-261.0,-187.0,train
3367,11_square,2,24,415.0,849.0,344.0,615.0,-71.0,-234.0,val
3368,11_square,29,8,241.0,780.0,813.0,118.0,572.0,-662.0,train
3369,11_square,16,0,123.0,297.0,823.0,524.0,700.0,227.0,train
3370,11_square,49,3,229.0,527.0,587.0,386.0,358.0,-141.0,train
3371,11_square,4,21,344.0,893.0,342.0,520.0,-2.0,-373.0,test
3372,11_square,5,12,853.0,761.0,295.0,563.0,-558.0,-198.0,train
3373,11_square,21,1,634.0,425.0,671.0,503.0,37.0,78.0,train
3374,11_square,66,50,669.0,803.0,859.0,537.0,190.0,-266.0,train
3375,11_square,54,6,691.0,197.0,194.0,774.0,-497.0,577.0,train
3376,11_square,47,21,818.0,609.0,124.0,202.0,-694.0,-407.0,train
3377,11_square,17,22,352.0,329.0,387.0,545.0,35.0,216.0,train
3378,11_square,55,6,276.0,241.0,548.0,573.0,272.0,332.0,train
3379,11_square,46,27,148.0,555.0,174.0,140.0,26.0,-415.0,train
3380,11_square,34,64,462.0,517.0,713.0,370.0,251.0,-147.0,train
3381,11_square,44,62,779.0,381.0,378.0,560.0,-401.0,179.0,val
3382,11_square,60,48,261.0,646.0,550.0,263.0,289.0,-383.0,train
3383,11_square,14,58,561.0,309.0,368.0,799.0,-193.0,490.0,train
3384,11_square,30,21,789.0,298.0,590.0,641.0,-199.0,343.0,train
3385,11_square,48,53,820.0,392.0,424.0,873.0,-396.0,481.0,train
3386,11_square,3,38,185.0,584.0,711.0,161.0,526.0,-423.0,val
3387,11_square,64,42,694.0,790.0,773.0,506.0,79.0,-284.0,train
3388,11_square,37,53,212.0,486.0,135.0,858.0,-77.0,372.0,test
3389,11_square,42,52,647.0,721.0,716.0,661.0,69.0,-60.0,train
3390,11_square,15,9,383.0,683.0,738.0,409.0,355.0,-274.0,test
3391,11_square,43,68,245.0,641.0,161.0,694.0,-84.0,53.0,train
3392,11_square,48,20,312.0,372.0,484.0,219.0,172.0,-153.0,test
3393,11_square,14,43,711.0,205.0,462.0,655.0,-249.0,450.0,train
3394,11_square,5,56,654.0,560.0,308.0,453.0,-346.0,-107.0,train
3395,11_square,15,4,829.0,693.0,314.0,877.0,-515.0,184.0,train
3396,11_square,23,26,634.0,501.0,623.0,208.0,-11.0,-293.0,test
3397,11_square,58,19,288.0,459.0,775.0,134.0,487.0,-325.0,train
3398,11_square,41,59,219.0,758.0,613.0,745.0,394.0,-13.0,train
3399,11_square,50,29,654.0,668.0,324.0,170.0,-330.0,-498.0,train
3400,1_square,9,40,796.0,732.0,759.0,677.0,-37.0,-55.0,train
3401,1_square,57,65,121.0,594.0,873.0,164.0,752.0,-430.0,train
3402,1_square,20,43,252.0,881.0,230.0,112.0,-22.0,-769.0,train
3403,1_square,31,58,121.0,350.0,585.0,530.0,464.0,180.0,train
3404,1_square,52,48,885.0,427.0,477.0,726.0,-408.0,299.0,train
3405,1_square,2,27,380.0,230.0,475.0,813.0,95.0,583.0,train
3406,1_square,48,22,263.0,449.0,755.0,224.0,492.0,-225.0,train
3407,1_square,14,0,278.0,658.0,493.0,717.0,215.0,59.0,train
3408,1_square,52,20,709.0,368.0,463.0,876.0,-246.0,508.0,train
3409,1_square,29,1,296.0,688.0,479.0,223.0,183.0,-465.0,val
3410,1_square,8,24,623.0,565.0,671.0,666.0,48.0,101.0,test
3411,1_square,34,63,222.0,693.0,613.0,531.0,391.0,-162.0,train
3412,1_square,47,19,361.0,872.0,247.0,105.0,-114.0,-767.0,train
3413,1_square,54,14,861.0,567.0,786.0,510.0,-75.0,-57.0,train
3414,1_square,12,8,401.0,347.0,782.0,424.0,381.0,77.0,train
3415,1_square,1,15,829.0,117.0,440.0,673.0,-389.0,556.0,train
3416,1_square,13,62,578.0,194.0,516.0,756.0,-62.0,562.0,test
3417,1_square,52,22,316.0,520.0,215.0,178.0,-101.0,-342.0,val
3418,1_square,66,19,701.0,862.0,832.0,636.0,131.0,-226.0,train
3419,1_square,39,28,787.0,193.0,107.0,467.0,-680.0,274.0,train
3420,1_square,2,29,523.0,245.0,677.0,282.0,154.0,37.0,train
3421,1_square,21,4,483.0,535.0,181.0,145.0,-302.0,-390.0,train
3422,1_square,46,6,458.0,748.0,427.0,495.0,-31.0,-253.0,train
3423,1_square,60,19,790.0,837.0,188.0,113.0,-602.0,-724.0,train
3424,1_square,38,23,886.0,756.0,333.0,616.0,-553.0,-140.0,train
3425,1_square,28,67,735.0,675.0,559.0,893.0,-176.0,218.0,train
3426,1_square,53,23,196.0,517.0,156.0,358.0,-40.0,-159.0,train
3427,1_square,4,53,362.0,246.0,355.0,286.0,-7.0,40.0,train
3428,1_square,63,54,734.0,836.0,718.0,405.0,-16.0,-431.0,train
3429,1_square,40,40,846.0,569.0,440.0,213.0,-406.0,-356.0,train
3430,1_square,29,38,131.0,464.0,731.0,336.0,600.0,-128.0,val
3431,1_square,39,61,227.0,434.0,784.0,318.0,557.0,-116.0,train
3432,1_square,34,63,409.0,273.0,754.0,850.0,345.0,577.0,train
3433,1_square,21,30,713.0,374.0,594.0,106.0,-119.0,-268.0,train
3434,1_square,50,47,874.0,890.0,189.0,283.0,-685.0,-607.0,train
3435,1_square,18,56,190.0,790.0,496.0,460.0,306.0,-330.0,train
3436,1_square,7,37,170.0,121.0,646.0,708.0,476.0,587.0,train
3437,1_square,60,46,618.0,460.0,732.0,127.0,114.0,-333.0,train
3438,1_square,38,11,826.0,667.0,152.0,201.0,-674.0,-466.0,train
3439,1_square,21,61,848.0,574.0,574.0,637.0,-274.0,63.0,train
3440,1_square,24,49,886.0,173.0,606.0,889.0,-280.0,716.0,train
3441,1_square,9,48,249.0,258.0,268.0,411.0,19.0,153.0,train
3442,1_square,64,8,434.0,208.0,654.0,309.0,220.0,101.0,train
3443,1_square,59,60,547.0,402.0,367.0,335.0,-180.0,-67.0,train
3444,1_square,20,44,458.0,240.0,222.0,313.0,-236.0,73.0,train
3445,1_square,27,46,169.0,741.0,704.0,330.0,535.0,-411.0,train
3446,1_square,42,0,104.0,729.0,882.0,423.0,778.0,-306.0,train
3447,1_square,10,14,317.0,115.0,683.0,406.0,366.0,291.0,train
3448,1_square,64,53,150.0,170.0,793.0,628.0,643.0,458.0,test
3449,1_square,51,17,460.0,324.0,361.0,817.0,-99.0,493.0,train
3450,1_square,22,49,659.0,827.0,862.0,746.0,203.0,-81.0,train
3451,1_square,61,67,830.0,525.0,764.0,846.0,-66.0,321.0,train
3452,1_square,30,57,482.0,660.0,235.0,609.0,-247.0,-51.0,train
3453,1_square,22,44,802.0,782.0,366.0,740.0,-436.0,-42.0,train
3454,1_square,14,5,263.0,211.0,702.0,831.0,439.0,620.0,test
3455,1_square,42,24,508.0,536.0,780.0,737.0,272.0,201.0,train
3456,1_square,61,34,559.0,821.0,318.0,490.0,-241.0,-331.0,train
3457,1_square,63,62,303.0,510.0,665.0,479.0,362.0,-31.0,train
3458,1_square,48,5,627.0,881.0,333.0,440.0,-294.0,-441.0,train
3459,1_square,30,12,239.0,541.0,102.0,168.0,-137.0,-373.0,train
3460,1_square,29,24,646.0,213.0,470.0,750.0,-176.0,537.0,train
3461,1_square,31,24,675.0,562.0,636.0,189.0,-39.0,-373.0,train
3462,1_square,64,19,356.0,811.0,356.0,557.0,0.0,-254.0,train
3463,1_square,33,23,422.0,112.0,469.0,344.0,47.0,232.0,train
3464,1_square,21,66,793.0,789.0,479.0,798.0,-314.0,9.0,train
3465,1_square,28,11,517.0,212.0,254.0,474.0,-263.0,262.0,test
3466,1_square,23,49,189.0,472.0,264.0,295.0,75.0,-177.0,train
3467,1_square,66,31,337.0,280.0,514.0,840.0,177.0,560.0,train
3468,1_square,24,55,797.0,678.0,841.0,244.0,44.0,-434.0,test
3469,1_square,25,5,293.0,486.0,511.0,787.0,218.0,301.0,train
3470,1_square,10,34,401.0,545.0,584.0,753.0,183.0,208.0,train
3471,1_square,32,18,599.0,556.0,246.0,536.0,-353.0,-20.0,train
3472,1_square,52,35,798.0,529.0,253.0,217.0,-545.0,-312.0,train
3473,1_square,57,0,325.0,428.0,235.0,689.0,-90.0,261.0,train
3474,1_square,4,31,237.0,561.0,736.0,825.0,499.0,264.0,train
3475,1_square,37,46,489.0,392.0,737.0,452.0,248.0,60.0,test
3476,1_square,0,44,560.0,710.0,406.0,604.0,-154.0,-106.0,train
3477,1_square,25,21,369.0,726.0,821.0,280.0,452.0,-446.0,test
3478,1_square,64,36,574.0,143.0,552.0,740.0,-22.0,597.0,test
3479,1_square,46,44,544.0,531.0,506.0,725.0,-38.0,194.0,train
3480,1_square,55,56,649.0,346.0,789.0,678.0,140.0,332.0,train
3481,1_square,57,59,217.0,781.0,140.0,758.0,-77.0,-23.0,train
3482,1_square,58,55,496.0,607.0,183.0,294.0,-313.0,-313.0,train
3483,1_square,63,52,813.0,900.0,695.0,254.0,-118.0,-646.0,test
3484,1_square,40,2,278.0,439.0,372.0,569.0,94.0,130.0,train
3485,1_square,58,13,687.0,709.0,519.0,881.0,-168.0,172.0,train
3486,1_square,65,35,671.0,600.0,435.0,251.0,-236.0,-349.0,val
3487,1_square,40,14,893.0,760.0,455.0,319.0,-438.0,-441.0,train
3488,1_square,47,40,236.0,122.0,835.0,387.0,599.0,265.0,train
3489,1_square,10,21,716.0,427.0,162.0,705.0,-554.0,278.0,train
3490,1_square,54,19,330.0,570.0,819.0,399.0,489.0,-171.0,train
3491,1_square,20,56,565.0,693.0,580.0,103.0,15.0,-590.0,train
3492,1_square,55,7,898.0,730.0,645.0,897.0,-253.0,167.0,train
3493,1_square,34,26,485.0,755.0,173.0,794.0,-312.0,39.0,train
3494,1_square,31,6,747.0,899.0,157.0,518.0,-590.0,-381.0,train
3495,1_square,9,61,216.0,345.0,515.0,396.0,299.0,51.0,train
3496,1_square,9,0,380.0,808.0,135.0,824.0,-245.0,16.0,train
3497,1_square,32,65,812.0,300.0,106.0,539.0,-706.0,239.0,train
3498,1_square,27,65,659.0,607.0,200.0,894.0,-459.0,287.0,train
3499,1_square,24,4,686.0,108.0,837.0,895.0,151.0,787.0,train
3500,1_square,8,54,287.0,349.0,461.0,667.0,174.0,318.0,test
3501,1_square,55,57,595.0,518.0,602.0,286.0,7.0,-232.0,train
3502,1_square,47,38,400.0,344.0,895.0,707.0,495.0,363.0,val
3503,1_square,14,47,539.0,519.0,501.0,739.0,-38.0,220.0,train
3504,1_square,8,51,611.0,860.0,208.0,312.0,-403.0,-548.0,train
3505,1_square,23,27,232.0,277.0,454.0,789.0,222.0,512.0,train
3506,1_square,63,37,814.0,350.0,845.0,642.0,31.0,292.0,train
3507,1_square,26,19,391.0,511.0,133.0,523.0,-258.0,12.0,test
3508,1_square,50,28,477.0,285.0,517.0,641.0,40.0,356.0,train
3509,1_square,6,37,454.0,421.0,601.0,255.0,147.0,-166.0,train
3510,1_square,65,25,117.0,460.0,730.0,242.0,613.0,-218.0,train
3511,1_square,46,43,565.0,402.0,703.0,854.0,138.0,452.0,train
3512,1_square,33,56,102.0,699.0,881.0,594.0,779.0,-105.0,train
3513,1_square,32,22,735.0,893.0,129.0,781.0,-606.0,-112.0,train
3514,1_square,10,48,256.0,217.0,412.0,685.0,156.0,468.0,train
3515,1_square,25,60,272.0,766.0,167.0,675.0,-105.0,-91.0,val
3516,1_square,35,66,331.0,809.0,421.0,704.0,90.0,-105.0,train
3517,1_square,37,44,613.0,611.0,645.0,833.0,32.0,222.0,train
3518,1_square,9,15,197.0,529.0,764.0,537.0,567.0,8.0,train
3519,1_square,62,33,856.0,423.0,344.0,519.0,-512.0,96.0,train
3520,1_square,47,54,309.0,390.0,549.0,338.0,240.0,-52.0,train
3521,1_square,27,13,271.0,674.0,310.0,377.0,39.0,-297.0,train
3522,1_square,14,34,569.0,635.0,461.0,680.0,-108.0,45.0,train
3523,1_square,23,26,128.0,755.0,296.0,199.0,168.0,-556.0,train
3524,1_square,49,4,777.0,196.0,315.0,417.0,-462.0,221.0,train
3525,1_square,58,18,464.0,625.0,819.0,537.0,355.0,-88.0,train
3526,1_square,11,45,246.0,669.0,433.0,891.0,187.0,222.0,val
3527,1_square,63,67,841.0,153.0,689.0,588.0,-152.0,435.0,train
3528,1_square,35,46,739.0,673.0,412.0,425.0,-327.0,-248.0,train
3529,1_square,65,32,755.0,816.0,545.0,758.0,-210.0,-58.0,train
3530,1_square,58,41,241.0,771.0,822.0,654.0,581.0,-117.0,train
3531,1_square,66,37,869.0,533.0,452.0,157.0,-417.0,-376.0,train
3532,1_square,10,66,446.0,892.0,532.0,408.0,86.0,-484.0,train
3533,1_square,65,3,725.0,779.0,429.0,302.0,-296.0,-477.0,train
3534,1_square,49,33,896.0,792.0,478.0,626.0,-418.0,-166.0,train
3535,1_square,58,7,608.0,513.0,252.0,656.0,-356.0,143.0,train
3536,1_square,38,27,235.0,806.0,686.0,234.0,451.0,-572.0,val
3537,1_square,35,11,221.0,769.0,523.0,531.0,302.0,-238.0,train
3538,1_square,2,64,408.0,523.0,615.0,202.0,207.0,-321.0,train
3539,1_square,34,2,196.0,299.0,473.0,763.0,277.0,464.0,train
3540,1_square,63,37,851.0,193.0,664.0,635.0,-187.0,442.0,train
3541,1_square,39,49,742.0,744.0,438.0,532.0,-304.0,-212.0,test
3542,1_square,42,64,214.0,252.0,849.0,210.0,635.0,-42.0,train
3543,1_square,53,32,417.0,225.0,676.0,179.0,259.0,-46.0,train
3544,1_square,34,16,742.0,129.0,245.0,406.0,-497.0,277.0,train
3545,1_square,52,3,824.0,754.0,757.0,807.0,-67.0,53.0,train
3546,1_square,28,17,164.0,185.0,310.0,879.0,146.0,694.0,train
3547,1_square,20,19,418.0,534.0,377.0,436.0,-41.0,-98.0,train
3548,1_square,3,56,340.0,388.0,218.0,246.0,-122.0,-142.0,train
3549,1_square,53,63,322.0,342.0,249.0,763.0,-73.0,421.0,train
3550,1_square,62,31,845.0,116.0,500.0,769.0,-345.0,653.0,train
3551,1_square,36,21,882.0,815.0,579.0,532.0,-303.0,-283.0,train
3552,1_square,36,40,311.0,325.0,421.0,237.0,110.0,-88.0,train
3553,1_square,27,45,185.0,437.0,584.0,748.0,399.0,311.0,train
3554,1_square,1,42,660.0,192.0,430.0,834.0,-230.0,642.0,train
3555,1_square,7,43,341.0,275.0,439.0,384.0,98.0,109.0,train
3556,1_square,46,44,885.0,187.0,257.0,208.0,-628.0,21.0,train
3557,1_square,62,63,810.0,176.0,152.0,588.0,-658.0,412.0,train
3558,1_square,28,2,104.0,461.0,593.0,234.0,489.0,-227.0,train
3559,1_square,41,11,541.0,215.0,853.0,383.0,312.0,168.0,train
3560,1_square,57,36,136.0,172.0,402.0,502.0,266.0,330.0,train
3561,1_square,14,43,622.0,351.0,573.0,529.0,-49.0,178.0,train
3562,1_square,48,10,788.0,636.0,170.0,865.0,-618.0,229.0,train
3563,1_square,12,35,644.0,735.0,432.0,617.0,-212.0,-118.0,test
3564,1_square,47,14,158.0,723.0,352.0,875.0,194.0,152.0,train
3565,1_square,52,56,294.0,403.0,124.0,747.0,-170.0,344.0,train
3566,1_square,39,11,247.0,717.0,610.0,532.0,363.0,-185.0,train
3567,1_square,48,35,384.0,165.0,131.0,274.0,-253.0,109.0,val
3568,1_square,42,64,325.0,521.0,170.0,158.0,-155.0,-363.0,train
3569,1_square,26,49,779.0,765.0,524.0,691.0,-255.0,-74.0,train
3570,1_square,47,36,647.0,771.0,875.0,152.0,228.0,-619.0,train
3571,1_square,56,37,895.0,879.0,633.0,687.0,-262.0,-192.0,train
3572,1_square,5,9,223.0,250.0,102.0,508.0,-121.0,258.0,train
3573,1_square,60,5,398.0,791.0,520.0,158.0,122.0,-633.0,train
3574,1_square,2,37,139.0,797.0,845.0,234.0,706.0,-563.0,train
3575,1_square,43,22,202.0,159.0,596.0,855.0,394.0,696.0,train
3576,1_square,8,6,840.0,230.0,460.0,278.0,-380.0,48.0,train
3577,1_square,41,44,727.0,107.0,581.0,796.0,-146.0,689.0,train
3578,1_square,34,22,793.0,539.0,181.0,432.0,-612.0,-107.0,train
3579,1_square,9,8,105.0,530.0,236.0,784.0,131.0,254.0,train
3580,1_square,49,42,767.0,786.0,302.0,673.0,-465.0,-113.0,train
3581,1_square,11,19,824.0,696.0,801.0,114.0,-23.0,-582.0,train
3582,1_square,16,40,430.0,111.0,753.0,382.0,323.0,271.0,train
3583,1_square,62,55,497.0,262.0,822.0,239.0,325.0,-23.0,train
3584,1_square,29,59,637.0,302.0,477.0,497.0,-160.0,195.0,train
3585,1_square,53,13,583.0,324.0,536.0,896.0,-47.0,572.0,train
3586,1_square,3,65,807.0,756.0,623.0,214.0,-184.0,-542.0,train
3587,1_square,2,7,163.0,559.0,553.0,318.0,390.0,-241.0,train
3588,1_square,61,19,514.0,794.0,806.0,189.0,292.0,-605.0,train
3589,1_square,9,62,712.0,457.0,423.0,673.0,-289.0,216.0,train
3590,1_square,4,48,787.0,562.0,616.0,546.0,-171.0,-16.0,train
3591,1_square,10,42,548.0,303.0,273.0,157.0,-275.0,-146.0,train
3592,1_square,25,19,716.0,885.0,620.0,651.0,-96.0,-234.0,train
3593,1_square,49,17,314.0,652.0,358.0,584.0,44.0,-68.0,test
3594,1_square,14,21,842.0,416.0,275.0,741.0,-567.0,325.0,train
3595,1_square,25,49,498.0,514.0,353.0,637.0,-145.0,123.0,train
3596,1_square,12,32,336.0,682.0,526.0,636.0,190.0,-46.0,train
3597,1_square,54,50,222.0,271.0,151.0,283.0,-71.0,12.0,train
3598,1_square,13,47,893.0,189.0,352.0,655.0,-541.0,466.0,train
3599,1_square,60,25,222.0,245.0,500.0,805.0,278.0,560.0,train
3600,12_square,17,56,149.0,153.0,436.0,876.0,287.0,723.0,test
3601,12_square,52,57,168.0,769.0,543.0,110.0,375.0,-659.0,train
3602,12_square,64,60,530.0,817.0,821.0,371.0,291.0,-446.0,test
3603,12_square,32,4,108.0,419.0,526.0,879.0,418.0,460.0,train
3604,12_square,65,37,793.0,630.0,769.0,623.0,-24.0,-7.0,val
3605,12_square,26,55,588.0,356.0,695.0,823.0,107.0,467.0,test
3606,12_square,53,8,824.0,695.0,470.0,351.0,-354.0,-344.0,train
3607,12_square,0,15,687.0,136.0,603.0,560.0,-84.0,424.0,train
3608,12_square,15,22,299.0,800.0,498.0,308.0,199.0,-492.0,train
3609,12_square,20,68,129.0,733.0,194.0,637.0,65.0,-96.0,train
3610,12_square,31,67,887.0,536.0,881.0,132.0,-6.0,-404.0,train
3611,12_square,43,5,479.0,872.0,779.0,598.0,300.0,-274.0,train
3612,12_square,0,47,158.0,188.0,872.0,203.0,714.0,15.0,train
3613,12_square,22,40,407.0,236.0,163.0,539.0,-244.0,303.0,train
3614,12_square,58,30,620.0,841.0,359.0,645.0,-261.0,-196.0,train
3615,12_square,32,40,269.0,269.0,295.0,667.0,26.0,398.0,train
3616,12_square,36,41,496.0,891.0,690.0,104.0,194.0,-787.0,train
3617,12_square,60,40,740.0,641.0,684.0,489.0,-56.0,-152.0,train
3618,12_square,18,52,214.0,803.0,662.0,728.0,448.0,-75.0,train
3619,12_square,51,58,267.0,829.0,754.0,499.0,487.0,-330.0,train
3620,12_square,3,27,562.0,645.0,390.0,854.0,-172.0,209.0,val
3621,12_square,34,49,502.0,543.0,160.0,170.0,-342.0,-373.0,test
3622,12_square,11,23,859.0,653.0,507.0,753.0,-352.0,100.0,train
3623,12_square,15,20,110.0,320.0,336.0,373.0,226.0,53.0,test
3624,12_square,41,51,444.0,236.0,646.0,210.0,202.0,-26.0,train
3625,12_square,21,45,878.0,824.0,346.0,517.0,-532.0,-307.0,train
3626,12_square,53,50,789.0,509.0,277.0,814.0,-512.0,305.0,train
3627,12_square,67,31,590.0,357.0,592.0,279.0,2.0,-78.0,train
3628,12_square,40,26,379.0,768.0,206.0,450.0,-173.0,-318.0,train
3629,12_square,59,5,557.0,563.0,372.0,117.0,-185.0,-446.0,train
3630,12_square,44,68,107.0,322.0,600.0,687.0,493.0,365.0,train
3631,12_square,63,38,357.0,215.0,481.0,524.0,124.0,309.0,train
3632,12_square,56,17,450.0,410.0,533.0,134.0,83.0,-276.0,train
3633,12_square,20,41,827.0,783.0,420.0,427.0,-407.0,-356.0,train
3634,12_square,42,66,327.0,447.0,312.0,579.0,-15.0,132.0,train
3635,12_square,68,52,745.0,867.0,730.0,298.0,-15.0,-569.0,train
3636,12_square,65,40,884.0,133.0,485.0,345.0,-399.0,212.0,train
3637,12_square,62,63,285.0,355.0,543.0,301.0,258.0,-54.0,val
3638,12_square,64,35,528.0,499.0,625.0,772.0,97.0,273.0,train
3639,12_square,29,58,213.0,633.0,839.0,181.0,626.0,-452.0,train
3640,12_square,58,32,292.0,862.0,502.0,576.0,210.0,-286.0,train
3641,12_square,28,62,332.0,657.0,351.0,315.0,19.0,-342.0,train
3642,12_square,45,27,575.0,672.0,523.0,440.0,-52.0,-232.0,train
3643,12_square,68,5,498.0,317.0,582.0,110.0,84.0,-207.0,train
3644,12_square,54,57,324.0,119.0,360.0,359.0,36.0,240.0,train
3645,12_square,44,3,699.0,259.0,461.0,516.0,-238.0,257.0,train
3646,12_square,37,17,280.0,550.0,799.0,537.0,519.0,-13.0,train
3647,12_square,54,18,230.0,357.0,155.0,395.0,-75.0,38.0,train
3648,12_square,30,0,392.0,872.0,706.0,817.0,314.0,-55.0,train
3649,12_square,60,40,721.0,112.0,258.0,140.0,-463.0,28.0,train
3650,12_square,7,57,325.0,870.0,245.0,701.0,-80.0,-169.0,train
3651,12_square,53,65,259.0,741.0,558.0,184.0,299.0,-557.0,val
3652,12_square,58,36,612.0,696.0,320.0,774.0,-292.0,78.0,train
3653,12_square,3,65,588.0,867.0,510.0,292.0,-78.0,-575.0,train
3654,12_square,55,22,673.0,751.0,365.0,806.0,-308.0,55.0,train
3655,12_square,26,15,106.0,706.0,426.0,207.0,320.0,-499.0,train
3656,12_square,67,57,662.0,768.0,676.0,613.0,14.0,-155.0,train
3657,12_square,61,30,148.0,323.0,720.0,461.0,572.0,138.0,train
3658,12_square,33,7,198.0,730.0,445.0,271.0,247.0,-459.0,train
3659,12_square,11,45,131.0,478.0,286.0,646.0,155.0,168.0,train
3660,12_square,67,64,621.0,772.0,590.0,432.0,-31.0,-340.0,train
3661,12_square,19,1,511.0,651.0,800.0,215.0,289.0,-436.0,train
3662,12_square,6,49,151.0,568.0,863.0,592.0,712.0,24.0,train
3663,12_square,12,6,714.0,326.0,852.0,283.0,138.0,-43.0,train
3664,12_square,67,11,623.0,488.0,222.0,111.0,-401.0,-377.0,train
3665,12_square,0,64,166.0,729.0,112.0,645.0,-54.0,-84.0,train
3666,12_square,9,27,724.0,447.0,685.0,502.0,-39.0,55.0,train
3667,12_square,24,54,526.0,593.0,729.0,745.0,203.0,152.0,train
3668,12_square,59,17,595.0,218.0,581.0,618.0,-14.0,400.0,val
3669,12_square,0,35,444.0,225.0,553.0,543.0,109.0,318.0,train
3670,12_square,54,25,238.0,315.0,883.0,877.0,645.0,562.0,test
3671,12_square,31,9,831.0,178.0,861.0,682.0,30.0,504.0,train
3672,12_square,22,31,103.0,282.0,322.0,657.0,219.0,375.0,train
3673,12_square,29,62,564.0,143.0,533.0,194.0,-31.0,51.0,train
3674,12_square,66,65,387.0,660.0,363.0,134.0,-24.0,-526.0,train
3675,12_square,62,27,193.0,759.0,887.0,840.0,694.0,81.0,train
3676,12_square,4,24,446.0,562.0,749.0,417.0,303.0,-145.0,test
3677,12_square,12,56,642.0,152.0,896.0,657.0,254.0,505.0,train
3678,12_square,5,48,860.0,513.0,349.0,439.0,-511.0,-74.0,train
3679,12_square,21,15,233.0,272.0,754.0,175.0,521.0,-97.0,train
3680,12_square,51,55,344.0,895.0,655.0,641.0,311.0,-254.0,train
3681,12_square,21,41,871.0,597.0,122.0,466.0,-749.0,-131.0,val
3682,12_square,47,32,760.0,153.0,852.0,372.0,92.0,219.0,train
3683,12_square,42,47,850.0,813.0,637.0,536.0,-213.0,-277.0,train
3684,12_square,13,35,629.0,218.0,195.0,779.0,-434.0,561.0,train
3685,12_square,42,0,315.0,724.0,295.0,610.0,-20.0,-114.0,test
3686,12_square,27,65,840.0,552.0,504.0,880.0,-336.0,328.0,train
3687,12_square,29,47,707.0,319.0,547.0,391.0,-160.0,72.0,train
3688,12_square,38,47,314.0,319.0,722.0,786.0,408.0,467.0,val
3689,12_square,46,9,519.0,664.0,422.0,506.0,-97.0,-158.0,val
3690,12_square,35,18,420.0,740.0,373.0,630.0,-47.0,-110.0,test
3691,12_square,26,57,511.0,840.0,759.0,575.0,248.0,-265.0,train
3692,12_square,8,9,106.0,494.0,727.0,688.0,621.0,194.0,train
3693,12_square,25,34,331.0,758.0,791.0,697.0,460.0,-61.0,train
3694,12_square,20,23,292.0,805.0,393.0,651.0,101.0,-154.0,train
3695,12_square,51,42,145.0,655.0,797.0,521.0,652.0,-134.0,train
3696,12_square,29,33,171.0,781.0,763.0,662.0,592.0,-119.0,train
3697,12_square,3,30,392.0,134.0,486.0,585.0,94.0,451.0,test
3698,12_square,66,35,313.0,411.0,124.0,221.0,-189.0,-190.0,val
3699,12_square,58,59,123.0,358.0,751.0,653.0,628.0,295.0,val
3700,12_square,32,17,276.0,737.0,717.0,705.0,441.0,-32.0,train
3701,12_square,38,8,439.0,848.0,113.0,342.0,-326.0,-506.0,train
3702,12_square,26,17,839.0,472.0,287.0,246.0,-552.0,-226.0,train
3703,12_square,26,53,587.0,657.0,820.0,877.0,233.0,220.0,train
3704,12_square,3,49,109.0,832.0,898.0,757.0,789.0,-75.0,train
3705,12_square,21,34,466.0,578.0,301.0,680.0,-165.0,102.0,test
3706,12_square,11,33,283.0,513.0,890.0,340.0,607.0,-173.0,train
3707,12_square,54,1,432.0,826.0,840.0,143.0,408.0,-683.0,train
3708,12_square,30,3,251.0,653.0,377.0,773.0,126.0,120.0,train
3709,12_square,7,54,108.0,500.0,503.0,429.0,395.0,-71.0,train
3710,12_square,53,37,388.0,108.0,348.0,626.0,-40.0,518.0,train
3711,12_square,57,20,436.0,190.0,408.0,686.0,-28.0,496.0,train
3712,12_square,36,18,533.0,272.0,187.0,805.0,-346.0,533.0,val
3713,12_square,33,0,503.0,880.0,765.0,845.0,262.0,-35.0,train
3714,12_square,34,57,141.0,344.0,693.0,618.0,552.0,274.0,test
3715,12_square,46,24,493.0,249.0,599.0,752.0,106.0,503.0,test
3716,12_square,35,34,555.0,520.0,722.0,208.0,167.0,-312.0,train
3717,12_square,48,55,691.0,298.0,808.0,140.0,117.0,-158.0,train
3718,12_square,67,5,117.0,309.0,450.0,655.0,333.0,346.0,train
3719,12_square,51,21,617.0,503.0,144.0,188.0,-473.0,-315.0,val
3720,12_square,61,36,557.0,197.0,676.0,793.0,119.0,596.0,train
3721,12_square,47,17,775.0,374.0,304.0,729.0,-471.0,355.0,train
3722,12_square,23,28,648.0,145.0,632.0,895.0,-16.0,750.0,train
3723,12_square,4,36,100.0,312.0,726.0,100.0,626.0,-212.0,train
3724,12_square,9,30,401.0,569.0,245.0,123.0,-156.0,-446.0,test
3725,12_square,56,49,631.0,238.0,683.0,838.0,52.0,600.0,train
3726,12_square,4,59,528.0,109.0,749.0,316.0,221.0,207.0,train
3727,12_square,9,15,560.0,415.0,472.0,819.0,-88.0,404.0,train
3728,12_square,13,11,740.0,739.0,372.0,593.0,-368.0,-146.0,train
3729,12_square,55,54,740.0,504.0,164.0,834.0,-576.0,330.0,train
3730,12_square,10,46,254.0,550.0,303.0,675.0,49.0,125.0,train
3731,12_square,3,46,307.0,165.0,792.0,620.0,485.0,455.0,test
3732,12_square,25,36,631.0,743.0,605.0,744.0,-26.0,1.0,train
3733,12_square,8,56,509.0,359.0,422.0,390.0,-87.0,31.0,train
3734,12_square,52,29,384.0,681.0,772.0,754.0,388.0,73.0,train
3735,12_square,51,15,117.0,694.0,691.0,416.0,574.0,-278.0,train
3736,12_square,64,14,318.0,734.0,707.0,638.0,389.0,-96.0,train
3737,12_square,33,49,606.0,646.0,181.0,200.0,-425.0,-446.0,train
3738,12_square,7,38,277.0,216.0,438.0,458.0,161.0,242.0,val
3739,12_square,29,36,182.0,352.0,518.0,260.0,336.0,-92.0,train
3740,12_square,50,52,768.0,107.0,728.0,630.0,-40.0,523.0,train
3741,12_square,0,38,129.0,790.0,814.0,751.0,685.0,-39.0,train
3742,12_square,17,21,411.0,250.0,887.0,863.0,476.0,613.0,train
3743,12_square,40,34,785.0,850.0,133.0,147.0,-652.0,-703.0,train
3744,12_square,32,61,535.0,539.0,333.0,210.0,-202.0,-329.0,train
3745,12_square,31,4,265.0,189.0,289.0,689.0,24.0,500.0,train
3746,12_square,4,10,892.0,447.0,625.0,626.0,-267.0,179.0,train
3747,12_square,22,20,546.0,728.0,507.0,798.0,-39.0,70.0,train
3748,12_square,68,21,156.0,525.0,382.0,330.0,226.0,-195.0,train
3749,12_square,46,59,775.0,466.0,813.0,660.0,38.0,194.0,train
3750,12_square,5,18,468.0,800.0,834.0,840.0,366.0,40.0,test
3751,12_square,52,28,423.0,386.0,892.0,275.0,469.0,-111.0,train
3752,12_square,31,51,152.0,531.0,483.0,328.0,331.0,-203.0,train
3753,12_square,0,26,719.0,762.0,876.0,380.0,157.0,-382.0,train
3754,12_square,51,5,556.0,781.0,427.0,629.0,-129.0,-152.0,train
3755,12_square,5,50,719.0,355.0,625.0,112.0,-94.0,-243.0,val
3756,12_square,62,40,773.0,852.0,871.0,581.0,98.0,-271.0,train
3757,12_square,17,58,288.0,838.0,131.0,293.0,-157.0,-545.0,train
3758,12_square,54,57,142.0,315.0,133.0,486.0,-9.0,171.0,val
3759,12_square,29,43,162.0,498.0,250.0,355.0,88.0,-143.0,train
3760,12_square,10,38,878.0,628.0,820.0,688.0,-58.0,60.0,train
3761,12_square,48,31,354.0,380.0,710.0,493.0,356.0,113.0,train
3762,12_square,57,12,502.0,888.0,883.0,284.0,381.0,-604.0,train
3763,12_square,27,26,750.0,568.0,672.0,347.0,-78.0,-221.0,train
3764,12_square,19,1,372.0,859.0,485.0,674.0,113.0,-185.0,train
3765,12_square,43,10,750.0,170.0,873.0,116.0,123.0,-54.0,train
3766,12_square,8,65,779.0,697.0,343.0,729.0,-436.0,32.0,train
3767,12_square,63,31,314.0,134.0,814.0,109.0,500.0,-25.0,train
3768,12_square,36,62,288.0,321.0,383.0,798.0,95.0,477.0,train
3769,12_square,28,12,425.0,277.0,891.0,318.0,466.0,41.0,train
3770,12_square,40,57,698.0,549.0,733.0,878.0,35.0,329.0,val
3771,12_square,17,41,393.0,239.0,607.0,664.0,214.0,425.0,train
3772,12_square,4,30,393.0,698.0,347.0,450.0,-46.0,-248.0,train
3773,12_square,24,32,162.0,679.0,853.0,732.0,691.0,53.0,train
3774,12_square,66,9,670.0,547.0,195.0,245.0,-475.0,-302.0,test
3775,12_square,54,59,760.0,404.0,165.0,749.0,-595.0,345.0,train
3776,12_square,5,23,647.0,390.0,317.0,397.0,-330.0,7.0,train
3777,12_square,3,26,744.0,231.0,728.0,381.0,-16.0,150.0,train
3778,12_square,62,63,244.0,552.0,421.0,766.0,177.0,214.0,train
3779,12_square,10,60,259.0,345.0,440.0,859.0,181.0,514.0,train
3780,12_square,27,36,276.0,540.0,731.0,831.0,455.0,291.0,train
3781,12_square,28,50,779.0,816.0,436.0,255.0,-343.0,-561.0,val
3782,12_square,25,52,384.0,506.0,545.0,461.0,161.0,-45.0,train
3783,12_square,10,28,404.0,636.0,811.0,136.0,407.0,-500.0,train
3784,12_square,1,6,642.0,553.0,758.0,210.0,116.0,-343.0,train
3785,12_square,25,50,221.0,850.0,728.0,515.0,507.0,-335.0,test
3786,12_square,23,15,886.0,825.0,399.0,717.0,-487.0,-108.0,train
3787,12_square,4,20,530.0,653.0,738.0,412.0,208.0,-241.0,train
3788,12_square,40,42,607.0,606.0,270.0,683.0,-337.0,77.0,val
3789,12_square,21,4,838.0,330.0,651.0,587.0,-187.0,257.0,test
3790,12_square,12,2,860.0,583.0,350.0,819.0,-510.0,236.0,train
3791,12_square,56,18,647.0,198.0,519.0,638.0,-128.0,440.0,train
3792,12_square,63,5,209.0,181.0,795.0,471.0,586.0,290.0,train
3793,12_square,29,3,558.0,424.0,808.0,410.0,250.0,-14.0,train
3794,12_square,61,49,109.0,592.0,663.0,884.0,554.0,292.0,train
3795,12_square,30,32,151.0,742.0,296.0,629.0,145.0,-113.0,test
3796,12_square,10,17,788.0,269.0,480.0,863.0,-308.0,594.0,train
3797,12_square,16,43,691.0,231.0,590.0,102.0,-101.0,-129.0,train
3798,12_square,54,60,778.0,681.0,445.0,679.0,-333.0,-2.0,test
3799,12_square,58,32,449.0,141.0,463.0,523.0,14.0,382.0,train
3800,4_square,3,64,587.0,667.0,411.0,637.0,-176.0,-30.0,train
3801,4_square,60,6,835.0,358.0,753.0,525.0,-82.0,167.0,train
3802,4_square,42,63,495.0,613.0,517.0,714.0,22.0,101.0,train
3803,4_square,35,16,662.0,606.0,193.0,208.0,-469.0,-398.0,train
3804,4_square,36,53,689.0,827.0,816.0,479.0,127.0,-348.0,train
3805,4_square,58,40,664.0,823.0,637.0,609.0,-27.0,-214.0,train
3806,4_square,46,19,570.0,349.0,807.0,535.0,237.0,186.0,train
3807,4_square,0,67,868.0,602.0,371.0,124.0,-497.0,-478.0,train
3808,4_square,15,44,551.0,796.0,182.0,862.0,-369.0,66.0,train
3809,4_square,29,40,646.0,449.0,538.0,779.0,-108.0,330.0,train
3810,4_square,0,16,551.0,696.0,850.0,124.0,299.0,-572.0,test
3811,4_square,35,52,599.0,364.0,170.0,164.0,-429.0,-200.0,train
3812,4_square,46,21,895.0,549.0,554.0,140.0,-341.0,-409.0,train
3813,4_square,62,1,251.0,286.0,492.0,454.0,241.0,168.0,train
3814,4_square,19,12,436.0,478.0,507.0,888.0,71.0,410.0,train
3815,4_square,25,35,732.0,593.0,583.0,890.0,-149.0,297.0,test
3816,4_square,64,50,713.0,277.0,175.0,550.0,-538.0,273.0,train
3817,4_square,66,37,837.0,540.0,739.0,223.0,-98.0,-317.0,train
3818,4_square,44,11,339.0,166.0,121.0,770.0,-218.0,604.0,train
3819,4_square,67,40,757.0,297.0,565.0,841.0,-192.0,544.0,train
3820,4_square,35,37,327.0,622.0,453.0,627.0,126.0,5.0,val
3821,4_square,33,59,814.0,719.0,408.0,133.0,-406.0,-586.0,train
3822,4_square,30,23,410.0,382.0,732.0,270.0,322.0,-112.0,train
3823,4_square,55,47,664.0,760.0,878.0,337.0,214.0,-423.0,train
3824,4_square,36,43,371.0,147.0,761.0,803.0,390.0,656.0,val
3825,4_square,32,42,111.0,623.0,633.0,715.0,522.0,92.0,train
3826,4_square,55,61,453.0,147.0,724.0,798.0,271.0,651.0,val
3827,4_square,16,63,461.0,333.0,147.0,626.0,-314.0,293.0,train
3828,4_square,20,11,639.0,618.0,436.0,719.0,-203.0,101.0,train
3829,4_square,17,40,787.0,162.0,723.0,335.0,-64.0,173.0,train
3830,4_square,10,15,119.0,805.0,104.0,839.0,-15.0,34.0,train
3831,4_square,45,53,259.0,618.0,267.0,605.0,8.0,-13.0,val
3832,4_square,3,36,284.0,578.0,817.0,229.0,533.0,-349.0,train
3833,4_square,66,59,189.0,468.0,104.0,339.0,-85.0,-129.0,train
3834,4_square,68,39,368.0,502.0,469.0,413.0,101.0,-89.0,train
3835,4_square,0,23,274.0,614.0,391.0,881.0,117.0,267.0,test
3836,4_square,42,58,288.0,150.0,460.0,881.0,172.0,731.0,train
3837,4_square,49,30,611.0,221.0,520.0,852.0,-91.0,631.0,train
3838,4_square,49,42,361.0,593.0,878.0,356.0,517.0,-237.0,train
3839,4_square,68,37,718.0,702.0,463.0,617.0,-255.0,-85.0,train
3840,4_square,56,56,829.0,512.0,376.0,324.0,-453.0,-188.0,train
3841,4_square,17,63,548.0,743.0,655.0,614.0,107.0,-129.0,train
3842,4_square,60,30,345.0,412.0,560.0,350.0,215.0,-62.0,train
3843,4_square,50,40,352.0,282.0,506.0,283.0,154.0,1.0,train
3844,4_square,37,29,369.0,806.0,276.0,369.0,-93.0,-437.0,train
3845,4_square,17,26,857.0,575.0,296.0,592.0,-561.0,17.0,train
3846,4_square,6,10,668.0,118.0,140.0,480.0,-528.0,362.0,train
3847,4_square,57,38,424.0,354.0,644.0,527.0,220.0,173.0,test
3848,4_square,67,53,473.0,783.0,121.0,880.0,-352.0,97.0,train
3849,4_square,16,42,574.0,114.0,546.0,723.0,-28.0,609.0,train
3850,4_square,51,57,643.0,200.0,742.0,315.0,99.0,115.0,train
3851,4_square,1,4,392.0,871.0,192.0,826.0,-200.0,-45.0,train
3852,4_square,66,14,541.0,290.0,573.0,578.0,32.0,288.0,train
3853,4_square,43,54,310.0,664.0,724.0,325.0,414.0,-339.0,val
3854,4_square,31,14,639.0,769.0,796.0,407.0,157.0,-362.0,train
3855,4_square,48,47,482.0,528.0,885.0,112.0,403.0,-416.0,train
3856,4_square,64,65,842.0,143.0,614.0,252.0,-228.0,109.0,test
3857,4_square,51,4,453.0,890.0,867.0,598.0,414.0,-292.0,test
3858,4_square,11,20,893.0,298.0,203.0,635.0,-690.0,337.0,train
3859,4_square,39,32,879.0,771.0,177.0,600.0,-702.0,-171.0,train
3860,4_square,44,11,876.0,527.0,264.0,386.0,-612.0,-141.0,test
3861,4_square,66,59,390.0,834.0,316.0,102.0,-74.0,-732.0,train
3862,4_square,15,16,698.0,728.0,694.0,301.0,-4.0,-427.0,train
3863,4_square,7,28,619.0,525.0,896.0,594.0,277.0,69.0,test
3864,4_square,26,35,600.0,215.0,891.0,199.0,291.0,-16.0,test
3865,4_square,15,22,515.0,574.0,728.0,662.0,213.0,88.0,train
3866,4_square,23,16,134.0,395.0,440.0,713.0,306.0,318.0,train
3867,4_square,50,10,898.0,295.0,243.0,502.0,-655.0,207.0,val
3868,4_square,7,15,747.0,111.0,773.0,686.0,26.0,575.0,train
3869,4_square,65,1,388.0,890.0,270.0,624.0,-118.0,-266.0,train
3870,4_square,25,7,154.0,611.0,502.0,468.0,348.0,-143.0,train
3871,4_square,67,8,444.0,261.0,713.0,326.0,269.0,65.0,train
3872,4_square,29,15,626.0,573.0,353.0,177.0,-273.0,-396.0,test
3873,4_square,68,38,127.0,519.0,653.0,693.0,526.0,174.0,train
3874,4_square,14,16,592.0,560.0,576.0,871.0,-16.0,311.0,train
3875,4_square,17,14,380.0,326.0,350.0,310.0,-30.0,-16.0,train
3876,4_square,51,55,170.0,778.0,417.0,751.0,247.0,-27.0,train
3877,4_square,0,21,744.0,615.0,661.0,792.0,-83.0,177.0,val
3878,4_square,62,42,642.0,827.0,295.0,361.0,-347.0,-466.0,train
3879,4_square,30,41,455.0,615.0,433.0,503.0,-22.0,-112.0,train
3880,4_square,16,2,636.0,774.0,513.0,148.0,-123.0,-626.0,test
3881,4_square,19,34,323.0,727.0,382.0,189.0,59.0,-538.0,val
3882,4_square,53,41,483.0,112.0,241.0,136.0,-242.0,24.0,train
3883,4_square,44,1,280.0,369.0,415.0,128.0,135.0,-241.0,train
3884,4_square,59,34,773.0,521.0,186.0,190.0,-587.0,-331.0,train
3885,4_square,38,2,549.0,655.0,898.0,745.0,349.0,90.0,test
3886,4_square,38,68,796.0,845.0,768.0,592.0,-28.0,-253.0,train
3887,4_square,26,56,619.0,681.0,746.0,734.0,127.0,53.0,train
3888,4_square,40,67,532.0,332.0,646.0,236.0,114.0,-96.0,train
3889,4_square,41,5,529.0,834.0,172.0,847.0,-357.0,13.0,test
3890,4_square,57,8,632.0,689.0,431.0,353.0,-201.0,-336.0,train
3891,4_square,50,10,290.0,149.0,583.0,842.0,293.0,693.0,train
3892,4_square,52,48,223.0,277.0,215.0,351.0,-8.0,74.0,val
3893,4_square,51,64,608.0,846.0,575.0,205.0,-33.0,-641.0,train
3894,4_square,16,30,551.0,448.0,283.0,250.0,-268.0,-198.0,train
3895,4_square,22,19,828.0,578.0,113.0,555.0,-715.0,-23.0,test
3896,4_square,43,47,795.0,880.0,688.0,173.0,-107.0,-707.0,train
3897,4_square,48,4,620.0,755.0,328.0,753.0,-292.0,-2.0,train
3898,4_square,12,14,363.0,646.0,689.0,549.0,326.0,-97.0,train
3899,4_square,64,33,673.0,515.0,358.0,862.0,-315.0,347.0,train
3900,4_square,49,30,729.0,753.0,462.0,368.0,-267.0,-385.0,train
3901,4_square,56,5,803.0,299.0,563.0,134.0,-240.0,-165.0,train
3902,4_square,53,61,675.0,755.0,751.0,396.0,76.0,-359.0,train
3903,4_square,34,28,722.0,538.0,289.0,884.0,-433.0,346.0,val
3904,4_square,65,18,526.0,191.0,554.0,506.0,28.0,315.0,test
3905,4_square,4,12,790.0,253.0,228.0,417.0,-562.0,164.0,train
3906,4_square,25,52,156.0,744.0,710.0,719.0,554.0,-25.0,test
3907,4_square,25,23,656.0,237.0,783.0,841.0,127.0,604.0,train
3908,4_square,35,64,442.0,332.0,451.0,132.0,9.0,-200.0,train
3909,4_square,15,25,183.0,434.0,657.0,166.0,474.0,-268.0,train
3910,4_square,4,42,743.0,586.0,858.0,623.0,115.0,37.0,train
3911,4_square,49,6,305.0,292.0,833.0,588.0,528.0,296.0,train
3912,4_square,41,42,484.0,110.0,235.0,751.0,-249.0,641.0,train
3913,4_square,66,13,229.0,513.0,478.0,824.0,249.0,311.0,train
3914,4_square,29,66,121.0,548.0,189.0,310.0,68.0,-238.0,train
3915,4_square,6,64,705.0,585.0,171.0,283.0,-534.0,-302.0,val
3916,4_square,7,28,592.0,485.0,229.0,696.0,-363.0,211.0,test
3917,4_square,9,48,348.0,686.0,466.0,243.0,118.0,-443.0,train
3918,4_square,27,6,265.0,353.0,417.0,293.0,152.0,-60.0,train
3919,4_square,21,50,654.0,808.0,725.0,853.0,71.0,45.0,train
3920,4_square,48,43,662.0,550.0,815.0,191.0,153.0,-359.0,train
3921,4_square,42,28,630.0,371.0,308.0,789.0,-322.0,418.0,train
3922,4_square,57,22,418.0,414.0,217.0,413.0,-201.0,-1.0,train
3923,4_square,33,68,445.0,154.0,338.0,850.0,-107.0,696.0,train
3924,4_square,40,37,211.0,260.0,345.0,490.0,134.0,230.0,train
3925,4_square,63,6,675.0,697.0,851.0,171.0,176.0,-526.0,train
3926,4_square,11,32,439.0,420.0,708.0,596.0,269.0,176.0,train
3927,4_square,63,8,582.0,528.0,822.0,777.0,240.0,249.0,train
3928,4_square,25,57,259.0,602.0,450.0,551.0,191.0,-51.0,train
3929,4_square,64,26,847.0,844.0,354.0,173.0,-493.0,-671.0,train
3930,4_square,27,9,467.0,171.0,624.0,316.0,157.0,145.0,val
3931,4_square,3,63,362.0,745.0,270.0,562.0,-92.0,-183.0,test
3932,4_square,51,60,178.0,867.0,503.0,171.0,325.0,-696.0,train
3933,4_square,29,26,177.0,744.0,125.0,199.0,-52.0,-545.0,train
3934,4_square,53,42,834.0,442.0,360.0,716.0,-474.0,274.0,val
3935,4_square,28,49,144.0,825.0,892.0,440.0,748.0,-385.0,train
3936,4_square,24,10,490.0,750.0,612.0,588.0,122.0,-162.0,val
3937,4_square,8,66,766.0,286.0,451.0,366.0,-315.0,80.0,train
3938,4_square,21,46,352.0,672.0,554.0,677.0,202.0,5.0,test
3939,4_square,30,32,728.0,853.0,827.0,231.0,99.0,-622.0,train
3940,4_square,41,53,856.0,551.0,613.0,420.0,-243.0,-131.0,test
3941,4_square,39,24,566.0,327.0,605.0,517.0,39.0,190.0,train
3942,4_square,36,61,277.0,705.0,262.0,133.0,-15.0,-572.0,train
3943,4_square,24,51,584.0,731.0,572.0,757.0,-12.0,26.0,train
3944,4_square,17,43,324.0,318.0,677.0,787.0,353.0,469.0,val
3945,4_square,48,43,439.0,470.0,699.0,356.0,260.0,-114.0,train
3946,4_square,37,5,263.0,341.0,511.0,881.0,248.0,540.0,train
3947,4_square,27,40,791.0,660.0,460.0,261.0,-331.0,-399.0,train
3948,4_square,58,55,132.0,286.0,819.0,584.0,687.0,298.0,train
3949,4_square,24,40,115.0,650.0,705.0,147.0,590.0,-503.0,train
3950,4_square,25,28,468.0,662.0,434.0,156.0,-34.0,-506.0,train
3951,4_square,51,10,827.0,299.0,211.0,839.0,-616.0,540.0,train
3952,4_square,58,14,241.0,253.0,171.0,857.0,-70.0,604.0,train
3953,4_square,60,33,806.0,583.0,428.0,301.0,-378.0,-282.0,train
3954,4_square,62,52,345.0,410.0,631.0,203.0,286.0,-207.0,test
3955,4_square,52,28,461.0,900.0,767.0,490.0,306.0,-410.0,train
3956,4_square,5,38,286.0,397.0,436.0,226.0,150.0,-171.0,train
3957,4_square,62,43,803.0,557.0,212.0,894.0,-591.0,337.0,val
3958,4_square,25,43,317.0,225.0,323.0,558.0,6.0,333.0,train
3959,4_square,41,34,357.0,649.0,580.0,342.0,223.0,-307.0,train
3960,4_square,15,16,197.0,489.0,414.0,242.0,217.0,-247.0,train
3961,4_square,11,18,134.0,181.0,430.0,819.0,296.0,638.0,train
3962,4_square,67,54,133.0,668.0,320.0,673.0,187.0,5.0,train
3963,4_square,7,46,792.0,118.0,140.0,680.0,-652.0,562.0,train
3964,4_square,2,48,119.0,108.0,527.0,226.0,408.0,118.0,train
3965,4_square,33,67,280.0,475.0,861.0,481.0,581.0,6.0,train
3966,4_square,44,35,712.0,300.0,314.0,629.0,-398.0,329.0,train
3967,4_square,39,47,386.0,120.0,706.0,289.0,320.0,169.0,train
3968,4_square,45,45,802.0,697.0,207.0,162.0,-595.0,-535.0,train
3969,4_square,67,66,753.0,356.0,301.0,711.0,-452.0,355.0,train
3970,4_square,21,55,789.0,295.0,291.0,870.0,-498.0,575.0,train
3971,4_square,67,15,880.0,222.0,418.0,644.0,-462.0,422.0,train
3972,4_square,60,0,510.0,492.0,868.0,394.0,358.0,-98.0,train
3973,4_square,59,34,115.0,397.0,718.0,793.0,603.0,396.0,train
3974,4_square,53,29,651.0,485.0,409.0,900.0,-242.0,415.0,train
3975,4_square,63,16,527.0,362.0,553.0,287.0,26.0,-75.0,train
3976,4_square,56,42,333.0,566.0,706.0,757.0,373.0,191.0,train
3977,4_square,11,20,547.0,440.0,392.0,703.0,-155.0,263.0,train
3978,4_square,45,7,864.0,456.0,596.0,861.0,-268.0,405.0,train
3979,4_square,0,24,247.0,889.0,665.0,847.0,418.0,-42.0,train
3980,4_square,38,46,812.0,862.0,893.0,298.0,81.0,-564.0,val
3981,4_square,50,37,612.0,683.0,364.0,573.0,-248.0,-110.0,train
3982,4_square,14,24,473.0,240.0,836.0,792.0,363.0,552.0,train
3983,4_square,22,56,427.0,850.0,341.0,219.0,-86.0,-631.0,test
3984,4_square,26,46,509.0,805.0,609.0,571.0,100.0,-234.0,train
3985,4_square,26,61,253.0,879.0,242.0,683.0,-11.0,-196.0,train
3986,4_square,68,12,199.0,106.0,432.0,586.0,233.0,480.0,val
3987,4_square,20,37,458.0,515.0,470.0,481.0,12.0,-34.0,train
3988,4_square,19,30,168.0,696.0,127.0,815.0,-41.0,119.0,train
3989,4_square,25,33,885.0,255.0,433.0,893.0,-452.0,638.0,train
3990,4_square,67,42,781.0,534.0,716.0,417.0,-65.0,-117.0,val
3991,4_square,47,36,817.0,565.0,401.0,756.0,-416.0,191.0,test
3992,4_square,64,23,305.0,373.0,578.0,592.0,273.0,219.0,train
3993,4_square,60,68,735.0,756.0,226.0,650.0,-509.0,-106.0,train
3994,4_square,30,55,547.0,754.0,174.0,632.0,-373.0,-122.0,train
3995,4_square,60,24,239.0,188.0,320.0,442.0,81.0,254.0,train
3996,4_square,60,53,637.0,227.0,348.0,326.0,-289.0,99.0,val
3997,4_square,8,4,782.0,650.0,390.0,704.0,-392.0,54.0,val
3998,4_square,62,41,615.0,514.0,541.0,554.0,-74.0,40.0,val
3999,4_square,5,19,138.0,725.0,730.0,163.0,592.0,-562.0,train
4000,15_square,25,54,499.0,586.0,687.0,483.0,188.0,-103.0,train
4001,15_square,32,6,354.0,877.0,199.0,574.0,-155.0,-303.0,train
4002,15_square,63,60,230.0,645.0,489.0,700.0,259.0,55.0,train
4003,15_square,3,59,558.0,196.0,550.0,892.0,-8.0,696.0,train
4004,15_square,36,25,637.0,318.0,579.0,273.0,-58.0,-45.0,train
4005,15_square,68,17,898.0,180.0,228.0,531.0,-670.0,351.0,train
4006,15_square,26,10,664.0,424.0,800.0,843.0,136.0,419.0,train
4007,15_square,26,52,120.0,318.0,561.0,162.0,441.0,-156.0,train
4008,15_square,53,49,120.0,208.0,285.0,439.0,165.0,231.0,train
4009,15_square,14,66,434.0,863.0,304.0,842.0,-130.0,-21.0,train
4010,15_square,54,20,624.0,582.0,190.0,257.0,-434.0,-325.0,train
4011,15_square,34,23,595.0,378.0,329.0,361.0,-266.0,-17.0,train
4012,15_square,11,59,725.0,700.0,284.0,419.0,-441.0,-281.0,train
4013,15_square,15,3,560.0,876.0,177.0,479.0,-383.0,-397.0,train
4014,15_square,6,54,189.0,844.0,279.0,261.0,90.0,-583.0,train
4015,15_square,12,65,506.0,196.0,743.0,287.0,237.0,91.0,train
4016,15_square,37,20,144.0,541.0,836.0,835.0,692.0,294.0,val
4017,15_square,56,14,365.0,446.0,136.0,212.0,-229.0,-234.0,train
4018,15_square,37,47,315.0,311.0,672.0,593.0,357.0,282.0,val
4019,15_square,35,45,802.0,625.0,587.0,521.0,-215.0,-104.0,train
4020,15_square,3,54,364.0,164.0,844.0,173.0,480.0,9.0,train
4021,15_square,24,44,190.0,615.0,536.0,770.0,346.0,155.0,train
4022,15_square,0,56,742.0,859.0,115.0,128.0,-627.0,-731.0,train
4023,15_square,14,44,563.0,515.0,310.0,760.0,-253.0,245.0,test
4024,15_square,68,23,178.0,731.0,115.0,749.0,-63.0,18.0,train
4025,15_square,42,19,303.0,352.0,885.0,113.0,582.0,-239.0,train
4026,15_square,48,60,118.0,333.0,553.0,426.0,435.0,93.0,train
4027,15_square,25,53,224.0,508.0,431.0,651.0,207.0,143.0,train
4028,15_square,68,40,529.0,888.0,750.0,857.0,221.0,-31.0,train
4029,15_square,52,49,866.0,482.0,437.0,389.0,-429.0,-93.0,train
4030,15_square,41,18,743.0,713.0,644.0,505.0,-99.0,-208.0,train
4031,15_square,50,56,379.0,476.0,140.0,357.0,-239.0,-119.0,val
4032,15_square,27,17,576.0,688.0,707.0,564.0,131.0,-124.0,test
4033,15_square,62,29,123.0,889.0,354.0,493.0,231.0,-396.0,train
4034,15_square,46,37,733.0,425.0,288.0,530.0,-445.0,105.0,train
4035,15_square,48,61,670.0,884.0,540.0,552.0,-130.0,-332.0,train
4036,15_square,67,19,837.0,138.0,705.0,294.0,-132.0,156.0,val
4037,15_square,58,30,900.0,723.0,438.0,196.0,-462.0,-527.0,val
4038,15_square,61,33,455.0,189.0,818.0,599.0,363.0,410.0,train
4039,15_square,43,34,703.0,197.0,335.0,448.0,-368.0,251.0,train
4040,15_square,9,20,515.0,201.0,618.0,442.0,103.0,241.0,train
4041,15_square,66,59,191.0,369.0,816.0,871.0,625.0,502.0,train
4042,15_square,7,63,790.0,141.0,421.0,485.0,-369.0,344.0,train
4043,15_square,0,62,372.0,603.0,277.0,869.0,-95.0,266.0,train
4044,15_square,52,33,440.0,552.0,599.0,831.0,159.0,279.0,train
4045,15_square,53,39,431.0,687.0,541.0,797.0,110.0,110.0,train
4046,15_square,25,2,218.0,289.0,514.0,658.0,296.0,369.0,val
4047,15_square,57,57,310.0,316.0,620.0,461.0,310.0,145.0,train
4048,15_square,33,17,714.0,875.0,845.0,271.0,131.0,-604.0,train
4049,15_square,62,24,165.0,467.0,883.0,129.0,718.0,-338.0,test
4050,15_square,20,2,816.0,372.0,102.0,867.0,-714.0,495.0,test
4051,15_square,26,49,851.0,266.0,382.0,672.0,-469.0,406.0,train
4052,15_square,38,40,366.0,312.0,567.0,488.0,201.0,176.0,train
4053,15_square,63,43,415.0,465.0,683.0,893.0,268.0,428.0,train
4054,15_square,20,8,622.0,591.0,101.0,818.0,-521.0,227.0,train
4055,15_square,52,33,232.0,239.0,251.0,697.0,19.0,458.0,train
4056,15_square,39,63,843.0,764.0,147.0,113.0,-696.0,-651.0,val
4057,15_square,23,29,717.0,426.0,806.0,132.0,89.0,-294.0,test
4058,15_square,50,11,410.0,236.0,374.0,791.0,-36.0,555.0,train
4059,15_square,39,34,392.0,887.0,278.0,551.0,-114.0,-336.0,train
4060,15_square,40,57,676.0,497.0,523.0,494.0,-153.0,-3.0,train
4061,15_square,22,29,754.0,815.0,461.0,387.0,-293.0,-428.0,train
4062,15_square,2,63,319.0,426.0,173.0,365.0,-146.0,-61.0,train
4063,15_square,18,4,534.0,441.0,266.0,448.0,-268.0,7.0,train
4064,15_square,50,33,230.0,123.0,863.0,101.0,633.0,-22.0,train
4065,15_square,24,30,803.0,488.0,863.0,206.0,60.0,-282.0,train
4066,15_square,46,46,802.0,133.0,866.0,786.0,64.0,653.0,train
4067,15_square,6,43,310.0,104.0,317.0,782.0,7.0,678.0,val
4068,15_square,29,53,844.0,211.0,701.0,423.0,-143.0,212.0,val
4069,15_square,5,33,126.0,806.0,181.0,786.0,55.0,-20.0,train
4070,15_square,3,26,518.0,301.0,777.0,339.0,259.0,38.0,train
4071,15_square,61,1,259.0,273.0,162.0,254.0,-97.0,-19.0,train
4072,15_square,35,16,762.0,405.0,514.0,499.0,-248.0,94.0,train
4073,15_square,40,16,146.0,463.0,658.0,197.0,512.0,-266.0,train
4074,15_square,67,58,510.0,513.0,814.0,261.0,304.0,-252.0,train
4075,15_square,67,27,439.0,854.0,268.0,702.0,-171.0,-152.0,train
4076,15_square,61,61,309.0,269.0,732.0,332.0,423.0,63.0,train
4077,15_square,1,2,188.0,765.0,154.0,336.0,-34.0,-429.0,test
4078,15_square,21,25,347.0,696.0,711.0,434.0,364.0,-262.0,train
4079,15_square,39,62,681.0,561.0,274.0,736.0,-407.0,175.0,train
4080,15_square,60,46,615.0,508.0,433.0,458.0,-182.0,-50.0,test
4081,15_square,26,14,835.0,164.0,544.0,158.0,-291.0,-6.0,train
4082,15_square,42,26,874.0,366.0,421.0,720.0,-453.0,354.0,val
4083,15_square,65,26,358.0,656.0,550.0,732.0,192.0,76.0,val
4084,15_square,63,28,759.0,813.0,390.0,838.0,-369.0,25.0,test
4085,15_square,52,53,380.0,761.0,623.0,892.0,243.0,131.0,train
4086,15_square,16,27,704.0,347.0,282.0,112.0,-422.0,-235.0,train
4087,15_square,43,52,105.0,276.0,438.0,741.0,333.0,465.0,train
4088,15_square,35,14,431.0,889.0,485.0,303.0,54.0,-586.0,train
4089,15_square,21,18,598.0,488.0,336.0,865.0,-262.0,377.0,train
4090,15_square,25,7,533.0,676.0,458.0,434.0,-75.0,-242.0,train
4091,15_square,57,26,419.0,495.0,716.0,777.0,297.0,282.0,train
4092,15_square,33,51,365.0,228.0,893.0,843.0,528.0,615.0,train
4093,15_square,24,7,746.0,139.0,397.0,307.0,-349.0,168.0,train
4094,15_square,48,68,740.0,181.0,118.0,472.0,-622.0,291.0,train
4095,15_square,54,18,376.0,405.0,787.0,663.0,411.0,258.0,val
4096,15_square,64,6,355.0,201.0,742.0,197.0,387.0,-4.0,train
4097,15_square,59,6,792.0,339.0,559.0,359.0,-233.0,20.0,train
4098,15_square,65,55,127.0,538.0,816.0,485.0,689.0,-53.0,train
4099,15_square,24,14,480.0,536.0,268.0,808.0,-212.0,272.0,val
4100,15_square,51,17,220.0,640.0,641.0,501.0,421.0,-139.0,train
4101,15_square,45,10,380.0,486.0,687.0,837.0,307.0,351.0,train
4102,15_square,20,44,265.0,599.0,835.0,612.0,570.0,13.0,train
4103,15_square,20,29,383.0,190.0,356.0,744.0,-27.0,554.0,train
4104,15_square,59,58,329.0,576.0,528.0,620.0,199.0,44.0,train
4105,15_square,51,64,222.0,532.0,842.0,135.0,620.0,-397.0,train
4106,15_square,43,45,414.0,771.0,211.0,353.0,-203.0,-418.0,train
4107,15_square,9,4,363.0,868.0,731.0,212.0,368.0,-656.0,test
4108,15_square,28,14,353.0,755.0,355.0,202.0,2.0,-553.0,train
4109,15_square,18,46,336.0,170.0,719.0,436.0,383.0,266.0,train
4110,15_square,66,1,118.0,591.0,215.0,714.0,97.0,123.0,train
4111,15_square,62,3,448.0,365.0,802.0,587.0,354.0,222.0,train
4112,15_square,26,32,754.0,695.0,199.0,252.0,-555.0,-443.0,train
4113,15_square,17,55,662.0,143.0,728.0,458.0,66.0,315.0,train
4114,15_square,25,23,641.0,259.0,831.0,502.0,190.0,243.0,test
4115,15_square,43,60,325.0,694.0,529.0,739.0,204.0,45.0,train
4116,15_square,31,14,565.0,105.0,644.0,578.0,79.0,473.0,train
4117,15_square,16,0,454.0,230.0,780.0,276.0,326.0,46.0,train
4118,15_square,33,10,760.0,722.0,748.0,303.0,-12.0,-419.0,train
4119,15_square,42,54,870.0,293.0,840.0,256.0,-30.0,-37.0,val
4120,15_square,53,43,381.0,721.0,529.0,900.0,148.0,179.0,val
4121,15_square,34,67,686.0,212.0,647.0,805.0,-39.0,593.0,train
4122,15_square,1,46,380.0,262.0,428.0,772.0,48.0,510.0,train
4123,15_square,37,11,282.0,390.0,476.0,379.0,194.0,-11.0,train
4124,15_square,24,52,660.0,789.0,186.0,256.0,-474.0,-533.0,train
4125,15_square,5,10,152.0,120.0,895.0,453.0,743.0,333.0,train
4126,15_square,1,32,800.0,588.0,387.0,763.0,-413.0,175.0,train
4127,15_square,27,58,520.0,840.0,297.0,345.0,-223.0,-495.0,train
4128,15_square,27,13,554.0,520.0,220.0,573.0,-334.0,53.0,train
4129,15_square,2,40,143.0,593.0,374.0,204.0,231.0,-389.0,train
4130,15_square,1,12,558.0,663.0,326.0,356.0,-232.0,-307.0,test
4131,15_square,60,10,757.0,596.0,407.0,593.0,-350.0,-3.0,train
4132,15_square,11,51,472.0,711.0,286.0,497.0,-186.0,-214.0,train
4133,15_square,25,66,676.0,293.0,490.0,632.0,-186.0,339.0,test
4134,15_square,9,50,549.0,352.0,814.0,373.0,265.0,21.0,train
4135,15_square,45,43,386.0,504.0,109.0,145.0,-277.0,-359.0,train
4136,15_square,67,39,209.0,712.0,120.0,454.0,-89.0,-258.0,val
4137,15_square,43,12,254.0,807.0,803.0,253.0,549.0,-554.0,train
4138,15_square,39,68,802.0,773.0,136.0,293.0,-666.0,-480.0,train
4139,15_square,18,0,531.0,840.0,343.0,526.0,-188.0,-314.0,train
4140,15_square,49,1,465.0,773.0,836.0,234.0,371.0,-539.0,train
4141,15_square,15,61,537.0,773.0,148.0,563.0,-389.0,-210.0,train
4142,15_square,19,12,113.0,687.0,430.0,895.0,317.0,208.0,train
4143,15_square,2,30,845.0,230.0,246.0,184.0,-599.0,-46.0,train
4144,15_square,17,57,442.0,872.0,483.0,610.0,41.0,-262.0,train
4145,15_square,62,24,403.0,453.0,504.0,393.0,101.0,-60.0,val
4146,15_square,0,23,446.0,258.0,890.0,597.0,444.0,339.0,train
4147,15_square,59,60,434.0,286.0,250.0,886.0,-184.0,600.0,val
4148,15_square,29,55,372.0,391.0,386.0,586.0,14.0,195.0,train
4149,15_square,15,57,274.0,387.0,345.0,142.0,71.0,-245.0,train
4150,15_square,39,30,389.0,617.0,248.0,665.0,-141.0,48.0,test
4151,15_square,0,44,253.0,198.0,421.0,336.0,168.0,138.0,train
4152,15_square,36,4,611.0,826.0,711.0,491.0,100.0,-335.0,test
4153,15_square,5,56,501.0,362.0,196.0,605.0,-305.0,243.0,train
4154,15_square,18,56,829.0,181.0,496.0,712.0,-333.0,531.0,train
4155,15_square,18,14,711.0,303.0,186.0,273.0,-525.0,-30.0,train
4156,15_square,18,11,113.0,754.0,476.0,312.0,363.0,-442.0,train
4157,15_square,6,28,495.0,282.0,360.0,707.0,-135.0,425.0,train
4158,15_square,46,42,340.0,664.0,847.0,103.0,507.0,-561.0,train
4159,15_square,61,19,695.0,111.0,774.0,178.0,79.0,67.0,val
4160,15_square,67,58,850.0,130.0,242.0,733.0,-608.0,603.0,train
4161,15_square,31,44,129.0,268.0,655.0,153.0,526.0,-115.0,train
4162,15_square,66,4,672.0,267.0,271.0,393.0,-401.0,126.0,train
4163,15_square,15,15,227.0,153.0,675.0,623.0,448.0,470.0,train
4164,15_square,58,1,191.0,181.0,266.0,750.0,75.0,569.0,test
4165,15_square,30,61,204.0,330.0,702.0,268.0,498.0,-62.0,train
4166,15_square,10,22,567.0,472.0,257.0,736.0,-310.0,264.0,train
4167,15_square,25,47,794.0,653.0,668.0,480.0,-126.0,-173.0,test
4168,15_square,46,42,812.0,364.0,646.0,627.0,-166.0,263.0,train
4169,15_square,5,0,453.0,358.0,740.0,372.0,287.0,14.0,test
4170,15_square,68,23,829.0,869.0,479.0,383.0,-350.0,-486.0,train
4171,15_square,11,1,376.0,880.0,725.0,327.0,349.0,-553.0,train
4172,15_square,59,8,765.0,782.0,372.0,634.0,-393.0,-148.0,train
4173,15_square,54,12,577.0,466.0,119.0,298.0,-458.0,-168.0,train
4174,15_square,64,6,819.0,692.0,832.0,490.0,13.0,-202.0,train
4175,15_square,59,5,490.0,510.0,507.0,124.0,17.0,-386.0,train
4176,15_square,46,17,176.0,636.0,605.0,596.0,429.0,-40.0,val
4177,15_square,46,54,496.0,676.0,842.0,151.0,346.0,-525.0,train
4178,15_square,56,3,658.0,151.0,807.0,590.0,149.0,439.0,val
4179,15_square,61,60,800.0,612.0,535.0,161.0,-265.0,-451.0,train
4180,15_square,25,54,878.0,685.0,761.0,406.0,-117.0,-279.0,train
4181,15_square,65,20,564.0,470.0,678.0,555.0,114.0,85.0,train
4182,15_square,27,49,570.0,156.0,227.0,430.0,-343.0,274.0,test
4183,15_square,32,38,203.0,526.0,617.0,838.0,414.0,312.0,train
4184,15_square,60,1,793.0,145.0,121.0,230.0,-672.0,85.0,train
4185,15_square,20,44,762.0,570.0,211.0,560.0,-551.0,-10.0,train
4186,15_square,21,21,654.0,188.0,179.0,437.0,-475.0,249.0,train
4187,15_square,30,1,156.0,628.0,186.0,131.0,30.0,-497.0,train
4188,15_square,58,26,381.0,680.0,389.0,365.0,8.0,-315.0,train
4189,15_square,56,38,582.0,392.0,207.0,641.0,-375.0,249.0,train
4190,15_square,60,63,152.0,413.0,279.0,290.0,127.0,-123.0,train
4191,15_square,60,38,871.0,210.0,458.0,877.0,-413.0,667.0,train
4192,15_square,10,66,895.0,804.0,586.0,574.0,-309.0,-230.0,train
4193,15_square,62,11,800.0,494.0,669.0,870.0,-131.0,376.0,train
4194,15_square,40,64,381.0,816.0,245.0,359.0,-136.0,-457.0,train
4195,15_square,59,47,792.0,184.0,286.0,244.0,-506.0,60.0,train
4196,15_square,61,45,297.0,814.0,242.0,828.0,-55.0,14.0,train
4197,15_square,34,39,761.0,573.0,233.0,222.0,-528.0,-351.0,train
4198,15_square,9,68,225.0,180.0,502.0,168.0,277.0,-12.0,test
4199,15_square,8,52,569.0,693.0,683.0,363.0,114.0,-330.0,train
4200,3_square,1,41,317.0,843.0,567.0,579.0,250.0,-264.0,train
4201,3_square,35,39,449.0,399.0,772.0,535.0,323.0,136.0,train
4202,3_square,1,24,376.0,185.0,375.0,645.0,-1.0,460.0,test
4203,3_square,0,32,218.0,712.0,583.0,485.0,365.0,-227.0,train
4204,3_square,22,9,710.0,209.0,615.0,229.0,-95.0,20.0,test
4205,3_square,22,53,854.0,115.0,481.0,333.0,-373.0,218.0,train
4206,3_square,60,40,672.0,781.0,757.0,608.0,85.0,-173.0,train
4207,3_square,38,34,213.0,356.0,891.0,391.0,678.0,35.0,train
4208,3_square,58,29,435.0,693.0,342.0,273.0,-93.0,-420.0,test
4209,3_square,16,49,378.0,728.0,659.0,387.0,281.0,-341.0,val
4210,3_square,33,32,206.0,844.0,680.0,274.0,474.0,-570.0,val
4211,3_square,44,46,527.0,872.0,417.0,672.0,-110.0,-200.0,train
4212,3_square,44,41,184.0,191.0,620.0,619.0,436.0,428.0,val
4213,3_square,46,61,820.0,178.0,318.0,467.0,-502.0,289.0,train
4214,3_square,67,64,386.0,470.0,475.0,745.0,89.0,275.0,train
4215,3_square,11,8,768.0,721.0,156.0,549.0,-612.0,-172.0,val
4216,3_square,37,45,659.0,202.0,470.0,350.0,-189.0,148.0,val
4217,3_square,64,59,197.0,627.0,269.0,814.0,72.0,187.0,train
4218,3_square,16,68,396.0,583.0,466.0,882.0,70.0,299.0,train
4219,3_square,40,49,117.0,550.0,841.0,531.0,724.0,-19.0,train
4220,3_square,25,0,793.0,467.0,599.0,895.0,-194.0,428.0,train
4221,3_square,28,36,539.0,421.0,211.0,403.0,-328.0,-18.0,val
4222,3_square,43,46,670.0,603.0,194.0,347.0,-476.0,-256.0,train
4223,3_square,55,28,185.0,606.0,105.0,334.0,-80.0,-272.0,train
4224,3_square,19,39,882.0,895.0,235.0,400.0,-647.0,-495.0,train
4225,3_square,52,30,721.0,461.0,229.0,267.0,-492.0,-194.0,train
4226,3_square,38,48,681.0,384.0,315.0,118.0,-366.0,-266.0,train
4227,3_square,50,26,422.0,441.0,357.0,287.0,-65.0,-154.0,train
4228,3_square,50,27,617.0,810.0,665.0,435.0,48.0,-375.0,train
4229,3_square,62,41,139.0,389.0,621.0,568.0,482.0,179.0,train
4230,3_square,46,18,170.0,678.0,665.0,166.0,495.0,-512.0,train
4231,3_square,62,45,591.0,254.0,164.0,333.0,-427.0,79.0,train
4232,3_square,52,45,268.0,883.0,861.0,787.0,593.0,-96.0,train
4233,3_square,38,23,761.0,863.0,526.0,794.0,-235.0,-69.0,train
4234,3_square,39,57,171.0,837.0,838.0,259.0,667.0,-578.0,val
4235,3_square,11,9,386.0,532.0,706.0,408.0,320.0,-124.0,train
4236,3_square,53,56,712.0,849.0,127.0,528.0,-585.0,-321.0,test
4237,3_square,36,28,252.0,772.0,387.0,336.0,135.0,-436.0,train
4238,3_square,50,58,519.0,894.0,225.0,109.0,-294.0,-785.0,train
4239,3_square,13,64,651.0,381.0,838.0,427.0,187.0,46.0,train
4240,3_square,16,22,363.0,115.0,329.0,219.0,-34.0,104.0,test
4241,3_square,35,67,842.0,382.0,619.0,310.0,-223.0,-72.0,train
4242,3_square,18,59,859.0,148.0,287.0,274.0,-572.0,126.0,train
4243,3_square,14,56,335.0,208.0,168.0,219.0,-167.0,11.0,train
4244,3_square,35,56,772.0,371.0,219.0,677.0,-553.0,306.0,train
4245,3_square,50,2,634.0,614.0,422.0,144.0,-212.0,-470.0,train
4246,3_square,7,27,335.0,504.0,742.0,626.0,407.0,122.0,test
4247,3_square,18,26,502.0,224.0,698.0,726.0,196.0,502.0,val
4248,3_square,32,16,701.0,682.0,630.0,261.0,-71.0,-421.0,val
4249,3_square,67,47,194.0,797.0,403.0,361.0,209.0,-436.0,val
4250,3_square,6,66,409.0,222.0,308.0,723.0,-101.0,501.0,train
4251,3_square,14,10,855.0,412.0,714.0,855.0,-141.0,443.0,train
4252,3_square,52,36,458.0,276.0,239.0,549.0,-219.0,273.0,train
4253,3_square,36,7,630.0,697.0,500.0,376.0,-130.0,-321.0,train
4254,3_square,40,46,468.0,122.0,595.0,774.0,127.0,652.0,train
4255,3_square,53,38,655.0,605.0,866.0,749.0,211.0,144.0,train
4256,3_square,50,27,385.0,817.0,147.0,266.0,-238.0,-551.0,train
4257,3_square,10,55,507.0,713.0,351.0,719.0,-156.0,6.0,train
4258,3_square,20,54,363.0,276.0,414.0,565.0,51.0,289.0,train
4259,3_square,56,47,505.0,398.0,718.0,114.0,213.0,-284.0,train
4260,3_square,46,68,898.0,201.0,761.0,463.0,-137.0,262.0,train
4261,3_square,65,15,704.0,172.0,592.0,406.0,-112.0,234.0,train
4262,3_square,20,50,324.0,493.0,483.0,316.0,159.0,-177.0,train
4263,3_square,20,19,694.0,413.0,694.0,573.0,0.0,160.0,train
4264,3_square,63,3,146.0,671.0,897.0,295.0,751.0,-376.0,train
4265,3_square,67,13,108.0,586.0,288.0,889.0,180.0,303.0,val
4266,3_square,50,11,658.0,592.0,779.0,226.0,121.0,-366.0,test
4267,3_square,65,8,532.0,894.0,712.0,298.0,180.0,-596.0,train
4268,3_square,46,30,289.0,353.0,649.0,528.0,360.0,175.0,train
4269,3_square,33,59,619.0,398.0,465.0,479.0,-154.0,81.0,train
4270,3_square,56,2,139.0,650.0,157.0,334.0,18.0,-316.0,train
4271,3_square,47,12,792.0,368.0,332.0,727.0,-460.0,359.0,test
4272,3_square,26,16,783.0,799.0,193.0,176.0,-590.0,-623.0,train
4273,3_square,47,5,735.0,439.0,684.0,224.0,-51.0,-215.0,train
4274,3_square,60,55,233.0,864.0,478.0,648.0,245.0,-216.0,train
4275,3_square,58,10,625.0,485.0,600.0,635.0,-25.0,150.0,train
4276,3_square,38,21,241.0,531.0,154.0,324.0,-87.0,-207.0,train
4277,3_square,16,1,424.0,807.0,865.0,875.0,441.0,68.0,train
4278,3_square,44,59,521.0,264.0,660.0,641.0,139.0,377.0,val
4279,3_square,45,1,732.0,182.0,697.0,223.0,-35.0,41.0,train
4280,3_square,35,53,269.0,496.0,207.0,709.0,-62.0,213.0,train
4281,3_square,46,18,690.0,242.0,639.0,640.0,-51.0,398.0,train
4282,3_square,4,9,453.0,633.0,853.0,591.0,400.0,-42.0,val
4283,3_square,58,50,680.0,356.0,104.0,128.0,-576.0,-228.0,train
4284,3_square,24,3,180.0,759.0,836.0,669.0,656.0,-90.0,train
4285,3_square,22,34,298.0,429.0,504.0,827.0,206.0,398.0,train
4286,3_square,39,15,303.0,724.0,652.0,588.0,349.0,-136.0,train
4287,3_square,59,45,351.0,365.0,583.0,352.0,232.0,-13.0,train
4288,3_square,25,32,798.0,384.0,710.0,852.0,-88.0,468.0,train
4289,3_square,65,14,365.0,684.0,898.0,891.0,533.0,207.0,train
4290,3_square,54,42,654.0,280.0,445.0,504.0,-209.0,224.0,train
4291,3_square,57,54,362.0,790.0,104.0,260.0,-258.0,-530.0,test
4292,3_square,23,28,252.0,790.0,802.0,877.0,550.0,87.0,train
4293,3_square,13,37,360.0,834.0,720.0,448.0,360.0,-386.0,train
4294,3_square,65,37,421.0,609.0,334.0,156.0,-87.0,-453.0,train
4295,3_square,50,15,572.0,473.0,169.0,310.0,-403.0,-163.0,train
4296,3_square,6,48,426.0,412.0,236.0,823.0,-190.0,411.0,test
4297,3_square,61,49,344.0,338.0,844.0,262.0,500.0,-76.0,train
4298,3_square,32,18,762.0,798.0,677.0,709.0,-85.0,-89.0,val
4299,3_square,64,43,149.0,407.0,657.0,898.0,508.0,491.0,train
4300,3_square,45,24,777.0,591.0,124.0,408.0,-653.0,-183.0,train
4301,3_square,28,46,182.0,130.0,652.0,274.0,470.0,144.0,train
4302,3_square,11,47,861.0,508.0,604.0,733.0,-257.0,225.0,train
4303,3_square,59,44,264.0,377.0,221.0,225.0,-43.0,-152.0,train
4304,3_square,45,1,341.0,591.0,317.0,829.0,-24.0,238.0,train
4305,3_square,46,12,739.0,222.0,623.0,430.0,-116.0,208.0,train
4306,3_square,5,36,788.0,887.0,321.0,188.0,-467.0,-699.0,val
4307,3_square,13,30,733.0,744.0,179.0,365.0,-554.0,-379.0,train
4308,3_square,15,62,868.0,282.0,337.0,115.0,-531.0,-167.0,train
4309,3_square,42,14,641.0,877.0,317.0,664.0,-324.0,-213.0,train
4310,3_square,3,50,728.0,104.0,840.0,431.0,112.0,327.0,val
4311,3_square,19,0,840.0,699.0,234.0,540.0,-606.0,-159.0,train
4312,3_square,64,8,748.0,216.0,582.0,282.0,-166.0,66.0,train
4313,3_square,54,26,360.0,441.0,468.0,558.0,108.0,117.0,train
4314,3_square,61,6,894.0,776.0,828.0,609.0,-66.0,-167.0,train
4315,3_square,61,35,601.0,465.0,576.0,544.0,-25.0,79.0,train
4316,3_square,13,38,633.0,468.0,305.0,730.0,-328.0,262.0,train
4317,3_square,57,36,291.0,575.0,452.0,631.0,161.0,56.0,train
4318,3_square,56,24,591.0,548.0,306.0,669.0,-285.0,121.0,train
4319,3_square,44,19,469.0,341.0,489.0,526.0,20.0,185.0,train
4320,3_square,25,68,673.0,798.0,340.0,823.0,-333.0,25.0,train
4321,3_square,55,61,790.0,284.0,351.0,598.0,-439.0,314.0,train
4322,3_square,9,42,376.0,257.0,169.0,554.0,-207.0,297.0,val
4323,3_square,43,7,828.0,306.0,169.0,775.0,-659.0,469.0,train
4324,3_square,19,16,774.0,659.0,802.0,839.0,28.0,180.0,test
4325,3_square,8,42,426.0,594.0,486.0,252.0,60.0,-342.0,train
4326,3_square,48,15,168.0,541.0,747.0,799.0,579.0,258.0,train
4327,3_square,54,1,383.0,448.0,393.0,357.0,10.0,-91.0,train
4328,3_square,30,20,547.0,531.0,560.0,420.0,13.0,-111.0,train
4329,3_square,30,36,861.0,772.0,431.0,569.0,-430.0,-203.0,train
4330,3_square,4,55,196.0,358.0,809.0,418.0,613.0,60.0,train
4331,3_square,22,4,220.0,711.0,241.0,610.0,21.0,-101.0,val
4332,3_square,50,29,260.0,163.0,115.0,376.0,-145.0,213.0,train
4333,3_square,34,61,306.0,696.0,820.0,702.0,514.0,6.0,val
4334,3_square,26,50,747.0,653.0,758.0,778.0,11.0,125.0,train
4335,3_square,9,33,818.0,723.0,160.0,188.0,-658.0,-535.0,train
4336,3_square,44,42,359.0,733.0,217.0,231.0,-142.0,-502.0,train
4337,3_square,37,49,221.0,113.0,209.0,849.0,-12.0,736.0,val
4338,3_square,10,64,641.0,656.0,579.0,465.0,-62.0,-191.0,train
4339,3_square,52,42,378.0,683.0,204.0,295.0,-174.0,-388.0,train
4340,3_square,21,11,692.0,207.0,553.0,382.0,-139.0,175.0,test
4341,3_square,10,3,250.0,636.0,278.0,296.0,28.0,-340.0,train
4342,3_square,41,15,668.0,468.0,531.0,276.0,-137.0,-192.0,train
4343,3_square,22,50,233.0,675.0,431.0,559.0,198.0,-116.0,train
4344,3_square,35,15,205.0,813.0,191.0,878.0,-14.0,65.0,val
4345,3_square,47,19,172.0,244.0,423.0,251.0,251.0,7.0,train
4346,3_square,24,66,803.0,697.0,570.0,794.0,-233.0,97.0,train
4347,3_square,57,24,262.0,414.0,486.0,347.0,224.0,-67.0,train
4348,3_square,12,10,456.0,167.0,882.0,695.0,426.0,528.0,train
4349,3_square,10,14,543.0,368.0,653.0,281.0,110.0,-87.0,train
4350,3_square,39,38,327.0,237.0,672.0,470.0,345.0,233.0,train
4351,3_square,7,32,614.0,453.0,149.0,797.0,-465.0,344.0,train
4352,3_square,33,52,731.0,283.0,618.0,159.0,-113.0,-124.0,train
4353,3_square,13,42,397.0,675.0,796.0,211.0,399.0,-464.0,train
4354,3_square,14,33,355.0,561.0,849.0,620.0,494.0,59.0,test
4355,3_square,48,2,805.0,379.0,792.0,410.0,-13.0,31.0,train
4356,3_square,40,21,574.0,529.0,263.0,201.0,-311.0,-328.0,train
4357,3_square,27,5,523.0,307.0,722.0,816.0,199.0,509.0,train
4358,3_square,60,1,199.0,626.0,254.0,294.0,55.0,-332.0,train
4359,3_square,26,3,415.0,632.0,820.0,125.0,405.0,-507.0,train
4360,3_square,13,67,735.0,364.0,412.0,527.0,-323.0,163.0,train
4361,3_square,12,14,140.0,686.0,335.0,895.0,195.0,209.0,test
4362,3_square,56,9,828.0,592.0,837.0,188.0,9.0,-404.0,train
4363,3_square,45,62,293.0,642.0,261.0,646.0,-32.0,4.0,train
4364,3_square,68,52,742.0,845.0,724.0,674.0,-18.0,-171.0,train
4365,3_square,58,24,103.0,276.0,561.0,190.0,458.0,-86.0,test
4366,3_square,13,40,549.0,827.0,519.0,727.0,-30.0,-100.0,train
4367,3_square,0,33,155.0,850.0,535.0,456.0,380.0,-394.0,train
4368,3_square,63,34,394.0,533.0,610.0,765.0,216.0,232.0,train
4369,3_square,38,55,226.0,116.0,645.0,442.0,419.0,326.0,train
4370,3_square,2,33,724.0,255.0,534.0,623.0,-190.0,368.0,train
4371,3_square,20,60,163.0,541.0,198.0,795.0,35.0,254.0,train
4372,3_square,49,4,144.0,184.0,770.0,519.0,626.0,335.0,train
4373,3_square,23,15,239.0,145.0,101.0,785.0,-138.0,640.0,train
4374,3_square,58,53,889.0,384.0,300.0,196.0,-589.0,-188.0,train
4375,3_square,7,64,440.0,209.0,188.0,470.0,-252.0,261.0,val
4376,3_square,7,39,790.0,616.0,279.0,373.0,-511.0,-243.0,test
4377,3_square,7,14,443.0,301.0,468.0,482.0,25.0,181.0,train
4378,3_square,36,30,584.0,668.0,629.0,820.0,45.0,152.0,val
4379,3_square,48,57,247.0,370.0,220.0,800.0,-27.0,430.0,train
4380,3_square,42,39,514.0,573.0,153.0,215.0,-361.0,-358.0,train
4381,3_square,5,62,895.0,527.0,343.0,232.0,-552.0,-295.0,train
4382,3_square,64,1,685.0,454.0,448.0,759.0,-237.0,305.0,train
4383,3_square,21,14,155.0,273.0,768.0,338.0,613.0,65.0,train
4384,3_square,56,4,777.0,818.0,469.0,649.0,-308.0,-169.0,val
4385,3_square,31,44,865.0,561.0,794.0,279.0,-71.0,-282.0,train
4386,3_square,39,1,888.0,812.0,465.0,660.0,-423.0,-152.0,test
4387,3_square,42,4,411.0,102.0,827.0,724.0,416.0,622.0,val
4388,3_square,54,68,251.0,401.0,705.0,705.0,454.0,304.0,val
4389,3_square,30,16,128.0,120.0,399.0,789.0,271.0,669.0,val
4390,3_square,32,37,781.0,640.0,239.0,335.0,-542.0,-305.0,train
4391,3_square,33,52,875.0,260.0,132.0,502.0,-743.0,242.0,val
4392,3_square,18,49,260.0,812.0,616.0,754.0,356.0,-58.0,train
4393,3_square,30,2,319.0,827.0,296.0,488.0,-23.0,-339.0,train
4394,3_square,10,55,769.0,346.0,890.0,538.0,121.0,192.0,train
4395,3_square,39,29,853.0,504.0,766.0,535.0,-87.0,31.0,train
4396,3_square,7,4,287.0,132.0,288.0,779.0,1.0,647.0,train
4397,3_square,44,17,866.0,111.0,227.0,773.0,-639.0,662.0,train
4398,3_square,7,48,826.0,144.0,738.0,331.0,-88.0,187.0,train
4399,3_square,39,56,335.0,375.0,590.0,213.0,255.0,-162.0,test
4400,2_square,49,8,634.0,226.0,506.0,536.0,-128.0,310.0,val
4401,2_square,66,33,749.0,841.0,585.0,345.0,-164.0,-496.0,val
4402,2_square,21,14,443.0,810.0,119.0,860.0,-324.0,50.0,train
4403,2_square,50,8,209.0,433.0,840.0,784.0,631.0,351.0,train
4404,2_square,28,2,888.0,655.0,334.0,782.0,-554.0,127.0,train
4405,2_square,8,12,460.0,441.0,203.0,553.0,-257.0,112.0,val
4406,2_square,68,22,782.0,515.0,554.0,244.0,-228.0,-271.0,train
4407,2_square,14,63,258.0,286.0,872.0,641.0,614.0,355.0,train
4408,2_square,62,41,101.0,807.0,782.0,640.0,681.0,-167.0,train
4409,2_square,48,58,464.0,436.0,528.0,257.0,64.0,-179.0,train
4410,2_square,18,9,611.0,844.0,207.0,213.0,-404.0,-631.0,train
4411,2_square,16,15,237.0,168.0,723.0,699.0,486.0,531.0,train
4412,2_square,49,14,836.0,690.0,159.0,578.0,-677.0,-112.0,train
4413,2_square,33,11,735.0,163.0,734.0,598.0,-1.0,435.0,train
4414,2_square,44,22,143.0,415.0,318.0,449.0,175.0,34.0,train
4415,2_square,24,50,596.0,577.0,501.0,596.0,-95.0,19.0,test
4416,2_square,4,46,103.0,367.0,271.0,608.0,168.0,241.0,train
4417,2_square,18,40,270.0,327.0,377.0,509.0,107.0,182.0,train
4418,2_square,5,52,336.0,453.0,309.0,253.0,-27.0,-200.0,train
4419,2_square,52,11,289.0,869.0,505.0,845.0,216.0,-24.0,train
4420,2_square,42,52,786.0,108.0,654.0,716.0,-132.0,608.0,val
4421,2_square,68,32,608.0,482.0,277.0,179.0,-331.0,-303.0,train
4422,2_square,28,11,170.0,127.0,157.0,835.0,-13.0,708.0,train
4423,2_square,34,24,364.0,281.0,455.0,379.0,91.0,98.0,train
4424,2_square,3,54,766.0,783.0,200.0,816.0,-566.0,33.0,test
4425,2_square,39,0,868.0,545.0,597.0,550.0,-271.0,5.0,train
4426,2_square,37,10,723.0,626.0,433.0,735.0,-290.0,109.0,train
4427,2_square,52,4,144.0,427.0,247.0,347.0,103.0,-80.0,train
4428,2_square,35,6,403.0,818.0,850.0,579.0,447.0,-239.0,test
4429,2_square,51,49,871.0,396.0,308.0,805.0,-563.0,409.0,val
4430,2_square,45,66,866.0,659.0,233.0,606.0,-633.0,-53.0,train
4431,2_square,7,18,782.0,631.0,505.0,570.0,-277.0,-61.0,train
4432,2_square,12,46,579.0,362.0,412.0,668.0,-167.0,306.0,train
4433,2_square,59,28,285.0,605.0,562.0,881.0,277.0,276.0,train
4434,2_square,15,31,449.0,887.0,347.0,211.0,-102.0,-676.0,val
4435,2_square,1,60,117.0,632.0,852.0,388.0,735.0,-244.0,val
4436,2_square,6,47,862.0,529.0,484.0,601.0,-378.0,72.0,train
4437,2_square,6,27,559.0,305.0,509.0,638.0,-50.0,333.0,train
4438,2_square,65,28,207.0,540.0,363.0,662.0,156.0,122.0,test
4439,2_square,30,1,643.0,186.0,246.0,623.0,-397.0,437.0,val
4440,2_square,5,68,777.0,674.0,772.0,122.0,-5.0,-552.0,test
4441,2_square,42,61,521.0,248.0,824.0,524.0,303.0,276.0,train
4442,2_square,28,0,622.0,536.0,416.0,411.0,-206.0,-125.0,train
4443,2_square,10,11,252.0,150.0,387.0,657.0,135.0,507.0,train
4444,2_square,21,24,338.0,349.0,494.0,475.0,156.0,126.0,train
4445,2_square,51,56,259.0,875.0,286.0,852.0,27.0,-23.0,train
4446,2_square,9,8,673.0,698.0,403.0,604.0,-270.0,-94.0,train
4447,2_square,0,52,427.0,730.0,502.0,465.0,75.0,-265.0,train
4448,2_square,11,23,109.0,473.0,889.0,797.0,780.0,324.0,val
4449,2_square,8,13,775.0,129.0,669.0,307.0,-106.0,178.0,val
4450,2_square,21,46,497.0,630.0,200.0,463.0,-297.0,-167.0,train
4451,2_square,63,41,103.0,169.0,234.0,285.0,131.0,116.0,train
4452,2_square,26,11,882.0,744.0,120.0,545.0,-762.0,-199.0,train
4453,2_square,7,28,700.0,115.0,155.0,299.0,-545.0,184.0,train
4454,2_square,34,13,331.0,432.0,126.0,330.0,-205.0,-102.0,train
4455,2_square,24,16,643.0,747.0,524.0,269.0,-119.0,-478.0,train
4456,2_square,47,51,644.0,635.0,242.0,496.0,-402.0,-139.0,train
4457,2_square,39,59,733.0,535.0,841.0,233.0,108.0,-302.0,test
4458,2_square,26,25,442.0,149.0,453.0,239.0,11.0,90.0,train
4459,2_square,3,18,672.0,345.0,223.0,596.0,-449.0,251.0,train
4460,2_square,64,23,475.0,589.0,250.0,112.0,-225.0,-477.0,train
4461,2_square,50,39,587.0,670.0,848.0,136.0,261.0,-534.0,test
4462,2_square,8,63,584.0,621.0,250.0,184.0,-334.0,-437.0,val
4463,2_square,4,55,360.0,297.0,853.0,262.0,493.0,-35.0,train
4464,2_square,31,1,667.0,142.0,653.0,611.0,-14.0,469.0,train
4465,2_square,68,28,619.0,231.0,500.0,807.0,-119.0,576.0,train
4466,2_square,49,18,241.0,159.0,220.0,592.0,-21.0,433.0,test
4467,2_square,61,6,481.0,535.0,826.0,306.0,345.0,-229.0,train
4468,2_square,49,29,466.0,387.0,521.0,218.0,55.0,-169.0,train
4469,2_square,6,5,189.0,892.0,374.0,377.0,185.0,-515.0,train
4470,2_square,4,60,413.0,575.0,714.0,363.0,301.0,-212.0,train
4471,2_square,36,2,473.0,537.0,851.0,380.0,378.0,-157.0,train
4472,2_square,36,19,375.0,550.0,347.0,447.0,-28.0,-103.0,test
4473,2_square,19,22,580.0,484.0,523.0,280.0,-57.0,-204.0,train
4474,2_square,0,42,546.0,467.0,576.0,720.0,30.0,253.0,train
4475,2_square,64,21,889.0,785.0,302.0,396.0,-587.0,-389.0,train
4476,2_square,33,56,282.0,162.0,203.0,638.0,-79.0,476.0,train
4477,2_square,61,1,515.0,199.0,680.0,628.0,165.0,429.0,train
4478,2_square,22,53,583.0,213.0,704.0,633.0,121.0,420.0,train
4479,2_square,15,54,693.0,617.0,626.0,152.0,-67.0,-465.0,val
4480,2_square,17,50,120.0,229.0,300.0,748.0,180.0,519.0,train
4481,2_square,65,10,382.0,695.0,661.0,769.0,279.0,74.0,train
4482,2_square,38,39,806.0,398.0,459.0,756.0,-347.0,358.0,train
4483,2_square,67,21,626.0,208.0,535.0,274.0,-91.0,66.0,train
4484,2_square,12,29,242.0,628.0,563.0,834.0,321.0,206.0,train
4485,2_square,64,8,818.0,496.0,586.0,697.0,-232.0,201.0,train
4486,2_square,11,27,501.0,263.0,614.0,573.0,113.0,310.0,train
4487,2_square,55,62,786.0,761.0,721.0,384.0,-65.0,-377.0,train
4488,2_square,40,55,505.0,365.0,653.0,483.0,148.0,118.0,test
4489,2_square,52,25,287.0,501.0,103.0,727.0,-184.0,226.0,train
4490,2_square,68,40,789.0,157.0,465.0,551.0,-324.0,394.0,test
4491,2_square,64,43,623.0,779.0,710.0,281.0,87.0,-498.0,train
4492,2_square,9,24,444.0,785.0,690.0,141.0,246.0,-644.0,train
4493,2_square,40,45,410.0,193.0,887.0,250.0,477.0,57.0,train
4494,2_square,17,10,699.0,805.0,273.0,261.0,-426.0,-544.0,train
4495,2_square,30,1,436.0,773.0,114.0,609.0,-322.0,-164.0,train
4496,2_square,44,46,311.0,782.0,513.0,111.0,202.0,-671.0,val
4497,2_square,4,32,410.0,467.0,159.0,801.0,-251.0,334.0,train
4498,2_square,7,24,404.0,868.0,845.0,112.0,441.0,-756.0,train
4499,2_square,25,49,594.0,436.0,405.0,672.0,-189.0,236.0,test
4500,2_square,52,56,191.0,217.0,226.0,370.0,35.0,153.0,train
4501,2_square,47,62,146.0,336.0,150.0,238.0,4.0,-98.0,train
4502,2_square,47,18,831.0,374.0,826.0,204.0,-5.0,-170.0,train
4503,2_square,48,64,736.0,507.0,158.0,370.0,-578.0,-137.0,train
4504,2_square,48,37,818.0,419.0,287.0,347.0,-531.0,-72.0,train
4505,2_square,3,66,592.0,458.0,419.0,167.0,-173.0,-291.0,train
4506,2_square,61,32,313.0,359.0,497.0,476.0,184.0,117.0,train
4507,2_square,65,8,657.0,270.0,277.0,720.0,-380.0,450.0,train
4508,2_square,67,8,833.0,661.0,102.0,822.0,-731.0,161.0,train
4509,2_square,28,46,386.0,280.0,648.0,862.0,262.0,582.0,train
4510,2_square,62,0,417.0,843.0,859.0,837.0,442.0,-6.0,train
4511,2_square,45,23,156.0,199.0,233.0,249.0,77.0,50.0,train
4512,2_square,17,16,803.0,338.0,154.0,139.0,-649.0,-199.0,train
4513,2_square,32,44,477.0,498.0,588.0,625.0,111.0,127.0,train
4514,2_square,27,62,479.0,548.0,304.0,747.0,-175.0,199.0,train
4515,2_square,33,59,670.0,182.0,376.0,588.0,-294.0,406.0,train
4516,2_square,34,32,706.0,456.0,300.0,708.0,-406.0,252.0,train
4517,2_square,61,52,473.0,131.0,245.0,341.0,-228.0,210.0,val
4518,2_square,52,56,600.0,823.0,482.0,107.0,-118.0,-716.0,train
4519,2_square,60,54,880.0,650.0,499.0,590.0,-381.0,-60.0,train
4520,2_square,17,49,460.0,251.0,730.0,803.0,270.0,552.0,train
4521,2_square,66,22,138.0,261.0,306.0,326.0,168.0,65.0,train
4522,2_square,36,62,720.0,747.0,833.0,675.0,113.0,-72.0,train
4523,2_square,54,39,770.0,453.0,251.0,258.0,-519.0,-195.0,train
4524,2_square,32,15,208.0,461.0,615.0,663.0,407.0,202.0,train
4525,2_square,55,61,397.0,471.0,644.0,641.0,247.0,170.0,train
4526,2_square,39,1,225.0,666.0,318.0,489.0,93.0,-177.0,train
4527,2_square,6,4,560.0,787.0,296.0,477.0,-264.0,-310.0,train
4528,2_square,61,62,632.0,848.0,556.0,837.0,-76.0,-11.0,train
4529,2_square,6,52,775.0,340.0,401.0,460.0,-374.0,120.0,train
4530,2_square,62,19,815.0,640.0,713.0,223.0,-102.0,-417.0,train
4531,2_square,27,68,253.0,100.0,194.0,695.0,-59.0,595.0,train
4532,2_square,25,10,707.0,452.0,710.0,878.0,3.0,426.0,val
4533,2_square,20,55,354.0,796.0,396.0,726.0,42.0,-70.0,test
4534,2_square,20,12,387.0,694.0,379.0,708.0,-8.0,14.0,train
4535,2_square,8,16,830.0,660.0,157.0,138.0,-673.0,-522.0,train
4536,2_square,59,60,237.0,795.0,560.0,744.0,323.0,-51.0,val
4537,2_square,38,56,214.0,790.0,624.0,410.0,410.0,-380.0,train
4538,2_square,4,64,195.0,338.0,846.0,572.0,651.0,234.0,train
4539,2_square,48,0,805.0,522.0,890.0,241.0,85.0,-281.0,train
4540,2_square,67,50,205.0,630.0,271.0,341.0,66.0,-289.0,train
4541,2_square,23,1,124.0,428.0,518.0,378.0,394.0,-50.0,train
4542,2_square,67,21,658.0,595.0,196.0,425.0,-462.0,-170.0,train
4543,2_square,56,36,539.0,387.0,165.0,785.0,-374.0,398.0,train
4544,2_square,59,28,523.0,802.0,505.0,588.0,-18.0,-214.0,test
4545,2_square,38,36,700.0,343.0,699.0,642.0,-1.0,299.0,train
4546,2_square,35,36,347.0,216.0,186.0,280.0,-161.0,64.0,train
4547,2_square,13,10,366.0,253.0,274.0,581.0,-92.0,328.0,train
4548,2_square,61,13,355.0,802.0,484.0,168.0,129.0,-634.0,train
4549,2_square,5,1,473.0,603.0,347.0,539.0,-126.0,-64.0,test
4550,2_square,5,33,472.0,787.0,656.0,495.0,184.0,-292.0,train
4551,2_square,38,26,655.0,524.0,588.0,453.0,-67.0,-71.0,train
4552,2_square,54,62,128.0,207.0,830.0,821.0,702.0,614.0,train
4553,2_square,26,38,562.0,734.0,129.0,561.0,-433.0,-173.0,train
4554,2_square,22,19,232.0,899.0,384.0,407.0,152.0,-492.0,train
4555,2_square,16,27,598.0,641.0,503.0,707.0,-95.0,66.0,train
4556,2_square,23,49,681.0,731.0,121.0,753.0,-560.0,22.0,train
4557,2_square,21,49,654.0,539.0,213.0,233.0,-441.0,-306.0,train
4558,2_square,54,15,410.0,398.0,512.0,644.0,102.0,246.0,train
4559,2_square,40,61,507.0,653.0,106.0,349.0,-401.0,-304.0,train
4560,2_square,28,36,493.0,105.0,663.0,156.0,170.0,51.0,train
4561,2_square,19,34,102.0,539.0,147.0,110.0,45.0,-429.0,train
4562,2_square,22,5,422.0,487.0,600.0,364.0,178.0,-123.0,train
4563,2_square,37,10,321.0,886.0,600.0,390.0,279.0,-496.0,train
4564,2_square,13,18,189.0,863.0,593.0,571.0,404.0,-292.0,test
4565,2_square,9,5,350.0,633.0,199.0,104.0,-151.0,-529.0,val
4566,2_square,47,9,239.0,445.0,360.0,834.0,121.0,389.0,train
4567,2_square,29,58,794.0,694.0,366.0,246.0,-428.0,-448.0,train
4568,2_square,5,59,350.0,392.0,345.0,555.0,-5.0,163.0,train
4569,2_square,48,66,116.0,378.0,349.0,326.0,233.0,-52.0,train
4570,2_square,39,42,638.0,144.0,324.0,597.0,-314.0,453.0,train
4571,2_square,44,3,387.0,422.0,336.0,547.0,-51.0,125.0,train
4572,2_square,38,18,258.0,158.0,512.0,728.0,254.0,570.0,train
4573,2_square,61,52,543.0,474.0,599.0,295.0,56.0,-179.0,train
4574,2_square,2,28,131.0,805.0,130.0,277.0,-1.0,-528.0,train
4575,2_square,51,14,432.0,533.0,189.0,366.0,-243.0,-167.0,test
4576,2_square,19,66,185.0,684.0,891.0,872.0,706.0,188.0,train
4577,2_square,30,66,708.0,432.0,512.0,384.0,-196.0,-48.0,train
4578,2_square,16,8,651.0,692.0,175.0,147.0,-476.0,-545.0,train
4579,2_square,17,19,559.0,830.0,692.0,529.0,133.0,-301.0,train
4580,2_square,49,6,510.0,649.0,327.0,570.0,-183.0,-79.0,train
4581,2_square,6,8,810.0,334.0,303.0,101.0,-507.0,-233.0,train
4582,2_square,25,30,152.0,292.0,356.0,193.0,204.0,-99.0,train
4583,2_square,5,8,180.0,740.0,152.0,280.0,-28.0,-460.0,train
4584,2_square,29,30,490.0,574.0,134.0,785.0,-356.0,211.0,val
4585,2_square,44,54,119.0,509.0,400.0,591.0,281.0,82.0,train
4586,2_square,54,38,854.0,175.0,342.0,308.0,-512.0,133.0,val
4587,2_square,0,31,842.0,566.0,817.0,449.0,-25.0,-117.0,val
4588,2_square,53,21,806.0,583.0,106.0,218.0,-700.0,-365.0,train
4589,2_square,45,10,577.0,378.0,309.0,883.0,-268.0,505.0,train
4590,2_square,5,22,769.0,550.0,633.0,795.0,-136.0,245.0,train
4591,2_square,35,27,726.0,657.0,887.0,473.0,161.0,-184.0,train
4592,2_square,67,20,550.0,320.0,191.0,619.0,-359.0,299.0,train
4593,2_square,56,66,703.0,415.0,798.0,506.0,95.0,91.0,train
4594,2_square,16,29,355.0,774.0,598.0,654.0,243.0,-120.0,val
4595,2_square,5,17,731.0,576.0,465.0,883.0,-266.0,307.0,train
4596,2_square,48,44,653.0,204.0,292.0,174.0,-361.0,-30.0,train
4597,2_square,64,46,274.0,157.0,444.0,825.0,170.0,668.0,train
4598,2_square,54,25,192.0,435.0,762.0,767.0,570.0,332.0,train
4599,2_square,40,36,459.0,892.0,730.0,658.0,271.0,-234.0,train
4600,30_square,52,32,483.0,151.0,899.0,227.0,416.0,76.0,train
4601,30_square,37,30,737.0,137.0,478.0,597.0,-259.0,460.0,test
4602,30_square,6,1,308.0,203.0,465.0,153.0,157.0,-50.0,val
4603,30_square,56,16,834.0,137.0,798.0,586.0,-36.0,449.0,train
4604,30_square,36,36,219.0,654.0,130.0,503.0,-89.0,-151.0,train
4605,30_square,10,12,341.0,175.0,516.0,449.0,175.0,274.0,train
4606,30_square,44,24,376.0,184.0,376.0,304.0,0.0,120.0,train
4607,30_square,30,18,404.0,216.0,177.0,508.0,-227.0,292.0,test
4608,30_square,68,55,829.0,780.0,766.0,525.0,-63.0,-255.0,train
4609,30_square,23,34,312.0,258.0,825.0,569.0,513.0,311.0,train
4610,30_square,57,2,525.0,237.0,751.0,684.0,226.0,447.0,train
4611,30_square,56,27,341.0,830.0,310.0,672.0,-31.0,-158.0,test
4612,30_square,48,19,568.0,848.0,519.0,457.0,-49.0,-391.0,train
4613,30_square,62,0,525.0,490.0,390.0,816.0,-135.0,326.0,train
4614,30_square,0,8,474.0,371.0,828.0,332.0,354.0,-39.0,train
4615,30_square,12,42,438.0,351.0,691.0,504.0,253.0,153.0,train
4616,30_square,65,31,884.0,716.0,242.0,639.0,-642.0,-77.0,train
4617,30_square,31,45,492.0,323.0,530.0,740.0,38.0,417.0,train
4618,30_square,67,16,589.0,214.0,557.0,660.0,-32.0,446.0,train
4619,30_square,61,8,495.0,720.0,115.0,870.0,-380.0,150.0,train
4620,30_square,9,3,234.0,513.0,105.0,525.0,-129.0,12.0,train
4621,30_square,47,54,701.0,793.0,563.0,495.0,-138.0,-298.0,train
4622,30_square,59,2,782.0,373.0,352.0,850.0,-430.0,477.0,train
4623,30_square,42,4,395.0,455.0,866.0,178.0,471.0,-277.0,train
4624,30_square,41,38,237.0,345.0,360.0,715.0,123.0,370.0,train
4625,30_square,47,44,753.0,697.0,629.0,284.0,-124.0,-413.0,train
4626,30_square,26,14,284.0,281.0,617.0,770.0,333.0,489.0,train
4627,30_square,35,15,868.0,334.0,452.0,340.0,-416.0,6.0,train
4628,30_square,33,64,797.0,234.0,897.0,605.0,100.0,371.0,train
4629,30_square,7,25,509.0,475.0,170.0,873.0,-339.0,398.0,train
4630,30_square,65,5,164.0,332.0,722.0,260.0,558.0,-72.0,train
4631,30_square,9,49,568.0,585.0,134.0,344.0,-434.0,-241.0,train
4632,30_square,65,63,315.0,383.0,665.0,233.0,350.0,-150.0,train
4633,30_square,52,51,680.0,442.0,375.0,408.0,-305.0,-34.0,train
4634,30_square,6,37,319.0,382.0,493.0,122.0,174.0,-260.0,train
4635,30_square,31,20,389.0,480.0,896.0,185.0,507.0,-295.0,train
4636,30_square,10,17,879.0,855.0,326.0,455.0,-553.0,-400.0,train
4637,30_square,23,55,803.0,766.0,485.0,393.0,-318.0,-373.0,val
4638,30_square,7,23,392.0,601.0,296.0,603.0,-96.0,2.0,train
4639,30_square,19,31,480.0,517.0,333.0,638.0,-147.0,121.0,train
4640,30_square,47,27,314.0,857.0,359.0,615.0,45.0,-242.0,train
4641,30_square,16,9,494.0,436.0,684.0,213.0,190.0,-223.0,train
4642,30_square,7,40,649.0,129.0,193.0,498.0,-456.0,369.0,train
4643,30_square,18,9,813.0,524.0,839.0,404.0,26.0,-120.0,test
4644,30_square,67,64,345.0,736.0,625.0,827.0,280.0,91.0,train
4645,30_square,11,61,875.0,431.0,309.0,800.0,-566.0,369.0,train
4646,30_square,4,63,793.0,276.0,295.0,276.0,-498.0,0.0,val
4647,30_square,15,3,272.0,327.0,765.0,613.0,493.0,286.0,test
4648,30_square,36,50,815.0,205.0,809.0,528.0,-6.0,323.0,train
4649,30_square,31,7,803.0,620.0,365.0,603.0,-438.0,-17.0,train
4650,30_square,13,52,899.0,284.0,232.0,654.0,-667.0,370.0,train
4651,30_square,46,12,381.0,193.0,804.0,704.0,423.0,511.0,train
4652,30_square,39,20,110.0,837.0,641.0,722.0,531.0,-115.0,test
4653,30_square,13,61,201.0,280.0,436.0,833.0,235.0,553.0,train
4654,30_square,29,5,542.0,801.0,329.0,785.0,-213.0,-16.0,train
4655,30_square,44,35,764.0,764.0,381.0,232.0,-383.0,-532.0,train
4656,30_square,54,17,788.0,434.0,416.0,477.0,-372.0,43.0,train
4657,30_square,67,58,297.0,589.0,824.0,245.0,527.0,-344.0,train
4658,30_square,61,42,517.0,158.0,153.0,721.0,-364.0,563.0,train
4659,30_square,11,61,592.0,426.0,850.0,387.0,258.0,-39.0,train
4660,30_square,51,14,725.0,516.0,870.0,827.0,145.0,311.0,train
4661,30_square,54,66,379.0,777.0,563.0,540.0,184.0,-237.0,train
4662,30_square,53,8,411.0,784.0,686.0,425.0,275.0,-359.0,test
4663,30_square,19,28,330.0,588.0,815.0,587.0,485.0,-1.0,train
4664,30_square,24,9,328.0,750.0,408.0,523.0,80.0,-227.0,train
4665,30_square,26,7,155.0,747.0,664.0,581.0,509.0,-166.0,train
4666,30_square,65,17,371.0,775.0,853.0,425.0,482.0,-350.0,val
4667,30_square,68,37,361.0,778.0,361.0,567.0,0.0,-211.0,train
4668,30_square,50,47,826.0,647.0,853.0,365.0,27.0,-282.0,train
4669,30_square,50,8,521.0,758.0,765.0,158.0,244.0,-600.0,train
4670,30_square,39,35,693.0,409.0,477.0,485.0,-216.0,76.0,train
4671,30_square,32,56,350.0,231.0,692.0,157.0,342.0,-74.0,train
4672,30_square,13,12,702.0,646.0,397.0,663.0,-305.0,17.0,train
4673,30_square,40,42,316.0,214.0,893.0,409.0,577.0,195.0,train
4674,30_square,10,39,171.0,457.0,247.0,707.0,76.0,250.0,train
4675,30_square,1,43,319.0,261.0,198.0,336.0,-121.0,75.0,train
4676,30_square,6,49,808.0,496.0,259.0,869.0,-549.0,373.0,train
4677,30_square,57,4,884.0,275.0,900.0,481.0,16.0,206.0,train
4678,30_square,50,1,424.0,631.0,725.0,151.0,301.0,-480.0,train
4679,30_square,0,55,669.0,655.0,408.0,778.0,-261.0,123.0,train
4680,30_square,53,31,419.0,810.0,642.0,714.0,223.0,-96.0,val
4681,30_square,64,41,442.0,541.0,464.0,442.0,22.0,-99.0,test
4682,30_square,33,2,773.0,581.0,245.0,791.0,-528.0,210.0,train
4683,30_square,5,3,150.0,856.0,805.0,102.0,655.0,-754.0,val
4684,30_square,55,4,709.0,854.0,252.0,276.0,-457.0,-578.0,train
4685,30_square,56,33,739.0,784.0,867.0,776.0,128.0,-8.0,test
4686,30_square,48,25,146.0,255.0,572.0,670.0,426.0,415.0,train
4687,30_square,2,40,802.0,837.0,898.0,368.0,96.0,-469.0,train
4688,30_square,39,64,549.0,831.0,601.0,104.0,52.0,-727.0,train
4689,30_square,48,38,406.0,450.0,804.0,468.0,398.0,18.0,train
4690,30_square,28,28,134.0,192.0,390.0,813.0,256.0,621.0,train
4691,30_square,9,4,639.0,592.0,317.0,238.0,-322.0,-354.0,train
4692,30_square,64,43,258.0,708.0,890.0,361.0,632.0,-347.0,train
4693,30_square,39,10,153.0,269.0,248.0,699.0,95.0,430.0,train
4694,30_square,40,41,793.0,684.0,361.0,871.0,-432.0,187.0,train
4695,30_square,56,4,365.0,445.0,546.0,472.0,181.0,27.0,train
4696,30_square,15,58,524.0,127.0,393.0,249.0,-131.0,122.0,train
4697,30_square,68,49,815.0,673.0,575.0,724.0,-240.0,51.0,test
4698,30_square,68,7,121.0,470.0,345.0,402.0,224.0,-68.0,train
4699,30_square,52,34,466.0,217.0,146.0,291.0,-320.0,74.0,train
4700,30_square,36,62,775.0,297.0,852.0,204.0,77.0,-93.0,train
4701,30_square,53,36,487.0,890.0,647.0,288.0,160.0,-602.0,val
4702,30_square,32,14,308.0,236.0,775.0,369.0,467.0,133.0,train
4703,30_square,65,11,800.0,734.0,747.0,549.0,-53.0,-185.0,train
4704,30_square,25,14,373.0,233.0,700.0,331.0,327.0,98.0,train
4705,30_square,43,7,181.0,137.0,348.0,796.0,167.0,659.0,train
4706,30_square,0,41,145.0,689.0,135.0,157.0,-10.0,-532.0,train
4707,30_square,49,7,205.0,408.0,258.0,360.0,53.0,-48.0,test
4708,30_square,62,53,781.0,151.0,413.0,190.0,-368.0,39.0,test
4709,30_square,1,33,495.0,425.0,899.0,119.0,404.0,-306.0,train
4710,30_square,61,42,148.0,806.0,211.0,841.0,63.0,35.0,val
4711,30_square,13,10,574.0,757.0,248.0,544.0,-326.0,-213.0,train
4712,30_square,20,64,637.0,103.0,708.0,107.0,71.0,4.0,val
4713,30_square,66,12,158.0,216.0,260.0,471.0,102.0,255.0,val
4714,30_square,5,23,412.0,166.0,173.0,861.0,-239.0,695.0,train
4715,30_square,7,7,704.0,182.0,753.0,785.0,49.0,603.0,train
4716,30_square,22,43,264.0,472.0,633.0,354.0,369.0,-118.0,train
4717,30_square,32,54,420.0,434.0,737.0,753.0,317.0,319.0,train
4718,30_square,15,64,301.0,235.0,796.0,455.0,495.0,220.0,train
4719,30_square,12,28,575.0,291.0,551.0,228.0,-24.0,-63.0,train
4720,30_square,8,67,275.0,694.0,307.0,552.0,32.0,-142.0,train
4721,30_square,33,39,307.0,309.0,215.0,356.0,-92.0,47.0,train
4722,30_square,27,28,196.0,227.0,176.0,550.0,-20.0,323.0,train
4723,30_square,2,66,433.0,515.0,404.0,240.0,-29.0,-275.0,train
4724,30_square,19,26,289.0,703.0,364.0,564.0,75.0,-139.0,test
4725,30_square,0,33,627.0,399.0,776.0,307.0,149.0,-92.0,train
4726,30_square,5,31,576.0,244.0,598.0,429.0,22.0,185.0,train
4727,30_square,30,11,764.0,252.0,460.0,720.0,-304.0,468.0,train
4728,30_square,65,13,614.0,311.0,615.0,145.0,1.0,-166.0,train
4729,30_square,55,53,410.0,311.0,389.0,229.0,-21.0,-82.0,train
4730,30_square,50,53,618.0,671.0,405.0,752.0,-213.0,81.0,train
4731,30_square,34,11,255.0,443.0,895.0,415.0,640.0,-28.0,train
4732,30_square,32,12,749.0,577.0,337.0,456.0,-412.0,-121.0,train
4733,30_square,32,33,237.0,704.0,311.0,574.0,74.0,-130.0,train
4734,30_square,10,51,657.0,507.0,659.0,828.0,2.0,321.0,val
4735,30_square,10,42,258.0,624.0,809.0,461.0,551.0,-163.0,val
4736,30_square,58,58,536.0,723.0,697.0,588.0,161.0,-135.0,train
4737,30_square,68,40,397.0,804.0,637.0,711.0,240.0,-93.0,train
4738,30_square,23,11,460.0,486.0,231.0,585.0,-229.0,99.0,val
4739,30_square,14,48,101.0,442.0,541.0,264.0,440.0,-178.0,train
4740,30_square,37,58,477.0,109.0,674.0,467.0,197.0,358.0,train
4741,30_square,44,57,377.0,473.0,699.0,872.0,322.0,399.0,test
4742,30_square,35,5,723.0,783.0,448.0,830.0,-275.0,47.0,train
4743,30_square,42,61,495.0,528.0,742.0,550.0,247.0,22.0,train
4744,30_square,49,2,106.0,497.0,347.0,287.0,241.0,-210.0,train
4745,30_square,5,60,107.0,514.0,146.0,428.0,39.0,-86.0,test
4746,30_square,59,67,247.0,525.0,798.0,772.0,551.0,247.0,train
4747,30_square,47,9,521.0,161.0,717.0,369.0,196.0,208.0,train
4748,30_square,60,1,829.0,152.0,141.0,551.0,-688.0,399.0,train
4749,30_square,27,60,225.0,793.0,545.0,590.0,320.0,-203.0,train
4750,30_square,68,42,159.0,546.0,784.0,756.0,625.0,210.0,train
4751,30_square,67,38,245.0,472.0,722.0,364.0,477.0,-108.0,test
4752,30_square,4,28,217.0,652.0,299.0,810.0,82.0,158.0,train
4753,30_square,4,67,318.0,639.0,267.0,282.0,-51.0,-357.0,val
4754,30_square,5,24,464.0,149.0,707.0,208.0,243.0,59.0,train
4755,30_square,54,35,382.0,892.0,162.0,566.0,-220.0,-326.0,train
4756,30_square,50,5,820.0,671.0,213.0,564.0,-607.0,-107.0,train
4757,30_square,23,13,816.0,150.0,586.0,740.0,-230.0,590.0,train
4758,30_square,36,3,760.0,493.0,813.0,876.0,53.0,383.0,train
4759,30_square,23,8,708.0,546.0,465.0,412.0,-243.0,-134.0,train
4760,30_square,47,0,634.0,798.0,447.0,741.0,-187.0,-57.0,test
4761,30_square,35,1,244.0,310.0,283.0,107.0,39.0,-203.0,train
4762,30_square,64,23,885.0,224.0,622.0,227.0,-263.0,3.0,train
4763,30_square,38,34,422.0,787.0,826.0,188.0,404.0,-599.0,val
4764,30_square,49,35,339.0,506.0,747.0,116.0,408.0,-390.0,train
4765,30_square,20,31,420.0,395.0,883.0,826.0,463.0,431.0,train
4766,30_square,8,43,404.0,630.0,499.0,405.0,95.0,-225.0,train
4767,30_square,8,63,389.0,283.0,827.0,871.0,438.0,588.0,train
4768,30_square,2,13,788.0,774.0,583.0,414.0,-205.0,-360.0,test
4769,30_square,15,25,653.0,423.0,553.0,595.0,-100.0,172.0,train
4770,30_square,44,47,509.0,429.0,266.0,479.0,-243.0,50.0,train
4771,30_square,59,5,497.0,486.0,266.0,705.0,-231.0,219.0,val
4772,30_square,10,65,471.0,720.0,768.0,533.0,297.0,-187.0,train
4773,30_square,23,36,570.0,214.0,130.0,532.0,-440.0,318.0,train
4774,30_square,5,51,700.0,255.0,508.0,156.0,-192.0,-99.0,train
4775,30_square,10,30,441.0,538.0,101.0,314.0,-340.0,-224.0,train
4776,30_square,47,59,145.0,445.0,346.0,795.0,201.0,350.0,train
4777,30_square,66,1,203.0,411.0,601.0,610.0,398.0,199.0,train
4778,30_square,43,20,829.0,521.0,623.0,553.0,-206.0,32.0,train
4779,30_square,52,55,326.0,219.0,503.0,205.0,177.0,-14.0,test
4780,30_square,27,42,670.0,297.0,816.0,804.0,146.0,507.0,train
4781,30_square,63,33,341.0,110.0,267.0,595.0,-74.0,485.0,train
4782,30_square,29,24,716.0,338.0,672.0,299.0,-44.0,-39.0,val
4783,30_square,11,17,783.0,276.0,471.0,483.0,-312.0,207.0,train
4784,30_square,51,6,398.0,695.0,763.0,320.0,365.0,-375.0,test
4785,30_square,29,32,569.0,102.0,209.0,356.0,-360.0,254.0,train
4786,30_square,57,4,300.0,711.0,780.0,841.0,480.0,130.0,train
4787,30_square,66,47,355.0,553.0,495.0,873.0,140.0,320.0,test
4788,30_square,26,41,546.0,377.0,445.0,775.0,-101.0,398.0,train
4789,30_square,68,21,380.0,627.0,194.0,305.0,-186.0,-322.0,train
4790,30_square,57,7,839.0,223.0,378.0,230.0,-461.0,7.0,test
4791,30_square,32,46,882.0,315.0,625.0,692.0,-257.0,377.0,train
4792,30_square,33,67,718.0,583.0,540.0,550.0,-178.0,-33.0,val
4793,30_square,20,29,163.0,567.0,428.0,706.0,265.0,139.0,train
4794,30_square,3,11,388.0,837.0,463.0,642.0,75.0,-195.0,train
4795,30_square,31,20,681.0,451.0,543.0,242.0,-138.0,-209.0,train
4796,30_square,51,49,605.0,703.0,791.0,732.0,186.0,29.0,train
4797,30_square,11,46,390.0,542.0,473.0,726.0,83.0,184.0,train
4798,30_square,23,34,660.0,737.0,607.0,450.0,-53.0,-287.0,train
4799,30_square,23,27,283.0,817.0,192.0,160.0,-91.0,-657.0,train
4800,8_square,28,20,456.0,663.0,387.0,286.0,-69.0,-377.0,train
4801,8_square,15,0,657.0,453.0,667.0,691.0,10.0,238.0,train
4802,8_square,12,8,739.0,641.0,562.0,697.0,-177.0,56.0,test
4803,8_square,21,67,786.0,662.0,759.0,746.0,-27.0,84.0,train
4804,8_square,66,54,232.0,899.0,108.0,540.0,-124.0,-359.0,train
4805,8_square,65,52,270.0,516.0,667.0,441.0,397.0,-75.0,test
4806,8_square,58,2,859.0,300.0,367.0,619.0,-492.0,319.0,train
4807,8_square,23,33,807.0,720.0,372.0,880.0,-435.0,160.0,train
4808,8_square,19,50,792.0,550.0,607.0,839.0,-185.0,289.0,train
4809,8_square,5,35,566.0,154.0,891.0,390.0,325.0,236.0,train
4810,8_square,42,61,258.0,269.0,864.0,660.0,606.0,391.0,train
4811,8_square,57,60,885.0,708.0,297.0,134.0,-588.0,-574.0,test
4812,8_square,9,18,112.0,115.0,398.0,811.0,286.0,696.0,train
4813,8_square,5,3,621.0,573.0,647.0,817.0,26.0,244.0,train
4814,8_square,9,52,747.0,347.0,462.0,244.0,-285.0,-103.0,test
4815,8_square,18,25,890.0,449.0,546.0,889.0,-344.0,440.0,train
4816,8_square,37,41,753.0,662.0,308.0,581.0,-445.0,-81.0,val
4817,8_square,30,56,668.0,667.0,338.0,880.0,-330.0,213.0,train
4818,8_square,54,66,761.0,552.0,308.0,425.0,-453.0,-127.0,train
4819,8_square,59,35,552.0,505.0,899.0,275.0,347.0,-230.0,train
4820,8_square,42,41,551.0,612.0,652.0,753.0,101.0,141.0,train
4821,8_square,0,67,700.0,692.0,212.0,284.0,-488.0,-408.0,train
4822,8_square,54,5,803.0,586.0,102.0,581.0,-701.0,-5.0,train
4823,8_square,37,68,175.0,572.0,644.0,130.0,469.0,-442.0,train
4824,8_square,47,29,255.0,125.0,122.0,781.0,-133.0,656.0,train
4825,8_square,58,17,552.0,313.0,195.0,218.0,-357.0,-95.0,train
4826,8_square,17,51,267.0,344.0,862.0,635.0,595.0,291.0,train
4827,8_square,17,21,691.0,338.0,759.0,772.0,68.0,434.0,train
4828,8_square,15,24,217.0,201.0,463.0,702.0,246.0,501.0,train
4829,8_square,4,35,389.0,661.0,531.0,760.0,142.0,99.0,train
4830,8_square,59,37,328.0,656.0,416.0,756.0,88.0,100.0,train
4831,8_square,33,51,864.0,248.0,887.0,499.0,23.0,251.0,train
4832,8_square,4,18,898.0,870.0,224.0,763.0,-674.0,-107.0,train
4833,8_square,6,68,750.0,867.0,808.0,328.0,58.0,-539.0,train
4834,8_square,60,41,546.0,227.0,541.0,818.0,-5.0,591.0,train
4835,8_square,0,18,322.0,148.0,326.0,483.0,4.0,335.0,train
4836,8_square,43,21,167.0,529.0,507.0,382.0,340.0,-147.0,train
4837,8_square,65,52,894.0,238.0,802.0,206.0,-92.0,-32.0,train
4838,8_square,42,49,317.0,713.0,464.0,344.0,147.0,-369.0,train
4839,8_square,60,47,719.0,658.0,217.0,832.0,-502.0,174.0,train
4840,8_square,37,21,203.0,267.0,472.0,577.0,269.0,310.0,train
4841,8_square,53,35,278.0,676.0,402.0,392.0,124.0,-284.0,train
4842,8_square,2,54,221.0,899.0,770.0,323.0,549.0,-576.0,train
4843,8_square,30,24,223.0,827.0,193.0,517.0,-30.0,-310.0,train
4844,8_square,53,15,772.0,766.0,206.0,362.0,-566.0,-404.0,train
4845,8_square,29,11,766.0,623.0,532.0,652.0,-234.0,29.0,train
4846,8_square,15,21,446.0,162.0,808.0,310.0,362.0,148.0,train
4847,8_square,3,7,886.0,813.0,655.0,149.0,-231.0,-664.0,val
4848,8_square,18,11,450.0,385.0,351.0,352.0,-99.0,-33.0,train
4849,8_square,2,47,430.0,654.0,427.0,264.0,-3.0,-390.0,train
4850,8_square,43,40,844.0,519.0,398.0,344.0,-446.0,-175.0,train
4851,8_square,5,22,319.0,397.0,606.0,194.0,287.0,-203.0,val
4852,8_square,5,33,329.0,582.0,496.0,861.0,167.0,279.0,train
4853,8_square,49,17,790.0,226.0,793.0,329.0,3.0,103.0,train
4854,8_square,52,65,866.0,400.0,661.0,187.0,-205.0,-213.0,train
4855,8_square,52,59,131.0,695.0,386.0,546.0,255.0,-149.0,val
4856,8_square,46,48,522.0,122.0,390.0,878.0,-132.0,756.0,test
4857,8_square,46,5,416.0,620.0,109.0,718.0,-307.0,98.0,test
4858,8_square,52,19,306.0,415.0,165.0,613.0,-141.0,198.0,train
4859,8_square,52,43,515.0,151.0,112.0,280.0,-403.0,129.0,train
4860,8_square,0,51,533.0,389.0,176.0,813.0,-357.0,424.0,val
4861,8_square,13,34,239.0,490.0,143.0,105.0,-96.0,-385.0,train
4862,8_square,47,16,370.0,623.0,386.0,699.0,16.0,76.0,train
4863,8_square,16,50,132.0,506.0,842.0,413.0,710.0,-93.0,train
4864,8_square,25,16,111.0,480.0,336.0,317.0,225.0,-163.0,train
4865,8_square,24,62,276.0,886.0,547.0,848.0,271.0,-38.0,train
4866,8_square,33,52,539.0,893.0,282.0,453.0,-257.0,-440.0,train
4867,8_square,52,67,777.0,391.0,710.0,586.0,-67.0,195.0,train
4868,8_square,39,5,255.0,824.0,726.0,167.0,471.0,-657.0,train
4869,8_square,31,21,805.0,387.0,881.0,289.0,76.0,-98.0,train
4870,8_square,15,12,694.0,122.0,323.0,406.0,-371.0,284.0,train
4871,8_square,23,26,849.0,377.0,205.0,455.0,-644.0,78.0,train
4872,8_square,36,36,216.0,340.0,692.0,138.0,476.0,-202.0,train
4873,8_square,28,10,787.0,173.0,258.0,520.0,-529.0,347.0,train
4874,8_square,6,65,735.0,634.0,411.0,263.0,-324.0,-371.0,train
4875,8_square,66,25,836.0,819.0,526.0,445.0,-310.0,-374.0,train
4876,8_square,10,3,869.0,796.0,496.0,453.0,-373.0,-343.0,train
4877,8_square,39,54,163.0,606.0,575.0,619.0,412.0,13.0,test
4878,8_square,56,25,367.0,628.0,418.0,226.0,51.0,-402.0,train
4879,8_square,43,5,796.0,680.0,535.0,599.0,-261.0,-81.0,train
4880,8_square,59,64,759.0,439.0,454.0,429.0,-305.0,-10.0,test
4881,8_square,44,39,256.0,603.0,886.0,637.0,630.0,34.0,train
4882,8_square,37,11,126.0,481.0,435.0,622.0,309.0,141.0,test
4883,8_square,46,20,535.0,432.0,264.0,602.0,-271.0,170.0,train
4884,8_square,38,10,210.0,330.0,593.0,249.0,383.0,-81.0,train
4885,8_square,24,49,591.0,794.0,661.0,818.0,70.0,24.0,train
4886,8_square,5,51,652.0,407.0,277.0,484.0,-375.0,77.0,train
4887,8_square,2,47,270.0,247.0,449.0,113.0,179.0,-134.0,train
4888,8_square,49,57,597.0,825.0,499.0,776.0,-98.0,-49.0,train
4889,8_square,53,37,509.0,749.0,656.0,259.0,147.0,-490.0,train
4890,8_square,63,9,892.0,301.0,463.0,136.0,-429.0,-165.0,train
4891,8_square,8,28,747.0,624.0,232.0,477.0,-515.0,-147.0,train
4892,8_square,57,10,478.0,737.0,345.0,885.0,-133.0,148.0,test
4893,8_square,10,34,370.0,787.0,364.0,137.0,-6.0,-650.0,train
4894,8_square,32,11,551.0,255.0,455.0,674.0,-96.0,419.0,val
4895,8_square,40,37,769.0,463.0,739.0,705.0,-30.0,242.0,test
4896,8_square,52,21,399.0,889.0,721.0,489.0,322.0,-400.0,train
4897,8_square,14,45,457.0,730.0,475.0,190.0,18.0,-540.0,train
4898,8_square,58,68,865.0,287.0,743.0,558.0,-122.0,271.0,train
4899,8_square,62,33,708.0,411.0,329.0,690.0,-379.0,279.0,train
4900,8_square,62,68,873.0,674.0,309.0,542.0,-564.0,-132.0,train
4901,8_square,38,4,817.0,673.0,357.0,245.0,-460.0,-428.0,train
4902,8_square,16,57,818.0,504.0,837.0,373.0,19.0,-131.0,train
4903,8_square,66,6,589.0,439.0,357.0,751.0,-232.0,312.0,train
4904,8_square,12,0,536.0,520.0,348.0,385.0,-188.0,-135.0,test
4905,8_square,49,31,693.0,826.0,655.0,757.0,-38.0,-69.0,train
4906,8_square,62,40,280.0,332.0,338.0,514.0,58.0,182.0,train
4907,8_square,57,27,122.0,496.0,396.0,668.0,274.0,172.0,train
4908,8_square,50,41,310.0,609.0,663.0,256.0,353.0,-353.0,train
4909,8_square,14,28,322.0,729.0,217.0,137.0,-105.0,-592.0,train
4910,8_square,1,44,806.0,243.0,230.0,645.0,-576.0,402.0,val
4911,8_square,36,10,221.0,225.0,703.0,175.0,482.0,-50.0,train
4912,8_square,22,60,647.0,334.0,205.0,662.0,-442.0,328.0,train
4913,8_square,43,15,896.0,307.0,445.0,134.0,-451.0,-173.0,train
4914,8_square,16,18,585.0,430.0,776.0,191.0,191.0,-239.0,train
4915,8_square,32,43,498.0,789.0,501.0,419.0,3.0,-370.0,train
4916,8_square,28,63,525.0,250.0,274.0,272.0,-251.0,22.0,train
4917,8_square,6,23,187.0,887.0,305.0,486.0,118.0,-401.0,train
4918,8_square,10,6,886.0,184.0,408.0,518.0,-478.0,334.0,val
4919,8_square,68,68,860.0,239.0,358.0,799.0,-502.0,560.0,test
4920,8_square,6,46,626.0,709.0,879.0,376.0,253.0,-333.0,train
4921,8_square,9,65,774.0,757.0,777.0,497.0,3.0,-260.0,train
4922,8_square,20,42,399.0,360.0,557.0,788.0,158.0,428.0,train
4923,8_square,40,22,231.0,638.0,824.0,288.0,593.0,-350.0,test
4924,8_square,35,61,760.0,539.0,140.0,495.0,-620.0,-44.0,train
4925,8_square,12,41,398.0,859.0,716.0,511.0,318.0,-348.0,train
4926,8_square,23,24,867.0,538.0,152.0,561.0,-715.0,23.0,train
4927,8_square,0,41,662.0,711.0,842.0,376.0,180.0,-335.0,val
4928,8_square,9,37,746.0,288.0,640.0,361.0,-106.0,73.0,train
4929,8_square,56,5,782.0,738.0,736.0,587.0,-46.0,-151.0,train
4930,8_square,31,18,850.0,634.0,740.0,394.0,-110.0,-240.0,train
4931,8_square,34,47,450.0,665.0,438.0,564.0,-12.0,-101.0,train
4932,8_square,21,56,415.0,614.0,501.0,139.0,86.0,-475.0,val
4933,8_square,19,14,537.0,198.0,418.0,164.0,-119.0,-34.0,train
4934,8_square,62,51,414.0,359.0,652.0,242.0,238.0,-117.0,train
4935,8_square,30,14,387.0,710.0,732.0,175.0,345.0,-535.0,train
4936,8_square,26,3,117.0,175.0,304.0,593.0,187.0,418.0,train
4937,8_square,61,45,714.0,815.0,410.0,730.0,-304.0,-85.0,test
4938,8_square,42,11,262.0,191.0,293.0,339.0,31.0,148.0,train
4939,8_square,33,2,272.0,405.0,631.0,292.0,359.0,-113.0,train
4940,8_square,30,14,605.0,775.0,116.0,881.0,-489.0,106.0,train
4941,8_square,4,27,506.0,441.0,116.0,372.0,-390.0,-69.0,train
4942,8_square,46,52,518.0,691.0,734.0,579.0,216.0,-112.0,train
4943,8_square,40,19,365.0,570.0,742.0,511.0,377.0,-59.0,train
4944,8_square,2,8,616.0,445.0,275.0,810.0,-341.0,365.0,test
4945,8_square,5,56,523.0,172.0,232.0,505.0,-291.0,333.0,train
4946,8_square,13,20,464.0,298.0,214.0,747.0,-250.0,449.0,train
4947,8_square,68,23,800.0,384.0,825.0,235.0,25.0,-149.0,train
4948,8_square,13,46,511.0,495.0,159.0,674.0,-352.0,179.0,train
4949,8_square,33,66,534.0,115.0,881.0,345.0,347.0,230.0,val
4950,8_square,11,17,538.0,503.0,501.0,416.0,-37.0,-87.0,train
4951,8_square,9,23,408.0,510.0,248.0,352.0,-160.0,-158.0,test
4952,8_square,12,14,171.0,111.0,660.0,567.0,489.0,456.0,train
4953,8_square,16,25,113.0,869.0,877.0,820.0,764.0,-49.0,train
4954,8_square,9,8,397.0,313.0,346.0,504.0,-51.0,191.0,train
4955,8_square,26,23,260.0,566.0,478.0,650.0,218.0,84.0,train
4956,8_square,51,51,457.0,679.0,238.0,744.0,-219.0,65.0,train
4957,8_square,65,65,169.0,391.0,134.0,528.0,-35.0,137.0,val
4958,8_square,19,20,824.0,851.0,141.0,444.0,-683.0,-407.0,train
4959,8_square,68,13,297.0,709.0,153.0,476.0,-144.0,-233.0,train
4960,8_square,15,4,124.0,732.0,803.0,580.0,679.0,-152.0,train
4961,8_square,11,38,830.0,306.0,704.0,879.0,-126.0,573.0,train
4962,8_square,43,19,537.0,265.0,512.0,891.0,-25.0,626.0,train
4963,8_square,33,42,602.0,527.0,644.0,579.0,42.0,52.0,test
4964,8_square,10,28,124.0,363.0,195.0,483.0,71.0,120.0,val
4965,8_square,17,0,278.0,405.0,185.0,735.0,-93.0,330.0,train
4966,8_square,34,21,384.0,530.0,604.0,187.0,220.0,-343.0,test
4967,8_square,50,2,638.0,224.0,102.0,554.0,-536.0,330.0,train
4968,8_square,31,56,293.0,692.0,617.0,814.0,324.0,122.0,train
4969,8_square,44,8,535.0,299.0,197.0,868.0,-338.0,569.0,train
4970,8_square,48,40,479.0,542.0,636.0,417.0,157.0,-125.0,train
4971,8_square,4,68,108.0,869.0,241.0,127.0,133.0,-742.0,train
4972,8_square,24,22,142.0,744.0,106.0,752.0,-36.0,8.0,train
4973,8_square,54,65,733.0,558.0,800.0,554.0,67.0,-4.0,train
4974,8_square,14,11,859.0,686.0,256.0,198.0,-603.0,-488.0,train
4975,8_square,25,44,777.0,829.0,818.0,272.0,41.0,-557.0,train
4976,8_square,67,47,881.0,346.0,858.0,631.0,-23.0,285.0,train
4977,8_square,62,42,736.0,284.0,271.0,222.0,-465.0,-62.0,val
4978,8_square,9,10,397.0,296.0,582.0,315.0,185.0,19.0,train
4979,8_square,0,29,578.0,313.0,218.0,230.0,-360.0,-83.0,train
4980,8_square,8,7,682.0,345.0,794.0,765.0,112.0,420.0,test
4981,8_square,37,68,541.0,544.0,215.0,673.0,-326.0,129.0,train
4982,8_square,48,12,217.0,882.0,364.0,712.0,147.0,-170.0,test
4983,8_square,40,17,466.0,670.0,394.0,305.0,-72.0,-365.0,train
4984,8_square,12,30,258.0,207.0,101.0,728.0,-157.0,521.0,train
4985,8_square,17,61,579.0,553.0,185.0,662.0,-394.0,109.0,train
4986,8_square,42,8,232.0,725.0,254.0,136.0,22.0,-589.0,val
4987,8_square,23,37,237.0,876.0,361.0,839.0,124.0,-37.0,train
4988,8_square,41,45,413.0,459.0,698.0,792.0,285.0,333.0,test
4989,8_square,40,68,807.0,346.0,554.0,720.0,-253.0,374.0,train
4990,8_square,2,15,250.0,332.0,254.0,200.0,4.0,-132.0,train
4991,8_square,16,38,310.0,160.0,412.0,267.0,102.0,107.0,train
4992,8_square,27,29,868.0,898.0,524.0,161.0,-344.0,-737.0,train
4993,8_square,9,60,279.0,798.0,792.0,143.0,513.0,-655.0,test
4994,8_square,29,15,846.0,877.0,796.0,692.0,-50.0,-185.0,train
4995,8_square,20,59,893.0,111.0,496.0,222.0,-397.0,111.0,train
4996,8_square,64,11,869.0,798.0,279.0,290.0,-590.0,-508.0,test
4997,8_square,41,26,186.0,518.0,642.0,146.0,456.0,-372.0,train
4998,8_square,9,3,321.0,646.0,580.0,386.0,259.0,-260.0,train
4999,8_square,7,59,249.0,210.0,218.0,543.0,-31.0,333.0,train
5000,5_square,53,35,729.0,195.0,143.0,265.0,-586.0,70.0,train
5001,5_square,43,42,483.0,853.0,445.0,194.0,-38.0,-659.0,train
5002,5_square,5,44,313.0,227.0,701.0,791.0,388.0,564.0,train
5003,5_square,16,41,160.0,802.0,258.0,898.0,98.0,96.0,train
5004,5_square,43,56,144.0,271.0,748.0,819.0,604.0,548.0,train
5005,5_square,20,17,827.0,454.0,670.0,732.0,-157.0,278.0,train
5006,5_square,7,8,713.0,528.0,732.0,101.0,19.0,-427.0,train
5007,5_square,1,30,464.0,573.0,115.0,311.0,-349.0,-262.0,train
5008,5_square,61,22,410.0,443.0,497.0,306.0,87.0,-137.0,train
5009,5_square,13,61,368.0,847.0,749.0,883.0,381.0,36.0,train
5010,5_square,0,4,266.0,770.0,757.0,572.0,491.0,-198.0,train
5011,5_square,66,54,344.0,527.0,104.0,198.0,-240.0,-329.0,train
5012,5_square,44,22,736.0,641.0,843.0,431.0,107.0,-210.0,train
5013,5_square,2,27,360.0,698.0,298.0,187.0,-62.0,-511.0,train
5014,5_square,35,51,520.0,348.0,797.0,823.0,277.0,475.0,train
5015,5_square,11,50,557.0,603.0,823.0,475.0,266.0,-128.0,train
5016,5_square,31,24,105.0,260.0,231.0,586.0,126.0,326.0,test
5017,5_square,45,41,827.0,297.0,550.0,881.0,-277.0,584.0,train
5018,5_square,41,62,532.0,624.0,116.0,288.0,-416.0,-336.0,train
5019,5_square,35,48,726.0,564.0,844.0,824.0,118.0,260.0,val
5020,5_square,44,29,640.0,198.0,403.0,644.0,-237.0,446.0,train
5021,5_square,37,64,708.0,467.0,354.0,787.0,-354.0,320.0,train
5022,5_square,25,58,419.0,395.0,650.0,129.0,231.0,-266.0,train
5023,5_square,44,58,596.0,891.0,851.0,208.0,255.0,-683.0,train
5024,5_square,17,27,853.0,523.0,679.0,834.0,-174.0,311.0,test
5025,5_square,34,16,587.0,507.0,798.0,119.0,211.0,-388.0,train
5026,5_square,53,26,745.0,700.0,285.0,509.0,-460.0,-191.0,train
5027,5_square,31,45,772.0,197.0,468.0,126.0,-304.0,-71.0,train
5028,5_square,65,17,373.0,799.0,422.0,807.0,49.0,8.0,test
5029,5_square,2,47,475.0,828.0,698.0,138.0,223.0,-690.0,test
5030,5_square,15,31,663.0,531.0,456.0,799.0,-207.0,268.0,val
5031,5_square,24,42,557.0,240.0,399.0,651.0,-158.0,411.0,train
5032,5_square,12,27,448.0,739.0,134.0,487.0,-314.0,-252.0,train
5033,5_square,0,22,599.0,360.0,353.0,598.0,-246.0,238.0,train
5034,5_square,54,64,421.0,555.0,309.0,382.0,-112.0,-173.0,train
5035,5_square,4,25,564.0,826.0,900.0,764.0,336.0,-62.0,train
5036,5_square,28,32,313.0,270.0,704.0,483.0,391.0,213.0,val
5037,5_square,5,18,698.0,528.0,292.0,485.0,-406.0,-43.0,train
5038,5_square,63,12,326.0,466.0,853.0,526.0,527.0,60.0,train
5039,5_square,57,36,116.0,661.0,582.0,825.0,466.0,164.0,train
5040,5_square,4,62,514.0,330.0,778.0,310.0,264.0,-20.0,train
5041,5_square,47,25,681.0,636.0,359.0,394.0,-322.0,-242.0,val
5042,5_square,51,64,118.0,317.0,328.0,370.0,210.0,53.0,train
5043,5_square,16,59,647.0,505.0,332.0,823.0,-315.0,318.0,test
5044,5_square,67,25,728.0,693.0,648.0,754.0,-80.0,61.0,train
5045,5_square,38,48,833.0,695.0,499.0,731.0,-334.0,36.0,val
5046,5_square,2,14,175.0,418.0,604.0,293.0,429.0,-125.0,train
5047,5_square,31,32,383.0,721.0,808.0,281.0,425.0,-440.0,train
5048,5_square,27,54,424.0,183.0,716.0,314.0,292.0,131.0,train
5049,5_square,32,0,850.0,591.0,802.0,376.0,-48.0,-215.0,train
5050,5_square,23,28,406.0,852.0,705.0,120.0,299.0,-732.0,train
5051,5_square,4,5,658.0,637.0,319.0,228.0,-339.0,-409.0,train
5052,5_square,59,22,428.0,144.0,445.0,589.0,17.0,445.0,train
5053,5_square,30,18,100.0,123.0,163.0,191.0,63.0,68.0,train
5054,5_square,55,66,782.0,331.0,561.0,177.0,-221.0,-154.0,train
5055,5_square,59,62,709.0,694.0,165.0,118.0,-544.0,-576.0,train
5056,5_square,41,8,151.0,401.0,619.0,499.0,468.0,98.0,train
5057,5_square,66,60,392.0,692.0,237.0,163.0,-155.0,-529.0,val
5058,5_square,66,37,388.0,209.0,551.0,640.0,163.0,431.0,train
5059,5_square,51,11,375.0,147.0,744.0,298.0,369.0,151.0,test
5060,5_square,42,42,150.0,337.0,180.0,501.0,30.0,164.0,train
5061,5_square,32,21,541.0,814.0,530.0,132.0,-11.0,-682.0,val
5062,5_square,1,54,566.0,391.0,521.0,806.0,-45.0,415.0,train
5063,5_square,2,52,105.0,818.0,533.0,289.0,428.0,-529.0,train
5064,5_square,68,44,482.0,778.0,618.0,513.0,136.0,-265.0,val
5065,5_square,1,14,703.0,744.0,780.0,450.0,77.0,-294.0,train
5066,5_square,24,34,591.0,300.0,501.0,836.0,-90.0,536.0,val
5067,5_square,7,25,872.0,781.0,376.0,441.0,-496.0,-340.0,train
5068,5_square,11,43,488.0,280.0,121.0,699.0,-367.0,419.0,train
5069,5_square,14,40,757.0,390.0,840.0,338.0,83.0,-52.0,train
5070,5_square,63,10,123.0,561.0,432.0,420.0,309.0,-141.0,train
5071,5_square,47,33,766.0,446.0,682.0,563.0,-84.0,117.0,train
5072,5_square,36,63,640.0,104.0,831.0,185.0,191.0,81.0,train
5073,5_square,46,60,305.0,628.0,283.0,239.0,-22.0,-389.0,train
5074,5_square,42,1,887.0,892.0,688.0,109.0,-199.0,-783.0,train
5075,5_square,28,67,374.0,328.0,516.0,817.0,142.0,489.0,train
5076,5_square,0,63,416.0,811.0,231.0,596.0,-185.0,-215.0,train
5077,5_square,50,13,706.0,229.0,262.0,677.0,-444.0,448.0,train
5078,5_square,3,18,191.0,589.0,721.0,485.0,530.0,-104.0,train
5079,5_square,61,67,372.0,754.0,192.0,779.0,-180.0,25.0,val
5080,5_square,5,42,546.0,427.0,296.0,611.0,-250.0,184.0,train
5081,5_square,68,62,579.0,565.0,713.0,699.0,134.0,134.0,train
5082,5_square,22,39,756.0,508.0,126.0,712.0,-630.0,204.0,train
5083,5_square,45,5,759.0,224.0,532.0,406.0,-227.0,182.0,train
5084,5_square,15,37,395.0,468.0,199.0,574.0,-196.0,106.0,train
5085,5_square,56,49,355.0,234.0,555.0,881.0,200.0,647.0,test
5086,5_square,45,31,676.0,793.0,161.0,188.0,-515.0,-605.0,val
5087,5_square,12,47,870.0,733.0,519.0,539.0,-351.0,-194.0,test
5088,5_square,42,30,236.0,346.0,282.0,623.0,46.0,277.0,train
5089,5_square,44,62,441.0,617.0,215.0,467.0,-226.0,-150.0,train
5090,5_square,27,46,484.0,127.0,532.0,838.0,48.0,711.0,train
5091,5_square,31,12,413.0,592.0,314.0,666.0,-99.0,74.0,test
5092,5_square,52,5,810.0,124.0,408.0,402.0,-402.0,278.0,train
5093,5_square,34,66,576.0,376.0,821.0,284.0,245.0,-92.0,train
5094,5_square,37,63,329.0,455.0,273.0,256.0,-56.0,-199.0,train
5095,5_square,68,22,381.0,450.0,486.0,288.0,105.0,-162.0,train
5096,5_square,42,66,163.0,884.0,155.0,166.0,-8.0,-718.0,train
5097,5_square,38,0,169.0,508.0,348.0,622.0,179.0,114.0,train
5098,5_square,19,53,348.0,519.0,453.0,191.0,105.0,-328.0,train
5099,5_square,12,5,617.0,178.0,251.0,844.0,-366.0,666.0,train
5100,5_square,61,60,128.0,483.0,268.0,369.0,140.0,-114.0,train
5101,5_square,30,62,145.0,758.0,299.0,366.0,154.0,-392.0,val
5102,5_square,38,55,303.0,165.0,680.0,374.0,377.0,209.0,train
5103,5_square,11,12,821.0,446.0,592.0,636.0,-229.0,190.0,train
5104,5_square,68,25,252.0,430.0,458.0,536.0,206.0,106.0,test
5105,5_square,68,63,376.0,645.0,481.0,529.0,105.0,-116.0,train
5106,5_square,53,39,102.0,620.0,224.0,666.0,122.0,46.0,train
5107,5_square,29,17,765.0,461.0,225.0,346.0,-540.0,-115.0,train
5108,5_square,36,31,762.0,871.0,716.0,234.0,-46.0,-637.0,test
5109,5_square,51,56,881.0,736.0,320.0,752.0,-561.0,16.0,val
5110,5_square,56,58,424.0,650.0,398.0,705.0,-26.0,55.0,train
5111,5_square,25,37,145.0,676.0,136.0,689.0,-9.0,13.0,test
5112,5_square,15,26,204.0,499.0,654.0,396.0,450.0,-103.0,test
5113,5_square,25,20,398.0,319.0,606.0,721.0,208.0,402.0,train
5114,5_square,15,36,210.0,750.0,284.0,670.0,74.0,-80.0,train
5115,5_square,66,54,549.0,565.0,870.0,413.0,321.0,-152.0,train
5116,5_square,41,7,104.0,176.0,415.0,872.0,311.0,696.0,train
5117,5_square,10,39,744.0,302.0,123.0,449.0,-621.0,147.0,train
5118,5_square,12,61,775.0,566.0,205.0,486.0,-570.0,-80.0,val
5119,5_square,36,68,710.0,112.0,564.0,745.0,-146.0,633.0,train
5120,5_square,2,3,312.0,129.0,444.0,612.0,132.0,483.0,val
5121,5_square,41,6,725.0,191.0,493.0,800.0,-232.0,609.0,test
5122,5_square,64,32,536.0,243.0,868.0,113.0,332.0,-130.0,train
5123,5_square,26,54,464.0,780.0,435.0,616.0,-29.0,-164.0,train
5124,5_square,39,57,540.0,371.0,312.0,777.0,-228.0,406.0,train
5125,5_square,14,58,645.0,671.0,172.0,481.0,-473.0,-190.0,train
5126,5_square,8,45,250.0,169.0,368.0,146.0,118.0,-23.0,train
5127,5_square,26,2,243.0,507.0,301.0,653.0,58.0,146.0,train
5128,5_square,26,48,659.0,600.0,472.0,666.0,-187.0,66.0,train
5129,5_square,52,29,672.0,515.0,424.0,685.0,-248.0,170.0,test
5130,5_square,16,10,422.0,836.0,527.0,261.0,105.0,-575.0,train
5131,5_square,3,10,803.0,307.0,319.0,565.0,-484.0,258.0,train
5132,5_square,22,29,526.0,500.0,691.0,861.0,165.0,361.0,val
5133,5_square,65,55,213.0,843.0,519.0,208.0,306.0,-635.0,train
5134,5_square,47,34,524.0,659.0,680.0,108.0,156.0,-551.0,train
5135,5_square,12,56,360.0,331.0,249.0,607.0,-111.0,276.0,train
5136,5_square,60,0,715.0,480.0,183.0,726.0,-532.0,246.0,test
5137,5_square,38,21,148.0,637.0,306.0,522.0,158.0,-115.0,test
5138,5_square,9,60,274.0,629.0,413.0,452.0,139.0,-177.0,train
5139,5_square,30,30,466.0,583.0,748.0,528.0,282.0,-55.0,val
5140,5_square,68,5,161.0,356.0,375.0,594.0,214.0,238.0,train
5141,5_square,63,10,851.0,836.0,692.0,767.0,-159.0,-69.0,val
5142,5_square,40,63,487.0,225.0,800.0,295.0,313.0,70.0,train
5143,5_square,32,8,419.0,230.0,392.0,271.0,-27.0,41.0,test
5144,5_square,47,65,558.0,833.0,792.0,871.0,234.0,38.0,train
5145,5_square,12,26,201.0,386.0,425.0,834.0,224.0,448.0,train
5146,5_square,20,41,477.0,653.0,386.0,163.0,-91.0,-490.0,train
5147,5_square,12,58,119.0,214.0,459.0,428.0,340.0,214.0,train
5148,5_square,26,23,681.0,807.0,576.0,858.0,-105.0,51.0,train
5149,5_square,41,63,795.0,835.0,262.0,677.0,-533.0,-158.0,train
5150,5_square,21,36,110.0,662.0,619.0,409.0,509.0,-253.0,train
5151,5_square,7,33,519.0,834.0,878.0,198.0,359.0,-636.0,train
5152,5_square,39,0,145.0,758.0,797.0,246.0,652.0,-512.0,train
5153,5_square,45,6,639.0,434.0,498.0,584.0,-141.0,150.0,train
5154,5_square,33,13,494.0,280.0,419.0,799.0,-75.0,519.0,train
5155,5_square,12,8,501.0,200.0,537.0,876.0,36.0,676.0,val
5156,5_square,25,49,899.0,471.0,103.0,883.0,-796.0,412.0,train
5157,5_square,12,28,592.0,646.0,745.0,207.0,153.0,-439.0,train
5158,5_square,26,63,274.0,122.0,798.0,579.0,524.0,457.0,train
5159,5_square,44,49,165.0,408.0,148.0,302.0,-17.0,-106.0,train
5160,5_square,14,60,723.0,104.0,122.0,141.0,-601.0,37.0,train
5161,5_square,54,56,218.0,184.0,216.0,363.0,-2.0,179.0,train
5162,5_square,59,59,291.0,435.0,881.0,587.0,590.0,152.0,train
5163,5_square,52,56,718.0,687.0,615.0,164.0,-103.0,-523.0,train
5164,5_square,19,0,743.0,827.0,575.0,777.0,-168.0,-50.0,train
5165,5_square,23,19,277.0,833.0,154.0,420.0,-123.0,-413.0,val
5166,5_square,15,35,121.0,264.0,765.0,497.0,644.0,233.0,train
5167,5_square,43,47,562.0,215.0,250.0,104.0,-312.0,-111.0,train
5168,5_square,67,28,478.0,750.0,873.0,848.0,395.0,98.0,train
5169,5_square,41,25,319.0,660.0,556.0,479.0,237.0,-181.0,train
5170,5_square,52,28,826.0,700.0,703.0,610.0,-123.0,-90.0,train
5171,5_square,55,29,509.0,790.0,281.0,186.0,-228.0,-604.0,train
5172,5_square,60,48,360.0,381.0,489.0,537.0,129.0,156.0,val
5173,5_square,20,1,563.0,168.0,766.0,291.0,203.0,123.0,train
5174,5_square,26,20,152.0,352.0,635.0,689.0,483.0,337.0,test
5175,5_square,25,49,777.0,804.0,615.0,860.0,-162.0,56.0,train
5176,5_square,10,11,667.0,873.0,706.0,245.0,39.0,-628.0,train
5177,5_square,65,38,646.0,749.0,744.0,471.0,98.0,-278.0,train
5178,5_square,53,27,297.0,700.0,622.0,229.0,325.0,-471.0,test
5179,5_square,19,20,220.0,783.0,511.0,323.0,291.0,-460.0,train
5180,5_square,42,5,794.0,705.0,377.0,598.0,-417.0,-107.0,train
5181,5_square,58,60,513.0,294.0,166.0,176.0,-347.0,-118.0,train
5182,5_square,8,56,798.0,599.0,489.0,642.0,-309.0,43.0,train
5183,5_square,67,22,683.0,649.0,430.0,560.0,-253.0,-89.0,train
5184,5_square,63,11,390.0,734.0,848.0,518.0,458.0,-216.0,val
5185,5_square,22,53,808.0,322.0,542.0,462.0,-266.0,140.0,train
5186,5_square,0,68,848.0,321.0,109.0,855.0,-739.0,534.0,train
5187,5_square,12,10,679.0,542.0,585.0,841.0,-94.0,299.0,train
5188,5_square,41,28,235.0,469.0,454.0,886.0,219.0,417.0,train
5189,5_square,44,11,112.0,483.0,784.0,109.0,672.0,-374.0,train
5190,5_square,14,23,485.0,676.0,230.0,529.0,-255.0,-147.0,train
5191,5_square,35,38,360.0,304.0,267.0,520.0,-93.0,216.0,val
5192,5_square,38,20,386.0,264.0,480.0,253.0,94.0,-11.0,train
5193,5_square,20,3,543.0,888.0,550.0,194.0,7.0,-694.0,train
5194,5_square,19,44,486.0,314.0,885.0,645.0,399.0,331.0,train
5195,5_square,39,38,706.0,300.0,646.0,435.0,-60.0,135.0,train
5196,5_square,1,4,890.0,547.0,867.0,434.0,-23.0,-113.0,train
5197,5_square,29,10,487.0,557.0,583.0,798.0,96.0,241.0,val
5198,5_square,7,9,833.0,640.0,877.0,580.0,44.0,-60.0,train
5199,5_square,56,42,824.0,561.0,470.0,427.0,-354.0,-134.0,train
5200,27_square,0,67,737.0,717.0,828.0,867.0,91.0,150.0,val
5201,27_square,62,40,280.0,632.0,485.0,590.0,205.0,-42.0,train
5202,27_square,15,53,711.0,673.0,193.0,294.0,-518.0,-379.0,train
5203,27_square,58,3,391.0,614.0,100.0,680.0,-291.0,66.0,train
5204,27_square,38,59,255.0,608.0,490.0,900.0,235.0,292.0,val
5205,27_square,66,39,864.0,797.0,340.0,708.0,-524.0,-89.0,train
5206,27_square,20,30,363.0,498.0,138.0,569.0,-225.0,71.0,train
5207,27_square,12,13,668.0,278.0,758.0,390.0,90.0,112.0,train
5208,27_square,4,68,787.0,127.0,795.0,477.0,8.0,350.0,test
5209,27_square,60,54,298.0,425.0,625.0,111.0,327.0,-314.0,train
5210,27_square,63,30,414.0,791.0,836.0,474.0,422.0,-317.0,train
5211,27_square,27,60,346.0,324.0,348.0,557.0,2.0,233.0,train
5212,27_square,44,12,673.0,489.0,790.0,178.0,117.0,-311.0,train
5213,27_square,63,60,440.0,801.0,308.0,314.0,-132.0,-487.0,train
5214,27_square,50,18,479.0,164.0,406.0,863.0,-73.0,699.0,test
5215,27_square,35,17,470.0,345.0,743.0,744.0,273.0,399.0,train
5216,27_square,37,10,457.0,627.0,282.0,513.0,-175.0,-114.0,val
5217,27_square,31,28,656.0,191.0,830.0,707.0,174.0,516.0,train
5218,27_square,62,0,712.0,776.0,824.0,748.0,112.0,-28.0,train
5219,27_square,54,60,366.0,435.0,406.0,877.0,40.0,442.0,test
5220,27_square,36,36,786.0,136.0,731.0,398.0,-55.0,262.0,val
5221,27_square,46,60,441.0,251.0,894.0,416.0,453.0,165.0,train
5222,27_square,49,14,672.0,813.0,657.0,587.0,-15.0,-226.0,train
5223,27_square,67,20,662.0,134.0,329.0,152.0,-333.0,18.0,train
5224,27_square,37,56,690.0,264.0,586.0,438.0,-104.0,174.0,train
5225,27_square,4,28,334.0,147.0,600.0,793.0,266.0,646.0,train
5226,27_square,65,56,170.0,694.0,686.0,742.0,516.0,48.0,train
5227,27_square,13,32,796.0,486.0,378.0,852.0,-418.0,366.0,train
5228,27_square,66,60,122.0,570.0,523.0,210.0,401.0,-360.0,val
5229,27_square,17,11,334.0,669.0,477.0,252.0,143.0,-417.0,train
5230,27_square,38,31,682.0,118.0,383.0,154.0,-299.0,36.0,train
5231,27_square,63,54,325.0,304.0,859.0,621.0,534.0,317.0,train
5232,27_square,10,17,779.0,111.0,663.0,572.0,-116.0,461.0,train
5233,27_square,3,64,111.0,615.0,505.0,575.0,394.0,-40.0,test
5234,27_square,33,1,773.0,477.0,204.0,591.0,-569.0,114.0,train
5235,27_square,50,54,107.0,151.0,585.0,692.0,478.0,541.0,train
5236,27_square,68,15,603.0,872.0,603.0,814.0,0.0,-58.0,train
5237,27_square,55,25,294.0,576.0,773.0,574.0,479.0,-2.0,train
5238,27_square,16,17,273.0,554.0,867.0,847.0,594.0,293.0,test
5239,27_square,66,0,744.0,311.0,344.0,715.0,-400.0,404.0,train
5240,27_square,51,2,575.0,485.0,620.0,366.0,45.0,-119.0,train
5241,27_square,63,25,242.0,662.0,332.0,277.0,90.0,-385.0,train
5242,27_square,11,16,371.0,165.0,869.0,454.0,498.0,289.0,train
5243,27_square,13,62,894.0,541.0,216.0,151.0,-678.0,-390.0,train
5244,27_square,7,47,546.0,438.0,540.0,801.0,-6.0,363.0,train
5245,27_square,21,4,634.0,109.0,180.0,707.0,-454.0,598.0,test
5246,27_square,66,30,206.0,505.0,411.0,403.0,205.0,-102.0,train
5247,27_square,12,29,748.0,332.0,730.0,726.0,-18.0,394.0,train
5248,27_square,32,63,371.0,204.0,290.0,481.0,-81.0,277.0,train
5249,27_square,28,54,510.0,272.0,127.0,135.0,-383.0,-137.0,val
5250,27_square,64,63,472.0,693.0,500.0,334.0,28.0,-359.0,test
5251,27_square,41,55,740.0,725.0,407.0,147.0,-333.0,-578.0,train
5252,27_square,62,19,317.0,456.0,499.0,484.0,182.0,28.0,train
5253,27_square,11,43,510.0,275.0,330.0,348.0,-180.0,73.0,train
5254,27_square,10,43,727.0,139.0,275.0,375.0,-452.0,236.0,train
5255,27_square,48,14,619.0,794.0,324.0,531.0,-295.0,-263.0,val
5256,27_square,7,12,104.0,341.0,689.0,474.0,585.0,133.0,train
5257,27_square,68,50,649.0,150.0,417.0,820.0,-232.0,670.0,train
5258,27_square,2,51,215.0,555.0,225.0,625.0,10.0,70.0,train
5259,27_square,28,20,507.0,613.0,288.0,523.0,-219.0,-90.0,train
5260,27_square,25,60,353.0,879.0,860.0,292.0,507.0,-587.0,train
5261,27_square,6,45,844.0,244.0,506.0,429.0,-338.0,185.0,train
5262,27_square,38,33,367.0,257.0,281.0,660.0,-86.0,403.0,train
5263,27_square,14,50,698.0,652.0,307.0,652.0,-391.0,0.0,train
5264,27_square,21,23,371.0,150.0,477.0,101.0,106.0,-49.0,train
5265,27_square,43,36,669.0,381.0,172.0,139.0,-497.0,-242.0,train
5266,27_square,17,28,694.0,705.0,850.0,588.0,156.0,-117.0,train
5267,27_square,32,60,180.0,369.0,676.0,223.0,496.0,-146.0,train
5268,27_square,11,44,282.0,669.0,562.0,305.0,280.0,-364.0,train
5269,27_square,30,17,223.0,309.0,698.0,824.0,475.0,515.0,train
5270,27_square,14,4,165.0,360.0,715.0,770.0,550.0,410.0,train
5271,27_square,19,60,795.0,831.0,615.0,550.0,-180.0,-281.0,val
5272,27_square,23,17,769.0,781.0,243.0,470.0,-526.0,-311.0,train
5273,27_square,44,59,565.0,582.0,796.0,878.0,231.0,296.0,test
5274,27_square,52,66,396.0,283.0,148.0,876.0,-248.0,593.0,train
5275,27_square,34,51,787.0,511.0,841.0,647.0,54.0,136.0,train
5276,27_square,39,10,518.0,139.0,866.0,769.0,348.0,630.0,test
5277,27_square,38,11,214.0,601.0,577.0,106.0,363.0,-495.0,val
5278,27_square,64,6,369.0,140.0,182.0,496.0,-187.0,356.0,train
5279,27_square,33,5,288.0,520.0,579.0,154.0,291.0,-366.0,train
5280,27_square,13,27,526.0,142.0,318.0,847.0,-208.0,705.0,val
5281,27_square,11,42,174.0,444.0,310.0,639.0,136.0,195.0,train
5282,27_square,38,54,341.0,149.0,184.0,787.0,-157.0,638.0,train
5283,27_square,39,13,688.0,294.0,619.0,322.0,-69.0,28.0,train
5284,27_square,41,6,765.0,279.0,285.0,156.0,-480.0,-123.0,train
5285,27_square,68,62,633.0,263.0,713.0,546.0,80.0,283.0,train
5286,27_square,39,30,331.0,579.0,139.0,265.0,-192.0,-314.0,train
5287,27_square,19,13,731.0,385.0,527.0,225.0,-204.0,-160.0,train
5288,27_square,35,30,736.0,362.0,293.0,696.0,-443.0,334.0,test
5289,27_square,64,67,181.0,143.0,688.0,335.0,507.0,192.0,train
5290,27_square,3,34,599.0,356.0,884.0,806.0,285.0,450.0,train
5291,27_square,56,11,433.0,762.0,791.0,681.0,358.0,-81.0,train
5292,27_square,15,34,289.0,273.0,486.0,366.0,197.0,93.0,train
5293,27_square,38,9,862.0,155.0,336.0,764.0,-526.0,609.0,train
5294,27_square,61,35,427.0,218.0,496.0,819.0,69.0,601.0,test
5295,27_square,1,18,306.0,489.0,403.0,138.0,97.0,-351.0,train
5296,27_square,41,57,283.0,267.0,460.0,876.0,177.0,609.0,test
5297,27_square,1,54,580.0,779.0,175.0,312.0,-405.0,-467.0,train
5298,27_square,68,9,568.0,758.0,325.0,861.0,-243.0,103.0,train
5299,27_square,38,68,900.0,319.0,539.0,497.0,-361.0,178.0,train
5300,27_square,38,64,573.0,708.0,499.0,481.0,-74.0,-227.0,train
5301,27_square,36,4,608.0,773.0,454.0,858.0,-154.0,85.0,train
5302,27_square,59,32,325.0,331.0,318.0,675.0,-7.0,344.0,train
5303,27_square,31,29,659.0,247.0,894.0,291.0,235.0,44.0,train
5304,27_square,10,63,699.0,520.0,740.0,468.0,41.0,-52.0,train
5305,27_square,61,57,889.0,479.0,828.0,360.0,-61.0,-119.0,train
5306,27_square,21,59,410.0,264.0,725.0,538.0,315.0,274.0,val
5307,27_square,8,60,504.0,551.0,573.0,257.0,69.0,-294.0,val
5308,27_square,17,53,780.0,496.0,588.0,147.0,-192.0,-349.0,test
5309,27_square,13,63,674.0,296.0,818.0,151.0,144.0,-145.0,train
5310,27_square,43,45,865.0,658.0,269.0,463.0,-596.0,-195.0,train
5311,27_square,56,15,411.0,870.0,229.0,751.0,-182.0,-119.0,train
5312,27_square,37,49,595.0,615.0,561.0,673.0,-34.0,58.0,train
5313,27_square,42,53,831.0,220.0,533.0,652.0,-298.0,432.0,val
5314,27_square,22,52,346.0,163.0,705.0,127.0,359.0,-36.0,train
5315,27_square,39,34,746.0,291.0,513.0,514.0,-233.0,223.0,train
5316,27_square,9,35,537.0,320.0,203.0,741.0,-334.0,421.0,train
5317,27_square,53,51,786.0,831.0,867.0,125.0,81.0,-706.0,train
5318,27_square,15,6,578.0,764.0,301.0,556.0,-277.0,-208.0,train
5319,27_square,42,21,851.0,669.0,277.0,630.0,-574.0,-39.0,train
5320,27_square,30,28,414.0,584.0,302.0,188.0,-112.0,-396.0,train
5321,27_square,36,47,408.0,819.0,103.0,565.0,-305.0,-254.0,train
5322,27_square,21,49,198.0,263.0,723.0,782.0,525.0,519.0,train
5323,27_square,23,12,758.0,714.0,573.0,281.0,-185.0,-433.0,val
5324,27_square,61,23,548.0,125.0,175.0,221.0,-373.0,96.0,val
5325,27_square,53,48,692.0,707.0,730.0,387.0,38.0,-320.0,val
5326,27_square,38,50,854.0,851.0,757.0,830.0,-97.0,-21.0,train
5327,27_square,24,47,200.0,563.0,829.0,152.0,629.0,-411.0,train
5328,27_square,24,40,775.0,569.0,814.0,640.0,39.0,71.0,train
5329,27_square,65,53,220.0,263.0,354.0,148.0,134.0,-115.0,train
5330,27_square,24,15,119.0,201.0,734.0,374.0,615.0,173.0,val
5331,27_square,25,45,362.0,642.0,347.0,665.0,-15.0,23.0,train
5332,27_square,56,45,121.0,127.0,548.0,666.0,427.0,539.0,train
5333,27_square,51,51,773.0,269.0,521.0,317.0,-252.0,48.0,train
5334,27_square,42,15,745.0,847.0,394.0,155.0,-351.0,-692.0,train
5335,27_square,56,49,528.0,307.0,558.0,884.0,30.0,577.0,train
5336,27_square,7,32,104.0,631.0,627.0,466.0,523.0,-165.0,train
5337,27_square,19,42,465.0,662.0,815.0,557.0,350.0,-105.0,train
5338,27_square,15,56,543.0,340.0,467.0,110.0,-76.0,-230.0,val
5339,27_square,67,20,382.0,829.0,561.0,144.0,179.0,-685.0,train
5340,27_square,28,28,604.0,824.0,429.0,645.0,-175.0,-179.0,train
5341,27_square,33,47,385.0,440.0,889.0,425.0,504.0,-15.0,train
5342,27_square,59,20,259.0,660.0,355.0,468.0,96.0,-192.0,train
5343,27_square,17,43,513.0,459.0,849.0,553.0,336.0,94.0,train
5344,27_square,1,51,653.0,702.0,219.0,227.0,-434.0,-475.0,train
5345,27_square,22,62,762.0,322.0,727.0,587.0,-35.0,265.0,val
5346,27_square,1,1,173.0,126.0,648.0,574.0,475.0,448.0,train
5347,27_square,23,58,673.0,577.0,531.0,720.0,-142.0,143.0,train
5348,27_square,66,45,715.0,116.0,487.0,100.0,-228.0,-16.0,train
5349,27_square,62,62,635.0,742.0,801.0,722.0,166.0,-20.0,train
5350,27_square,0,11,605.0,123.0,539.0,574.0,-66.0,451.0,train
5351,27_square,22,55,633.0,895.0,853.0,102.0,220.0,-793.0,test
5352,27_square,4,5,410.0,307.0,823.0,657.0,413.0,350.0,test
5353,27_square,30,58,885.0,219.0,578.0,819.0,-307.0,600.0,train
5354,27_square,24,17,326.0,405.0,453.0,892.0,127.0,487.0,val
5355,27_square,54,60,376.0,452.0,778.0,775.0,402.0,323.0,train
5356,27_square,14,29,206.0,820.0,807.0,480.0,601.0,-340.0,train
5357,27_square,13,44,802.0,708.0,568.0,152.0,-234.0,-556.0,train
5358,27_square,15,55,383.0,853.0,835.0,375.0,452.0,-478.0,train
5359,27_square,54,52,736.0,133.0,493.0,443.0,-243.0,310.0,train
5360,27_square,51,64,256.0,785.0,753.0,495.0,497.0,-290.0,test
5361,27_square,25,11,251.0,554.0,691.0,275.0,440.0,-279.0,train
5362,27_square,21,54,817.0,213.0,738.0,597.0,-79.0,384.0,train
5363,27_square,55,40,650.0,594.0,809.0,116.0,159.0,-478.0,train
5364,27_square,22,25,693.0,846.0,190.0,305.0,-503.0,-541.0,train
5365,27_square,48,59,399.0,771.0,775.0,514.0,376.0,-257.0,train
5366,27_square,54,58,497.0,291.0,749.0,110.0,252.0,-181.0,train
5367,27_square,13,44,558.0,835.0,720.0,136.0,162.0,-699.0,train
5368,27_square,37,23,250.0,704.0,862.0,652.0,612.0,-52.0,train
5369,27_square,63,1,594.0,367.0,247.0,599.0,-347.0,232.0,train
5370,27_square,6,48,449.0,137.0,621.0,101.0,172.0,-36.0,test
5371,27_square,19,18,312.0,461.0,406.0,834.0,94.0,373.0,train
5372,27_square,25,32,387.0,102.0,413.0,553.0,26.0,451.0,train
5373,27_square,39,1,707.0,549.0,244.0,722.0,-463.0,173.0,train
5374,27_square,37,52,460.0,597.0,645.0,880.0,185.0,283.0,train
5375,27_square,3,17,162.0,136.0,563.0,877.0,401.0,741.0,val
5376,27_square,63,1,376.0,228.0,830.0,390.0,454.0,162.0,train
5377,27_square,60,64,190.0,893.0,484.0,161.0,294.0,-732.0,train
5378,27_square,58,26,355.0,608.0,852.0,642.0,497.0,34.0,train
5379,27_square,58,21,426.0,679.0,785.0,628.0,359.0,-51.0,train
5380,27_square,12,45,616.0,405.0,634.0,253.0,18.0,-152.0,train
5381,27_square,41,46,833.0,722.0,604.0,888.0,-229.0,166.0,train
5382,27_square,54,8,183.0,352.0,900.0,393.0,717.0,41.0,train
5383,27_square,46,46,549.0,410.0,813.0,116.0,264.0,-294.0,val
5384,27_square,24,44,899.0,770.0,760.0,672.0,-139.0,-98.0,test
5385,27_square,3,11,512.0,195.0,158.0,442.0,-354.0,247.0,train
5386,27_square,24,1,226.0,777.0,825.0,474.0,599.0,-303.0,train
5387,27_square,56,40,733.0,455.0,761.0,205.0,28.0,-250.0,test
5388,27_square,2,65,841.0,665.0,695.0,143.0,-146.0,-522.0,train
5389,27_square,31,46,291.0,276.0,222.0,276.0,-69.0,0.0,test
5390,27_square,44,58,882.0,450.0,643.0,286.0,-239.0,-164.0,train
5391,27_square,61,16,656.0,662.0,376.0,266.0,-280.0,-396.0,train
5392,27_square,40,43,626.0,196.0,312.0,861.0,-314.0,665.0,train
5393,27_square,37,26,289.0,561.0,598.0,334.0,309.0,-227.0,train
5394,27_square,18,31,741.0,733.0,239.0,867.0,-502.0,134.0,train
5395,27_square,34,59,795.0,797.0,476.0,584.0,-319.0,-213.0,test
5396,27_square,0,65,508.0,570.0,768.0,674.0,260.0,104.0,test
5397,27_square,41,51,747.0,636.0,275.0,342.0,-472.0,-294.0,train
5398,27_square,66,61,853.0,618.0,273.0,695.0,-580.0,77.0,train
5399,27_square,58,61,306.0,309.0,492.0,216.0,186.0,-93.0,train
5400,6_square,3,51,558.0,392.0,592.0,437.0,34.0,45.0,test
5401,6_square,47,9,702.0,354.0,716.0,888.0,14.0,534.0,val
5402,6_square,11,25,681.0,457.0,209.0,743.0,-472.0,286.0,train
5403,6_square,56,22,470.0,234.0,105.0,889.0,-365.0,655.0,train
5404,6_square,46,34,842.0,351.0,292.0,378.0,-550.0,27.0,train
5405,6_square,4,44,697.0,847.0,867.0,737.0,170.0,-110.0,train
5406,6_square,55,0,850.0,188.0,717.0,348.0,-133.0,160.0,train
5407,6_square,57,20,169.0,345.0,881.0,495.0,712.0,150.0,train
5408,6_square,17,68,476.0,726.0,895.0,735.0,419.0,9.0,train
5409,6_square,22,33,491.0,300.0,563.0,704.0,72.0,404.0,val
5410,6_square,42,36,481.0,244.0,555.0,238.0,74.0,-6.0,train
5411,6_square,14,20,489.0,328.0,696.0,824.0,207.0,496.0,train
5412,6_square,60,65,246.0,414.0,285.0,258.0,39.0,-156.0,train
5413,6_square,43,28,436.0,411.0,843.0,750.0,407.0,339.0,train
5414,6_square,53,2,272.0,266.0,590.0,108.0,318.0,-158.0,val
5415,6_square,37,56,320.0,218.0,233.0,739.0,-87.0,521.0,train
5416,6_square,67,46,453.0,403.0,573.0,416.0,120.0,13.0,train
5417,6_square,33,49,359.0,812.0,620.0,604.0,261.0,-208.0,train
5418,6_square,31,33,261.0,216.0,139.0,368.0,-122.0,152.0,test
5419,6_square,9,41,214.0,189.0,129.0,842.0,-85.0,653.0,train
5420,6_square,33,3,880.0,856.0,726.0,325.0,-154.0,-531.0,train
5421,6_square,27,3,527.0,432.0,396.0,344.0,-131.0,-88.0,train
5422,6_square,43,47,805.0,325.0,638.0,323.0,-167.0,-2.0,train
5423,6_square,37,16,888.0,547.0,190.0,841.0,-698.0,294.0,train
5424,6_square,6,41,800.0,270.0,312.0,670.0,-488.0,400.0,train
5425,6_square,37,52,135.0,117.0,757.0,123.0,622.0,6.0,train
5426,6_square,26,41,209.0,149.0,661.0,661.0,452.0,512.0,train
5427,6_square,58,47,148.0,175.0,531.0,882.0,383.0,707.0,train
5428,6_square,26,33,769.0,703.0,823.0,367.0,54.0,-336.0,train
5429,6_square,17,30,564.0,523.0,417.0,283.0,-147.0,-240.0,train
5430,6_square,6,41,208.0,779.0,310.0,665.0,102.0,-114.0,val
5431,6_square,67,16,818.0,693.0,195.0,403.0,-623.0,-290.0,test
5432,6_square,40,65,469.0,195.0,879.0,274.0,410.0,79.0,train
5433,6_square,4,66,737.0,316.0,370.0,271.0,-367.0,-45.0,train
5434,6_square,25,36,476.0,138.0,413.0,499.0,-63.0,361.0,train
5435,6_square,39,4,834.0,827.0,487.0,421.0,-347.0,-406.0,train
5436,6_square,8,34,700.0,816.0,683.0,104.0,-17.0,-712.0,val
5437,6_square,16,9,316.0,518.0,441.0,637.0,125.0,119.0,train
5438,6_square,62,19,486.0,663.0,863.0,267.0,377.0,-396.0,train
5439,6_square,36,2,773.0,177.0,422.0,809.0,-351.0,632.0,train
5440,6_square,49,29,189.0,442.0,843.0,385.0,654.0,-57.0,test
5441,6_square,43,38,804.0,282.0,141.0,187.0,-663.0,-95.0,train
5442,6_square,45,66,530.0,146.0,834.0,505.0,304.0,359.0,train
5443,6_square,10,45,690.0,693.0,848.0,566.0,158.0,-127.0,train
5444,6_square,38,26,344.0,490.0,605.0,482.0,261.0,-8.0,train
5445,6_square,12,54,797.0,538.0,386.0,899.0,-411.0,361.0,train
5446,6_square,17,44,322.0,890.0,156.0,377.0,-166.0,-513.0,train
5447,6_square,25,43,846.0,624.0,131.0,787.0,-715.0,163.0,train
5448,6_square,45,50,618.0,406.0,597.0,331.0,-21.0,-75.0,train
5449,6_square,16,0,629.0,261.0,866.0,745.0,237.0,484.0,train
5450,6_square,49,50,567.0,819.0,241.0,478.0,-326.0,-341.0,train
5451,6_square,47,31,698.0,172.0,707.0,520.0,9.0,348.0,val
5452,6_square,41,22,395.0,644.0,748.0,589.0,353.0,-55.0,train
5453,6_square,54,3,860.0,382.0,441.0,775.0,-419.0,393.0,train
5454,6_square,18,67,267.0,793.0,599.0,785.0,332.0,-8.0,train
5455,6_square,29,21,384.0,666.0,119.0,523.0,-265.0,-143.0,test
5456,6_square,4,60,644.0,189.0,370.0,249.0,-274.0,60.0,train
5457,6_square,20,39,540.0,852.0,664.0,466.0,124.0,-386.0,test
5458,6_square,67,58,289.0,656.0,133.0,802.0,-156.0,146.0,val
5459,6_square,32,36,208.0,347.0,424.0,611.0,216.0,264.0,train
5460,6_square,43,29,893.0,263.0,494.0,839.0,-399.0,576.0,train
5461,6_square,49,42,298.0,577.0,767.0,425.0,469.0,-152.0,train
5462,6_square,4,27,220.0,885.0,589.0,276.0,369.0,-609.0,train
5463,6_square,55,19,553.0,553.0,362.0,456.0,-191.0,-97.0,train
5464,6_square,46,55,137.0,813.0,772.0,421.0,635.0,-392.0,train
5465,6_square,50,65,808.0,291.0,512.0,245.0,-296.0,-46.0,train
5466,6_square,0,46,605.0,515.0,272.0,545.0,-333.0,30.0,train
5467,6_square,55,62,786.0,358.0,754.0,722.0,-32.0,364.0,test
5468,6_square,57,2,581.0,626.0,324.0,695.0,-257.0,69.0,test
5469,6_square,67,30,226.0,273.0,197.0,475.0,-29.0,202.0,train
5470,6_square,43,6,473.0,822.0,477.0,742.0,4.0,-80.0,train
5471,6_square,1,47,606.0,590.0,483.0,544.0,-123.0,-46.0,train
5472,6_square,36,32,369.0,443.0,333.0,706.0,-36.0,263.0,train
5473,6_square,47,57,888.0,746.0,690.0,894.0,-198.0,148.0,train
5474,6_square,17,57,323.0,545.0,878.0,482.0,555.0,-63.0,val
5475,6_square,17,61,208.0,127.0,410.0,655.0,202.0,528.0,val
5476,6_square,11,48,226.0,103.0,695.0,251.0,469.0,148.0,train
5477,6_square,60,13,187.0,413.0,127.0,285.0,-60.0,-128.0,train
5478,6_square,33,36,786.0,505.0,377.0,679.0,-409.0,174.0,train
5479,6_square,39,52,680.0,489.0,282.0,866.0,-398.0,377.0,train
5480,6_square,16,28,383.0,307.0,268.0,106.0,-115.0,-201.0,train
5481,6_square,50,46,806.0,663.0,889.0,813.0,83.0,150.0,train
5482,6_square,30,5,619.0,670.0,404.0,888.0,-215.0,218.0,train
5483,6_square,34,37,489.0,299.0,205.0,231.0,-284.0,-68.0,train
5484,6_square,21,40,216.0,888.0,846.0,182.0,630.0,-706.0,train
5485,6_square,8,57,191.0,767.0,697.0,499.0,506.0,-268.0,train
5486,6_square,27,46,278.0,465.0,314.0,499.0,36.0,34.0,train
5487,6_square,11,7,464.0,429.0,289.0,461.0,-175.0,32.0,train
5488,6_square,41,56,143.0,743.0,253.0,644.0,110.0,-99.0,train
5489,6_square,9,54,708.0,258.0,288.0,883.0,-420.0,625.0,train
5490,6_square,11,2,327.0,703.0,308.0,900.0,-19.0,197.0,train
5491,6_square,24,54,304.0,266.0,152.0,146.0,-152.0,-120.0,train
5492,6_square,24,59,533.0,170.0,645.0,623.0,112.0,453.0,test
5493,6_square,47,22,618.0,189.0,770.0,316.0,152.0,127.0,val
5494,6_square,31,37,713.0,844.0,191.0,217.0,-522.0,-627.0,train
5495,6_square,7,57,693.0,692.0,656.0,396.0,-37.0,-296.0,train
5496,6_square,64,28,887.0,516.0,743.0,492.0,-144.0,-24.0,train
5497,6_square,28,63,276.0,347.0,287.0,740.0,11.0,393.0,train
5498,6_square,37,11,333.0,586.0,628.0,648.0,295.0,62.0,train
5499,6_square,11,56,742.0,576.0,546.0,740.0,-196.0,164.0,train
5500,6_square,56,66,507.0,488.0,416.0,265.0,-91.0,-223.0,train
5501,6_square,56,29,187.0,539.0,780.0,211.0,593.0,-328.0,train
5502,6_square,19,18,652.0,508.0,236.0,288.0,-416.0,-220.0,train
5503,6_square,55,25,580.0,473.0,360.0,482.0,-220.0,9.0,train
5504,6_square,30,29,318.0,826.0,440.0,139.0,122.0,-687.0,train
5505,6_square,48,62,129.0,166.0,518.0,305.0,389.0,139.0,train
5506,6_square,65,16,232.0,265.0,705.0,876.0,473.0,611.0,train
5507,6_square,28,49,551.0,723.0,371.0,650.0,-180.0,-73.0,train
5508,6_square,61,35,831.0,219.0,469.0,830.0,-362.0,611.0,train
5509,6_square,65,33,762.0,900.0,150.0,112.0,-612.0,-788.0,train
5510,6_square,60,53,127.0,375.0,364.0,801.0,237.0,426.0,val
5511,6_square,65,32,876.0,556.0,102.0,271.0,-774.0,-285.0,train
5512,6_square,59,48,355.0,759.0,501.0,723.0,146.0,-36.0,train
5513,6_square,66,1,390.0,277.0,514.0,453.0,124.0,176.0,train
5514,6_square,39,44,745.0,347.0,229.0,333.0,-516.0,-14.0,train
5515,6_square,14,1,536.0,606.0,680.0,569.0,144.0,-37.0,train
5516,6_square,23,31,620.0,260.0,637.0,849.0,17.0,589.0,train
5517,6_square,33,19,490.0,585.0,864.0,851.0,374.0,266.0,train
5518,6_square,42,9,866.0,332.0,878.0,453.0,12.0,121.0,val
5519,6_square,55,7,836.0,720.0,192.0,122.0,-644.0,-598.0,train
5520,6_square,33,53,173.0,363.0,212.0,180.0,39.0,-183.0,train
5521,6_square,61,2,575.0,202.0,870.0,136.0,295.0,-66.0,train
5522,6_square,18,19,457.0,885.0,758.0,239.0,301.0,-646.0,train
5523,6_square,60,18,394.0,280.0,752.0,273.0,358.0,-7.0,test
5524,6_square,39,48,278.0,204.0,320.0,415.0,42.0,211.0,train
5525,6_square,58,0,684.0,154.0,834.0,205.0,150.0,51.0,train
5526,6_square,45,12,602.0,331.0,831.0,788.0,229.0,457.0,train
5527,6_square,66,7,332.0,192.0,366.0,882.0,34.0,690.0,train
5528,6_square,33,21,158.0,368.0,250.0,388.0,92.0,20.0,test
5529,6_square,31,30,834.0,238.0,664.0,140.0,-170.0,-98.0,test
5530,6_square,4,14,220.0,391.0,289.0,814.0,69.0,423.0,train
5531,6_square,21,41,277.0,551.0,286.0,652.0,9.0,101.0,train
5532,6_square,7,5,131.0,170.0,657.0,569.0,526.0,399.0,train
5533,6_square,56,37,524.0,472.0,602.0,654.0,78.0,182.0,train
5534,6_square,11,53,501.0,819.0,250.0,193.0,-251.0,-626.0,train
5535,6_square,17,30,632.0,315.0,561.0,543.0,-71.0,228.0,train
5536,6_square,18,15,125.0,689.0,206.0,258.0,81.0,-431.0,train
5537,6_square,48,11,591.0,376.0,507.0,238.0,-84.0,-138.0,train
5538,6_square,54,30,184.0,488.0,640.0,116.0,456.0,-372.0,train
5539,6_square,29,20,638.0,800.0,608.0,344.0,-30.0,-456.0,train
5540,6_square,2,52,624.0,721.0,152.0,655.0,-472.0,-66.0,train
5541,6_square,10,29,192.0,408.0,612.0,505.0,420.0,97.0,train
5542,6_square,46,48,772.0,860.0,598.0,511.0,-174.0,-349.0,test
5543,6_square,34,16,818.0,494.0,824.0,480.0,6.0,-14.0,train
5544,6_square,14,41,500.0,647.0,887.0,297.0,387.0,-350.0,train
5545,6_square,37,47,353.0,562.0,753.0,223.0,400.0,-339.0,train
5546,6_square,37,48,582.0,814.0,139.0,286.0,-443.0,-528.0,train
5547,6_square,24,54,715.0,644.0,113.0,626.0,-602.0,-18.0,test
5548,6_square,35,30,487.0,816.0,259.0,852.0,-228.0,36.0,train
5549,6_square,14,67,613.0,780.0,663.0,281.0,50.0,-499.0,train
5550,6_square,53,36,271.0,697.0,569.0,184.0,298.0,-513.0,train
5551,6_square,7,37,832.0,172.0,645.0,467.0,-187.0,295.0,train
5552,6_square,6,8,133.0,468.0,889.0,536.0,756.0,68.0,train
5553,6_square,28,11,578.0,836.0,797.0,415.0,219.0,-421.0,train
5554,6_square,0,56,171.0,143.0,184.0,327.0,13.0,184.0,train
5555,6_square,43,66,214.0,509.0,395.0,803.0,181.0,294.0,train
5556,6_square,29,8,201.0,810.0,826.0,562.0,625.0,-248.0,val
5557,6_square,68,52,492.0,524.0,630.0,875.0,138.0,351.0,train
5558,6_square,64,31,357.0,382.0,347.0,879.0,-10.0,497.0,train
5559,6_square,31,20,559.0,457.0,559.0,540.0,0.0,83.0,train
5560,6_square,58,1,880.0,238.0,528.0,699.0,-352.0,461.0,train
5561,6_square,26,40,654.0,598.0,169.0,490.0,-485.0,-108.0,train
5562,6_square,4,17,651.0,646.0,812.0,799.0,161.0,153.0,test
5563,6_square,49,13,358.0,583.0,297.0,410.0,-61.0,-173.0,train
5564,6_square,6,37,189.0,107.0,239.0,558.0,50.0,451.0,train
5565,6_square,4,18,536.0,210.0,442.0,738.0,-94.0,528.0,train
5566,6_square,0,25,828.0,735.0,484.0,151.0,-344.0,-584.0,train
5567,6_square,65,29,224.0,342.0,199.0,257.0,-25.0,-85.0,train
5568,6_square,8,66,763.0,774.0,707.0,516.0,-56.0,-258.0,train
5569,6_square,18,22,177.0,181.0,416.0,828.0,239.0,647.0,train
5570,6_square,33,49,200.0,394.0,743.0,536.0,543.0,142.0,train
5571,6_square,44,45,103.0,818.0,812.0,870.0,709.0,52.0,train
5572,6_square,48,33,194.0,183.0,324.0,816.0,130.0,633.0,train
5573,6_square,1,6,799.0,707.0,385.0,770.0,-414.0,63.0,train
5574,6_square,11,64,122.0,875.0,816.0,252.0,694.0,-623.0,val
5575,6_square,52,5,136.0,666.0,473.0,782.0,337.0,116.0,test
5576,6_square,34,30,511.0,304.0,825.0,129.0,314.0,-175.0,train
5577,6_square,1,50,334.0,137.0,831.0,177.0,497.0,40.0,train
5578,6_square,1,61,432.0,237.0,411.0,670.0,-21.0,433.0,train
5579,6_square,18,2,130.0,201.0,728.0,822.0,598.0,621.0,train
5580,6_square,16,14,831.0,694.0,631.0,889.0,-200.0,195.0,test
5581,6_square,17,7,139.0,643.0,836.0,609.0,697.0,-34.0,train
5582,6_square,32,28,804.0,481.0,717.0,478.0,-87.0,-3.0,train
5583,6_square,3,49,452.0,582.0,369.0,497.0,-83.0,-85.0,train
5584,6_square,5,26,615.0,441.0,407.0,659.0,-208.0,218.0,train
5585,6_square,60,62,247.0,134.0,212.0,123.0,-35.0,-11.0,train
5586,6_square,4,20,446.0,170.0,809.0,266.0,363.0,96.0,train
5587,6_square,20,54,469.0,618.0,693.0,705.0,224.0,87.0,train
5588,6_square,1,38,454.0,883.0,590.0,317.0,136.0,-566.0,train
5589,6_square,67,34,129.0,411.0,302.0,757.0,173.0,346.0,train
5590,6_square,68,14,328.0,204.0,380.0,421.0,52.0,217.0,train
5591,6_square,27,62,780.0,653.0,654.0,496.0,-126.0,-157.0,test
5592,6_square,26,5,777.0,735.0,424.0,788.0,-353.0,53.0,train
5593,6_square,15,4,341.0,442.0,776.0,524.0,435.0,82.0,train
5594,6_square,7,7,437.0,744.0,884.0,872.0,447.0,128.0,val
5595,6_square,5,40,764.0,544.0,103.0,714.0,-661.0,170.0,train
5596,6_square,41,50,555.0,585.0,683.0,750.0,128.0,165.0,val
5597,6_square,44,11,438.0,809.0,231.0,245.0,-207.0,-564.0,val
5598,6_square,59,36,339.0,720.0,647.0,488.0,308.0,-232.0,train
5599,6_square,26,14,216.0,718.0,627.0,848.0,411.0,130.0,test
5600,22_square,25,57,274.0,807.0,363.0,745.0,89.0,-62.0,train
5601,22_square,8,22,707.0,810.0,792.0,548.0,85.0,-262.0,train
5602,22_square,40,63,511.0,362.0,617.0,617.0,106.0,255.0,val
5603,22_square,30,46,151.0,409.0,887.0,809.0,736.0,400.0,train
5604,22_square,61,9,526.0,213.0,707.0,582.0,181.0,369.0,train
5605,22_square,65,48,301.0,712.0,358.0,261.0,57.0,-451.0,val
5606,22_square,19,65,840.0,851.0,470.0,625.0,-370.0,-226.0,val
5607,22_square,28,52,670.0,163.0,418.0,654.0,-252.0,491.0,train
5608,22_square,7,41,651.0,874.0,127.0,535.0,-524.0,-339.0,train
5609,22_square,42,3,730.0,100.0,609.0,378.0,-121.0,278.0,train
5610,22_square,16,13,878.0,759.0,185.0,804.0,-693.0,45.0,train
5611,22_square,12,34,788.0,574.0,757.0,598.0,-31.0,24.0,train
5612,22_square,22,54,752.0,249.0,770.0,349.0,18.0,100.0,train
5613,22_square,39,26,502.0,734.0,609.0,832.0,107.0,98.0,test
5614,22_square,25,28,110.0,377.0,676.0,485.0,566.0,108.0,train
5615,22_square,5,27,296.0,246.0,536.0,129.0,240.0,-117.0,train
5616,22_square,29,51,471.0,829.0,516.0,599.0,45.0,-230.0,train
5617,22_square,46,34,718.0,224.0,431.0,259.0,-287.0,35.0,test
5618,22_square,59,39,429.0,820.0,190.0,464.0,-239.0,-356.0,test
5619,22_square,55,23,337.0,737.0,726.0,407.0,389.0,-330.0,train
5620,22_square,37,23,571.0,456.0,221.0,408.0,-350.0,-48.0,train
5621,22_square,9,48,740.0,171.0,234.0,446.0,-506.0,275.0,train
5622,22_square,10,13,331.0,110.0,275.0,579.0,-56.0,469.0,train
5623,22_square,43,39,296.0,108.0,874.0,445.0,578.0,337.0,test
5624,22_square,14,60,127.0,184.0,307.0,237.0,180.0,53.0,train
5625,22_square,0,22,704.0,436.0,760.0,782.0,56.0,346.0,test
5626,22_square,24,46,312.0,115.0,273.0,315.0,-39.0,200.0,train
5627,22_square,8,68,294.0,262.0,361.0,385.0,67.0,123.0,test
5628,22_square,20,41,364.0,235.0,299.0,624.0,-65.0,389.0,val
5629,22_square,42,35,252.0,197.0,483.0,287.0,231.0,90.0,train
5630,22_square,63,54,523.0,713.0,420.0,716.0,-103.0,3.0,train
5631,22_square,45,65,815.0,187.0,813.0,576.0,-2.0,389.0,train
5632,22_square,26,5,825.0,401.0,877.0,772.0,52.0,371.0,train
5633,22_square,0,23,712.0,894.0,540.0,522.0,-172.0,-372.0,val
5634,22_square,44,50,621.0,136.0,841.0,483.0,220.0,347.0,train
5635,22_square,65,63,512.0,306.0,363.0,401.0,-149.0,95.0,val
5636,22_square,53,27,547.0,744.0,705.0,604.0,158.0,-140.0,val
5637,22_square,61,1,877.0,608.0,493.0,690.0,-384.0,82.0,train
5638,22_square,65,41,615.0,228.0,265.0,655.0,-350.0,427.0,train
5639,22_square,9,31,471.0,640.0,733.0,211.0,262.0,-429.0,test
5640,22_square,48,61,128.0,548.0,900.0,360.0,772.0,-188.0,train
5641,22_square,68,63,698.0,586.0,867.0,649.0,169.0,63.0,train
5642,22_square,0,9,412.0,730.0,268.0,417.0,-144.0,-313.0,val
5643,22_square,33,46,525.0,857.0,308.0,732.0,-217.0,-125.0,train
5644,22_square,7,1,697.0,574.0,815.0,375.0,118.0,-199.0,train
5645,22_square,9,62,600.0,731.0,529.0,879.0,-71.0,148.0,train
5646,22_square,38,6,652.0,834.0,683.0,684.0,31.0,-150.0,train
5647,22_square,68,31,453.0,462.0,622.0,157.0,169.0,-305.0,train
5648,22_square,9,21,830.0,862.0,277.0,336.0,-553.0,-526.0,train
5649,22_square,49,25,668.0,103.0,451.0,337.0,-217.0,234.0,train
5650,22_square,58,6,634.0,183.0,127.0,348.0,-507.0,165.0,train
5651,22_square,41,65,153.0,299.0,142.0,348.0,-11.0,49.0,train
5652,22_square,49,56,228.0,662.0,809.0,526.0,581.0,-136.0,train
5653,22_square,40,65,103.0,162.0,694.0,278.0,591.0,116.0,val
5654,22_square,12,34,233.0,827.0,295.0,587.0,62.0,-240.0,train
5655,22_square,54,63,829.0,604.0,280.0,367.0,-549.0,-237.0,test
5656,22_square,29,29,301.0,453.0,672.0,780.0,371.0,327.0,train
5657,22_square,8,39,265.0,593.0,216.0,629.0,-49.0,36.0,val
5658,22_square,5,47,749.0,426.0,356.0,343.0,-393.0,-83.0,train
5659,22_square,4,23,406.0,453.0,650.0,311.0,244.0,-142.0,val
5660,22_square,56,53,769.0,217.0,785.0,185.0,16.0,-32.0,test
5661,22_square,42,2,316.0,833.0,102.0,189.0,-214.0,-644.0,train
5662,22_square,21,45,295.0,410.0,586.0,862.0,291.0,452.0,val
5663,22_square,56,36,514.0,822.0,900.0,364.0,386.0,-458.0,test
5664,22_square,26,52,828.0,748.0,517.0,515.0,-311.0,-233.0,train
5665,22_square,31,22,894.0,367.0,745.0,326.0,-149.0,-41.0,train
5666,22_square,56,42,241.0,429.0,112.0,513.0,-129.0,84.0,train
5667,22_square,9,27,877.0,878.0,761.0,280.0,-116.0,-598.0,train
5668,22_square,53,34,250.0,313.0,232.0,584.0,-18.0,271.0,train
5669,22_square,33,56,528.0,141.0,206.0,439.0,-322.0,298.0,train
5670,22_square,46,10,486.0,449.0,450.0,134.0,-36.0,-315.0,train
5671,22_square,3,42,498.0,547.0,200.0,700.0,-298.0,153.0,train
5672,22_square,4,28,891.0,175.0,786.0,793.0,-105.0,618.0,train
5673,22_square,30,41,708.0,772.0,354.0,448.0,-354.0,-324.0,train
5674,22_square,7,41,380.0,204.0,205.0,229.0,-175.0,25.0,train
5675,22_square,55,29,548.0,426.0,836.0,456.0,288.0,30.0,val
5676,22_square,49,10,458.0,461.0,246.0,884.0,-212.0,423.0,train
5677,22_square,21,46,675.0,500.0,134.0,718.0,-541.0,218.0,test
5678,22_square,14,60,741.0,510.0,176.0,673.0,-565.0,163.0,test
5679,22_square,67,7,451.0,651.0,597.0,695.0,146.0,44.0,train
5680,22_square,33,23,823.0,835.0,746.0,567.0,-77.0,-268.0,train
5681,22_square,40,29,855.0,650.0,138.0,892.0,-717.0,242.0,train
5682,22_square,41,34,261.0,894.0,630.0,216.0,369.0,-678.0,val
5683,22_square,37,41,782.0,334.0,514.0,315.0,-268.0,-19.0,val
5684,22_square,28,31,752.0,231.0,524.0,558.0,-228.0,327.0,val
5685,22_square,36,62,184.0,210.0,608.0,389.0,424.0,179.0,train
5686,22_square,5,36,330.0,529.0,497.0,135.0,167.0,-394.0,train
5687,22_square,19,7,516.0,563.0,560.0,380.0,44.0,-183.0,train
5688,22_square,62,47,827.0,614.0,422.0,637.0,-405.0,23.0,train
5689,22_square,22,64,635.0,239.0,196.0,233.0,-439.0,-6.0,train
5690,22_square,49,55,345.0,852.0,103.0,129.0,-242.0,-723.0,train
5691,22_square,30,42,774.0,206.0,882.0,659.0,108.0,453.0,train
5692,22_square,28,55,237.0,815.0,873.0,867.0,636.0,52.0,train
5693,22_square,28,56,536.0,713.0,438.0,363.0,-98.0,-350.0,train
5694,22_square,26,29,585.0,138.0,812.0,314.0,227.0,176.0,train
5695,22_square,68,15,874.0,467.0,443.0,419.0,-431.0,-48.0,train
5696,22_square,58,66,605.0,803.0,542.0,575.0,-63.0,-228.0,test
5697,22_square,36,37,295.0,741.0,843.0,118.0,548.0,-623.0,train
5698,22_square,32,48,241.0,766.0,313.0,465.0,72.0,-301.0,train
5699,22_square,8,46,737.0,615.0,517.0,717.0,-220.0,102.0,train
5700,22_square,64,25,672.0,169.0,672.0,529.0,0.0,360.0,train
5701,22_square,23,63,260.0,762.0,555.0,187.0,295.0,-575.0,train
5702,22_square,39,59,867.0,753.0,260.0,272.0,-607.0,-481.0,train
5703,22_square,3,25,239.0,510.0,795.0,618.0,556.0,108.0,val
5704,22_square,33,22,583.0,120.0,844.0,153.0,261.0,33.0,train
5705,22_square,30,26,310.0,337.0,894.0,119.0,584.0,-218.0,train
5706,22_square,14,19,522.0,480.0,836.0,391.0,314.0,-89.0,train
5707,22_square,45,34,845.0,155.0,427.0,850.0,-418.0,695.0,train
5708,22_square,11,2,891.0,539.0,217.0,366.0,-674.0,-173.0,test
5709,22_square,51,63,484.0,738.0,876.0,215.0,392.0,-523.0,train
5710,22_square,37,31,390.0,201.0,584.0,451.0,194.0,250.0,val
5711,22_square,45,58,492.0,787.0,161.0,698.0,-331.0,-89.0,train
5712,22_square,67,20,227.0,327.0,403.0,594.0,176.0,267.0,train
5713,22_square,46,28,637.0,803.0,471.0,348.0,-166.0,-455.0,train
5714,22_square,34,62,542.0,898.0,695.0,704.0,153.0,-194.0,train
5715,22_square,9,38,729.0,132.0,767.0,174.0,38.0,42.0,train
5716,22_square,29,18,362.0,119.0,156.0,458.0,-206.0,339.0,train
5717,22_square,61,48,546.0,752.0,491.0,126.0,-55.0,-626.0,test
5718,22_square,52,34,541.0,520.0,251.0,367.0,-290.0,-153.0,train
5719,22_square,58,36,551.0,756.0,369.0,851.0,-182.0,95.0,train
5720,22_square,64,33,187.0,810.0,752.0,128.0,565.0,-682.0,train
5721,22_square,10,46,383.0,474.0,300.0,770.0,-83.0,296.0,train
5722,22_square,58,56,627.0,424.0,889.0,782.0,262.0,358.0,train
5723,22_square,33,67,647.0,771.0,820.0,828.0,173.0,57.0,train
5724,22_square,18,49,290.0,665.0,679.0,363.0,389.0,-302.0,train
5725,22_square,37,49,567.0,576.0,131.0,218.0,-436.0,-358.0,train
5726,22_square,54,13,239.0,452.0,314.0,342.0,75.0,-110.0,train
5727,22_square,2,9,332.0,719.0,679.0,139.0,347.0,-580.0,train
5728,22_square,63,18,393.0,252.0,817.0,589.0,424.0,337.0,train
5729,22_square,5,26,701.0,660.0,521.0,898.0,-180.0,238.0,val
5730,22_square,12,2,659.0,293.0,310.0,501.0,-349.0,208.0,train
5731,22_square,44,68,225.0,855.0,791.0,741.0,566.0,-114.0,train
5732,22_square,67,27,591.0,841.0,190.0,622.0,-401.0,-219.0,train
5733,22_square,39,20,374.0,145.0,646.0,560.0,272.0,415.0,train
5734,22_square,17,66,642.0,533.0,298.0,342.0,-344.0,-191.0,train
5735,22_square,66,9,407.0,262.0,887.0,634.0,480.0,372.0,train
5736,22_square,56,13,252.0,680.0,239.0,582.0,-13.0,-98.0,train
5737,22_square,51,38,783.0,604.0,812.0,399.0,29.0,-205.0,val
5738,22_square,62,39,846.0,401.0,263.0,138.0,-583.0,-263.0,train
5739,22_square,41,47,774.0,526.0,173.0,622.0,-601.0,96.0,train
5740,22_square,54,15,725.0,111.0,345.0,722.0,-380.0,611.0,test
5741,22_square,62,51,143.0,482.0,664.0,595.0,521.0,113.0,train
5742,22_square,10,32,275.0,699.0,825.0,540.0,550.0,-159.0,val
5743,22_square,63,5,109.0,541.0,494.0,541.0,385.0,0.0,train
5744,22_square,50,55,625.0,587.0,546.0,451.0,-79.0,-136.0,train
5745,22_square,36,51,113.0,105.0,160.0,843.0,47.0,738.0,train
5746,22_square,41,51,350.0,325.0,807.0,634.0,457.0,309.0,test
5747,22_square,62,31,745.0,809.0,394.0,171.0,-351.0,-638.0,test
5748,22_square,60,27,465.0,314.0,186.0,770.0,-279.0,456.0,train
5749,22_square,58,57,176.0,211.0,590.0,664.0,414.0,453.0,train
5750,22_square,0,11,185.0,518.0,295.0,814.0,110.0,296.0,train
5751,22_square,7,7,349.0,247.0,630.0,717.0,281.0,470.0,test
5752,22_square,27,64,556.0,843.0,271.0,840.0,-285.0,-3.0,val
5753,22_square,16,18,425.0,600.0,712.0,328.0,287.0,-272.0,train
5754,22_square,58,21,646.0,204.0,701.0,289.0,55.0,85.0,test
5755,22_square,68,64,474.0,441.0,279.0,214.0,-195.0,-227.0,train
5756,22_square,5,33,388.0,497.0,345.0,277.0,-43.0,-220.0,train
5757,22_square,58,65,517.0,827.0,758.0,481.0,241.0,-346.0,train
5758,22_square,9,12,870.0,844.0,866.0,823.0,-4.0,-21.0,train
5759,22_square,27,44,482.0,678.0,119.0,650.0,-363.0,-28.0,train
5760,22_square,6,25,122.0,195.0,279.0,266.0,157.0,71.0,train
5761,22_square,46,20,746.0,123.0,499.0,630.0,-247.0,507.0,train
5762,22_square,64,63,204.0,758.0,295.0,552.0,91.0,-206.0,test
5763,22_square,33,20,312.0,129.0,208.0,140.0,-104.0,11.0,train
5764,22_square,3,48,413.0,720.0,620.0,108.0,207.0,-612.0,train
5765,22_square,17,66,349.0,675.0,486.0,306.0,137.0,-369.0,train
5766,22_square,31,64,827.0,187.0,370.0,346.0,-457.0,159.0,train
5767,22_square,6,4,555.0,484.0,761.0,253.0,206.0,-231.0,train
5768,22_square,13,38,494.0,165.0,173.0,574.0,-321.0,409.0,test
5769,22_square,41,60,313.0,187.0,733.0,863.0,420.0,676.0,train
5770,22_square,16,39,878.0,815.0,224.0,852.0,-654.0,37.0,train
5771,22_square,34,27,572.0,164.0,573.0,328.0,1.0,164.0,train
5772,22_square,64,51,520.0,673.0,739.0,168.0,219.0,-505.0,test
5773,22_square,37,33,899.0,590.0,359.0,813.0,-540.0,223.0,train
5774,22_square,56,25,339.0,850.0,503.0,603.0,164.0,-247.0,train
5775,22_square,49,10,708.0,254.0,571.0,872.0,-137.0,618.0,val
5776,22_square,15,13,260.0,346.0,875.0,884.0,615.0,538.0,train
5777,22_square,48,33,722.0,186.0,872.0,793.0,150.0,607.0,train
5778,22_square,46,2,875.0,367.0,213.0,383.0,-662.0,16.0,train
5779,22_square,66,31,131.0,612.0,391.0,699.0,260.0,87.0,test
5780,22_square,54,41,779.0,681.0,608.0,115.0,-171.0,-566.0,train
5781,22_square,11,59,105.0,425.0,416.0,187.0,311.0,-238.0,train
5782,22_square,47,4,374.0,332.0,579.0,423.0,205.0,91.0,train
5783,22_square,19,35,649.0,484.0,899.0,367.0,250.0,-117.0,train
5784,22_square,7,15,213.0,491.0,763.0,328.0,550.0,-163.0,train
5785,22_square,68,5,667.0,555.0,407.0,138.0,-260.0,-417.0,train
5786,22_square,56,63,358.0,727.0,295.0,425.0,-63.0,-302.0,train
5787,22_square,35,58,343.0,433.0,522.0,465.0,179.0,32.0,train
5788,22_square,65,31,209.0,707.0,893.0,654.0,684.0,-53.0,train
5789,22_square,6,36,752.0,251.0,830.0,741.0,78.0,490.0,train
5790,22_square,16,6,282.0,735.0,207.0,154.0,-75.0,-581.0,train
5791,22_square,37,47,370.0,841.0,200.0,360.0,-170.0,-481.0,train
5792,22_square,58,54,194.0,199.0,543.0,793.0,349.0,594.0,train
5793,22_square,58,0,864.0,528.0,610.0,559.0,-254.0,31.0,train
5794,22_square,5,28,522.0,590.0,727.0,824.0,205.0,234.0,train
5795,22_square,17,59,112.0,874.0,352.0,559.0,240.0,-315.0,train
5796,22_square,5,65,360.0,576.0,661.0,473.0,301.0,-103.0,train
5797,22_square,38,21,268.0,727.0,239.0,761.0,-29.0,34.0,train
5798,22_square,15,28,625.0,345.0,121.0,395.0,-504.0,50.0,val
5799,22_square,11,30,745.0,309.0,323.0,750.0,-422.0,441.0,train
5800,25_square,15,42,751.0,708.0,882.0,605.0,131.0,-103.0,train
5801,25_square,64,62,464.0,209.0,856.0,822.0,392.0,613.0,train
5802,25_square,65,28,289.0,633.0,576.0,711.0,287.0,78.0,test
5803,25_square,39,49,424.0,439.0,410.0,284.0,-14.0,-155.0,val
5804,25_square,57,18,580.0,102.0,451.0,388.0,-129.0,286.0,train
5805,25_square,44,68,361.0,778.0,165.0,205.0,-196.0,-573.0,train
5806,25_square,26,20,719.0,712.0,708.0,790.0,-11.0,78.0,train
5807,25_square,28,23,663.0,551.0,253.0,467.0,-410.0,-84.0,train
5808,25_square,32,29,282.0,788.0,655.0,845.0,373.0,57.0,val
5809,25_square,37,45,485.0,456.0,395.0,519.0,-90.0,63.0,test
5810,25_square,27,66,473.0,484.0,177.0,725.0,-296.0,241.0,train
5811,25_square,12,61,789.0,228.0,309.0,399.0,-480.0,171.0,test
5812,25_square,35,22,111.0,157.0,532.0,195.0,421.0,38.0,train
5813,25_square,1,48,408.0,646.0,116.0,279.0,-292.0,-367.0,train
5814,25_square,45,42,573.0,168.0,666.0,890.0,93.0,722.0,train
5815,25_square,19,45,411.0,148.0,460.0,706.0,49.0,558.0,val
5816,25_square,63,61,648.0,874.0,400.0,566.0,-248.0,-308.0,train
5817,25_square,18,51,296.0,824.0,856.0,261.0,560.0,-563.0,train
5818,25_square,59,54,152.0,283.0,367.0,421.0,215.0,138.0,train
5819,25_square,37,63,890.0,731.0,290.0,254.0,-600.0,-477.0,val
5820,25_square,7,61,152.0,480.0,301.0,795.0,149.0,315.0,val
5821,25_square,32,50,525.0,846.0,633.0,161.0,108.0,-685.0,train
5822,25_square,37,49,737.0,386.0,817.0,354.0,80.0,-32.0,train
5823,25_square,23,24,279.0,342.0,204.0,777.0,-75.0,435.0,train
5824,25_square,52,5,166.0,663.0,666.0,531.0,500.0,-132.0,train
5825,25_square,48,25,115.0,373.0,764.0,330.0,649.0,-43.0,train
5826,25_square,50,34,360.0,549.0,695.0,173.0,335.0,-376.0,train
5827,25_square,7,65,518.0,752.0,609.0,455.0,91.0,-297.0,train
5828,25_square,23,18,550.0,376.0,877.0,118.0,327.0,-258.0,train
5829,25_square,39,13,588.0,209.0,500.0,714.0,-88.0,505.0,train
5830,25_square,16,20,799.0,227.0,713.0,125.0,-86.0,-102.0,train
5831,25_square,0,54,870.0,467.0,673.0,591.0,-197.0,124.0,train
5832,25_square,24,36,893.0,843.0,129.0,566.0,-764.0,-277.0,train
5833,25_square,25,51,335.0,850.0,370.0,714.0,35.0,-136.0,train
5834,25_square,28,58,423.0,366.0,575.0,141.0,152.0,-225.0,train
5835,25_square,0,25,153.0,686.0,799.0,654.0,646.0,-32.0,val
5836,25_square,64,36,258.0,507.0,158.0,840.0,-100.0,333.0,train
5837,25_square,14,66,265.0,240.0,406.0,521.0,141.0,281.0,train
5838,25_square,67,7,662.0,674.0,751.0,660.0,89.0,-14.0,test
5839,25_square,53,36,625.0,500.0,110.0,268.0,-515.0,-232.0,test
5840,25_square,43,46,569.0,239.0,291.0,803.0,-278.0,564.0,test
5841,25_square,47,52,287.0,848.0,836.0,193.0,549.0,-655.0,train
5842,25_square,24,24,413.0,155.0,256.0,621.0,-157.0,466.0,train
5843,25_square,34,63,105.0,223.0,503.0,680.0,398.0,457.0,test
5844,25_square,41,45,578.0,555.0,415.0,479.0,-163.0,-76.0,train
5845,25_square,24,62,717.0,212.0,180.0,822.0,-537.0,610.0,train
5846,25_square,57,20,746.0,817.0,409.0,312.0,-337.0,-505.0,train
5847,25_square,6,33,606.0,581.0,663.0,253.0,57.0,-328.0,train
5848,25_square,63,28,355.0,197.0,228.0,574.0,-127.0,377.0,train
5849,25_square,18,2,783.0,405.0,579.0,880.0,-204.0,475.0,train
5850,25_square,39,17,272.0,206.0,176.0,353.0,-96.0,147.0,train
5851,25_square,53,1,101.0,207.0,187.0,654.0,86.0,447.0,test
5852,25_square,5,65,887.0,677.0,362.0,151.0,-525.0,-526.0,train
5853,25_square,38,45,830.0,260.0,491.0,479.0,-339.0,219.0,train
5854,25_square,3,39,578.0,307.0,487.0,269.0,-91.0,-38.0,train
5855,25_square,66,21,674.0,444.0,757.0,876.0,83.0,432.0,test
5856,25_square,52,30,513.0,147.0,723.0,560.0,210.0,413.0,train
5857,25_square,51,45,106.0,757.0,494.0,598.0,388.0,-159.0,train
5858,25_square,44,4,453.0,326.0,355.0,605.0,-98.0,279.0,train
5859,25_square,22,16,334.0,305.0,654.0,612.0,320.0,307.0,test
5860,25_square,11,21,365.0,856.0,146.0,518.0,-219.0,-338.0,train
5861,25_square,37,30,398.0,501.0,157.0,583.0,-241.0,82.0,test
5862,25_square,0,8,715.0,243.0,885.0,852.0,170.0,609.0,train
5863,25_square,44,39,411.0,865.0,749.0,398.0,338.0,-467.0,train
5864,25_square,28,13,746.0,890.0,333.0,668.0,-413.0,-222.0,train
5865,25_square,55,31,359.0,726.0,818.0,195.0,459.0,-531.0,val
5866,25_square,67,26,772.0,257.0,396.0,223.0,-376.0,-34.0,train
5867,25_square,59,23,586.0,711.0,717.0,166.0,131.0,-545.0,train
5868,25_square,35,44,679.0,855.0,592.0,786.0,-87.0,-69.0,train
5869,25_square,56,2,481.0,677.0,510.0,804.0,29.0,127.0,train
5870,25_square,42,49,101.0,476.0,368.0,839.0,267.0,363.0,train
5871,25_square,15,31,644.0,530.0,245.0,124.0,-399.0,-406.0,train
5872,25_square,32,44,534.0,686.0,740.0,544.0,206.0,-142.0,train
5873,25_square,3,33,198.0,707.0,513.0,312.0,315.0,-395.0,train
5874,25_square,64,68,127.0,284.0,548.0,233.0,421.0,-51.0,val
5875,25_square,29,25,587.0,242.0,336.0,625.0,-251.0,383.0,train
5876,25_square,4,36,270.0,442.0,549.0,486.0,279.0,44.0,train
5877,25_square,68,50,755.0,882.0,346.0,259.0,-409.0,-623.0,train
5878,25_square,13,7,275.0,277.0,478.0,220.0,203.0,-57.0,val
5879,25_square,13,23,863.0,556.0,340.0,169.0,-523.0,-387.0,test
5880,25_square,58,0,547.0,338.0,460.0,394.0,-87.0,56.0,train
5881,25_square,60,62,493.0,659.0,261.0,371.0,-232.0,-288.0,train
5882,25_square,8,9,207.0,616.0,613.0,787.0,406.0,171.0,train
5883,25_square,19,61,674.0,233.0,900.0,528.0,226.0,295.0,train
5884,25_square,48,55,447.0,529.0,614.0,321.0,167.0,-208.0,train
5885,25_square,50,36,633.0,419.0,181.0,878.0,-452.0,459.0,train
5886,25_square,37,47,579.0,869.0,301.0,211.0,-278.0,-658.0,train
5887,25_square,30,4,540.0,494.0,362.0,692.0,-178.0,198.0,train
5888,25_square,16,51,422.0,612.0,802.0,721.0,380.0,109.0,train
5889,25_square,45,27,337.0,193.0,809.0,534.0,472.0,341.0,train
5890,25_square,16,23,849.0,437.0,555.0,145.0,-294.0,-292.0,train
5891,25_square,43,67,511.0,610.0,370.0,868.0,-141.0,258.0,train
5892,25_square,49,44,267.0,679.0,145.0,827.0,-122.0,148.0,train
5893,25_square,67,14,515.0,672.0,539.0,304.0,24.0,-368.0,train
5894,25_square,17,10,369.0,316.0,793.0,769.0,424.0,453.0,train
5895,25_square,9,2,267.0,612.0,659.0,543.0,392.0,-69.0,train
5896,25_square,50,30,162.0,507.0,396.0,370.0,234.0,-137.0,train
5897,25_square,31,32,439.0,197.0,477.0,276.0,38.0,79.0,train
5898,25_square,19,35,656.0,435.0,237.0,389.0,-419.0,-46.0,val
5899,25_square,23,25,240.0,257.0,128.0,830.0,-112.0,573.0,train
5900,25_square,2,53,507.0,674.0,586.0,813.0,79.0,139.0,train
5901,25_square,58,64,599.0,284.0,778.0,367.0,179.0,83.0,val
5902,25_square,49,47,470.0,755.0,467.0,392.0,-3.0,-363.0,train
5903,25_square,68,33,224.0,145.0,676.0,506.0,452.0,361.0,train
5904,25_square,1,54,465.0,869.0,223.0,686.0,-242.0,-183.0,train
5905,25_square,13,62,440.0,366.0,235.0,228.0,-205.0,-138.0,val
5906,25_square,38,60,156.0,454.0,435.0,480.0,279.0,26.0,train
5907,25_square,34,20,132.0,609.0,142.0,154.0,10.0,-455.0,train
5908,25_square,12,2,455.0,577.0,897.0,104.0,442.0,-473.0,val
5909,25_square,25,20,588.0,247.0,328.0,172.0,-260.0,-75.0,val
5910,25_square,18,32,445.0,799.0,714.0,583.0,269.0,-216.0,train
5911,25_square,15,22,709.0,566.0,532.0,239.0,-177.0,-327.0,train
5912,25_square,61,9,439.0,480.0,782.0,482.0,343.0,2.0,test
5913,25_square,20,6,419.0,566.0,141.0,266.0,-278.0,-300.0,train
5914,25_square,17,38,452.0,900.0,517.0,399.0,65.0,-501.0,train
5915,25_square,26,0,474.0,753.0,337.0,258.0,-137.0,-495.0,train
5916,25_square,24,4,345.0,517.0,476.0,326.0,131.0,-191.0,val
5917,25_square,25,54,719.0,686.0,237.0,118.0,-482.0,-568.0,train
5918,25_square,2,57,878.0,731.0,786.0,569.0,-92.0,-162.0,val
5919,25_square,23,8,711.0,726.0,819.0,698.0,108.0,-28.0,train
5920,25_square,52,42,184.0,226.0,282.0,862.0,98.0,636.0,train
5921,25_square,32,45,188.0,263.0,230.0,896.0,42.0,633.0,train
5922,25_square,50,37,716.0,365.0,244.0,615.0,-472.0,250.0,val
5923,25_square,46,19,393.0,890.0,736.0,198.0,343.0,-692.0,train
5924,25_square,41,50,680.0,374.0,557.0,132.0,-123.0,-242.0,train
5925,25_square,47,23,608.0,639.0,654.0,130.0,46.0,-509.0,train
5926,25_square,57,6,436.0,577.0,831.0,352.0,395.0,-225.0,train
5927,25_square,47,16,585.0,540.0,522.0,206.0,-63.0,-334.0,val
5928,25_square,38,58,156.0,801.0,898.0,234.0,742.0,-567.0,train
5929,25_square,51,29,644.0,702.0,352.0,574.0,-292.0,-128.0,train
5930,25_square,32,68,236.0,146.0,794.0,655.0,558.0,509.0,train
5931,25_square,59,26,689.0,868.0,165.0,204.0,-524.0,-664.0,train
5932,25_square,66,38,847.0,522.0,452.0,845.0,-395.0,323.0,test
5933,25_square,55,54,177.0,442.0,713.0,383.0,536.0,-59.0,train
5934,25_square,33,43,386.0,577.0,193.0,433.0,-193.0,-144.0,train
5935,25_square,52,29,742.0,282.0,130.0,587.0,-612.0,305.0,train
5936,25_square,51,34,732.0,678.0,820.0,550.0,88.0,-128.0,train
5937,25_square,27,40,468.0,210.0,704.0,595.0,236.0,385.0,val
5938,25_square,47,55,127.0,696.0,630.0,165.0,503.0,-531.0,train
5939,25_square,18,47,527.0,703.0,504.0,812.0,-23.0,109.0,test
5940,25_square,67,29,171.0,614.0,362.0,259.0,191.0,-355.0,train
5941,25_square,28,39,338.0,157.0,618.0,556.0,280.0,399.0,train
5942,25_square,53,0,609.0,402.0,573.0,875.0,-36.0,473.0,train
5943,25_square,54,32,852.0,183.0,338.0,351.0,-514.0,168.0,train
5944,25_square,46,55,708.0,494.0,516.0,502.0,-192.0,8.0,train
5945,25_square,38,47,644.0,422.0,264.0,359.0,-380.0,-63.0,train
5946,25_square,45,55,898.0,665.0,254.0,457.0,-644.0,-208.0,val
5947,25_square,41,7,628.0,290.0,428.0,881.0,-200.0,591.0,test
5948,25_square,15,21,435.0,262.0,269.0,465.0,-166.0,203.0,test
5949,25_square,24,60,166.0,673.0,244.0,248.0,78.0,-425.0,train
5950,25_square,1,8,530.0,331.0,348.0,609.0,-182.0,278.0,train
5951,25_square,8,53,571.0,717.0,768.0,671.0,197.0,-46.0,train
5952,25_square,51,11,888.0,503.0,155.0,267.0,-733.0,-236.0,train
5953,25_square,5,20,311.0,138.0,432.0,831.0,121.0,693.0,train
5954,25_square,45,67,211.0,324.0,382.0,203.0,171.0,-121.0,train
5955,25_square,43,64,173.0,565.0,354.0,484.0,181.0,-81.0,train
5956,25_square,7,41,507.0,590.0,504.0,606.0,-3.0,16.0,train
5957,25_square,12,44,845.0,238.0,376.0,850.0,-469.0,612.0,train
5958,25_square,31,48,114.0,414.0,507.0,498.0,393.0,84.0,train
5959,25_square,11,15,645.0,836.0,143.0,278.0,-502.0,-558.0,train
5960,25_square,12,25,738.0,747.0,104.0,250.0,-634.0,-497.0,train
5961,25_square,38,12,239.0,256.0,688.0,404.0,449.0,148.0,train
5962,25_square,39,9,313.0,730.0,345.0,605.0,32.0,-125.0,train
5963,25_square,54,44,143.0,619.0,369.0,504.0,226.0,-115.0,train
5964,25_square,49,19,392.0,651.0,677.0,528.0,285.0,-123.0,val
5965,25_square,23,30,646.0,323.0,838.0,564.0,192.0,241.0,test
5966,25_square,51,48,343.0,799.0,101.0,244.0,-242.0,-555.0,val
5967,25_square,5,29,711.0,145.0,153.0,536.0,-558.0,391.0,train
5968,25_square,13,60,179.0,653.0,411.0,679.0,232.0,26.0,train
5969,25_square,65,20,500.0,772.0,620.0,733.0,120.0,-39.0,train
5970,25_square,19,57,639.0,644.0,888.0,401.0,249.0,-243.0,train
5971,25_square,56,32,830.0,370.0,513.0,477.0,-317.0,107.0,train
5972,25_square,13,14,704.0,719.0,201.0,128.0,-503.0,-591.0,train
5973,25_square,10,58,113.0,862.0,650.0,660.0,537.0,-202.0,train
5974,25_square,16,15,742.0,730.0,255.0,859.0,-487.0,129.0,train
5975,25_square,48,23,637.0,393.0,374.0,147.0,-263.0,-246.0,train
5976,25_square,23,54,845.0,817.0,214.0,666.0,-631.0,-151.0,train
5977,25_square,49,8,749.0,454.0,628.0,319.0,-121.0,-135.0,train
5978,25_square,58,62,728.0,184.0,669.0,819.0,-59.0,635.0,train
5979,25_square,48,43,333.0,206.0,388.0,257.0,55.0,51.0,train
5980,25_square,48,22,238.0,418.0,872.0,277.0,634.0,-141.0,train
5981,25_square,9,7,583.0,314.0,213.0,296.0,-370.0,-18.0,val
5982,25_square,20,0,630.0,739.0,744.0,103.0,114.0,-636.0,train
5983,25_square,10,56,577.0,647.0,865.0,857.0,288.0,210.0,train
5984,25_square,16,25,745.0,492.0,862.0,705.0,117.0,213.0,train
5985,25_square,45,49,351.0,454.0,487.0,519.0,136.0,65.0,train
5986,25_square,16,51,384.0,448.0,291.0,706.0,-93.0,258.0,train
5987,25_square,8,60,835.0,378.0,514.0,616.0,-321.0,238.0,train
5988,25_square,37,47,610.0,326.0,107.0,112.0,-503.0,-214.0,train
5989,25_square,35,60,181.0,558.0,577.0,345.0,396.0,-213.0,train
5990,25_square,6,19,229.0,581.0,803.0,183.0,574.0,-398.0,train
5991,25_square,36,29,365.0,374.0,399.0,283.0,34.0,-91.0,train
5992,25_square,23,2,373.0,749.0,320.0,155.0,-53.0,-594.0,train
5993,25_square,44,9,199.0,762.0,687.0,428.0,488.0,-334.0,train
5994,25_square,21,59,469.0,207.0,481.0,389.0,12.0,182.0,val
5995,25_square,36,17,323.0,314.0,889.0,696.0,566.0,382.0,train
5996,25_square,65,48,767.0,218.0,888.0,759.0,121.0,541.0,val
5997,25_square,36,54,899.0,661.0,633.0,466.0,-266.0,-195.0,train
5998,25_square,64,3,849.0,864.0,265.0,865.0,-584.0,1.0,train
5999,25_square,3,45,864.0,758.0,731.0,164.0,-133.0,-594.0,train
