sample_id,map_id,map_crop_x,map_crop_y,cur_tile_x,cur_tile_y,tar_tile_x,tar_tile_y,vector_dx,vector_dy,split
0,10_square,0,0,480.0,860.0,643.0,448.0,163.0,-412.0,train
1,10_square,0,0,617.0,108.0,856.0,533.0,239.0,425.0,test
2,10_square,0,0,327.0,688.0,231.0,802.0,-96.0,114.0,test
3,10_square,0,0,385.0,838.0,898.0,786.0,513.0,-52.0,train
4,10_square,0,0,703.0,267.0,179.0,651.0,-524.0,384.0,train
5,10_square,0,0,618.0,447.0,520.0,283.0,-98.0,-164.0,train
6,10_square,0,0,725.0,346.0,814.0,555.0,89.0,209.0,val
7,10_square,0,0,588.0,198.0,462.0,316.0,-126.0,118.0,train
8,10_square,0,0,828.0,453.0,752.0,684.0,-76.0,231.0,val
9,10_square,0,0,610.0,726.0,687.0,732.0,77.0,6.0,train
10,10_square,0,0,102.0,838.0,840.0,851.0,738.0,13.0,train
11,10_square,0,0,333.0,345.0,379.0,236.0,46.0,-109.0,train
12,10_square,0,0,776.0,667.0,861.0,799.0,85.0,132.0,test
13,10_square,0,0,314.0,319.0,535.0,587.0,221.0,268.0,val
14,10_square,0,0,448.0,887.0,693.0,281.0,245.0,-606.0,train
15,10_square,0,0,380.0,153.0,719.0,708.0,339.0,555.0,train
16,10_square,0,0,633.0,163.0,444.0,494.0,-189.0,331.0,train
17,10_square,0,0,275.0,704.0,754.0,755.0,479.0,51.0,train
18,10_square,0,0,305.0,474.0,502.0,811.0,197.0,337.0,train
19,10_square,0,0,500.0,457.0,841.0,510.0,341.0,53.0,test
20,10_square,0,0,487.0,570.0,593.0,269.0,106.0,-301.0,train
21,10_square,0,0,749.0,430.0,273.0,197.0,-476.0,-233.0,train
22,10_square,0,0,394.0,220.0,579.0,585.0,185.0,365.0,train
23,10_square,0,0,370.0,414.0,140.0,769.0,-230.0,355.0,test
24,10_square,0,0,211.0,584.0,132.0,804.0,-79.0,220.0,test
25,10_square,0,0,123.0,498.0,449.0,186.0,326.0,-312.0,train
26,10_square,0,0,891.0,751.0,712.0,256.0,-179.0,-495.0,train
27,10_square,0,0,178.0,457.0,228.0,263.0,50.0,-194.0,train
28,10_square,0,0,321.0,356.0,286.0,585.0,-35.0,229.0,train
29,10_square,0,0,839.0,326.0,373.0,458.0,-466.0,132.0,train
30,10_square,0,0,699.0,311.0,507.0,358.0,-192.0,47.0,train
31,10_square,0,0,857.0,451.0,212.0,839.0,-645.0,388.0,train
32,10_square,0,0,656.0,507.0,684.0,866.0,28.0,359.0,train
33,10_square,0,0,798.0,674.0,300.0,400.0,-498.0,-274.0,train
34,10_square,0,0,162.0,459.0,838.0,236.0,676.0,-223.0,train
35,10_square,0,0,670.0,643.0,794.0,118.0,124.0,-525.0,train
36,10_square,0,0,495.0,561.0,385.0,174.0,-110.0,-387.0,train
37,10_square,0,0,394.0,429.0,373.0,800.0,-21.0,371.0,test
38,10_square,0,0,268.0,702.0,593.0,509.0,325.0,-193.0,train
39,10_square,0,0,427.0,140.0,384.0,692.0,-43.0,552.0,test
40,10_square,0,0,669.0,398.0,415.0,116.0,-254.0,-282.0,train
41,10_square,0,0,735.0,455.0,549.0,360.0,-186.0,-95.0,train
42,10_square,0,0,404.0,845.0,703.0,308.0,299.0,-537.0,test
43,10_square,0,0,504.0,778.0,680.0,506.0,176.0,-272.0,train
44,10_square,0,0,477.0,858.0,363.0,135.0,-114.0,-723.0,train
45,10_square,0,0,502.0,164.0,820.0,263.0,318.0,99.0,train
46,10_square,0,0,838.0,322.0,264.0,432.0,-574.0,110.0,test
47,10_square,0,0,141.0,103.0,860.0,635.0,719.0,532.0,train
48,10_square,0,0,164.0,411.0,867.0,402.0,703.0,-9.0,train
49,10_square,0,0,310.0,392.0,724.0,462.0,414.0,70.0,train
50,10_square,0,0,137.0,501.0,383.0,877.0,246.0,376.0,train
51,10_square,0,0,467.0,585.0,277.0,530.0,-190.0,-55.0,train
52,10_square,0,0,569.0,472.0,437.0,329.0,-132.0,-143.0,train
53,10_square,0,0,482.0,553.0,255.0,171.0,-227.0,-382.0,train
54,10_square,0,0,349.0,748.0,472.0,711.0,123.0,-37.0,train
55,10_square,0,0,290.0,633.0,117.0,300.0,-173.0,-333.0,train
56,10_square,0,0,646.0,824.0,481.0,801.0,-165.0,-23.0,test
57,10_square,0,0,174.0,190.0,227.0,531.0,53.0,341.0,train
58,10_square,0,0,368.0,129.0,173.0,847.0,-195.0,718.0,train
59,10_square,0,0,150.0,882.0,798.0,656.0,648.0,-226.0,train
60,10_square,0,0,565.0,491.0,621.0,820.0,56.0,329.0,train
61,10_square,0,0,242.0,686.0,105.0,782.0,-137.0,96.0,train
62,10_square,0,0,661.0,593.0,754.0,832.0,93.0,239.0,train
63,10_square,0,0,341.0,605.0,456.0,264.0,115.0,-341.0,train
64,10_square,0,0,241.0,605.0,137.0,297.0,-104.0,-308.0,train
65,10_square,0,0,613.0,338.0,240.0,614.0,-373.0,276.0,train
66,10_square,0,0,647.0,296.0,267.0,462.0,-380.0,166.0,test
67,10_square,0,0,129.0,876.0,240.0,839.0,111.0,-37.0,train
68,10_square,0,0,111.0,433.0,244.0,422.0,133.0,-11.0,train
69,10_square,0,0,203.0,639.0,702.0,240.0,499.0,-399.0,train
70,10_square,0,0,670.0,593.0,213.0,175.0,-457.0,-418.0,train
71,10_square,0,0,181.0,725.0,704.0,269.0,523.0,-456.0,train
72,10_square,0,0,303.0,471.0,483.0,758.0,180.0,287.0,train
73,10_square,0,0,451.0,372.0,429.0,357.0,-22.0,-15.0,train
74,10_square,0,0,453.0,575.0,445.0,557.0,-8.0,-18.0,train
75,10_square,0,0,450.0,551.0,669.0,176.0,219.0,-375.0,train
76,10_square,0,0,669.0,377.0,493.0,159.0,-176.0,-218.0,train
77,10_square,0,0,335.0,767.0,448.0,797.0,113.0,30.0,train
78,10_square,0,0,740.0,848.0,641.0,702.0,-99.0,-146.0,train
79,10_square,0,0,377.0,184.0,518.0,732.0,141.0,548.0,train
80,10_square,0,0,831.0,744.0,100.0,448.0,-731.0,-296.0,train
81,10_square,0,0,791.0,869.0,642.0,432.0,-149.0,-437.0,train
82,10_square,0,0,775.0,154.0,239.0,676.0,-536.0,522.0,val
83,10_square,0,0,754.0,831.0,517.0,327.0,-237.0,-504.0,train
84,10_square,0,0,395.0,482.0,109.0,130.0,-286.0,-352.0,train
85,10_square,0,0,180.0,213.0,224.0,596.0,44.0,383.0,train
86,10_square,0,0,233.0,177.0,255.0,254.0,22.0,77.0,val
87,10_square,0,0,467.0,871.0,310.0,578.0,-157.0,-293.0,train
88,10_square,0,0,721.0,106.0,586.0,594.0,-135.0,488.0,train
89,10_square,0,0,764.0,529.0,879.0,440.0,115.0,-89.0,train
90,10_square,0,0,518.0,438.0,653.0,134.0,135.0,-304.0,test
91,10_square,0,0,273.0,383.0,432.0,343.0,159.0,-40.0,train
92,10_square,0,0,499.0,782.0,281.0,597.0,-218.0,-185.0,val
93,10_square,0,0,304.0,581.0,461.0,474.0,157.0,-107.0,train
94,10_square,0,0,277.0,523.0,677.0,238.0,400.0,-285.0,test
95,10_square,0,0,578.0,702.0,797.0,394.0,219.0,-308.0,test
96,10_square,0,0,860.0,139.0,620.0,253.0,-240.0,114.0,train
97,10_square,0,0,364.0,585.0,440.0,687.0,76.0,102.0,val
98,10_square,0,0,437.0,266.0,132.0,781.0,-305.0,515.0,train
99,10_square,0,0,684.0,358.0,309.0,755.0,-375.0,397.0,train
100,10_square,0,0,592.0,864.0,109.0,433.0,-483.0,-431.0,test
101,10_square,0,0,149.0,562.0,308.0,322.0,159.0,-240.0,train
102,10_square,0,0,622.0,717.0,193.0,779.0,-429.0,62.0,test
103,10_square,0,0,253.0,308.0,805.0,295.0,552.0,-13.0,train
104,10_square,0,0,846.0,777.0,699.0,630.0,-147.0,-147.0,train
105,10_square,0,0,741.0,833.0,692.0,140.0,-49.0,-693.0,train
106,10_square,0,0,466.0,452.0,834.0,440.0,368.0,-12.0,train
107,10_square,0,0,257.0,377.0,880.0,603.0,623.0,226.0,val
108,10_square,0,0,312.0,427.0,889.0,819.0,577.0,392.0,val
109,10_square,0,0,398.0,521.0,608.0,148.0,210.0,-373.0,train
110,10_square,0,0,690.0,290.0,380.0,167.0,-310.0,-123.0,train
111,10_square,0,0,361.0,815.0,166.0,228.0,-195.0,-587.0,train
112,10_square,0,0,864.0,410.0,304.0,655.0,-560.0,245.0,train
113,10_square,0,0,836.0,603.0,273.0,389.0,-563.0,-214.0,train
114,10_square,0,0,338.0,665.0,619.0,313.0,281.0,-352.0,train
115,10_square,0,0,899.0,563.0,767.0,478.0,-132.0,-85.0,train
116,10_square,0,0,626.0,721.0,633.0,855.0,7.0,134.0,val
117,10_square,0,0,360.0,113.0,290.0,520.0,-70.0,407.0,train
118,10_square,0,0,505.0,436.0,515.0,524.0,10.0,88.0,train
119,10_square,0,0,751.0,644.0,534.0,534.0,-217.0,-110.0,train
120,10_square,0,0,441.0,386.0,671.0,868.0,230.0,482.0,train
121,10_square,0,0,270.0,336.0,110.0,547.0,-160.0,211.0,train
122,10_square,0,0,846.0,234.0,434.0,675.0,-412.0,441.0,train
123,10_square,0,0,602.0,625.0,269.0,294.0,-333.0,-331.0,train
124,10_square,0,0,197.0,620.0,123.0,797.0,-74.0,177.0,test
125,10_square,0,0,846.0,847.0,431.0,568.0,-415.0,-279.0,train
126,10_square,0,0,441.0,103.0,554.0,142.0,113.0,39.0,train
127,10_square,0,0,563.0,373.0,749.0,753.0,186.0,380.0,val
128,10_square,0,0,660.0,883.0,538.0,259.0,-122.0,-624.0,train
129,10_square,0,0,320.0,194.0,703.0,714.0,383.0,520.0,train
130,10_square,0,0,137.0,193.0,486.0,647.0,349.0,454.0,train
131,10_square,0,0,737.0,444.0,709.0,156.0,-28.0,-288.0,test
132,10_square,0,0,574.0,710.0,531.0,319.0,-43.0,-391.0,train
133,10_square,0,0,155.0,496.0,655.0,297.0,500.0,-199.0,train
134,10_square,0,0,817.0,741.0,300.0,259.0,-517.0,-482.0,train
135,10_square,0,0,561.0,888.0,314.0,855.0,-247.0,-33.0,train
136,10_square,0,0,229.0,300.0,513.0,345.0,284.0,45.0,train
137,10_square,0,0,213.0,530.0,676.0,517.0,463.0,-13.0,train
138,10_square,0,0,135.0,886.0,112.0,703.0,-23.0,-183.0,test
139,10_square,0,0,437.0,245.0,801.0,305.0,364.0,60.0,val
140,10_square,0,0,617.0,559.0,261.0,338.0,-356.0,-221.0,train
141,10_square,0,0,838.0,707.0,843.0,357.0,5.0,-350.0,train
142,10_square,0,0,304.0,142.0,701.0,871.0,397.0,729.0,train
143,10_square,0,0,829.0,141.0,451.0,807.0,-378.0,666.0,train
144,10_square,0,0,496.0,690.0,321.0,431.0,-175.0,-259.0,train
145,10_square,0,0,831.0,854.0,842.0,701.0,11.0,-153.0,train
146,10_square,0,0,159.0,616.0,382.0,269.0,223.0,-347.0,train
147,10_square,0,0,693.0,794.0,549.0,233.0,-144.0,-561.0,train
148,10_square,0,0,591.0,265.0,626.0,440.0,35.0,175.0,train
149,10_square,0,0,508.0,541.0,887.0,602.0,379.0,61.0,train
150,10_square,0,0,858.0,771.0,893.0,264.0,35.0,-507.0,train
151,10_square,0,0,651.0,386.0,185.0,789.0,-466.0,403.0,train
152,10_square,0,0,128.0,646.0,683.0,552.0,555.0,-94.0,train
153,10_square,0,0,372.0,401.0,125.0,347.0,-247.0,-54.0,train
154,10_square,0,0,615.0,476.0,401.0,792.0,-214.0,316.0,train
155,10_square,0,0,492.0,585.0,358.0,296.0,-134.0,-289.0,test
156,10_square,0,0,126.0,141.0,598.0,162.0,472.0,21.0,train
157,10_square,0,0,236.0,713.0,535.0,483.0,299.0,-230.0,train
158,10_square,0,0,359.0,142.0,289.0,855.0,-70.0,713.0,train
159,10_square,0,0,771.0,765.0,326.0,750.0,-445.0,-15.0,train
160,10_square,0,0,185.0,183.0,640.0,848.0,455.0,665.0,train
161,10_square,0,0,306.0,121.0,895.0,789.0,589.0,668.0,test
162,10_square,0,0,430.0,363.0,392.0,263.0,-38.0,-100.0,train
163,10_square,0,0,721.0,540.0,363.0,431.0,-358.0,-109.0,train
164,10_square,0,0,863.0,445.0,301.0,114.0,-562.0,-331.0,train
165,10_square,0,0,877.0,559.0,798.0,496.0,-79.0,-63.0,train
166,10_square,0,0,739.0,687.0,872.0,688.0,133.0,1.0,train
167,10_square,0,0,598.0,127.0,545.0,586.0,-53.0,459.0,train
168,10_square,0,0,186.0,401.0,567.0,685.0,381.0,284.0,train
169,10_square,0,0,849.0,279.0,160.0,137.0,-689.0,-142.0,train
170,10_square,0,0,190.0,622.0,888.0,627.0,698.0,5.0,train
171,10_square,0,0,645.0,166.0,389.0,195.0,-256.0,29.0,test
172,10_square,0,0,761.0,884.0,148.0,578.0,-613.0,-306.0,train
173,10_square,0,0,854.0,465.0,772.0,215.0,-82.0,-250.0,test
174,10_square,0,0,285.0,432.0,297.0,126.0,12.0,-306.0,train
175,10_square,0,0,414.0,508.0,153.0,722.0,-261.0,214.0,train
176,10_square,0,0,184.0,117.0,278.0,409.0,94.0,292.0,train
177,10_square,0,0,770.0,139.0,239.0,887.0,-531.0,748.0,train
178,10_square,0,0,543.0,114.0,781.0,876.0,238.0,762.0,train
179,10_square,0,0,323.0,536.0,511.0,870.0,188.0,334.0,train
180,10_square,0,0,550.0,199.0,229.0,868.0,-321.0,669.0,train
181,10_square,0,0,506.0,443.0,798.0,339.0,292.0,-104.0,train
182,10_square,0,0,696.0,404.0,579.0,349.0,-117.0,-55.0,train
183,10_square,0,0,895.0,326.0,248.0,631.0,-647.0,305.0,train
184,10_square,0,0,469.0,426.0,836.0,811.0,367.0,385.0,train
185,10_square,0,0,789.0,882.0,257.0,484.0,-532.0,-398.0,train
186,10_square,0,0,872.0,880.0,387.0,293.0,-485.0,-587.0,train
187,10_square,0,0,128.0,369.0,563.0,781.0,435.0,412.0,train
188,10_square,0,0,336.0,727.0,318.0,463.0,-18.0,-264.0,train
189,10_square,0,0,562.0,563.0,350.0,179.0,-212.0,-384.0,val
190,10_square,0,0,298.0,291.0,837.0,352.0,539.0,61.0,train
191,10_square,0,0,881.0,513.0,503.0,185.0,-378.0,-328.0,train
192,10_square,0,0,276.0,819.0,322.0,585.0,46.0,-234.0,train
193,10_square,0,0,757.0,326.0,831.0,609.0,74.0,283.0,val
194,10_square,0,0,670.0,890.0,100.0,815.0,-570.0,-75.0,train
195,10_square,0,0,509.0,536.0,256.0,661.0,-253.0,125.0,test
196,10_square,0,0,319.0,748.0,757.0,798.0,438.0,50.0,train
197,10_square,0,0,323.0,370.0,819.0,812.0,496.0,442.0,train
198,10_square,0,0,485.0,752.0,218.0,783.0,-267.0,31.0,train
199,10_square,0,0,640.0,296.0,239.0,241.0,-401.0,-55.0,train
200,10_square,0,0,764.0,621.0,444.0,418.0,-320.0,-203.0,train
201,10_square,0,0,660.0,214.0,659.0,190.0,-1.0,-24.0,train
202,10_square,0,0,426.0,213.0,292.0,606.0,-134.0,393.0,val
203,10_square,0,0,477.0,346.0,202.0,534.0,-275.0,188.0,train
204,10_square,0,0,638.0,444.0,426.0,795.0,-212.0,351.0,train
205,10_square,0,0,729.0,148.0,707.0,772.0,-22.0,624.0,train
206,10_square,0,0,629.0,362.0,529.0,627.0,-100.0,265.0,train
207,10_square,0,0,235.0,649.0,290.0,426.0,55.0,-223.0,train
208,10_square,0,0,887.0,883.0,407.0,341.0,-480.0,-542.0,train
209,10_square,0,0,610.0,571.0,621.0,106.0,11.0,-465.0,train
210,10_square,0,0,339.0,690.0,730.0,658.0,391.0,-32.0,train
211,10_square,0,0,310.0,772.0,225.0,335.0,-85.0,-437.0,train
212,10_square,0,0,758.0,293.0,656.0,681.0,-102.0,388.0,train
213,10_square,0,0,487.0,307.0,347.0,766.0,-140.0,459.0,test
214,10_square,0,0,585.0,645.0,383.0,540.0,-202.0,-105.0,train
215,10_square,0,0,776.0,569.0,392.0,154.0,-384.0,-415.0,train
216,10_square,0,0,185.0,776.0,671.0,796.0,486.0,20.0,train
217,10_square,0,0,572.0,618.0,708.0,836.0,136.0,218.0,train
218,10_square,0,0,286.0,243.0,851.0,192.0,565.0,-51.0,train
219,10_square,0,0,598.0,318.0,816.0,366.0,218.0,48.0,train
220,10_square,0,0,344.0,526.0,236.0,374.0,-108.0,-152.0,train
221,10_square,0,0,709.0,392.0,756.0,184.0,47.0,-208.0,train
222,10_square,0,0,836.0,399.0,805.0,488.0,-31.0,89.0,train
223,10_square,0,0,172.0,153.0,169.0,367.0,-3.0,214.0,test
224,10_square,0,0,491.0,124.0,835.0,708.0,344.0,584.0,train
225,10_square,0,0,103.0,614.0,897.0,284.0,794.0,-330.0,val
226,10_square,0,0,205.0,136.0,226.0,716.0,21.0,580.0,train
227,10_square,0,0,117.0,547.0,335.0,189.0,218.0,-358.0,train
228,10_square,0,0,274.0,170.0,213.0,784.0,-61.0,614.0,train
229,10_square,0,0,370.0,227.0,138.0,796.0,-232.0,569.0,train
230,10_square,0,0,257.0,731.0,617.0,713.0,360.0,-18.0,train
231,10_square,0,0,875.0,486.0,867.0,629.0,-8.0,143.0,val
232,10_square,0,0,587.0,738.0,866.0,900.0,279.0,162.0,val
233,10_square,0,0,201.0,286.0,219.0,527.0,18.0,241.0,train
234,10_square,0,0,387.0,372.0,102.0,585.0,-285.0,213.0,val
235,10_square,0,0,740.0,728.0,196.0,129.0,-544.0,-599.0,train
236,10_square,0,0,575.0,825.0,147.0,837.0,-428.0,12.0,train
237,10_square,0,0,107.0,450.0,685.0,170.0,578.0,-280.0,train
238,10_square,0,0,252.0,819.0,322.0,502.0,70.0,-317.0,train
239,10_square,0,0,421.0,181.0,794.0,736.0,373.0,555.0,train
240,10_square,0,0,202.0,467.0,832.0,202.0,630.0,-265.0,train
241,10_square,0,0,737.0,331.0,232.0,177.0,-505.0,-154.0,train
242,10_square,0,0,601.0,134.0,510.0,614.0,-91.0,480.0,train
243,10_square,0,0,117.0,280.0,807.0,257.0,690.0,-23.0,train
244,10_square,0,0,534.0,606.0,711.0,443.0,177.0,-163.0,test
245,10_square,0,0,890.0,441.0,787.0,822.0,-103.0,381.0,val
246,10_square,0,0,787.0,836.0,429.0,312.0,-358.0,-524.0,train
247,10_square,0,0,189.0,668.0,156.0,878.0,-33.0,210.0,train
248,10_square,0,0,822.0,657.0,676.0,543.0,-146.0,-114.0,train
249,10_square,0,0,543.0,694.0,240.0,288.0,-303.0,-406.0,train
250,10_square,0,0,116.0,205.0,424.0,718.0,308.0,513.0,train
251,10_square,0,0,694.0,807.0,172.0,541.0,-522.0,-266.0,test
252,10_square,0,0,875.0,698.0,392.0,829.0,-483.0,131.0,train
253,10_square,0,0,426.0,300.0,752.0,791.0,326.0,491.0,train
254,10_square,0,0,879.0,324.0,855.0,432.0,-24.0,108.0,train
255,10_square,0,0,128.0,190.0,496.0,475.0,368.0,285.0,test
256,10_square,0,0,668.0,769.0,464.0,287.0,-204.0,-482.0,train
257,10_square,0,0,727.0,493.0,811.0,814.0,84.0,321.0,train
258,10_square,0,0,888.0,702.0,704.0,271.0,-184.0,-431.0,train
259,10_square,0,0,410.0,686.0,557.0,537.0,147.0,-149.0,test
260,10_square,0,0,274.0,158.0,502.0,596.0,228.0,438.0,train
261,10_square,0,0,188.0,529.0,465.0,871.0,277.0,342.0,train
262,10_square,0,0,482.0,190.0,325.0,604.0,-157.0,414.0,train
263,10_square,0,0,833.0,796.0,484.0,268.0,-349.0,-528.0,train
264,10_square,0,0,214.0,156.0,436.0,251.0,222.0,95.0,train
265,10_square,0,0,400.0,457.0,307.0,476.0,-93.0,19.0,train
266,10_square,0,0,286.0,658.0,766.0,562.0,480.0,-96.0,train
267,10_square,0,0,234.0,275.0,671.0,588.0,437.0,313.0,train
268,10_square,0,0,785.0,725.0,768.0,742.0,-17.0,17.0,train
269,10_square,0,0,649.0,875.0,589.0,833.0,-60.0,-42.0,test
270,10_square,0,0,687.0,435.0,892.0,646.0,205.0,211.0,train
271,10_square,0,0,274.0,804.0,108.0,840.0,-166.0,36.0,train
272,10_square,0,0,717.0,415.0,524.0,890.0,-193.0,475.0,train
273,10_square,0,0,759.0,799.0,786.0,296.0,27.0,-503.0,train
274,10_square,0,0,677.0,774.0,829.0,459.0,152.0,-315.0,train
275,10_square,0,0,175.0,657.0,556.0,741.0,381.0,84.0,val
276,10_square,0,0,620.0,537.0,178.0,104.0,-442.0,-433.0,test
277,10_square,0,0,525.0,756.0,558.0,666.0,33.0,-90.0,train
278,10_square,0,0,343.0,748.0,806.0,370.0,463.0,-378.0,train
279,10_square,0,0,335.0,529.0,613.0,440.0,278.0,-89.0,train
280,10_square,0,0,607.0,562.0,354.0,409.0,-253.0,-153.0,train
281,10_square,0,0,542.0,675.0,404.0,879.0,-138.0,204.0,train
282,10_square,0,0,479.0,155.0,718.0,258.0,239.0,103.0,val
283,10_square,0,0,575.0,829.0,726.0,588.0,151.0,-241.0,test
284,10_square,0,0,146.0,143.0,244.0,831.0,98.0,688.0,train
285,10_square,0,0,291.0,250.0,388.0,226.0,97.0,-24.0,train
286,10_square,0,0,784.0,581.0,142.0,668.0,-642.0,87.0,train
287,10_square,0,0,892.0,883.0,330.0,110.0,-562.0,-773.0,train
288,10_square,0,0,403.0,724.0,176.0,209.0,-227.0,-515.0,train
289,10_square,0,0,588.0,688.0,663.0,887.0,75.0,199.0,train
290,10_square,0,0,697.0,264.0,626.0,382.0,-71.0,118.0,train
291,10_square,0,0,775.0,845.0,194.0,810.0,-581.0,-35.0,train
292,10_square,0,0,561.0,326.0,405.0,725.0,-156.0,399.0,val
293,10_square,0,0,353.0,588.0,600.0,306.0,247.0,-282.0,train
294,10_square,0,0,344.0,449.0,238.0,505.0,-106.0,56.0,train
295,10_square,0,0,163.0,836.0,866.0,510.0,703.0,-326.0,train
296,10_square,0,0,531.0,335.0,474.0,443.0,-57.0,108.0,train
297,10_square,0,0,461.0,241.0,600.0,415.0,139.0,174.0,train
298,10_square,0,0,474.0,234.0,535.0,323.0,61.0,89.0,train
299,10_square,0,0,667.0,850.0,110.0,147.0,-557.0,-703.0,test
300,10_square,0,0,589.0,842.0,395.0,508.0,-194.0,-334.0,test
301,10_square,0,0,817.0,837.0,674.0,445.0,-143.0,-392.0,train
302,10_square,0,0,410.0,652.0,146.0,357.0,-264.0,-295.0,train
303,10_square,0,0,278.0,323.0,107.0,508.0,-171.0,185.0,train
304,10_square,0,0,117.0,794.0,360.0,333.0,243.0,-461.0,train
305,10_square,0,0,549.0,535.0,282.0,459.0,-267.0,-76.0,train
306,10_square,0,0,851.0,846.0,754.0,563.0,-97.0,-283.0,train
307,10_square,0,0,767.0,483.0,277.0,235.0,-490.0,-248.0,train
308,10_square,0,0,237.0,620.0,446.0,543.0,209.0,-77.0,train
309,10_square,0,0,298.0,701.0,415.0,477.0,117.0,-224.0,train
310,10_square,0,0,553.0,468.0,146.0,448.0,-407.0,-20.0,test
311,10_square,0,0,268.0,753.0,528.0,163.0,260.0,-590.0,train
312,10_square,0,0,756.0,885.0,718.0,589.0,-38.0,-296.0,train
313,10_square,0,0,517.0,452.0,707.0,187.0,190.0,-265.0,train
314,10_square,0,0,523.0,775.0,534.0,741.0,11.0,-34.0,train
315,10_square,0,0,590.0,684.0,858.0,448.0,268.0,-236.0,train
316,10_square,0,0,636.0,122.0,265.0,332.0,-371.0,210.0,test
317,10_square,0,0,398.0,605.0,286.0,900.0,-112.0,295.0,train
318,10_square,0,0,322.0,884.0,728.0,595.0,406.0,-289.0,train
319,10_square,0,0,331.0,308.0,160.0,746.0,-171.0,438.0,train
320,10_square,0,0,622.0,551.0,362.0,603.0,-260.0,52.0,train
321,10_square,0,0,147.0,762.0,659.0,248.0,512.0,-514.0,train
322,10_square,0,0,369.0,379.0,423.0,717.0,54.0,338.0,train
323,10_square,0,0,317.0,577.0,364.0,821.0,47.0,244.0,val
324,10_square,0,0,743.0,816.0,506.0,277.0,-237.0,-539.0,test
325,10_square,0,0,662.0,319.0,613.0,474.0,-49.0,155.0,train
326,10_square,0,0,623.0,395.0,814.0,394.0,191.0,-1.0,train
327,10_square,0,0,820.0,262.0,519.0,341.0,-301.0,79.0,train
328,10_square,0,0,878.0,577.0,634.0,139.0,-244.0,-438.0,train
329,10_square,0,0,357.0,673.0,390.0,583.0,33.0,-90.0,train
330,10_square,0,0,535.0,650.0,786.0,540.0,251.0,-110.0,train
331,10_square,0,0,108.0,495.0,138.0,303.0,30.0,-192.0,train
332,10_square,0,0,245.0,169.0,226.0,301.0,-19.0,132.0,train
333,10_square,0,0,213.0,553.0,352.0,837.0,139.0,284.0,val
334,10_square,0,0,694.0,154.0,314.0,369.0,-380.0,215.0,train
335,10_square,0,0,702.0,882.0,350.0,602.0,-352.0,-280.0,train
336,10_square,0,0,528.0,418.0,303.0,302.0,-225.0,-116.0,train
337,10_square,0,0,665.0,579.0,170.0,795.0,-495.0,216.0,train
338,10_square,0,0,443.0,736.0,595.0,231.0,152.0,-505.0,val
339,10_square,0,0,136.0,687.0,652.0,452.0,516.0,-235.0,train
340,10_square,0,0,301.0,652.0,384.0,164.0,83.0,-488.0,train
341,10_square,0,0,842.0,126.0,749.0,160.0,-93.0,34.0,train
342,10_square,0,0,854.0,797.0,832.0,244.0,-22.0,-553.0,train
343,10_square,0,0,346.0,360.0,390.0,286.0,44.0,-74.0,train
344,10_square,0,0,406.0,503.0,487.0,817.0,81.0,314.0,train
345,10_square,0,0,291.0,787.0,655.0,889.0,364.0,102.0,train
346,10_square,0,0,435.0,519.0,787.0,279.0,352.0,-240.0,val
347,10_square,0,0,213.0,457.0,463.0,627.0,250.0,170.0,train
348,10_square,0,0,536.0,424.0,490.0,501.0,-46.0,77.0,val
349,10_square,0,0,458.0,697.0,209.0,348.0,-249.0,-349.0,train
350,10_square,0,0,735.0,893.0,616.0,676.0,-119.0,-217.0,train
351,10_square,0,0,583.0,195.0,836.0,809.0,253.0,614.0,test
352,10_square,0,0,357.0,817.0,345.0,640.0,-12.0,-177.0,test
353,10_square,0,0,117.0,551.0,732.0,627.0,615.0,76.0,train
354,10_square,0,0,311.0,867.0,372.0,497.0,61.0,-370.0,train
355,10_square,0,0,570.0,868.0,548.0,701.0,-22.0,-167.0,train
356,10_square,0,0,681.0,348.0,521.0,199.0,-160.0,-149.0,train
357,10_square,0,0,617.0,607.0,812.0,224.0,195.0,-383.0,train
358,10_square,0,0,197.0,131.0,884.0,162.0,687.0,31.0,train
359,10_square,0,0,566.0,548.0,784.0,553.0,218.0,5.0,test
360,10_square,0,0,459.0,283.0,286.0,287.0,-173.0,4.0,train
361,10_square,0,0,721.0,778.0,325.0,211.0,-396.0,-567.0,train
362,10_square,0,0,371.0,194.0,775.0,611.0,404.0,417.0,train
363,10_square,0,0,191.0,480.0,145.0,321.0,-46.0,-159.0,train
364,10_square,0,0,242.0,587.0,772.0,329.0,530.0,-258.0,train
365,10_square,0,0,280.0,575.0,666.0,126.0,386.0,-449.0,train
366,10_square,0,0,279.0,313.0,113.0,663.0,-166.0,350.0,val
367,10_square,0,0,232.0,202.0,819.0,890.0,587.0,688.0,train
368,10_square,0,0,439.0,513.0,275.0,132.0,-164.0,-381.0,train
369,10_square,0,0,134.0,699.0,355.0,866.0,221.0,167.0,train
370,10_square,0,0,869.0,325.0,326.0,158.0,-543.0,-167.0,train
371,10_square,0,0,580.0,763.0,820.0,571.0,240.0,-192.0,train
372,10_square,0,0,708.0,677.0,575.0,284.0,-133.0,-393.0,train
373,10_square,0,0,211.0,331.0,510.0,471.0,299.0,140.0,train
374,10_square,0,0,114.0,487.0,406.0,531.0,292.0,44.0,train
375,10_square,0,0,806.0,896.0,385.0,491.0,-421.0,-405.0,test
376,10_square,0,0,224.0,667.0,744.0,763.0,520.0,96.0,train
377,10_square,0,0,737.0,139.0,212.0,685.0,-525.0,546.0,train
378,10_square,0,0,474.0,786.0,503.0,604.0,29.0,-182.0,train
379,10_square,0,0,726.0,827.0,655.0,849.0,-71.0,22.0,train
380,10_square,0,0,675.0,611.0,493.0,698.0,-182.0,87.0,train
381,10_square,0,0,155.0,473.0,452.0,209.0,297.0,-264.0,train
382,10_square,0,0,665.0,861.0,336.0,169.0,-329.0,-692.0,train
383,10_square,0,0,465.0,664.0,726.0,523.0,261.0,-141.0,train
384,10_square,0,0,745.0,381.0,307.0,696.0,-438.0,315.0,train
385,10_square,0,0,495.0,899.0,113.0,575.0,-382.0,-324.0,train
386,10_square,0,0,480.0,201.0,724.0,546.0,244.0,345.0,train
387,10_square,0,0,396.0,508.0,607.0,697.0,211.0,189.0,train
388,10_square,0,0,319.0,168.0,652.0,149.0,333.0,-19.0,test
389,10_square,0,0,667.0,285.0,747.0,785.0,80.0,500.0,train
390,10_square,0,0,148.0,328.0,467.0,743.0,319.0,415.0,train
391,10_square,0,0,340.0,694.0,200.0,321.0,-140.0,-373.0,train
392,10_square,0,0,676.0,886.0,251.0,872.0,-425.0,-14.0,train
393,10_square,0,0,160.0,395.0,828.0,415.0,668.0,20.0,train
394,10_square,0,0,341.0,328.0,325.0,468.0,-16.0,140.0,val
395,10_square,0,0,159.0,871.0,401.0,525.0,242.0,-346.0,train
396,10_square,0,0,740.0,433.0,452.0,719.0,-288.0,286.0,train
397,10_square,0,0,174.0,642.0,639.0,536.0,465.0,-106.0,train
398,10_square,0,0,212.0,738.0,248.0,224.0,36.0,-514.0,train
399,10_square,0,0,744.0,352.0,239.0,763.0,-505.0,411.0,train
400,10_square,0,0,224.0,328.0,660.0,281.0,436.0,-47.0,train
401,10_square,0,0,361.0,887.0,117.0,854.0,-244.0,-33.0,val
402,10_square,0,0,271.0,711.0,206.0,770.0,-65.0,59.0,train
403,10_square,0,0,536.0,278.0,313.0,819.0,-223.0,541.0,val
404,10_square,0,0,185.0,471.0,488.0,879.0,303.0,408.0,train
405,10_square,0,0,363.0,179.0,798.0,658.0,435.0,479.0,val
406,10_square,0,0,591.0,646.0,400.0,556.0,-191.0,-90.0,train
407,10_square,0,0,319.0,820.0,487.0,129.0,168.0,-691.0,val
408,10_square,0,0,693.0,375.0,552.0,502.0,-141.0,127.0,train
409,10_square,0,0,714.0,405.0,252.0,477.0,-462.0,72.0,train
410,10_square,0,0,680.0,493.0,119.0,478.0,-561.0,-15.0,test
411,10_square,0,0,531.0,743.0,307.0,363.0,-224.0,-380.0,val
412,10_square,0,0,172.0,301.0,646.0,251.0,474.0,-50.0,train
413,10_square,0,0,129.0,441.0,183.0,696.0,54.0,255.0,train
414,10_square,0,0,256.0,541.0,849.0,298.0,593.0,-243.0,train
415,10_square,0,0,687.0,752.0,660.0,651.0,-27.0,-101.0,train
416,10_square,0,0,371.0,546.0,396.0,708.0,25.0,162.0,train
417,10_square,0,0,869.0,614.0,316.0,631.0,-553.0,17.0,val
418,10_square,0,0,668.0,222.0,467.0,269.0,-201.0,47.0,train
419,10_square,0,0,538.0,369.0,677.0,388.0,139.0,19.0,train
420,10_square,0,0,347.0,330.0,708.0,838.0,361.0,508.0,train
421,10_square,0,0,725.0,167.0,546.0,106.0,-179.0,-61.0,train
422,10_square,0,0,132.0,577.0,368.0,129.0,236.0,-448.0,train
423,10_square,0,0,576.0,722.0,381.0,839.0,-195.0,117.0,train
424,10_square,0,0,862.0,489.0,569.0,557.0,-293.0,68.0,train
425,10_square,0,0,346.0,666.0,439.0,102.0,93.0,-564.0,train
426,10_square,0,0,419.0,713.0,474.0,544.0,55.0,-169.0,train
427,10_square,0,0,457.0,367.0,760.0,308.0,303.0,-59.0,train
428,10_square,0,0,608.0,577.0,580.0,707.0,-28.0,130.0,train
429,10_square,0,0,842.0,166.0,577.0,406.0,-265.0,240.0,train
430,10_square,0,0,541.0,154.0,512.0,317.0,-29.0,163.0,train
431,10_square,0,0,402.0,574.0,452.0,575.0,50.0,1.0,train
432,10_square,0,0,444.0,232.0,678.0,893.0,234.0,661.0,train
433,10_square,0,0,542.0,639.0,410.0,603.0,-132.0,-36.0,train
434,10_square,0,0,738.0,707.0,680.0,216.0,-58.0,-491.0,train
435,10_square,0,0,384.0,655.0,347.0,795.0,-37.0,140.0,train
436,10_square,0,0,721.0,374.0,430.0,764.0,-291.0,390.0,train
437,10_square,0,0,293.0,221.0,610.0,700.0,317.0,479.0,train
438,10_square,0,0,157.0,525.0,751.0,726.0,594.0,201.0,train
439,10_square,0,0,120.0,316.0,794.0,285.0,674.0,-31.0,train
440,10_square,0,0,526.0,391.0,537.0,824.0,11.0,433.0,train
441,10_square,0,0,378.0,510.0,582.0,216.0,204.0,-294.0,train
442,10_square,0,0,411.0,489.0,124.0,242.0,-287.0,-247.0,train
443,10_square,0,0,664.0,619.0,538.0,769.0,-126.0,150.0,train
444,10_square,0,0,439.0,750.0,302.0,101.0,-137.0,-649.0,train
445,10_square,0,0,494.0,258.0,273.0,303.0,-221.0,45.0,test
446,10_square,0,0,683.0,581.0,541.0,431.0,-142.0,-150.0,val
447,10_square,0,0,318.0,630.0,374.0,196.0,56.0,-434.0,train
448,10_square,0,0,507.0,741.0,771.0,550.0,264.0,-191.0,train
449,10_square,0,0,665.0,538.0,662.0,894.0,-3.0,356.0,train
450,10_square,0,0,381.0,109.0,435.0,640.0,54.0,531.0,train
451,10_square,0,0,711.0,316.0,123.0,462.0,-588.0,146.0,train
452,10_square,0,0,454.0,635.0,830.0,672.0,376.0,37.0,train
453,10_square,0,0,867.0,847.0,449.0,566.0,-418.0,-281.0,train
454,10_square,0,0,181.0,586.0,440.0,635.0,259.0,49.0,train
455,10_square,0,0,478.0,438.0,672.0,612.0,194.0,174.0,train
456,10_square,0,0,191.0,330.0,340.0,480.0,149.0,150.0,train
457,10_square,0,0,682.0,672.0,586.0,101.0,-96.0,-571.0,val
458,10_square,0,0,438.0,527.0,666.0,771.0,228.0,244.0,train
459,10_square,0,0,733.0,745.0,156.0,500.0,-577.0,-245.0,val
460,10_square,0,0,460.0,467.0,547.0,759.0,87.0,292.0,val
461,10_square,0,0,768.0,368.0,741.0,743.0,-27.0,375.0,train
462,10_square,0,0,482.0,839.0,355.0,120.0,-127.0,-719.0,train
463,10_square,0,0,210.0,166.0,451.0,202.0,241.0,36.0,train
464,10_square,0,0,798.0,471.0,343.0,211.0,-455.0,-260.0,train
465,10_square,0,0,211.0,575.0,518.0,613.0,307.0,38.0,train
466,10_square,0,0,196.0,640.0,720.0,640.0,524.0,0.0,val
467,10_square,0,0,657.0,898.0,254.0,569.0,-403.0,-329.0,test
468,10_square,0,0,753.0,666.0,540.0,760.0,-213.0,94.0,train
469,10_square,0,0,272.0,503.0,886.0,199.0,614.0,-304.0,train
470,10_square,0,0,693.0,791.0,892.0,788.0,199.0,-3.0,train
471,10_square,0,0,736.0,888.0,203.0,207.0,-533.0,-681.0,train
472,10_square,0,0,218.0,177.0,397.0,826.0,179.0,649.0,train
473,10_square,0,0,806.0,389.0,497.0,732.0,-309.0,343.0,val
474,10_square,0,0,470.0,139.0,388.0,885.0,-82.0,746.0,train
475,10_square,0,0,748.0,405.0,505.0,801.0,-243.0,396.0,train
476,10_square,0,0,766.0,178.0,766.0,538.0,0.0,360.0,train
477,10_square,0,0,537.0,541.0,462.0,460.0,-75.0,-81.0,train
478,10_square,0,0,759.0,237.0,242.0,566.0,-517.0,329.0,train
479,10_square,0,0,669.0,241.0,419.0,742.0,-250.0,501.0,train
480,10_square,0,0,506.0,210.0,243.0,105.0,-263.0,-105.0,val
481,10_square,0,0,623.0,250.0,183.0,597.0,-440.0,347.0,train
482,10_square,0,0,468.0,724.0,788.0,439.0,320.0,-285.0,train
483,10_square,0,0,159.0,179.0,344.0,235.0,185.0,56.0,train
484,10_square,0,0,307.0,475.0,181.0,547.0,-126.0,72.0,train
485,10_square,0,0,153.0,307.0,476.0,125.0,323.0,-182.0,val
486,10_square,0,0,308.0,320.0,638.0,251.0,330.0,-69.0,train
487,10_square,0,0,484.0,115.0,588.0,878.0,104.0,763.0,train
488,10_square,0,0,846.0,289.0,234.0,576.0,-612.0,287.0,train
489,10_square,0,0,141.0,473.0,858.0,167.0,717.0,-306.0,train
490,10_square,0,0,312.0,710.0,514.0,538.0,202.0,-172.0,train
491,10_square,0,0,236.0,257.0,571.0,801.0,335.0,544.0,train
492,10_square,0,0,791.0,145.0,524.0,680.0,-267.0,535.0,train
493,10_square,0,0,487.0,417.0,457.0,442.0,-30.0,25.0,val
494,10_square,0,0,889.0,591.0,417.0,337.0,-472.0,-254.0,test
495,10_square,0,0,211.0,431.0,429.0,429.0,218.0,-2.0,train
496,10_square,0,0,699.0,140.0,634.0,802.0,-65.0,662.0,train
497,10_square,0,0,218.0,369.0,716.0,571.0,498.0,202.0,train
498,10_square,0,0,295.0,108.0,189.0,836.0,-106.0,728.0,train
499,10_square,0,0,768.0,125.0,837.0,360.0,69.0,235.0,train
500,23_square,0,0,677.0,525.0,596.0,514.0,-81.0,-11.0,train
501,23_square,0,0,751.0,286.0,244.0,629.0,-507.0,343.0,train
502,23_square,0,0,717.0,707.0,392.0,845.0,-325.0,138.0,train
503,23_square,0,0,422.0,407.0,205.0,540.0,-217.0,133.0,test
504,23_square,0,0,184.0,863.0,672.0,754.0,488.0,-109.0,val
505,23_square,0,0,639.0,346.0,696.0,756.0,57.0,410.0,train
506,23_square,0,0,853.0,337.0,587.0,590.0,-266.0,253.0,train
507,23_square,0,0,625.0,129.0,160.0,392.0,-465.0,263.0,train
508,23_square,0,0,788.0,462.0,326.0,737.0,-462.0,275.0,test
509,23_square,0,0,854.0,463.0,450.0,397.0,-404.0,-66.0,train
510,23_square,0,0,867.0,553.0,738.0,680.0,-129.0,127.0,train
511,23_square,0,0,763.0,320.0,351.0,500.0,-412.0,180.0,train
512,23_square,0,0,449.0,211.0,848.0,523.0,399.0,312.0,train
513,23_square,0,0,392.0,718.0,244.0,428.0,-148.0,-290.0,train
514,23_square,0,0,253.0,627.0,780.0,883.0,527.0,256.0,train
515,23_square,0,0,745.0,176.0,231.0,407.0,-514.0,231.0,train
516,23_square,0,0,725.0,732.0,682.0,872.0,-43.0,140.0,val
517,23_square,0,0,405.0,175.0,864.0,294.0,459.0,119.0,train
518,23_square,0,0,542.0,830.0,477.0,328.0,-65.0,-502.0,train
519,23_square,0,0,635.0,141.0,160.0,466.0,-475.0,325.0,train
520,23_square,0,0,601.0,885.0,172.0,798.0,-429.0,-87.0,train
521,23_square,0,0,646.0,243.0,774.0,271.0,128.0,28.0,train
522,23_square,0,0,765.0,126.0,436.0,862.0,-329.0,736.0,val
523,23_square,0,0,307.0,306.0,692.0,223.0,385.0,-83.0,train
524,23_square,0,0,166.0,712.0,800.0,711.0,634.0,-1.0,train
525,23_square,0,0,610.0,528.0,166.0,850.0,-444.0,322.0,train
526,23_square,0,0,894.0,278.0,201.0,190.0,-693.0,-88.0,train
527,23_square,0,0,648.0,271.0,387.0,681.0,-261.0,410.0,train
528,23_square,0,0,308.0,263.0,550.0,125.0,242.0,-138.0,train
529,23_square,0,0,508.0,243.0,656.0,261.0,148.0,18.0,train
530,23_square,0,0,253.0,363.0,665.0,309.0,412.0,-54.0,train
531,23_square,0,0,816.0,881.0,282.0,240.0,-534.0,-641.0,train
532,23_square,0,0,632.0,626.0,780.0,882.0,148.0,256.0,train
533,23_square,0,0,565.0,805.0,131.0,108.0,-434.0,-697.0,train
534,23_square,0,0,159.0,298.0,383.0,284.0,224.0,-14.0,train
535,23_square,0,0,472.0,442.0,593.0,751.0,121.0,309.0,train
536,23_square,0,0,514.0,443.0,402.0,617.0,-112.0,174.0,train
537,23_square,0,0,823.0,211.0,398.0,320.0,-425.0,109.0,val
538,23_square,0,0,269.0,500.0,666.0,371.0,397.0,-129.0,test
539,23_square,0,0,649.0,178.0,612.0,655.0,-37.0,477.0,train
540,23_square,0,0,388.0,641.0,648.0,236.0,260.0,-405.0,train
541,23_square,0,0,862.0,140.0,778.0,608.0,-84.0,468.0,train
542,23_square,0,0,724.0,175.0,542.0,624.0,-182.0,449.0,train
543,23_square,0,0,569.0,595.0,723.0,688.0,154.0,93.0,train
544,23_square,0,0,501.0,344.0,830.0,353.0,329.0,9.0,train
545,23_square,0,0,341.0,860.0,688.0,130.0,347.0,-730.0,train
546,23_square,0,0,106.0,338.0,356.0,702.0,250.0,364.0,train
547,23_square,0,0,801.0,367.0,465.0,580.0,-336.0,213.0,train
548,23_square,0,0,776.0,307.0,447.0,181.0,-329.0,-126.0,train
549,23_square,0,0,889.0,363.0,565.0,272.0,-324.0,-91.0,train
550,23_square,0,0,210.0,422.0,655.0,449.0,445.0,27.0,train
551,23_square,0,0,212.0,154.0,577.0,209.0,365.0,55.0,train
552,23_square,0,0,448.0,198.0,711.0,749.0,263.0,551.0,train
553,23_square,0,0,589.0,759.0,264.0,384.0,-325.0,-375.0,train
554,23_square,0,0,293.0,593.0,867.0,465.0,574.0,-128.0,train
555,23_square,0,0,381.0,684.0,734.0,281.0,353.0,-403.0,train
556,23_square,0,0,515.0,891.0,485.0,654.0,-30.0,-237.0,train
557,23_square,0,0,346.0,748.0,650.0,549.0,304.0,-199.0,train
558,23_square,0,0,583.0,462.0,407.0,674.0,-176.0,212.0,val
559,23_square,0,0,344.0,349.0,357.0,294.0,13.0,-55.0,train
560,23_square,0,0,693.0,626.0,237.0,125.0,-456.0,-501.0,train
561,23_square,0,0,882.0,625.0,685.0,171.0,-197.0,-454.0,train
562,23_square,0,0,796.0,796.0,512.0,882.0,-284.0,86.0,val
563,23_square,0,0,779.0,313.0,180.0,671.0,-599.0,358.0,train
564,23_square,0,0,486.0,221.0,368.0,812.0,-118.0,591.0,train
565,23_square,0,0,405.0,354.0,869.0,836.0,464.0,482.0,train
566,23_square,0,0,266.0,324.0,728.0,298.0,462.0,-26.0,train
567,23_square,0,0,346.0,769.0,884.0,122.0,538.0,-647.0,train
568,23_square,0,0,133.0,636.0,311.0,354.0,178.0,-282.0,train
569,23_square,0,0,451.0,770.0,179.0,521.0,-272.0,-249.0,val
570,23_square,0,0,421.0,841.0,856.0,678.0,435.0,-163.0,train
571,23_square,0,0,610.0,603.0,260.0,543.0,-350.0,-60.0,train
572,23_square,0,0,493.0,298.0,688.0,812.0,195.0,514.0,train
573,23_square,0,0,697.0,244.0,424.0,218.0,-273.0,-26.0,train
574,23_square,0,0,302.0,686.0,870.0,357.0,568.0,-329.0,train
575,23_square,0,0,136.0,867.0,580.0,686.0,444.0,-181.0,train
576,23_square,0,0,186.0,372.0,143.0,256.0,-43.0,-116.0,test
577,23_square,0,0,214.0,758.0,186.0,350.0,-28.0,-408.0,train
578,23_square,0,0,519.0,324.0,349.0,699.0,-170.0,375.0,train
579,23_square,0,0,866.0,540.0,565.0,884.0,-301.0,344.0,train
580,23_square,0,0,371.0,499.0,866.0,582.0,495.0,83.0,train
581,23_square,0,0,485.0,855.0,386.0,660.0,-99.0,-195.0,train
582,23_square,0,0,624.0,853.0,310.0,801.0,-314.0,-52.0,train
583,23_square,0,0,427.0,428.0,357.0,109.0,-70.0,-319.0,train
584,23_square,0,0,134.0,638.0,655.0,594.0,521.0,-44.0,train
585,23_square,0,0,436.0,881.0,463.0,826.0,27.0,-55.0,train
586,23_square,0,0,365.0,144.0,512.0,723.0,147.0,579.0,train
587,23_square,0,0,643.0,680.0,471.0,676.0,-172.0,-4.0,train
588,23_square,0,0,747.0,551.0,148.0,199.0,-599.0,-352.0,train
589,23_square,0,0,691.0,459.0,458.0,270.0,-233.0,-189.0,train
590,23_square,0,0,498.0,571.0,866.0,849.0,368.0,278.0,train
591,23_square,0,0,185.0,628.0,357.0,608.0,172.0,-20.0,train
592,23_square,0,0,698.0,429.0,883.0,203.0,185.0,-226.0,train
593,23_square,0,0,761.0,233.0,851.0,452.0,90.0,219.0,train
594,23_square,0,0,701.0,688.0,464.0,356.0,-237.0,-332.0,train
595,23_square,0,0,589.0,410.0,767.0,256.0,178.0,-154.0,test
596,23_square,0,0,190.0,636.0,622.0,221.0,432.0,-415.0,train
597,23_square,0,0,712.0,104.0,584.0,203.0,-128.0,99.0,train
598,23_square,0,0,192.0,276.0,520.0,514.0,328.0,238.0,train
599,23_square,0,0,854.0,692.0,402.0,645.0,-452.0,-47.0,val
600,23_square,0,0,365.0,453.0,421.0,611.0,56.0,158.0,train
601,23_square,0,0,846.0,213.0,554.0,894.0,-292.0,681.0,test
602,23_square,0,0,156.0,393.0,342.0,321.0,186.0,-72.0,val
603,23_square,0,0,541.0,445.0,607.0,424.0,66.0,-21.0,train
604,23_square,0,0,491.0,145.0,523.0,286.0,32.0,141.0,train
605,23_square,0,0,807.0,498.0,500.0,556.0,-307.0,58.0,test
606,23_square,0,0,461.0,375.0,665.0,181.0,204.0,-194.0,train
607,23_square,0,0,215.0,131.0,794.0,702.0,579.0,571.0,train
608,23_square,0,0,461.0,756.0,249.0,282.0,-212.0,-474.0,train
609,23_square,0,0,516.0,538.0,371.0,612.0,-145.0,74.0,train
610,23_square,0,0,697.0,449.0,594.0,345.0,-103.0,-104.0,train
611,23_square,0,0,713.0,415.0,243.0,170.0,-470.0,-245.0,val
612,23_square,0,0,189.0,784.0,458.0,184.0,269.0,-600.0,val
613,23_square,0,0,268.0,373.0,636.0,895.0,368.0,522.0,train
614,23_square,0,0,265.0,393.0,663.0,308.0,398.0,-85.0,train
615,23_square,0,0,522.0,158.0,400.0,812.0,-122.0,654.0,test
616,23_square,0,0,582.0,848.0,236.0,535.0,-346.0,-313.0,train
617,23_square,0,0,713.0,729.0,187.0,856.0,-526.0,127.0,train
618,23_square,0,0,671.0,867.0,215.0,295.0,-456.0,-572.0,train
619,23_square,0,0,137.0,533.0,228.0,192.0,91.0,-341.0,train
620,23_square,0,0,428.0,785.0,547.0,753.0,119.0,-32.0,val
621,23_square,0,0,508.0,625.0,384.0,434.0,-124.0,-191.0,train
622,23_square,0,0,743.0,754.0,148.0,856.0,-595.0,102.0,train
623,23_square,0,0,647.0,426.0,220.0,769.0,-427.0,343.0,train
624,23_square,0,0,605.0,142.0,182.0,445.0,-423.0,303.0,test
625,23_square,0,0,807.0,550.0,284.0,677.0,-523.0,127.0,train
626,23_square,0,0,512.0,665.0,482.0,523.0,-30.0,-142.0,train
627,23_square,0,0,757.0,706.0,573.0,603.0,-184.0,-103.0,train
628,23_square,0,0,297.0,241.0,670.0,693.0,373.0,452.0,val
629,23_square,0,0,689.0,631.0,876.0,849.0,187.0,218.0,train
630,23_square,0,0,862.0,473.0,459.0,480.0,-403.0,7.0,train
631,23_square,0,0,284.0,488.0,128.0,322.0,-156.0,-166.0,train
632,23_square,0,0,431.0,373.0,135.0,383.0,-296.0,10.0,train
633,23_square,0,0,794.0,685.0,175.0,190.0,-619.0,-495.0,train
634,23_square,0,0,160.0,289.0,862.0,583.0,702.0,294.0,train
635,23_square,0,0,759.0,641.0,267.0,188.0,-492.0,-453.0,train
636,23_square,0,0,874.0,547.0,687.0,130.0,-187.0,-417.0,val
637,23_square,0,0,439.0,245.0,719.0,832.0,280.0,587.0,train
638,23_square,0,0,357.0,308.0,221.0,190.0,-136.0,-118.0,train
639,23_square,0,0,874.0,643.0,236.0,143.0,-638.0,-500.0,train
640,23_square,0,0,222.0,500.0,472.0,823.0,250.0,323.0,train
641,23_square,0,0,276.0,791.0,640.0,404.0,364.0,-387.0,train
642,23_square,0,0,760.0,683.0,785.0,506.0,25.0,-177.0,train
643,23_square,0,0,707.0,481.0,822.0,818.0,115.0,337.0,train
644,23_square,0,0,877.0,109.0,183.0,184.0,-694.0,75.0,train
645,23_square,0,0,225.0,176.0,254.0,274.0,29.0,98.0,train
646,23_square,0,0,201.0,499.0,883.0,514.0,682.0,15.0,train
647,23_square,0,0,622.0,347.0,689.0,757.0,67.0,410.0,train
648,23_square,0,0,546.0,406.0,570.0,761.0,24.0,355.0,train
649,23_square,0,0,415.0,606.0,433.0,850.0,18.0,244.0,train
650,23_square,0,0,126.0,835.0,889.0,366.0,763.0,-469.0,train
651,23_square,0,0,165.0,778.0,676.0,525.0,511.0,-253.0,train
652,23_square,0,0,327.0,886.0,845.0,332.0,518.0,-554.0,train
653,23_square,0,0,494.0,212.0,188.0,559.0,-306.0,347.0,train
654,23_square,0,0,440.0,303.0,109.0,792.0,-331.0,489.0,train
655,23_square,0,0,823.0,349.0,665.0,694.0,-158.0,345.0,train
656,23_square,0,0,250.0,304.0,787.0,204.0,537.0,-100.0,train
657,23_square,0,0,491.0,853.0,118.0,103.0,-373.0,-750.0,train
658,23_square,0,0,550.0,832.0,403.0,761.0,-147.0,-71.0,train
659,23_square,0,0,134.0,468.0,127.0,346.0,-7.0,-122.0,test
660,23_square,0,0,424.0,229.0,457.0,506.0,33.0,277.0,train
661,23_square,0,0,509.0,393.0,354.0,384.0,-155.0,-9.0,train
662,23_square,0,0,763.0,780.0,337.0,823.0,-426.0,43.0,train
663,23_square,0,0,713.0,165.0,306.0,737.0,-407.0,572.0,val
664,23_square,0,0,724.0,161.0,228.0,581.0,-496.0,420.0,train
665,23_square,0,0,599.0,570.0,704.0,827.0,105.0,257.0,train
666,23_square,0,0,458.0,510.0,445.0,168.0,-13.0,-342.0,test
667,23_square,0,0,136.0,842.0,433.0,659.0,297.0,-183.0,train
668,23_square,0,0,692.0,424.0,777.0,833.0,85.0,409.0,train
669,23_square,0,0,542.0,336.0,351.0,632.0,-191.0,296.0,train
670,23_square,0,0,297.0,432.0,775.0,433.0,478.0,1.0,train
671,23_square,0,0,204.0,285.0,345.0,760.0,141.0,475.0,test
672,23_square,0,0,138.0,518.0,827.0,819.0,689.0,301.0,train
673,23_square,0,0,310.0,373.0,713.0,126.0,403.0,-247.0,val
674,23_square,0,0,474.0,108.0,163.0,657.0,-311.0,549.0,train
675,23_square,0,0,144.0,683.0,511.0,542.0,367.0,-141.0,val
676,23_square,0,0,163.0,823.0,571.0,446.0,408.0,-377.0,train
677,23_square,0,0,447.0,875.0,309.0,669.0,-138.0,-206.0,train
678,23_square,0,0,441.0,840.0,897.0,766.0,456.0,-74.0,train
679,23_square,0,0,179.0,455.0,500.0,748.0,321.0,293.0,train
680,23_square,0,0,472.0,348.0,117.0,542.0,-355.0,194.0,train
681,23_square,0,0,547.0,647.0,415.0,820.0,-132.0,173.0,train
682,23_square,0,0,190.0,437.0,393.0,438.0,203.0,1.0,train
683,23_square,0,0,600.0,692.0,282.0,236.0,-318.0,-456.0,train
684,23_square,0,0,223.0,108.0,836.0,546.0,613.0,438.0,val
685,23_square,0,0,227.0,633.0,790.0,819.0,563.0,186.0,val
686,23_square,0,0,142.0,152.0,749.0,716.0,607.0,564.0,test
687,23_square,0,0,771.0,715.0,814.0,610.0,43.0,-105.0,train
688,23_square,0,0,141.0,480.0,272.0,418.0,131.0,-62.0,train
689,23_square,0,0,385.0,243.0,595.0,764.0,210.0,521.0,train
690,23_square,0,0,432.0,116.0,607.0,752.0,175.0,636.0,train
691,23_square,0,0,475.0,890.0,826.0,222.0,351.0,-668.0,train
692,23_square,0,0,226.0,403.0,524.0,241.0,298.0,-162.0,test
693,23_square,0,0,211.0,471.0,457.0,631.0,246.0,160.0,train
694,23_square,0,0,413.0,895.0,237.0,372.0,-176.0,-523.0,train
695,23_square,0,0,436.0,380.0,788.0,724.0,352.0,344.0,train
696,23_square,0,0,244.0,864.0,162.0,379.0,-82.0,-485.0,train
697,23_square,0,0,408.0,349.0,138.0,750.0,-270.0,401.0,train
698,23_square,0,0,577.0,873.0,288.0,863.0,-289.0,-10.0,train
699,23_square,0,0,608.0,626.0,714.0,626.0,106.0,0.0,train
700,23_square,0,0,719.0,239.0,362.0,324.0,-357.0,85.0,test
701,23_square,0,0,295.0,267.0,580.0,193.0,285.0,-74.0,train
702,23_square,0,0,157.0,490.0,197.0,802.0,40.0,312.0,train
703,23_square,0,0,635.0,781.0,119.0,553.0,-516.0,-228.0,train
704,23_square,0,0,504.0,524.0,380.0,124.0,-124.0,-400.0,train
705,23_square,0,0,246.0,481.0,322.0,119.0,76.0,-362.0,train
706,23_square,0,0,317.0,496.0,775.0,344.0,458.0,-152.0,train
707,23_square,0,0,591.0,406.0,880.0,362.0,289.0,-44.0,train
708,23_square,0,0,845.0,688.0,888.0,802.0,43.0,114.0,train
709,23_square,0,0,763.0,889.0,426.0,402.0,-337.0,-487.0,train
710,23_square,0,0,428.0,516.0,875.0,364.0,447.0,-152.0,val
711,23_square,0,0,321.0,519.0,786.0,334.0,465.0,-185.0,train
712,23_square,0,0,197.0,784.0,513.0,690.0,316.0,-94.0,train
713,23_square,0,0,337.0,658.0,131.0,130.0,-206.0,-528.0,train
714,23_square,0,0,349.0,766.0,559.0,723.0,210.0,-43.0,train
715,23_square,0,0,410.0,888.0,312.0,463.0,-98.0,-425.0,train
716,23_square,0,0,212.0,475.0,722.0,558.0,510.0,83.0,train
717,23_square,0,0,769.0,558.0,803.0,748.0,34.0,190.0,train
718,23_square,0,0,214.0,446.0,403.0,159.0,189.0,-287.0,train
719,23_square,0,0,796.0,714.0,603.0,293.0,-193.0,-421.0,train
720,23_square,0,0,223.0,380.0,775.0,460.0,552.0,80.0,train
721,23_square,0,0,404.0,538.0,734.0,232.0,330.0,-306.0,val
722,23_square,0,0,560.0,638.0,194.0,503.0,-366.0,-135.0,train
723,23_square,0,0,897.0,510.0,461.0,288.0,-436.0,-222.0,train
724,23_square,0,0,361.0,260.0,615.0,118.0,254.0,-142.0,train
725,23_square,0,0,352.0,380.0,519.0,328.0,167.0,-52.0,train
726,23_square,0,0,651.0,773.0,117.0,165.0,-534.0,-608.0,train
727,23_square,0,0,281.0,335.0,262.0,193.0,-19.0,-142.0,train
728,23_square,0,0,320.0,751.0,612.0,837.0,292.0,86.0,train
729,23_square,0,0,433.0,300.0,788.0,751.0,355.0,451.0,train
730,23_square,0,0,854.0,342.0,394.0,894.0,-460.0,552.0,train
731,23_square,0,0,741.0,661.0,677.0,317.0,-64.0,-344.0,train
732,23_square,0,0,556.0,657.0,492.0,566.0,-64.0,-91.0,train
733,23_square,0,0,623.0,385.0,433.0,574.0,-190.0,189.0,val
734,23_square,0,0,283.0,898.0,874.0,557.0,591.0,-341.0,test
735,23_square,0,0,550.0,593.0,337.0,650.0,-213.0,57.0,train
736,23_square,0,0,444.0,713.0,361.0,794.0,-83.0,81.0,train
737,23_square,0,0,144.0,591.0,202.0,718.0,58.0,127.0,train
738,23_square,0,0,547.0,198.0,169.0,460.0,-378.0,262.0,train
739,23_square,0,0,282.0,852.0,886.0,840.0,604.0,-12.0,train
740,23_square,0,0,180.0,482.0,399.0,179.0,219.0,-303.0,train
741,23_square,0,0,344.0,471.0,764.0,723.0,420.0,252.0,train
742,23_square,0,0,508.0,641.0,435.0,604.0,-73.0,-37.0,train
743,23_square,0,0,133.0,536.0,276.0,382.0,143.0,-154.0,train
744,23_square,0,0,898.0,242.0,842.0,649.0,-56.0,407.0,train
745,23_square,0,0,523.0,338.0,828.0,898.0,305.0,560.0,train
746,23_square,0,0,547.0,198.0,842.0,778.0,295.0,580.0,val
747,23_square,0,0,702.0,862.0,534.0,721.0,-168.0,-141.0,train
748,23_square,0,0,471.0,813.0,712.0,151.0,241.0,-662.0,train
749,23_square,0,0,232.0,250.0,429.0,353.0,197.0,103.0,train
750,23_square,0,0,173.0,793.0,815.0,715.0,642.0,-78.0,train
751,23_square,0,0,523.0,836.0,199.0,238.0,-324.0,-598.0,train
752,23_square,0,0,582.0,516.0,818.0,129.0,236.0,-387.0,train
753,23_square,0,0,331.0,267.0,669.0,779.0,338.0,512.0,train
754,23_square,0,0,472.0,133.0,583.0,373.0,111.0,240.0,train
755,23_square,0,0,574.0,238.0,751.0,658.0,177.0,420.0,train
756,23_square,0,0,724.0,132.0,547.0,446.0,-177.0,314.0,train
757,23_square,0,0,375.0,232.0,160.0,190.0,-215.0,-42.0,train
758,23_square,0,0,708.0,613.0,509.0,222.0,-199.0,-391.0,val
759,23_square,0,0,128.0,867.0,856.0,395.0,728.0,-472.0,train
760,23_square,0,0,375.0,409.0,485.0,752.0,110.0,343.0,train
761,23_square,0,0,550.0,750.0,380.0,724.0,-170.0,-26.0,train
762,23_square,0,0,522.0,837.0,444.0,427.0,-78.0,-410.0,train
763,23_square,0,0,292.0,773.0,568.0,487.0,276.0,-286.0,train
764,23_square,0,0,111.0,254.0,747.0,784.0,636.0,530.0,train
765,23_square,0,0,656.0,111.0,462.0,767.0,-194.0,656.0,train
766,23_square,0,0,723.0,542.0,691.0,578.0,-32.0,36.0,train
767,23_square,0,0,894.0,240.0,409.0,826.0,-485.0,586.0,train
768,23_square,0,0,572.0,103.0,450.0,104.0,-122.0,1.0,train
769,23_square,0,0,838.0,543.0,585.0,347.0,-253.0,-196.0,train
770,23_square,0,0,592.0,460.0,451.0,396.0,-141.0,-64.0,train
771,23_square,0,0,393.0,536.0,141.0,508.0,-252.0,-28.0,train
772,23_square,0,0,155.0,207.0,326.0,681.0,171.0,474.0,train
773,23_square,0,0,328.0,414.0,660.0,736.0,332.0,322.0,train
774,23_square,0,0,592.0,322.0,621.0,661.0,29.0,339.0,train
775,23_square,0,0,435.0,549.0,103.0,643.0,-332.0,94.0,val
776,23_square,0,0,391.0,887.0,617.0,246.0,226.0,-641.0,val
777,23_square,0,0,424.0,238.0,157.0,771.0,-267.0,533.0,train
778,23_square,0,0,161.0,475.0,636.0,665.0,475.0,190.0,val
779,23_square,0,0,243.0,159.0,592.0,579.0,349.0,420.0,test
780,23_square,0,0,156.0,741.0,457.0,164.0,301.0,-577.0,train
781,23_square,0,0,291.0,333.0,281.0,192.0,-10.0,-141.0,train
782,23_square,0,0,532.0,247.0,462.0,250.0,-70.0,3.0,train
783,23_square,0,0,718.0,227.0,220.0,215.0,-498.0,-12.0,train
784,23_square,0,0,131.0,606.0,794.0,526.0,663.0,-80.0,train
785,23_square,0,0,559.0,422.0,646.0,134.0,87.0,-288.0,train
786,23_square,0,0,175.0,538.0,702.0,136.0,527.0,-402.0,train
787,23_square,0,0,660.0,265.0,666.0,839.0,6.0,574.0,train
788,23_square,0,0,425.0,640.0,248.0,140.0,-177.0,-500.0,train
789,23_square,0,0,624.0,820.0,513.0,170.0,-111.0,-650.0,train
790,23_square,0,0,849.0,437.0,384.0,159.0,-465.0,-278.0,train
791,23_square,0,0,636.0,525.0,868.0,367.0,232.0,-158.0,train
792,23_square,0,0,385.0,342.0,375.0,142.0,-10.0,-200.0,train
793,23_square,0,0,428.0,289.0,349.0,803.0,-79.0,514.0,train
794,23_square,0,0,325.0,626.0,899.0,597.0,574.0,-29.0,train
795,23_square,0,0,639.0,705.0,790.0,874.0,151.0,169.0,train
796,23_square,0,0,807.0,174.0,573.0,471.0,-234.0,297.0,val
797,23_square,0,0,481.0,639.0,415.0,308.0,-66.0,-331.0,train
798,23_square,0,0,746.0,581.0,729.0,198.0,-17.0,-383.0,test
799,23_square,0,0,426.0,575.0,588.0,710.0,162.0,135.0,train
800,23_square,0,0,810.0,165.0,388.0,468.0,-422.0,303.0,train
801,23_square,0,0,715.0,214.0,306.0,333.0,-409.0,119.0,val
802,23_square,0,0,837.0,448.0,637.0,441.0,-200.0,-7.0,train
803,23_square,0,0,827.0,557.0,785.0,814.0,-42.0,257.0,train
804,23_square,0,0,866.0,101.0,826.0,563.0,-40.0,462.0,train
805,23_square,0,0,715.0,398.0,109.0,841.0,-606.0,443.0,train
806,23_square,0,0,732.0,335.0,592.0,507.0,-140.0,172.0,train
807,23_square,0,0,123.0,606.0,112.0,230.0,-11.0,-376.0,train
808,23_square,0,0,322.0,326.0,688.0,592.0,366.0,266.0,train
809,23_square,0,0,135.0,242.0,777.0,120.0,642.0,-122.0,train
810,23_square,0,0,643.0,144.0,316.0,504.0,-327.0,360.0,train
811,23_square,0,0,148.0,283.0,843.0,512.0,695.0,229.0,test
812,23_square,0,0,463.0,429.0,684.0,605.0,221.0,176.0,train
813,23_square,0,0,149.0,199.0,625.0,853.0,476.0,654.0,train
814,23_square,0,0,756.0,220.0,136.0,293.0,-620.0,73.0,train
815,23_square,0,0,538.0,372.0,418.0,485.0,-120.0,113.0,test
816,23_square,0,0,197.0,545.0,365.0,154.0,168.0,-391.0,train
817,23_square,0,0,866.0,639.0,750.0,572.0,-116.0,-67.0,train
818,23_square,0,0,613.0,836.0,629.0,228.0,16.0,-608.0,train
819,23_square,0,0,841.0,441.0,437.0,593.0,-404.0,152.0,train
820,23_square,0,0,464.0,394.0,694.0,480.0,230.0,86.0,train
821,23_square,0,0,215.0,839.0,310.0,364.0,95.0,-475.0,train
822,23_square,0,0,732.0,759.0,303.0,784.0,-429.0,25.0,train
823,23_square,0,0,210.0,625.0,354.0,278.0,144.0,-347.0,train
824,23_square,0,0,239.0,762.0,525.0,159.0,286.0,-603.0,train
825,23_square,0,0,192.0,569.0,343.0,559.0,151.0,-10.0,train
826,23_square,0,0,527.0,756.0,569.0,765.0,42.0,9.0,test
827,23_square,0,0,460.0,219.0,301.0,306.0,-159.0,87.0,test
828,23_square,0,0,534.0,765.0,730.0,715.0,196.0,-50.0,train
829,23_square,0,0,542.0,635.0,442.0,225.0,-100.0,-410.0,train
830,23_square,0,0,722.0,716.0,548.0,357.0,-174.0,-359.0,train
831,23_square,0,0,853.0,304.0,709.0,761.0,-144.0,457.0,train
832,23_square,0,0,207.0,384.0,530.0,765.0,323.0,381.0,train
833,23_square,0,0,679.0,197.0,573.0,481.0,-106.0,284.0,train
834,23_square,0,0,479.0,733.0,858.0,169.0,379.0,-564.0,train
835,23_square,0,0,405.0,138.0,161.0,796.0,-244.0,658.0,train
836,23_square,0,0,200.0,879.0,527.0,198.0,327.0,-681.0,train
837,23_square,0,0,659.0,896.0,242.0,330.0,-417.0,-566.0,train
838,23_square,0,0,184.0,795.0,580.0,425.0,396.0,-370.0,train
839,23_square,0,0,464.0,635.0,702.0,781.0,238.0,146.0,train
840,23_square,0,0,164.0,472.0,721.0,193.0,557.0,-279.0,test
841,23_square,0,0,876.0,373.0,433.0,401.0,-443.0,28.0,train
842,23_square,0,0,278.0,411.0,342.0,331.0,64.0,-80.0,val
843,23_square,0,0,406.0,546.0,738.0,261.0,332.0,-285.0,train
844,23_square,0,0,120.0,180.0,583.0,834.0,463.0,654.0,train
845,23_square,0,0,368.0,404.0,803.0,676.0,435.0,272.0,train
846,23_square,0,0,200.0,716.0,746.0,394.0,546.0,-322.0,train
847,23_square,0,0,445.0,190.0,839.0,285.0,394.0,95.0,train
848,23_square,0,0,166.0,533.0,816.0,291.0,650.0,-242.0,train
849,23_square,0,0,255.0,327.0,459.0,201.0,204.0,-126.0,train
850,23_square,0,0,144.0,844.0,352.0,628.0,208.0,-216.0,train
851,23_square,0,0,664.0,767.0,720.0,387.0,56.0,-380.0,train
852,23_square,0,0,496.0,340.0,431.0,810.0,-65.0,470.0,train
853,23_square,0,0,822.0,813.0,629.0,539.0,-193.0,-274.0,train
854,23_square,0,0,553.0,532.0,552.0,326.0,-1.0,-206.0,train
855,23_square,0,0,446.0,361.0,107.0,877.0,-339.0,516.0,test
856,23_square,0,0,546.0,120.0,719.0,371.0,173.0,251.0,train
857,23_square,0,0,170.0,553.0,888.0,899.0,718.0,346.0,train
858,23_square,0,0,712.0,890.0,279.0,630.0,-433.0,-260.0,train
859,23_square,0,0,393.0,613.0,479.0,308.0,86.0,-305.0,train
860,23_square,0,0,688.0,446.0,530.0,214.0,-158.0,-232.0,train
861,23_square,0,0,431.0,313.0,650.0,238.0,219.0,-75.0,train
862,23_square,0,0,674.0,582.0,653.0,748.0,-21.0,166.0,train
863,23_square,0,0,373.0,535.0,440.0,577.0,67.0,42.0,val
864,23_square,0,0,209.0,301.0,684.0,433.0,475.0,132.0,val
865,23_square,0,0,584.0,360.0,717.0,196.0,133.0,-164.0,test
866,23_square,0,0,649.0,561.0,270.0,220.0,-379.0,-341.0,train
867,23_square,0,0,158.0,598.0,642.0,575.0,484.0,-23.0,val
868,23_square,0,0,173.0,454.0,707.0,404.0,534.0,-50.0,train
869,23_square,0,0,151.0,241.0,165.0,570.0,14.0,329.0,train
870,23_square,0,0,725.0,560.0,826.0,298.0,101.0,-262.0,train
871,23_square,0,0,343.0,423.0,137.0,166.0,-206.0,-257.0,train
872,23_square,0,0,323.0,672.0,785.0,485.0,462.0,-187.0,train
873,23_square,0,0,150.0,379.0,135.0,851.0,-15.0,472.0,val
874,23_square,0,0,803.0,810.0,229.0,339.0,-574.0,-471.0,test
875,23_square,0,0,660.0,598.0,655.0,872.0,-5.0,274.0,val
876,23_square,0,0,228.0,144.0,879.0,483.0,651.0,339.0,train
877,23_square,0,0,791.0,587.0,558.0,194.0,-233.0,-393.0,train
878,23_square,0,0,770.0,674.0,181.0,897.0,-589.0,223.0,train
879,23_square,0,0,810.0,705.0,620.0,124.0,-190.0,-581.0,train
880,23_square,0,0,634.0,824.0,341.0,552.0,-293.0,-272.0,train
881,23_square,0,0,710.0,421.0,260.0,634.0,-450.0,213.0,train
882,23_square,0,0,135.0,754.0,572.0,114.0,437.0,-640.0,train
883,23_square,0,0,662.0,378.0,860.0,216.0,198.0,-162.0,train
884,23_square,0,0,789.0,137.0,261.0,464.0,-528.0,327.0,test
885,23_square,0,0,162.0,740.0,554.0,699.0,392.0,-41.0,train
886,23_square,0,0,172.0,192.0,604.0,497.0,432.0,305.0,train
887,23_square,0,0,189.0,239.0,395.0,213.0,206.0,-26.0,train
888,23_square,0,0,616.0,735.0,514.0,853.0,-102.0,118.0,test
889,23_square,0,0,154.0,848.0,529.0,395.0,375.0,-453.0,train
890,23_square,0,0,292.0,445.0,538.0,578.0,246.0,133.0,test
891,23_square,0,0,373.0,464.0,342.0,767.0,-31.0,303.0,test
892,23_square,0,0,371.0,814.0,443.0,569.0,72.0,-245.0,train
893,23_square,0,0,684.0,339.0,194.0,675.0,-490.0,336.0,train
894,23_square,0,0,380.0,895.0,615.0,438.0,235.0,-457.0,train
895,23_square,0,0,852.0,363.0,191.0,407.0,-661.0,44.0,train
896,23_square,0,0,550.0,711.0,789.0,555.0,239.0,-156.0,train
897,23_square,0,0,165.0,540.0,295.0,423.0,130.0,-117.0,train
898,23_square,0,0,192.0,133.0,622.0,596.0,430.0,463.0,train
899,23_square,0,0,419.0,156.0,444.0,473.0,25.0,317.0,train
900,23_square,0,0,301.0,465.0,700.0,491.0,399.0,26.0,train
901,23_square,0,0,215.0,573.0,274.0,645.0,59.0,72.0,train
902,23_square,0,0,746.0,330.0,492.0,750.0,-254.0,420.0,train
903,23_square,0,0,433.0,837.0,700.0,402.0,267.0,-435.0,test
904,23_square,0,0,456.0,395.0,320.0,336.0,-136.0,-59.0,val
905,23_square,0,0,512.0,242.0,381.0,174.0,-131.0,-68.0,train
906,23_square,0,0,198.0,127.0,156.0,887.0,-42.0,760.0,train
907,23_square,0,0,816.0,402.0,760.0,748.0,-56.0,346.0,train
908,23_square,0,0,476.0,879.0,815.0,118.0,339.0,-761.0,train
909,23_square,0,0,350.0,404.0,738.0,179.0,388.0,-225.0,train
910,23_square,0,0,807.0,289.0,196.0,646.0,-611.0,357.0,train
911,23_square,0,0,805.0,403.0,596.0,662.0,-209.0,259.0,train
912,23_square,0,0,532.0,225.0,529.0,843.0,-3.0,618.0,train
913,23_square,0,0,396.0,165.0,645.0,576.0,249.0,411.0,train
914,23_square,0,0,284.0,346.0,415.0,312.0,131.0,-34.0,val
915,23_square,0,0,319.0,196.0,319.0,313.0,0.0,117.0,train
916,23_square,0,0,378.0,664.0,220.0,151.0,-158.0,-513.0,val
917,23_square,0,0,144.0,506.0,668.0,362.0,524.0,-144.0,train
918,23_square,0,0,656.0,829.0,276.0,474.0,-380.0,-355.0,train
919,23_square,0,0,303.0,100.0,624.0,596.0,321.0,496.0,train
920,23_square,0,0,856.0,782.0,346.0,362.0,-510.0,-420.0,test
921,23_square,0,0,803.0,278.0,467.0,214.0,-336.0,-64.0,train
922,23_square,0,0,855.0,617.0,763.0,644.0,-92.0,27.0,train
923,23_square,0,0,613.0,306.0,638.0,539.0,25.0,233.0,train
924,23_square,0,0,419.0,413.0,873.0,503.0,454.0,90.0,train
925,23_square,0,0,131.0,470.0,331.0,528.0,200.0,58.0,train
926,23_square,0,0,406.0,140.0,508.0,694.0,102.0,554.0,train
927,23_square,0,0,883.0,292.0,614.0,650.0,-269.0,358.0,train
928,23_square,0,0,533.0,819.0,855.0,599.0,322.0,-220.0,train
929,23_square,0,0,862.0,618.0,510.0,344.0,-352.0,-274.0,train
930,23_square,0,0,179.0,717.0,143.0,896.0,-36.0,179.0,val
931,23_square,0,0,190.0,270.0,895.0,765.0,705.0,495.0,train
932,23_square,0,0,676.0,326.0,766.0,773.0,90.0,447.0,train
933,23_square,0,0,635.0,390.0,279.0,104.0,-356.0,-286.0,train
934,23_square,0,0,809.0,271.0,730.0,583.0,-79.0,312.0,train
935,23_square,0,0,350.0,355.0,292.0,214.0,-58.0,-141.0,train
936,23_square,0,0,112.0,838.0,437.0,795.0,325.0,-43.0,train
937,23_square,0,0,211.0,299.0,441.0,631.0,230.0,332.0,train
938,23_square,0,0,857.0,114.0,757.0,746.0,-100.0,632.0,train
939,23_square,0,0,118.0,338.0,606.0,619.0,488.0,281.0,val
940,23_square,0,0,794.0,528.0,229.0,802.0,-565.0,274.0,train
941,23_square,0,0,655.0,413.0,420.0,118.0,-235.0,-295.0,val
942,23_square,0,0,117.0,844.0,588.0,141.0,471.0,-703.0,train
943,23_square,0,0,457.0,495.0,460.0,357.0,3.0,-138.0,train
944,23_square,0,0,782.0,504.0,292.0,338.0,-490.0,-166.0,train
945,23_square,0,0,175.0,385.0,795.0,895.0,620.0,510.0,train
946,23_square,0,0,383.0,200.0,828.0,507.0,445.0,307.0,train
947,23_square,0,0,536.0,727.0,106.0,537.0,-430.0,-190.0,train
948,23_square,0,0,618.0,865.0,305.0,263.0,-313.0,-602.0,train
949,23_square,0,0,508.0,240.0,819.0,849.0,311.0,609.0,train
950,23_square,0,0,653.0,886.0,168.0,893.0,-485.0,7.0,train
951,23_square,0,0,142.0,767.0,286.0,286.0,144.0,-481.0,test
952,23_square,0,0,352.0,513.0,146.0,842.0,-206.0,329.0,train
953,23_square,0,0,296.0,678.0,429.0,138.0,133.0,-540.0,val
954,23_square,0,0,320.0,240.0,742.0,734.0,422.0,494.0,train
955,23_square,0,0,413.0,386.0,889.0,186.0,476.0,-200.0,train
956,23_square,0,0,520.0,643.0,125.0,159.0,-395.0,-484.0,train
957,23_square,0,0,676.0,408.0,735.0,128.0,59.0,-280.0,train
958,23_square,0,0,765.0,272.0,244.0,468.0,-521.0,196.0,train
959,23_square,0,0,867.0,538.0,772.0,697.0,-95.0,159.0,train
960,23_square,0,0,159.0,411.0,831.0,878.0,672.0,467.0,train
961,23_square,0,0,167.0,309.0,570.0,739.0,403.0,430.0,test
962,23_square,0,0,798.0,392.0,703.0,778.0,-95.0,386.0,train
963,23_square,0,0,734.0,847.0,188.0,185.0,-546.0,-662.0,train
964,23_square,0,0,336.0,532.0,126.0,759.0,-210.0,227.0,train
965,23_square,0,0,512.0,776.0,693.0,581.0,181.0,-195.0,val
966,23_square,0,0,179.0,164.0,688.0,136.0,509.0,-28.0,train
967,23_square,0,0,213.0,811.0,731.0,835.0,518.0,24.0,train
968,23_square,0,0,888.0,782.0,176.0,446.0,-712.0,-336.0,train
969,23_square,0,0,700.0,691.0,691.0,104.0,-9.0,-587.0,train
970,23_square,0,0,578.0,370.0,137.0,784.0,-441.0,414.0,train
971,23_square,0,0,371.0,875.0,859.0,700.0,488.0,-175.0,train
972,23_square,0,0,633.0,612.0,221.0,788.0,-412.0,176.0,train
973,23_square,0,0,792.0,776.0,332.0,703.0,-460.0,-73.0,train
974,23_square,0,0,707.0,368.0,289.0,562.0,-418.0,194.0,val
975,23_square,0,0,644.0,418.0,655.0,880.0,11.0,462.0,train
976,23_square,0,0,643.0,306.0,312.0,164.0,-331.0,-142.0,train
977,23_square,0,0,685.0,564.0,721.0,417.0,36.0,-147.0,train
978,23_square,0,0,101.0,384.0,266.0,722.0,165.0,338.0,train
979,23_square,0,0,349.0,164.0,489.0,689.0,140.0,525.0,train
980,23_square,0,0,590.0,367.0,201.0,405.0,-389.0,38.0,train
981,23_square,0,0,324.0,865.0,181.0,849.0,-143.0,-16.0,train
982,23_square,0,0,320.0,861.0,888.0,713.0,568.0,-148.0,train
983,23_square,0,0,701.0,748.0,398.0,609.0,-303.0,-139.0,train
984,23_square,0,0,510.0,562.0,776.0,229.0,266.0,-333.0,train
985,23_square,0,0,751.0,793.0,683.0,763.0,-68.0,-30.0,train
986,23_square,0,0,808.0,745.0,860.0,132.0,52.0,-613.0,train
987,23_square,0,0,663.0,821.0,476.0,570.0,-187.0,-251.0,val
988,23_square,0,0,208.0,245.0,728.0,754.0,520.0,509.0,val
989,23_square,0,0,839.0,863.0,739.0,487.0,-100.0,-376.0,train
990,23_square,0,0,886.0,840.0,249.0,820.0,-637.0,-20.0,train
991,23_square,0,0,837.0,110.0,859.0,824.0,22.0,714.0,train
992,23_square,0,0,643.0,473.0,555.0,276.0,-88.0,-197.0,train
993,23_square,0,0,638.0,264.0,566.0,240.0,-72.0,-24.0,val
994,23_square,0,0,641.0,112.0,785.0,296.0,144.0,184.0,train
995,23_square,0,0,761.0,204.0,877.0,349.0,116.0,145.0,train
996,23_square,0,0,559.0,895.0,253.0,504.0,-306.0,-391.0,train
997,23_square,0,0,660.0,503.0,847.0,402.0,187.0,-101.0,test
998,23_square,0,0,362.0,120.0,668.0,234.0,306.0,114.0,train
999,23_square,0,0,581.0,867.0,801.0,522.0,220.0,-345.0,train
1000,18_square,0,0,157.0,497.0,231.0,690.0,74.0,193.0,train
1001,18_square,0,0,329.0,544.0,899.0,843.0,570.0,299.0,train
1002,18_square,0,0,384.0,705.0,160.0,112.0,-224.0,-593.0,train
1003,18_square,0,0,453.0,275.0,563.0,116.0,110.0,-159.0,train
1004,18_square,0,0,207.0,444.0,400.0,789.0,193.0,345.0,train
1005,18_square,0,0,344.0,100.0,679.0,712.0,335.0,612.0,train
1006,18_square,0,0,188.0,309.0,870.0,474.0,682.0,165.0,train
1007,18_square,0,0,502.0,789.0,492.0,216.0,-10.0,-573.0,train
1008,18_square,0,0,737.0,163.0,288.0,717.0,-449.0,554.0,train
1009,18_square,0,0,813.0,664.0,689.0,763.0,-124.0,99.0,train
1010,18_square,0,0,672.0,633.0,835.0,523.0,163.0,-110.0,train
1011,18_square,0,0,563.0,572.0,229.0,868.0,-334.0,296.0,train
1012,18_square,0,0,303.0,407.0,274.0,821.0,-29.0,414.0,train
1013,18_square,0,0,846.0,577.0,861.0,366.0,15.0,-211.0,train
1014,18_square,0,0,301.0,865.0,814.0,362.0,513.0,-503.0,train
1015,18_square,0,0,329.0,668.0,711.0,825.0,382.0,157.0,val
1016,18_square,0,0,705.0,714.0,782.0,811.0,77.0,97.0,train
1017,18_square,0,0,111.0,876.0,107.0,287.0,-4.0,-589.0,val
1018,18_square,0,0,567.0,793.0,733.0,851.0,166.0,58.0,train
1019,18_square,0,0,832.0,451.0,524.0,747.0,-308.0,296.0,train
1020,18_square,0,0,695.0,499.0,152.0,806.0,-543.0,307.0,train
1021,18_square,0,0,806.0,423.0,492.0,138.0,-314.0,-285.0,train
1022,18_square,0,0,754.0,686.0,384.0,856.0,-370.0,170.0,test
1023,18_square,0,0,503.0,381.0,156.0,776.0,-347.0,395.0,test
1024,18_square,0,0,274.0,513.0,627.0,704.0,353.0,191.0,test
1025,18_square,0,0,830.0,640.0,158.0,392.0,-672.0,-248.0,train
1026,18_square,0,0,696.0,317.0,289.0,750.0,-407.0,433.0,train
1027,18_square,0,0,471.0,384.0,574.0,184.0,103.0,-200.0,train
1028,18_square,0,0,230.0,614.0,514.0,717.0,284.0,103.0,train
1029,18_square,0,0,573.0,178.0,801.0,837.0,228.0,659.0,val
1030,18_square,0,0,123.0,292.0,354.0,563.0,231.0,271.0,train
1031,18_square,0,0,235.0,774.0,812.0,655.0,577.0,-119.0,train
1032,18_square,0,0,865.0,685.0,413.0,729.0,-452.0,44.0,train
1033,18_square,0,0,129.0,463.0,311.0,658.0,182.0,195.0,val
1034,18_square,0,0,277.0,670.0,704.0,343.0,427.0,-327.0,train
1035,18_square,0,0,526.0,192.0,764.0,125.0,238.0,-67.0,train
1036,18_square,0,0,342.0,348.0,247.0,791.0,-95.0,443.0,train
1037,18_square,0,0,869.0,238.0,707.0,268.0,-162.0,30.0,val
1038,18_square,0,0,817.0,843.0,240.0,619.0,-577.0,-224.0,train
1039,18_square,0,0,493.0,217.0,591.0,719.0,98.0,502.0,train
1040,18_square,0,0,212.0,686.0,173.0,670.0,-39.0,-16.0,val
1041,18_square,0,0,466.0,198.0,504.0,581.0,38.0,383.0,train
1042,18_square,0,0,318.0,801.0,219.0,656.0,-99.0,-145.0,test
1043,18_square,0,0,578.0,623.0,465.0,565.0,-113.0,-58.0,train
1044,18_square,0,0,776.0,330.0,884.0,345.0,108.0,15.0,train
1045,18_square,0,0,603.0,415.0,349.0,498.0,-254.0,83.0,train
1046,18_square,0,0,801.0,239.0,781.0,219.0,-20.0,-20.0,val
1047,18_square,0,0,254.0,125.0,749.0,412.0,495.0,287.0,train
1048,18_square,0,0,626.0,563.0,868.0,245.0,242.0,-318.0,train
1049,18_square,0,0,733.0,318.0,224.0,234.0,-509.0,-84.0,train
1050,18_square,0,0,638.0,596.0,286.0,574.0,-352.0,-22.0,train
1051,18_square,0,0,407.0,888.0,264.0,785.0,-143.0,-103.0,train
1052,18_square,0,0,274.0,859.0,372.0,128.0,98.0,-731.0,train
1053,18_square,0,0,320.0,393.0,207.0,610.0,-113.0,217.0,train
1054,18_square,0,0,431.0,330.0,730.0,633.0,299.0,303.0,test
1055,18_square,0,0,533.0,593.0,450.0,103.0,-83.0,-490.0,train
1056,18_square,0,0,611.0,792.0,454.0,834.0,-157.0,42.0,train
1057,18_square,0,0,668.0,863.0,754.0,559.0,86.0,-304.0,train
1058,18_square,0,0,448.0,122.0,708.0,755.0,260.0,633.0,train
1059,18_square,0,0,520.0,229.0,399.0,374.0,-121.0,145.0,train
1060,18_square,0,0,199.0,351.0,439.0,772.0,240.0,421.0,val
1061,18_square,0,0,340.0,488.0,492.0,398.0,152.0,-90.0,train
1062,18_square,0,0,575.0,454.0,206.0,736.0,-369.0,282.0,val
1063,18_square,0,0,846.0,792.0,166.0,636.0,-680.0,-156.0,train
1064,18_square,0,0,521.0,829.0,221.0,500.0,-300.0,-329.0,train
1065,18_square,0,0,400.0,247.0,451.0,169.0,51.0,-78.0,train
1066,18_square,0,0,179.0,883.0,637.0,644.0,458.0,-239.0,train
1067,18_square,0,0,646.0,728.0,159.0,827.0,-487.0,99.0,train
1068,18_square,0,0,276.0,256.0,237.0,155.0,-39.0,-101.0,train
1069,18_square,0,0,837.0,128.0,785.0,838.0,-52.0,710.0,train
1070,18_square,0,0,488.0,738.0,837.0,667.0,349.0,-71.0,train
1071,18_square,0,0,422.0,526.0,661.0,398.0,239.0,-128.0,train
1072,18_square,0,0,583.0,545.0,355.0,884.0,-228.0,339.0,train
1073,18_square,0,0,741.0,822.0,536.0,403.0,-205.0,-419.0,train
1074,18_square,0,0,533.0,467.0,303.0,742.0,-230.0,275.0,train
1075,18_square,0,0,543.0,704.0,351.0,188.0,-192.0,-516.0,val
1076,18_square,0,0,747.0,782.0,716.0,773.0,-31.0,-9.0,train
1077,18_square,0,0,311.0,806.0,178.0,157.0,-133.0,-649.0,train
1078,18_square,0,0,522.0,784.0,128.0,525.0,-394.0,-259.0,train
1079,18_square,0,0,729.0,200.0,767.0,735.0,38.0,535.0,train
1080,18_square,0,0,720.0,619.0,810.0,285.0,90.0,-334.0,val
1081,18_square,0,0,105.0,870.0,815.0,357.0,710.0,-513.0,train
1082,18_square,0,0,387.0,788.0,120.0,316.0,-267.0,-472.0,val
1083,18_square,0,0,313.0,420.0,236.0,434.0,-77.0,14.0,train
1084,18_square,0,0,472.0,377.0,617.0,742.0,145.0,365.0,train
1085,18_square,0,0,380.0,411.0,334.0,382.0,-46.0,-29.0,train
1086,18_square,0,0,642.0,276.0,244.0,586.0,-398.0,310.0,test
1087,18_square,0,0,331.0,613.0,121.0,445.0,-210.0,-168.0,train
1088,18_square,0,0,743.0,289.0,263.0,835.0,-480.0,546.0,train
1089,18_square,0,0,287.0,445.0,808.0,236.0,521.0,-209.0,train
1090,18_square,0,0,171.0,390.0,761.0,725.0,590.0,335.0,test
1091,18_square,0,0,462.0,789.0,143.0,170.0,-319.0,-619.0,train
1092,18_square,0,0,266.0,381.0,449.0,610.0,183.0,229.0,train
1093,18_square,0,0,725.0,175.0,811.0,175.0,86.0,0.0,test
1094,18_square,0,0,631.0,722.0,118.0,164.0,-513.0,-558.0,train
1095,18_square,0,0,284.0,532.0,657.0,249.0,373.0,-283.0,train
1096,18_square,0,0,636.0,856.0,801.0,638.0,165.0,-218.0,train
1097,18_square,0,0,553.0,717.0,656.0,149.0,103.0,-568.0,train
1098,18_square,0,0,804.0,571.0,641.0,608.0,-163.0,37.0,test
1099,18_square,0,0,642.0,339.0,389.0,792.0,-253.0,453.0,val
1100,18_square,0,0,290.0,873.0,783.0,628.0,493.0,-245.0,train
1101,18_square,0,0,619.0,357.0,228.0,714.0,-391.0,357.0,val
1102,18_square,0,0,886.0,864.0,714.0,723.0,-172.0,-141.0,train
1103,18_square,0,0,378.0,798.0,388.0,259.0,10.0,-539.0,train
1104,18_square,0,0,156.0,722.0,556.0,296.0,400.0,-426.0,train
1105,18_square,0,0,710.0,538.0,105.0,287.0,-605.0,-251.0,train
1106,18_square,0,0,441.0,651.0,589.0,564.0,148.0,-87.0,train
1107,18_square,0,0,176.0,853.0,868.0,463.0,692.0,-390.0,train
1108,18_square,0,0,511.0,787.0,347.0,287.0,-164.0,-500.0,train
1109,18_square,0,0,571.0,884.0,649.0,894.0,78.0,10.0,train
1110,18_square,0,0,662.0,122.0,255.0,465.0,-407.0,343.0,train
1111,18_square,0,0,253.0,851.0,428.0,291.0,175.0,-560.0,train
1112,18_square,0,0,540.0,647.0,873.0,444.0,333.0,-203.0,train
1113,18_square,0,0,240.0,639.0,509.0,459.0,269.0,-180.0,train
1114,18_square,0,0,614.0,424.0,709.0,374.0,95.0,-50.0,train
1115,18_square,0,0,282.0,791.0,256.0,119.0,-26.0,-672.0,val
1116,18_square,0,0,705.0,449.0,733.0,896.0,28.0,447.0,train
1117,18_square,0,0,132.0,321.0,671.0,213.0,539.0,-108.0,train
1118,18_square,0,0,271.0,179.0,799.0,131.0,528.0,-48.0,test
1119,18_square,0,0,223.0,449.0,122.0,716.0,-101.0,267.0,val
1120,18_square,0,0,607.0,217.0,899.0,796.0,292.0,579.0,train
1121,18_square,0,0,392.0,187.0,562.0,556.0,170.0,369.0,train
1122,18_square,0,0,221.0,395.0,444.0,807.0,223.0,412.0,train
1123,18_square,0,0,467.0,364.0,440.0,869.0,-27.0,505.0,test
1124,18_square,0,0,166.0,645.0,870.0,270.0,704.0,-375.0,train
1125,18_square,0,0,613.0,210.0,218.0,880.0,-395.0,670.0,train
1126,18_square,0,0,251.0,182.0,415.0,617.0,164.0,435.0,train
1127,18_square,0,0,348.0,125.0,867.0,478.0,519.0,353.0,train
1128,18_square,0,0,206.0,176.0,214.0,282.0,8.0,106.0,train
1129,18_square,0,0,569.0,355.0,279.0,174.0,-290.0,-181.0,train
1130,18_square,0,0,460.0,822.0,186.0,736.0,-274.0,-86.0,train
1131,18_square,0,0,252.0,896.0,140.0,437.0,-112.0,-459.0,train
1132,18_square,0,0,515.0,772.0,900.0,863.0,385.0,91.0,train
1133,18_square,0,0,167.0,812.0,189.0,725.0,22.0,-87.0,train
1134,18_square,0,0,279.0,729.0,174.0,195.0,-105.0,-534.0,train
1135,18_square,0,0,503.0,470.0,413.0,857.0,-90.0,387.0,train
1136,18_square,0,0,884.0,187.0,318.0,511.0,-566.0,324.0,train
1137,18_square,0,0,529.0,422.0,126.0,830.0,-403.0,408.0,train
1138,18_square,0,0,184.0,221.0,169.0,180.0,-15.0,-41.0,train
1139,18_square,0,0,506.0,665.0,516.0,897.0,10.0,232.0,train
1140,18_square,0,0,225.0,210.0,892.0,654.0,667.0,444.0,train
1141,18_square,0,0,644.0,761.0,801.0,187.0,157.0,-574.0,train
1142,18_square,0,0,670.0,404.0,361.0,150.0,-309.0,-254.0,train
1143,18_square,0,0,722.0,407.0,604.0,317.0,-118.0,-90.0,train
1144,18_square,0,0,277.0,357.0,795.0,183.0,518.0,-174.0,train
1145,18_square,0,0,591.0,257.0,338.0,661.0,-253.0,404.0,train
1146,18_square,0,0,111.0,499.0,683.0,344.0,572.0,-155.0,train
1147,18_square,0,0,659.0,517.0,316.0,723.0,-343.0,206.0,train
1148,18_square,0,0,487.0,413.0,119.0,755.0,-368.0,342.0,train
1149,18_square,0,0,605.0,564.0,184.0,876.0,-421.0,312.0,train
1150,18_square,0,0,436.0,638.0,768.0,641.0,332.0,3.0,test
1151,18_square,0,0,161.0,122.0,239.0,515.0,78.0,393.0,train
1152,18_square,0,0,504.0,525.0,247.0,387.0,-257.0,-138.0,test
1153,18_square,0,0,606.0,810.0,426.0,713.0,-180.0,-97.0,val
1154,18_square,0,0,304.0,251.0,720.0,860.0,416.0,609.0,train
1155,18_square,0,0,101.0,604.0,842.0,704.0,741.0,100.0,train
1156,18_square,0,0,400.0,465.0,225.0,515.0,-175.0,50.0,train
1157,18_square,0,0,838.0,233.0,580.0,498.0,-258.0,265.0,train
1158,18_square,0,0,748.0,682.0,709.0,768.0,-39.0,86.0,val
1159,18_square,0,0,702.0,174.0,868.0,543.0,166.0,369.0,train
1160,18_square,0,0,858.0,583.0,494.0,391.0,-364.0,-192.0,val
1161,18_square,0,0,607.0,762.0,644.0,280.0,37.0,-482.0,train
1162,18_square,0,0,331.0,362.0,794.0,564.0,463.0,202.0,train
1163,18_square,0,0,300.0,769.0,779.0,203.0,479.0,-566.0,train
1164,18_square,0,0,778.0,287.0,318.0,417.0,-460.0,130.0,train
1165,18_square,0,0,464.0,469.0,263.0,855.0,-201.0,386.0,test
1166,18_square,0,0,864.0,316.0,425.0,844.0,-439.0,528.0,train
1167,18_square,0,0,521.0,450.0,132.0,279.0,-389.0,-171.0,train
1168,18_square,0,0,263.0,675.0,387.0,529.0,124.0,-146.0,train
1169,18_square,0,0,712.0,720.0,620.0,460.0,-92.0,-260.0,train
1170,18_square,0,0,834.0,664.0,776.0,405.0,-58.0,-259.0,test
1171,18_square,0,0,873.0,736.0,578.0,795.0,-295.0,59.0,test
1172,18_square,0,0,569.0,779.0,528.0,423.0,-41.0,-356.0,train
1173,18_square,0,0,217.0,539.0,206.0,802.0,-11.0,263.0,test
1174,18_square,0,0,288.0,757.0,108.0,331.0,-180.0,-426.0,train
1175,18_square,0,0,615.0,289.0,445.0,838.0,-170.0,549.0,train
1176,18_square,0,0,325.0,398.0,735.0,140.0,410.0,-258.0,train
1177,18_square,0,0,119.0,194.0,845.0,276.0,726.0,82.0,train
1178,18_square,0,0,809.0,511.0,295.0,697.0,-514.0,186.0,train
1179,18_square,0,0,401.0,107.0,361.0,550.0,-40.0,443.0,train
1180,18_square,0,0,199.0,590.0,499.0,261.0,300.0,-329.0,train
1181,18_square,0,0,591.0,302.0,502.0,421.0,-89.0,119.0,train
1182,18_square,0,0,788.0,829.0,637.0,455.0,-151.0,-374.0,train
1183,18_square,0,0,726.0,723.0,386.0,610.0,-340.0,-113.0,val
1184,18_square,0,0,154.0,528.0,127.0,106.0,-27.0,-422.0,train
1185,18_square,0,0,737.0,761.0,878.0,377.0,141.0,-384.0,train
1186,18_square,0,0,328.0,345.0,893.0,570.0,565.0,225.0,test
1187,18_square,0,0,815.0,885.0,788.0,248.0,-27.0,-637.0,test
1188,18_square,0,0,297.0,735.0,653.0,789.0,356.0,54.0,train
1189,18_square,0,0,576.0,265.0,652.0,619.0,76.0,354.0,train
1190,18_square,0,0,660.0,896.0,412.0,533.0,-248.0,-363.0,train
1191,18_square,0,0,532.0,572.0,479.0,811.0,-53.0,239.0,train
1192,18_square,0,0,241.0,417.0,889.0,626.0,648.0,209.0,train
1193,18_square,0,0,178.0,374.0,605.0,752.0,427.0,378.0,train
1194,18_square,0,0,595.0,426.0,154.0,710.0,-441.0,284.0,test
1195,18_square,0,0,783.0,399.0,631.0,474.0,-152.0,75.0,val
1196,18_square,0,0,865.0,863.0,377.0,626.0,-488.0,-237.0,train
1197,18_square,0,0,832.0,790.0,661.0,102.0,-171.0,-688.0,train
1198,18_square,0,0,618.0,533.0,887.0,147.0,269.0,-386.0,val
1199,18_square,0,0,154.0,575.0,486.0,534.0,332.0,-41.0,train
1200,18_square,0,0,169.0,883.0,400.0,781.0,231.0,-102.0,train
1201,18_square,0,0,226.0,210.0,176.0,104.0,-50.0,-106.0,train
1202,18_square,0,0,812.0,514.0,498.0,829.0,-314.0,315.0,val
1203,18_square,0,0,303.0,410.0,320.0,735.0,17.0,325.0,test
1204,18_square,0,0,636.0,434.0,280.0,604.0,-356.0,170.0,val
1205,18_square,0,0,174.0,478.0,658.0,191.0,484.0,-287.0,train
1206,18_square,0,0,550.0,690.0,544.0,267.0,-6.0,-423.0,train
1207,18_square,0,0,300.0,555.0,818.0,754.0,518.0,199.0,train
1208,18_square,0,0,835.0,626.0,693.0,311.0,-142.0,-315.0,train
1209,18_square,0,0,639.0,486.0,435.0,378.0,-204.0,-108.0,train
1210,18_square,0,0,334.0,686.0,314.0,604.0,-20.0,-82.0,test
1211,18_square,0,0,855.0,884.0,898.0,663.0,43.0,-221.0,val
1212,18_square,0,0,312.0,202.0,283.0,440.0,-29.0,238.0,train
1213,18_square,0,0,215.0,815.0,429.0,398.0,214.0,-417.0,train
1214,18_square,0,0,151.0,335.0,470.0,247.0,319.0,-88.0,train
1215,18_square,0,0,521.0,843.0,223.0,735.0,-298.0,-108.0,test
1216,18_square,0,0,322.0,530.0,679.0,259.0,357.0,-271.0,train
1217,18_square,0,0,384.0,531.0,600.0,554.0,216.0,23.0,train
1218,18_square,0,0,756.0,853.0,476.0,852.0,-280.0,-1.0,train
1219,18_square,0,0,545.0,838.0,307.0,664.0,-238.0,-174.0,train
1220,18_square,0,0,438.0,466.0,557.0,157.0,119.0,-309.0,train
1221,18_square,0,0,253.0,123.0,512.0,772.0,259.0,649.0,train
1222,18_square,0,0,641.0,696.0,626.0,456.0,-15.0,-240.0,train
1223,18_square,0,0,150.0,391.0,196.0,309.0,46.0,-82.0,train
1224,18_square,0,0,537.0,782.0,620.0,576.0,83.0,-206.0,train
1225,18_square,0,0,280.0,642.0,414.0,683.0,134.0,41.0,train
1226,18_square,0,0,433.0,534.0,242.0,650.0,-191.0,116.0,train
1227,18_square,0,0,613.0,283.0,365.0,764.0,-248.0,481.0,val
1228,18_square,0,0,185.0,706.0,422.0,452.0,237.0,-254.0,train
1229,18_square,0,0,577.0,103.0,332.0,439.0,-245.0,336.0,train
1230,18_square,0,0,284.0,617.0,665.0,853.0,381.0,236.0,train
1231,18_square,0,0,455.0,331.0,389.0,695.0,-66.0,364.0,train
1232,18_square,0,0,504.0,317.0,717.0,551.0,213.0,234.0,train
1233,18_square,0,0,353.0,875.0,352.0,164.0,-1.0,-711.0,train
1234,18_square,0,0,760.0,355.0,280.0,680.0,-480.0,325.0,train
1235,18_square,0,0,483.0,830.0,438.0,523.0,-45.0,-307.0,train
1236,18_square,0,0,405.0,141.0,832.0,150.0,427.0,9.0,train
1237,18_square,0,0,503.0,187.0,719.0,429.0,216.0,242.0,test
1238,18_square,0,0,313.0,547.0,107.0,315.0,-206.0,-232.0,train
1239,18_square,0,0,427.0,528.0,309.0,165.0,-118.0,-363.0,test
1240,18_square,0,0,443.0,742.0,365.0,266.0,-78.0,-476.0,train
1241,18_square,0,0,523.0,293.0,100.0,544.0,-423.0,251.0,train
1242,18_square,0,0,636.0,854.0,533.0,230.0,-103.0,-624.0,train
1243,18_square,0,0,821.0,684.0,145.0,365.0,-676.0,-319.0,val
1244,18_square,0,0,165.0,161.0,232.0,338.0,67.0,177.0,train
1245,18_square,0,0,792.0,785.0,574.0,404.0,-218.0,-381.0,train
1246,18_square,0,0,194.0,757.0,575.0,889.0,381.0,132.0,train
1247,18_square,0,0,651.0,228.0,876.0,237.0,225.0,9.0,train
1248,18_square,0,0,785.0,191.0,328.0,815.0,-457.0,624.0,train
1249,18_square,0,0,101.0,320.0,282.0,404.0,181.0,84.0,train
1250,18_square,0,0,874.0,280.0,857.0,505.0,-17.0,225.0,train
1251,18_square,0,0,887.0,712.0,659.0,377.0,-228.0,-335.0,val
1252,18_square,0,0,306.0,329.0,350.0,861.0,44.0,532.0,train
1253,18_square,0,0,137.0,594.0,567.0,425.0,430.0,-169.0,train
1254,18_square,0,0,871.0,355.0,271.0,272.0,-600.0,-83.0,train
1255,18_square,0,0,824.0,244.0,546.0,716.0,-278.0,472.0,train
1256,18_square,0,0,442.0,171.0,389.0,489.0,-53.0,318.0,train
1257,18_square,0,0,449.0,658.0,639.0,379.0,190.0,-279.0,train
1258,18_square,0,0,620.0,817.0,252.0,732.0,-368.0,-85.0,test
1259,18_square,0,0,527.0,321.0,822.0,591.0,295.0,270.0,train
1260,18_square,0,0,361.0,565.0,516.0,503.0,155.0,-62.0,train
1261,18_square,0,0,475.0,326.0,584.0,637.0,109.0,311.0,train
1262,18_square,0,0,750.0,116.0,163.0,894.0,-587.0,778.0,train
1263,18_square,0,0,515.0,642.0,239.0,153.0,-276.0,-489.0,train
1264,18_square,0,0,468.0,601.0,827.0,341.0,359.0,-260.0,test
1265,18_square,0,0,376.0,739.0,464.0,204.0,88.0,-535.0,train
1266,18_square,0,0,808.0,578.0,197.0,179.0,-611.0,-399.0,train
1267,18_square,0,0,805.0,230.0,195.0,712.0,-610.0,482.0,train
1268,18_square,0,0,244.0,367.0,105.0,467.0,-139.0,100.0,train
1269,18_square,0,0,412.0,837.0,782.0,274.0,370.0,-563.0,train
1270,18_square,0,0,104.0,881.0,344.0,479.0,240.0,-402.0,train
1271,18_square,0,0,475.0,406.0,890.0,789.0,415.0,383.0,val
1272,18_square,0,0,710.0,430.0,802.0,240.0,92.0,-190.0,val
1273,18_square,0,0,129.0,784.0,123.0,748.0,-6.0,-36.0,test
1274,18_square,0,0,706.0,352.0,331.0,364.0,-375.0,12.0,train
1275,18_square,0,0,518.0,360.0,301.0,124.0,-217.0,-236.0,train
1276,18_square,0,0,384.0,207.0,230.0,258.0,-154.0,51.0,test
1277,18_square,0,0,647.0,674.0,710.0,465.0,63.0,-209.0,train
1278,18_square,0,0,299.0,625.0,339.0,869.0,40.0,244.0,train
1279,18_square,0,0,530.0,314.0,648.0,143.0,118.0,-171.0,test
1280,18_square,0,0,322.0,257.0,570.0,328.0,248.0,71.0,test
1281,18_square,0,0,800.0,299.0,300.0,832.0,-500.0,533.0,train
1282,18_square,0,0,115.0,304.0,650.0,127.0,535.0,-177.0,train
1283,18_square,0,0,246.0,550.0,434.0,731.0,188.0,181.0,train
1284,18_square,0,0,469.0,594.0,192.0,184.0,-277.0,-410.0,test
1285,18_square,0,0,361.0,493.0,241.0,331.0,-120.0,-162.0,train
1286,18_square,0,0,788.0,896.0,436.0,163.0,-352.0,-733.0,train
1287,18_square,0,0,369.0,708.0,368.0,263.0,-1.0,-445.0,test
1288,18_square,0,0,504.0,141.0,888.0,491.0,384.0,350.0,train
1289,18_square,0,0,768.0,836.0,195.0,888.0,-573.0,52.0,train
1290,18_square,0,0,583.0,432.0,832.0,155.0,249.0,-277.0,train
1291,18_square,0,0,856.0,341.0,231.0,846.0,-625.0,505.0,train
1292,18_square,0,0,126.0,855.0,768.0,186.0,642.0,-669.0,val
1293,18_square,0,0,189.0,562.0,746.0,812.0,557.0,250.0,train
1294,18_square,0,0,631.0,627.0,789.0,183.0,158.0,-444.0,train
1295,18_square,0,0,174.0,483.0,283.0,419.0,109.0,-64.0,val
1296,18_square,0,0,863.0,813.0,357.0,455.0,-506.0,-358.0,train
1297,18_square,0,0,347.0,392.0,233.0,435.0,-114.0,43.0,val
1298,18_square,0,0,777.0,185.0,409.0,769.0,-368.0,584.0,test
1299,18_square,0,0,713.0,314.0,896.0,669.0,183.0,355.0,train
1300,18_square,0,0,708.0,417.0,127.0,491.0,-581.0,74.0,train
1301,18_square,0,0,452.0,843.0,795.0,549.0,343.0,-294.0,val
1302,18_square,0,0,888.0,676.0,735.0,173.0,-153.0,-503.0,train
1303,18_square,0,0,421.0,894.0,144.0,504.0,-277.0,-390.0,train
1304,18_square,0,0,549.0,629.0,598.0,246.0,49.0,-383.0,train
1305,18_square,0,0,655.0,669.0,285.0,682.0,-370.0,13.0,train
1306,18_square,0,0,888.0,626.0,284.0,432.0,-604.0,-194.0,train
1307,18_square,0,0,691.0,564.0,408.0,850.0,-283.0,286.0,val
1308,18_square,0,0,801.0,553.0,513.0,830.0,-288.0,277.0,train
1309,18_square,0,0,483.0,390.0,253.0,477.0,-230.0,87.0,test
1310,18_square,0,0,796.0,229.0,337.0,490.0,-459.0,261.0,train
1311,18_square,0,0,515.0,806.0,726.0,199.0,211.0,-607.0,train
1312,18_square,0,0,622.0,303.0,806.0,380.0,184.0,77.0,train
1313,18_square,0,0,396.0,760.0,203.0,565.0,-193.0,-195.0,test
1314,18_square,0,0,734.0,321.0,240.0,645.0,-494.0,324.0,train
1315,18_square,0,0,288.0,264.0,822.0,683.0,534.0,419.0,train
1316,18_square,0,0,294.0,657.0,458.0,751.0,164.0,94.0,train
1317,18_square,0,0,599.0,170.0,745.0,800.0,146.0,630.0,train
1318,18_square,0,0,105.0,839.0,625.0,890.0,520.0,51.0,val
1319,18_square,0,0,121.0,657.0,716.0,293.0,595.0,-364.0,val
1320,18_square,0,0,708.0,725.0,362.0,110.0,-346.0,-615.0,train
1321,18_square,0,0,854.0,540.0,137.0,207.0,-717.0,-333.0,train
1322,18_square,0,0,298.0,867.0,513.0,676.0,215.0,-191.0,train
1323,18_square,0,0,347.0,133.0,307.0,730.0,-40.0,597.0,test
1324,18_square,0,0,725.0,302.0,644.0,239.0,-81.0,-63.0,train
1325,18_square,0,0,808.0,696.0,501.0,715.0,-307.0,19.0,train
1326,18_square,0,0,538.0,471.0,541.0,522.0,3.0,51.0,train
1327,18_square,0,0,482.0,653.0,244.0,202.0,-238.0,-451.0,val
1328,18_square,0,0,865.0,134.0,790.0,125.0,-75.0,-9.0,train
1329,18_square,0,0,346.0,356.0,398.0,700.0,52.0,344.0,train
1330,18_square,0,0,877.0,421.0,287.0,852.0,-590.0,431.0,test
1331,18_square,0,0,389.0,694.0,746.0,863.0,357.0,169.0,train
1332,18_square,0,0,475.0,376.0,338.0,815.0,-137.0,439.0,train
1333,18_square,0,0,491.0,606.0,627.0,754.0,136.0,148.0,train
1334,18_square,0,0,662.0,696.0,686.0,444.0,24.0,-252.0,test
1335,18_square,0,0,294.0,367.0,533.0,322.0,239.0,-45.0,train
1336,18_square,0,0,341.0,316.0,251.0,502.0,-90.0,186.0,test
1337,18_square,0,0,114.0,616.0,450.0,421.0,336.0,-195.0,train
1338,18_square,0,0,710.0,126.0,845.0,347.0,135.0,221.0,train
1339,18_square,0,0,751.0,253.0,285.0,169.0,-466.0,-84.0,train
1340,18_square,0,0,110.0,561.0,273.0,368.0,163.0,-193.0,train
1341,18_square,0,0,268.0,430.0,249.0,620.0,-19.0,190.0,train
1342,18_square,0,0,136.0,514.0,774.0,352.0,638.0,-162.0,train
1343,18_square,0,0,804.0,601.0,798.0,230.0,-6.0,-371.0,train
1344,18_square,0,0,101.0,512.0,713.0,215.0,612.0,-297.0,train
1345,18_square,0,0,741.0,233.0,200.0,854.0,-541.0,621.0,train
1346,18_square,0,0,123.0,859.0,765.0,661.0,642.0,-198.0,train
1347,18_square,0,0,787.0,406.0,763.0,197.0,-24.0,-209.0,train
1348,18_square,0,0,178.0,747.0,659.0,128.0,481.0,-619.0,train
1349,18_square,0,0,798.0,228.0,760.0,118.0,-38.0,-110.0,train
1350,18_square,0,0,794.0,735.0,746.0,718.0,-48.0,-17.0,train
1351,18_square,0,0,318.0,456.0,171.0,129.0,-147.0,-327.0,train
1352,18_square,0,0,430.0,176.0,296.0,751.0,-134.0,575.0,val
1353,18_square,0,0,435.0,387.0,885.0,594.0,450.0,207.0,val
1354,18_square,0,0,690.0,411.0,555.0,144.0,-135.0,-267.0,train
1355,18_square,0,0,417.0,463.0,364.0,172.0,-53.0,-291.0,train
1356,18_square,0,0,328.0,691.0,646.0,514.0,318.0,-177.0,train
1357,18_square,0,0,662.0,320.0,325.0,424.0,-337.0,104.0,train
1358,18_square,0,0,258.0,158.0,625.0,332.0,367.0,174.0,val
1359,18_square,0,0,253.0,182.0,197.0,790.0,-56.0,608.0,train
1360,18_square,0,0,836.0,807.0,308.0,407.0,-528.0,-400.0,train
1361,18_square,0,0,461.0,713.0,615.0,425.0,154.0,-288.0,train
1362,18_square,0,0,143.0,404.0,339.0,584.0,196.0,180.0,train
1363,18_square,0,0,781.0,597.0,114.0,522.0,-667.0,-75.0,test
1364,18_square,0,0,201.0,269.0,735.0,329.0,534.0,60.0,train
1365,18_square,0,0,249.0,698.0,286.0,346.0,37.0,-352.0,train
1366,18_square,0,0,322.0,176.0,140.0,152.0,-182.0,-24.0,train
1367,18_square,0,0,883.0,627.0,502.0,331.0,-381.0,-296.0,train
1368,18_square,0,0,152.0,679.0,747.0,117.0,595.0,-562.0,train
1369,18_square,0,0,420.0,631.0,582.0,446.0,162.0,-185.0,train
1370,18_square,0,0,805.0,101.0,648.0,773.0,-157.0,672.0,val
1371,18_square,0,0,188.0,490.0,426.0,312.0,238.0,-178.0,train
1372,18_square,0,0,566.0,521.0,156.0,573.0,-410.0,52.0,val
1373,18_square,0,0,438.0,856.0,144.0,877.0,-294.0,21.0,train
1374,18_square,0,0,453.0,202.0,711.0,580.0,258.0,378.0,train
1375,18_square,0,0,253.0,690.0,169.0,284.0,-84.0,-406.0,train
1376,18_square,0,0,216.0,254.0,648.0,423.0,432.0,169.0,train
1377,18_square,0,0,415.0,684.0,552.0,613.0,137.0,-71.0,train
1378,18_square,0,0,477.0,452.0,822.0,117.0,345.0,-335.0,train
1379,18_square,0,0,867.0,210.0,644.0,746.0,-223.0,536.0,train
1380,18_square,0,0,893.0,545.0,894.0,219.0,1.0,-326.0,train
1381,18_square,0,0,210.0,601.0,190.0,464.0,-20.0,-137.0,train
1382,18_square,0,0,703.0,600.0,832.0,422.0,129.0,-178.0,train
1383,18_square,0,0,104.0,393.0,185.0,256.0,81.0,-137.0,train
1384,18_square,0,0,430.0,517.0,272.0,861.0,-158.0,344.0,val
1385,18_square,0,0,506.0,547.0,381.0,573.0,-125.0,26.0,val
1386,18_square,0,0,439.0,862.0,536.0,433.0,97.0,-429.0,test
1387,18_square,0,0,428.0,850.0,283.0,893.0,-145.0,43.0,val
1388,18_square,0,0,629.0,694.0,628.0,120.0,-1.0,-574.0,train
1389,18_square,0,0,127.0,636.0,620.0,594.0,493.0,-42.0,train
1390,18_square,0,0,449.0,880.0,783.0,747.0,334.0,-133.0,train
1391,18_square,0,0,382.0,851.0,237.0,104.0,-145.0,-747.0,train
1392,18_square,0,0,774.0,576.0,698.0,509.0,-76.0,-67.0,val
1393,18_square,0,0,714.0,599.0,416.0,627.0,-298.0,28.0,train
1394,18_square,0,0,120.0,141.0,400.0,889.0,280.0,748.0,train
1395,18_square,0,0,388.0,706.0,371.0,667.0,-17.0,-39.0,train
1396,18_square,0,0,164.0,135.0,823.0,248.0,659.0,113.0,train
1397,18_square,0,0,396.0,884.0,734.0,718.0,338.0,-166.0,train
1398,18_square,0,0,302.0,245.0,787.0,442.0,485.0,197.0,train
1399,18_square,0,0,317.0,776.0,163.0,333.0,-154.0,-443.0,train
1400,18_square,0,0,722.0,519.0,885.0,140.0,163.0,-379.0,train
1401,18_square,0,0,875.0,452.0,283.0,712.0,-592.0,260.0,train
1402,18_square,0,0,782.0,121.0,900.0,224.0,118.0,103.0,train
1403,18_square,0,0,226.0,455.0,854.0,219.0,628.0,-236.0,train
1404,18_square,0,0,179.0,430.0,392.0,301.0,213.0,-129.0,train
1405,18_square,0,0,699.0,106.0,612.0,188.0,-87.0,82.0,train
1406,18_square,0,0,365.0,427.0,347.0,130.0,-18.0,-297.0,val
1407,18_square,0,0,232.0,586.0,711.0,692.0,479.0,106.0,train
1408,18_square,0,0,622.0,109.0,433.0,263.0,-189.0,154.0,train
1409,18_square,0,0,749.0,770.0,812.0,576.0,63.0,-194.0,train
1410,18_square,0,0,618.0,411.0,288.0,646.0,-330.0,235.0,train
1411,18_square,0,0,515.0,474.0,249.0,232.0,-266.0,-242.0,val
1412,18_square,0,0,890.0,599.0,654.0,479.0,-236.0,-120.0,train
1413,18_square,0,0,842.0,759.0,699.0,401.0,-143.0,-358.0,train
1414,18_square,0,0,243.0,713.0,290.0,675.0,47.0,-38.0,train
1415,18_square,0,0,638.0,558.0,456.0,752.0,-182.0,194.0,train
1416,18_square,0,0,253.0,601.0,468.0,894.0,215.0,293.0,train
1417,18_square,0,0,532.0,676.0,286.0,375.0,-246.0,-301.0,val
1418,18_square,0,0,148.0,727.0,201.0,786.0,53.0,59.0,train
1419,18_square,0,0,586.0,425.0,525.0,675.0,-61.0,250.0,val
1420,18_square,0,0,840.0,471.0,382.0,772.0,-458.0,301.0,train
1421,18_square,0,0,249.0,575.0,301.0,362.0,52.0,-213.0,train
1422,18_square,0,0,498.0,133.0,243.0,703.0,-255.0,570.0,train
1423,18_square,0,0,433.0,517.0,421.0,178.0,-12.0,-339.0,train
1424,18_square,0,0,790.0,620.0,762.0,134.0,-28.0,-486.0,val
1425,18_square,0,0,473.0,593.0,176.0,612.0,-297.0,19.0,train
1426,18_square,0,0,435.0,738.0,727.0,453.0,292.0,-285.0,val
1427,18_square,0,0,584.0,533.0,630.0,743.0,46.0,210.0,train
1428,18_square,0,0,618.0,801.0,608.0,228.0,-10.0,-573.0,train
1429,18_square,0,0,757.0,816.0,714.0,205.0,-43.0,-611.0,val
1430,18_square,0,0,899.0,156.0,485.0,882.0,-414.0,726.0,train
1431,18_square,0,0,396.0,102.0,777.0,453.0,381.0,351.0,val
1432,18_square,0,0,370.0,661.0,847.0,325.0,477.0,-336.0,train
1433,18_square,0,0,825.0,173.0,660.0,679.0,-165.0,506.0,val
1434,18_square,0,0,503.0,761.0,693.0,817.0,190.0,56.0,train
1435,18_square,0,0,446.0,355.0,150.0,614.0,-296.0,259.0,train
1436,18_square,0,0,883.0,740.0,215.0,889.0,-668.0,149.0,train
1437,18_square,0,0,577.0,666.0,200.0,364.0,-377.0,-302.0,train
1438,18_square,0,0,812.0,727.0,140.0,258.0,-672.0,-469.0,val
1439,18_square,0,0,617.0,176.0,417.0,313.0,-200.0,137.0,train
1440,18_square,0,0,633.0,660.0,638.0,208.0,5.0,-452.0,train
1441,18_square,0,0,206.0,489.0,131.0,311.0,-75.0,-178.0,train
1442,18_square,0,0,269.0,570.0,793.0,238.0,524.0,-332.0,test
1443,18_square,0,0,307.0,664.0,352.0,725.0,45.0,61.0,train
1444,18_square,0,0,810.0,262.0,626.0,519.0,-184.0,257.0,train
1445,18_square,0,0,548.0,810.0,105.0,732.0,-443.0,-78.0,train
1446,18_square,0,0,695.0,622.0,419.0,860.0,-276.0,238.0,train
1447,18_square,0,0,248.0,695.0,500.0,591.0,252.0,-104.0,train
1448,18_square,0,0,657.0,877.0,403.0,287.0,-254.0,-590.0,train
1449,18_square,0,0,354.0,403.0,315.0,430.0,-39.0,27.0,train
1450,18_square,0,0,769.0,392.0,621.0,343.0,-148.0,-49.0,train
1451,18_square,0,0,483.0,292.0,183.0,386.0,-300.0,94.0,val
1452,18_square,0,0,525.0,811.0,500.0,837.0,-25.0,26.0,train
1453,18_square,0,0,398.0,480.0,336.0,597.0,-62.0,117.0,train
1454,18_square,0,0,837.0,768.0,242.0,859.0,-595.0,91.0,train
1455,18_square,0,0,808.0,859.0,244.0,319.0,-564.0,-540.0,train
1456,18_square,0,0,513.0,563.0,851.0,469.0,338.0,-94.0,train
1457,18_square,0,0,538.0,523.0,508.0,682.0,-30.0,159.0,train
1458,18_square,0,0,229.0,374.0,404.0,523.0,175.0,149.0,train
1459,18_square,0,0,449.0,522.0,486.0,896.0,37.0,374.0,train
1460,18_square,0,0,379.0,503.0,239.0,322.0,-140.0,-181.0,train
1461,18_square,0,0,729.0,396.0,287.0,239.0,-442.0,-157.0,train
1462,18_square,0,0,850.0,498.0,310.0,130.0,-540.0,-368.0,val
1463,18_square,0,0,738.0,470.0,714.0,813.0,-24.0,343.0,train
1464,18_square,0,0,699.0,327.0,852.0,709.0,153.0,382.0,test
1465,18_square,0,0,295.0,333.0,668.0,579.0,373.0,246.0,train
1466,18_square,0,0,130.0,611.0,417.0,684.0,287.0,73.0,train
1467,18_square,0,0,800.0,700.0,406.0,659.0,-394.0,-41.0,train
1468,18_square,0,0,222.0,854.0,818.0,253.0,596.0,-601.0,train
1469,18_square,0,0,886.0,211.0,518.0,224.0,-368.0,13.0,train
1470,18_square,0,0,486.0,840.0,585.0,313.0,99.0,-527.0,val
1471,18_square,0,0,639.0,217.0,803.0,350.0,164.0,133.0,val
1472,18_square,0,0,173.0,206.0,869.0,211.0,696.0,5.0,val
1473,18_square,0,0,134.0,356.0,148.0,663.0,14.0,307.0,train
1474,18_square,0,0,242.0,376.0,455.0,611.0,213.0,235.0,test
1475,18_square,0,0,475.0,163.0,677.0,387.0,202.0,224.0,test
1476,18_square,0,0,134.0,872.0,195.0,111.0,61.0,-761.0,train
1477,18_square,0,0,583.0,408.0,636.0,506.0,53.0,98.0,train
1478,18_square,0,0,491.0,182.0,380.0,606.0,-111.0,424.0,train
1479,18_square,0,0,455.0,876.0,280.0,167.0,-175.0,-709.0,train
1480,18_square,0,0,827.0,426.0,147.0,435.0,-680.0,9.0,train
1481,18_square,0,0,789.0,684.0,188.0,892.0,-601.0,208.0,test
1482,18_square,0,0,195.0,694.0,294.0,540.0,99.0,-154.0,test
1483,18_square,0,0,616.0,171.0,536.0,282.0,-80.0,111.0,train
1484,18_square,0,0,817.0,361.0,227.0,383.0,-590.0,22.0,train
1485,18_square,0,0,295.0,797.0,598.0,590.0,303.0,-207.0,train
1486,18_square,0,0,227.0,823.0,865.0,702.0,638.0,-121.0,train
1487,18_square,0,0,219.0,194.0,195.0,407.0,-24.0,213.0,test
1488,18_square,0,0,627.0,291.0,777.0,307.0,150.0,16.0,test
1489,18_square,0,0,646.0,453.0,468.0,566.0,-178.0,113.0,train
1490,18_square,0,0,646.0,710.0,282.0,248.0,-364.0,-462.0,train
1491,18_square,0,0,814.0,197.0,160.0,237.0,-654.0,40.0,test
1492,18_square,0,0,856.0,375.0,707.0,347.0,-149.0,-28.0,train
1493,18_square,0,0,664.0,504.0,833.0,474.0,169.0,-30.0,train
1494,18_square,0,0,651.0,201.0,751.0,443.0,100.0,242.0,train
1495,18_square,0,0,886.0,474.0,330.0,830.0,-556.0,356.0,train
1496,18_square,0,0,877.0,134.0,593.0,556.0,-284.0,422.0,val
1497,18_square,0,0,261.0,186.0,215.0,158.0,-46.0,-28.0,train
1498,18_square,0,0,614.0,725.0,304.0,650.0,-310.0,-75.0,train
1499,18_square,0,0,672.0,356.0,593.0,599.0,-79.0,243.0,train
1500,9_square,0,0,874.0,511.0,554.0,527.0,-320.0,16.0,val
1501,9_square,0,0,615.0,329.0,242.0,341.0,-373.0,12.0,train
1502,9_square,0,0,149.0,808.0,440.0,280.0,291.0,-528.0,train
1503,9_square,0,0,324.0,352.0,889.0,706.0,565.0,354.0,train
1504,9_square,0,0,832.0,510.0,629.0,882.0,-203.0,372.0,train
1505,9_square,0,0,365.0,278.0,865.0,550.0,500.0,272.0,train
1506,9_square,0,0,795.0,365.0,357.0,307.0,-438.0,-58.0,train
1507,9_square,0,0,103.0,526.0,226.0,110.0,123.0,-416.0,train
1508,9_square,0,0,411.0,311.0,660.0,157.0,249.0,-154.0,train
1509,9_square,0,0,678.0,523.0,180.0,241.0,-498.0,-282.0,train
1510,9_square,0,0,284.0,644.0,246.0,516.0,-38.0,-128.0,train
1511,9_square,0,0,187.0,651.0,198.0,600.0,11.0,-51.0,train
1512,9_square,0,0,689.0,520.0,754.0,896.0,65.0,376.0,train
1513,9_square,0,0,194.0,578.0,751.0,208.0,557.0,-370.0,train
1514,9_square,0,0,482.0,596.0,890.0,636.0,408.0,40.0,train
1515,9_square,0,0,704.0,445.0,137.0,214.0,-567.0,-231.0,test
1516,9_square,0,0,635.0,251.0,373.0,244.0,-262.0,-7.0,train
1517,9_square,0,0,530.0,150.0,527.0,520.0,-3.0,370.0,test
1518,9_square,0,0,540.0,181.0,138.0,199.0,-402.0,18.0,train
1519,9_square,0,0,727.0,471.0,770.0,663.0,43.0,192.0,train
1520,9_square,0,0,520.0,514.0,417.0,900.0,-103.0,386.0,val
1521,9_square,0,0,687.0,497.0,825.0,295.0,138.0,-202.0,train
1522,9_square,0,0,504.0,463.0,706.0,425.0,202.0,-38.0,train
1523,9_square,0,0,511.0,237.0,661.0,141.0,150.0,-96.0,test
1524,9_square,0,0,627.0,589.0,400.0,487.0,-227.0,-102.0,train
1525,9_square,0,0,627.0,185.0,431.0,556.0,-196.0,371.0,train
1526,9_square,0,0,327.0,896.0,117.0,323.0,-210.0,-573.0,test
1527,9_square,0,0,788.0,428.0,474.0,248.0,-314.0,-180.0,val
1528,9_square,0,0,218.0,312.0,294.0,103.0,76.0,-209.0,train
1529,9_square,0,0,525.0,280.0,840.0,572.0,315.0,292.0,train
1530,9_square,0,0,300.0,634.0,177.0,478.0,-123.0,-156.0,test
1531,9_square,0,0,668.0,643.0,507.0,491.0,-161.0,-152.0,val
1532,9_square,0,0,754.0,842.0,365.0,605.0,-389.0,-237.0,train
1533,9_square,0,0,685.0,600.0,644.0,300.0,-41.0,-300.0,train
1534,9_square,0,0,875.0,743.0,119.0,899.0,-756.0,156.0,train
1535,9_square,0,0,101.0,712.0,354.0,248.0,253.0,-464.0,train
1536,9_square,0,0,557.0,720.0,344.0,629.0,-213.0,-91.0,train
1537,9_square,0,0,497.0,781.0,569.0,726.0,72.0,-55.0,test
1538,9_square,0,0,850.0,482.0,372.0,243.0,-478.0,-239.0,train
1539,9_square,0,0,785.0,134.0,507.0,887.0,-278.0,753.0,train
1540,9_square,0,0,613.0,606.0,591.0,549.0,-22.0,-57.0,train
1541,9_square,0,0,367.0,393.0,619.0,624.0,252.0,231.0,train
1542,9_square,0,0,444.0,883.0,173.0,192.0,-271.0,-691.0,train
1543,9_square,0,0,630.0,851.0,802.0,641.0,172.0,-210.0,test
1544,9_square,0,0,459.0,771.0,413.0,106.0,-46.0,-665.0,train
1545,9_square,0,0,321.0,859.0,502.0,640.0,181.0,-219.0,train
1546,9_square,0,0,618.0,484.0,325.0,121.0,-293.0,-363.0,train
1547,9_square,0,0,455.0,814.0,404.0,792.0,-51.0,-22.0,train
1548,9_square,0,0,336.0,821.0,683.0,185.0,347.0,-636.0,train
1549,9_square,0,0,328.0,353.0,301.0,206.0,-27.0,-147.0,train
1550,9_square,0,0,851.0,673.0,483.0,345.0,-368.0,-328.0,train
1551,9_square,0,0,403.0,624.0,661.0,246.0,258.0,-378.0,test
1552,9_square,0,0,275.0,810.0,491.0,169.0,216.0,-641.0,train
1553,9_square,0,0,289.0,428.0,870.0,790.0,581.0,362.0,train
1554,9_square,0,0,576.0,543.0,446.0,419.0,-130.0,-124.0,train
1555,9_square,0,0,211.0,748.0,529.0,133.0,318.0,-615.0,train
1556,9_square,0,0,703.0,671.0,572.0,785.0,-131.0,114.0,train
1557,9_square,0,0,643.0,424.0,799.0,497.0,156.0,73.0,val
1558,9_square,0,0,170.0,671.0,382.0,589.0,212.0,-82.0,train
1559,9_square,0,0,167.0,131.0,888.0,426.0,721.0,295.0,train
1560,9_square,0,0,310.0,111.0,292.0,470.0,-18.0,359.0,train
1561,9_square,0,0,894.0,392.0,497.0,866.0,-397.0,474.0,train
1562,9_square,0,0,565.0,213.0,656.0,152.0,91.0,-61.0,train
1563,9_square,0,0,387.0,821.0,437.0,841.0,50.0,20.0,train
1564,9_square,0,0,418.0,581.0,865.0,878.0,447.0,297.0,train
1565,9_square,0,0,842.0,631.0,325.0,437.0,-517.0,-194.0,train
1566,9_square,0,0,357.0,569.0,110.0,895.0,-247.0,326.0,test
1567,9_square,0,0,201.0,520.0,803.0,447.0,602.0,-73.0,train
1568,9_square,0,0,421.0,276.0,165.0,386.0,-256.0,110.0,train
1569,9_square,0,0,281.0,227.0,182.0,711.0,-99.0,484.0,train
1570,9_square,0,0,106.0,849.0,730.0,719.0,624.0,-130.0,val
1571,9_square,0,0,121.0,532.0,710.0,457.0,589.0,-75.0,val
1572,9_square,0,0,886.0,116.0,847.0,206.0,-39.0,90.0,train
1573,9_square,0,0,291.0,166.0,462.0,615.0,171.0,449.0,train
1574,9_square,0,0,322.0,165.0,480.0,435.0,158.0,270.0,train
1575,9_square,0,0,179.0,876.0,651.0,166.0,472.0,-710.0,train
1576,9_square,0,0,110.0,696.0,807.0,746.0,697.0,50.0,train
1577,9_square,0,0,771.0,434.0,216.0,160.0,-555.0,-274.0,train
1578,9_square,0,0,460.0,884.0,828.0,452.0,368.0,-432.0,train
1579,9_square,0,0,581.0,597.0,172.0,201.0,-409.0,-396.0,val
1580,9_square,0,0,202.0,202.0,231.0,188.0,29.0,-14.0,test
1581,9_square,0,0,819.0,141.0,722.0,176.0,-97.0,35.0,val
1582,9_square,0,0,701.0,869.0,124.0,126.0,-577.0,-743.0,train
1583,9_square,0,0,179.0,271.0,263.0,495.0,84.0,224.0,train
1584,9_square,0,0,822.0,563.0,435.0,760.0,-387.0,197.0,train
1585,9_square,0,0,276.0,467.0,173.0,621.0,-103.0,154.0,train
1586,9_square,0,0,730.0,754.0,378.0,153.0,-352.0,-601.0,train
1587,9_square,0,0,727.0,656.0,318.0,167.0,-409.0,-489.0,train
1588,9_square,0,0,584.0,870.0,459.0,600.0,-125.0,-270.0,train
1589,9_square,0,0,442.0,397.0,149.0,819.0,-293.0,422.0,train
1590,9_square,0,0,496.0,452.0,865.0,892.0,369.0,440.0,train
1591,9_square,0,0,891.0,499.0,272.0,192.0,-619.0,-307.0,train
1592,9_square,0,0,824.0,820.0,222.0,626.0,-602.0,-194.0,train
1593,9_square,0,0,324.0,854.0,251.0,147.0,-73.0,-707.0,train
1594,9_square,0,0,497.0,307.0,692.0,804.0,195.0,497.0,train
1595,9_square,0,0,229.0,396.0,723.0,391.0,494.0,-5.0,train
1596,9_square,0,0,833.0,463.0,344.0,848.0,-489.0,385.0,val
1597,9_square,0,0,206.0,818.0,144.0,495.0,-62.0,-323.0,train
1598,9_square,0,0,619.0,502.0,164.0,434.0,-455.0,-68.0,train
1599,9_square,0,0,134.0,319.0,248.0,492.0,114.0,173.0,train
1600,9_square,0,0,477.0,501.0,175.0,822.0,-302.0,321.0,train
1601,9_square,0,0,520.0,694.0,132.0,778.0,-388.0,84.0,train
1602,9_square,0,0,840.0,121.0,778.0,859.0,-62.0,738.0,train
1603,9_square,0,0,181.0,296.0,844.0,143.0,663.0,-153.0,train
1604,9_square,0,0,566.0,857.0,506.0,169.0,-60.0,-688.0,train
1605,9_square,0,0,576.0,132.0,191.0,307.0,-385.0,175.0,train
1606,9_square,0,0,265.0,471.0,234.0,487.0,-31.0,16.0,train
1607,9_square,0,0,341.0,442.0,579.0,190.0,238.0,-252.0,train
1608,9_square,0,0,599.0,723.0,369.0,699.0,-230.0,-24.0,train
1609,9_square,0,0,336.0,618.0,105.0,390.0,-231.0,-228.0,test
1610,9_square,0,0,218.0,793.0,502.0,560.0,284.0,-233.0,train
1611,9_square,0,0,121.0,727.0,627.0,359.0,506.0,-368.0,train
1612,9_square,0,0,471.0,313.0,810.0,608.0,339.0,295.0,train
1613,9_square,0,0,514.0,149.0,377.0,112.0,-137.0,-37.0,test
1614,9_square,0,0,791.0,400.0,434.0,779.0,-357.0,379.0,train
1615,9_square,0,0,139.0,353.0,305.0,643.0,166.0,290.0,train
1616,9_square,0,0,780.0,491.0,821.0,535.0,41.0,44.0,train
1617,9_square,0,0,441.0,164.0,800.0,265.0,359.0,101.0,train
1618,9_square,0,0,212.0,213.0,607.0,237.0,395.0,24.0,train
1619,9_square,0,0,570.0,215.0,677.0,861.0,107.0,646.0,train
1620,9_square,0,0,824.0,888.0,556.0,859.0,-268.0,-29.0,train
1621,9_square,0,0,545.0,365.0,674.0,362.0,129.0,-3.0,train
1622,9_square,0,0,657.0,380.0,377.0,226.0,-280.0,-154.0,train
1623,9_square,0,0,552.0,480.0,221.0,404.0,-331.0,-76.0,train
1624,9_square,0,0,266.0,333.0,412.0,217.0,146.0,-116.0,train
1625,9_square,0,0,642.0,390.0,353.0,864.0,-289.0,474.0,train
1626,9_square,0,0,388.0,540.0,876.0,484.0,488.0,-56.0,val
1627,9_square,0,0,760.0,867.0,712.0,611.0,-48.0,-256.0,train
1628,9_square,0,0,193.0,468.0,460.0,481.0,267.0,13.0,train
1629,9_square,0,0,437.0,385.0,346.0,307.0,-91.0,-78.0,train
1630,9_square,0,0,569.0,807.0,374.0,463.0,-195.0,-344.0,val
1631,9_square,0,0,851.0,671.0,527.0,469.0,-324.0,-202.0,test
1632,9_square,0,0,872.0,146.0,821.0,580.0,-51.0,434.0,test
1633,9_square,0,0,741.0,372.0,547.0,158.0,-194.0,-214.0,test
1634,9_square,0,0,508.0,610.0,863.0,473.0,355.0,-137.0,train
1635,9_square,0,0,487.0,598.0,246.0,881.0,-241.0,283.0,train
1636,9_square,0,0,192.0,430.0,144.0,103.0,-48.0,-327.0,train
1637,9_square,0,0,208.0,207.0,827.0,462.0,619.0,255.0,train
1638,9_square,0,0,253.0,143.0,868.0,329.0,615.0,186.0,train
1639,9_square,0,0,802.0,144.0,248.0,317.0,-554.0,173.0,val
1640,9_square,0,0,139.0,400.0,234.0,788.0,95.0,388.0,train
1641,9_square,0,0,587.0,749.0,321.0,251.0,-266.0,-498.0,train
1642,9_square,0,0,656.0,816.0,782.0,828.0,126.0,12.0,train
1643,9_square,0,0,663.0,574.0,290.0,735.0,-373.0,161.0,train
1644,9_square,0,0,834.0,440.0,556.0,356.0,-278.0,-84.0,train
1645,9_square,0,0,173.0,383.0,325.0,231.0,152.0,-152.0,train
1646,9_square,0,0,172.0,271.0,775.0,643.0,603.0,372.0,train
1647,9_square,0,0,417.0,873.0,891.0,887.0,474.0,14.0,train
1648,9_square,0,0,314.0,852.0,599.0,854.0,285.0,2.0,train
1649,9_square,0,0,107.0,322.0,387.0,567.0,280.0,245.0,val
1650,9_square,0,0,349.0,858.0,390.0,634.0,41.0,-224.0,val
1651,9_square,0,0,713.0,233.0,888.0,382.0,175.0,149.0,train
1652,9_square,0,0,882.0,497.0,226.0,699.0,-656.0,202.0,train
1653,9_square,0,0,703.0,546.0,312.0,595.0,-391.0,49.0,train
1654,9_square,0,0,127.0,892.0,179.0,572.0,52.0,-320.0,test
1655,9_square,0,0,107.0,746.0,505.0,668.0,398.0,-78.0,train
1656,9_square,0,0,269.0,779.0,460.0,498.0,191.0,-281.0,train
1657,9_square,0,0,384.0,671.0,206.0,694.0,-178.0,23.0,train
1658,9_square,0,0,147.0,652.0,103.0,286.0,-44.0,-366.0,val
1659,9_square,0,0,800.0,487.0,663.0,231.0,-137.0,-256.0,val
1660,9_square,0,0,576.0,349.0,552.0,587.0,-24.0,238.0,train
1661,9_square,0,0,705.0,615.0,824.0,497.0,119.0,-118.0,train
1662,9_square,0,0,536.0,424.0,183.0,195.0,-353.0,-229.0,val
1663,9_square,0,0,565.0,102.0,574.0,445.0,9.0,343.0,train
1664,9_square,0,0,296.0,310.0,584.0,645.0,288.0,335.0,train
1665,9_square,0,0,427.0,199.0,535.0,215.0,108.0,16.0,train
1666,9_square,0,0,376.0,314.0,521.0,892.0,145.0,578.0,train
1667,9_square,0,0,373.0,275.0,809.0,816.0,436.0,541.0,train
1668,9_square,0,0,344.0,632.0,724.0,476.0,380.0,-156.0,train
1669,9_square,0,0,827.0,719.0,298.0,155.0,-529.0,-564.0,test
1670,9_square,0,0,746.0,800.0,843.0,825.0,97.0,25.0,train
1671,9_square,0,0,673.0,124.0,205.0,635.0,-468.0,511.0,train
1672,9_square,0,0,490.0,206.0,550.0,647.0,60.0,441.0,train
1673,9_square,0,0,312.0,170.0,442.0,498.0,130.0,328.0,train
1674,9_square,0,0,339.0,731.0,687.0,770.0,348.0,39.0,train
1675,9_square,0,0,791.0,364.0,355.0,403.0,-436.0,39.0,train
1676,9_square,0,0,484.0,158.0,732.0,634.0,248.0,476.0,train
1677,9_square,0,0,843.0,885.0,649.0,295.0,-194.0,-590.0,train
1678,9_square,0,0,497.0,348.0,526.0,147.0,29.0,-201.0,train
1679,9_square,0,0,290.0,765.0,793.0,771.0,503.0,6.0,train
1680,9_square,0,0,446.0,652.0,683.0,716.0,237.0,64.0,train
1681,9_square,0,0,248.0,572.0,615.0,777.0,367.0,205.0,train
1682,9_square,0,0,637.0,531.0,699.0,276.0,62.0,-255.0,train
1683,9_square,0,0,231.0,576.0,674.0,414.0,443.0,-162.0,train
1684,9_square,0,0,786.0,532.0,167.0,363.0,-619.0,-169.0,train
1685,9_square,0,0,402.0,547.0,654.0,338.0,252.0,-209.0,train
1686,9_square,0,0,318.0,795.0,303.0,524.0,-15.0,-271.0,train
1687,9_square,0,0,323.0,737.0,417.0,454.0,94.0,-283.0,train
1688,9_square,0,0,351.0,741.0,428.0,824.0,77.0,83.0,train
1689,9_square,0,0,500.0,224.0,151.0,113.0,-349.0,-111.0,train
1690,9_square,0,0,285.0,234.0,648.0,863.0,363.0,629.0,train
1691,9_square,0,0,792.0,204.0,206.0,241.0,-586.0,37.0,val
1692,9_square,0,0,462.0,197.0,506.0,664.0,44.0,467.0,train
1693,9_square,0,0,394.0,628.0,176.0,134.0,-218.0,-494.0,train
1694,9_square,0,0,105.0,310.0,875.0,266.0,770.0,-44.0,train
1695,9_square,0,0,519.0,433.0,254.0,209.0,-265.0,-224.0,test
1696,9_square,0,0,821.0,282.0,652.0,106.0,-169.0,-176.0,train
1697,9_square,0,0,817.0,882.0,279.0,582.0,-538.0,-300.0,train
1698,9_square,0,0,806.0,490.0,772.0,421.0,-34.0,-69.0,train
1699,9_square,0,0,277.0,448.0,793.0,652.0,516.0,204.0,train
1700,9_square,0,0,620.0,146.0,469.0,814.0,-151.0,668.0,train
1701,9_square,0,0,747.0,551.0,142.0,104.0,-605.0,-447.0,train
1702,9_square,0,0,292.0,197.0,331.0,540.0,39.0,343.0,train
1703,9_square,0,0,289.0,401.0,675.0,450.0,386.0,49.0,train
1704,9_square,0,0,303.0,107.0,357.0,561.0,54.0,454.0,val
1705,9_square,0,0,344.0,368.0,390.0,540.0,46.0,172.0,train
1706,9_square,0,0,576.0,298.0,670.0,409.0,94.0,111.0,train
1707,9_square,0,0,314.0,393.0,235.0,232.0,-79.0,-161.0,train
1708,9_square,0,0,812.0,893.0,112.0,277.0,-700.0,-616.0,train
1709,9_square,0,0,532.0,866.0,485.0,487.0,-47.0,-379.0,train
1710,9_square,0,0,137.0,423.0,769.0,515.0,632.0,92.0,train
1711,9_square,0,0,142.0,365.0,393.0,720.0,251.0,355.0,val
1712,9_square,0,0,162.0,672.0,486.0,614.0,324.0,-58.0,test
1713,9_square,0,0,872.0,695.0,167.0,892.0,-705.0,197.0,test
1714,9_square,0,0,719.0,307.0,703.0,375.0,-16.0,68.0,train
1715,9_square,0,0,205.0,213.0,431.0,302.0,226.0,89.0,train
1716,9_square,0,0,409.0,171.0,861.0,653.0,452.0,482.0,train
1717,9_square,0,0,601.0,745.0,872.0,500.0,271.0,-245.0,val
1718,9_square,0,0,827.0,618.0,521.0,358.0,-306.0,-260.0,train
1719,9_square,0,0,822.0,578.0,500.0,798.0,-322.0,220.0,train
1720,9_square,0,0,796.0,774.0,203.0,534.0,-593.0,-240.0,train
1721,9_square,0,0,623.0,665.0,637.0,177.0,14.0,-488.0,val
1722,9_square,0,0,424.0,870.0,771.0,342.0,347.0,-528.0,train
1723,9_square,0,0,214.0,876.0,848.0,525.0,634.0,-351.0,train
1724,9_square,0,0,246.0,165.0,166.0,214.0,-80.0,49.0,train
1725,9_square,0,0,424.0,577.0,484.0,712.0,60.0,135.0,test
1726,9_square,0,0,284.0,636.0,412.0,530.0,128.0,-106.0,train
1727,9_square,0,0,416.0,477.0,185.0,305.0,-231.0,-172.0,train
1728,9_square,0,0,839.0,343.0,777.0,756.0,-62.0,413.0,train
1729,9_square,0,0,478.0,803.0,663.0,114.0,185.0,-689.0,val
1730,9_square,0,0,835.0,617.0,472.0,505.0,-363.0,-112.0,train
1731,9_square,0,0,278.0,285.0,745.0,423.0,467.0,138.0,train
1732,9_square,0,0,446.0,574.0,654.0,851.0,208.0,277.0,test
1733,9_square,0,0,806.0,853.0,284.0,473.0,-522.0,-380.0,train
1734,9_square,0,0,328.0,758.0,309.0,727.0,-19.0,-31.0,train
1735,9_square,0,0,470.0,875.0,747.0,135.0,277.0,-740.0,val
1736,9_square,0,0,487.0,899.0,110.0,577.0,-377.0,-322.0,train
1737,9_square,0,0,554.0,676.0,596.0,729.0,42.0,53.0,train
1738,9_square,0,0,204.0,707.0,629.0,290.0,425.0,-417.0,train
1739,9_square,0,0,196.0,491.0,444.0,714.0,248.0,223.0,train
1740,9_square,0,0,250.0,486.0,217.0,459.0,-33.0,-27.0,train
1741,9_square,0,0,751.0,435.0,809.0,356.0,58.0,-79.0,train
1742,9_square,0,0,446.0,486.0,733.0,376.0,287.0,-110.0,train
1743,9_square,0,0,462.0,381.0,562.0,386.0,100.0,5.0,train
1744,9_square,0,0,532.0,232.0,335.0,182.0,-197.0,-50.0,train
1745,9_square,0,0,103.0,353.0,897.0,462.0,794.0,109.0,train
1746,9_square,0,0,722.0,402.0,677.0,350.0,-45.0,-52.0,val
1747,9_square,0,0,765.0,241.0,790.0,628.0,25.0,387.0,train
1748,9_square,0,0,311.0,430.0,462.0,137.0,151.0,-293.0,train
1749,9_square,0,0,462.0,430.0,215.0,287.0,-247.0,-143.0,train
1750,9_square,0,0,331.0,756.0,376.0,843.0,45.0,87.0,train
1751,9_square,0,0,567.0,412.0,168.0,369.0,-399.0,-43.0,train
1752,9_square,0,0,215.0,146.0,793.0,110.0,578.0,-36.0,train
1753,9_square,0,0,886.0,104.0,483.0,618.0,-403.0,514.0,train
1754,9_square,0,0,535.0,152.0,810.0,381.0,275.0,229.0,val
1755,9_square,0,0,656.0,554.0,783.0,828.0,127.0,274.0,train
1756,9_square,0,0,166.0,248.0,577.0,117.0,411.0,-131.0,test
1757,9_square,0,0,649.0,559.0,842.0,659.0,193.0,100.0,train
1758,9_square,0,0,853.0,724.0,411.0,223.0,-442.0,-501.0,train
1759,9_square,0,0,387.0,515.0,178.0,714.0,-209.0,199.0,train
1760,9_square,0,0,278.0,181.0,619.0,291.0,341.0,110.0,train
1761,9_square,0,0,871.0,510.0,386.0,488.0,-485.0,-22.0,train
1762,9_square,0,0,316.0,228.0,886.0,288.0,570.0,60.0,val
1763,9_square,0,0,353.0,368.0,864.0,272.0,511.0,-96.0,train
1764,9_square,0,0,532.0,617.0,126.0,334.0,-406.0,-283.0,train
1765,9_square,0,0,167.0,396.0,860.0,773.0,693.0,377.0,train
1766,9_square,0,0,757.0,162.0,894.0,738.0,137.0,576.0,val
1767,9_square,0,0,673.0,470.0,302.0,179.0,-371.0,-291.0,train
1768,9_square,0,0,676.0,292.0,278.0,546.0,-398.0,254.0,train
1769,9_square,0,0,769.0,159.0,600.0,511.0,-169.0,352.0,train
1770,9_square,0,0,740.0,354.0,228.0,504.0,-512.0,150.0,train
1771,9_square,0,0,349.0,138.0,716.0,541.0,367.0,403.0,train
1772,9_square,0,0,324.0,839.0,484.0,773.0,160.0,-66.0,train
1773,9_square,0,0,497.0,367.0,472.0,449.0,-25.0,82.0,train
1774,9_square,0,0,446.0,568.0,361.0,234.0,-85.0,-334.0,train
1775,9_square,0,0,353.0,739.0,380.0,755.0,27.0,16.0,train
1776,9_square,0,0,646.0,814.0,268.0,434.0,-378.0,-380.0,train
1777,9_square,0,0,787.0,222.0,742.0,254.0,-45.0,32.0,train
1778,9_square,0,0,752.0,175.0,213.0,864.0,-539.0,689.0,train
1779,9_square,0,0,349.0,473.0,508.0,556.0,159.0,83.0,train
1780,9_square,0,0,511.0,136.0,200.0,269.0,-311.0,133.0,test
1781,9_square,0,0,571.0,188.0,535.0,519.0,-36.0,331.0,val
1782,9_square,0,0,399.0,196.0,248.0,219.0,-151.0,23.0,train
1783,9_square,0,0,450.0,223.0,300.0,695.0,-150.0,472.0,val
1784,9_square,0,0,302.0,470.0,207.0,849.0,-95.0,379.0,test
1785,9_square,0,0,248.0,281.0,887.0,405.0,639.0,124.0,train
1786,9_square,0,0,705.0,848.0,791.0,611.0,86.0,-237.0,train
1787,9_square,0,0,701.0,754.0,709.0,331.0,8.0,-423.0,train
1788,9_square,0,0,123.0,594.0,422.0,272.0,299.0,-322.0,train
1789,9_square,0,0,105.0,849.0,503.0,194.0,398.0,-655.0,val
1790,9_square,0,0,774.0,854.0,158.0,349.0,-616.0,-505.0,train
1791,9_square,0,0,809.0,122.0,316.0,222.0,-493.0,100.0,val
1792,9_square,0,0,251.0,230.0,557.0,496.0,306.0,266.0,train
1793,9_square,0,0,575.0,802.0,417.0,431.0,-158.0,-371.0,train
1794,9_square,0,0,457.0,570.0,492.0,435.0,35.0,-135.0,test
1795,9_square,0,0,490.0,688.0,631.0,155.0,141.0,-533.0,train
1796,9_square,0,0,480.0,170.0,168.0,260.0,-312.0,90.0,train
1797,9_square,0,0,630.0,814.0,804.0,312.0,174.0,-502.0,train
1798,9_square,0,0,388.0,281.0,530.0,788.0,142.0,507.0,train
1799,9_square,0,0,445.0,367.0,455.0,548.0,10.0,181.0,train
1800,9_square,0,0,170.0,627.0,202.0,324.0,32.0,-303.0,train
1801,9_square,0,0,730.0,598.0,800.0,160.0,70.0,-438.0,train
1802,9_square,0,0,652.0,445.0,661.0,489.0,9.0,44.0,train
1803,9_square,0,0,832.0,224.0,205.0,660.0,-627.0,436.0,val
1804,9_square,0,0,462.0,870.0,855.0,271.0,393.0,-599.0,train
1805,9_square,0,0,532.0,261.0,499.0,676.0,-33.0,415.0,test
1806,9_square,0,0,362.0,743.0,862.0,764.0,500.0,21.0,test
1807,9_square,0,0,767.0,528.0,595.0,477.0,-172.0,-51.0,train
1808,9_square,0,0,666.0,175.0,158.0,615.0,-508.0,440.0,train
1809,9_square,0,0,267.0,204.0,850.0,102.0,583.0,-102.0,train
1810,9_square,0,0,123.0,866.0,117.0,762.0,-6.0,-104.0,val
1811,9_square,0,0,598.0,504.0,184.0,622.0,-414.0,118.0,train
1812,9_square,0,0,329.0,683.0,753.0,274.0,424.0,-409.0,train
1813,9_square,0,0,239.0,851.0,105.0,714.0,-134.0,-137.0,train
1814,9_square,0,0,297.0,169.0,865.0,467.0,568.0,298.0,train
1815,9_square,0,0,429.0,822.0,152.0,788.0,-277.0,-34.0,train
1816,9_square,0,0,591.0,305.0,894.0,201.0,303.0,-104.0,val
1817,9_square,0,0,431.0,747.0,747.0,341.0,316.0,-406.0,train
1818,9_square,0,0,274.0,678.0,332.0,489.0,58.0,-189.0,train
1819,9_square,0,0,519.0,818.0,333.0,457.0,-186.0,-361.0,train
1820,9_square,0,0,628.0,897.0,481.0,178.0,-147.0,-719.0,train
1821,9_square,0,0,891.0,488.0,509.0,205.0,-382.0,-283.0,train
1822,9_square,0,0,159.0,458.0,577.0,360.0,418.0,-98.0,train
1823,9_square,0,0,858.0,645.0,445.0,525.0,-413.0,-120.0,val
1824,9_square,0,0,178.0,409.0,735.0,765.0,557.0,356.0,train
1825,9_square,0,0,677.0,535.0,151.0,180.0,-526.0,-355.0,test
1826,9_square,0,0,880.0,488.0,776.0,564.0,-104.0,76.0,val
1827,9_square,0,0,737.0,609.0,797.0,653.0,60.0,44.0,train
1828,9_square,0,0,336.0,872.0,725.0,857.0,389.0,-15.0,val
1829,9_square,0,0,627.0,723.0,722.0,879.0,95.0,156.0,train
1830,9_square,0,0,406.0,845.0,326.0,159.0,-80.0,-686.0,train
1831,9_square,0,0,123.0,680.0,448.0,264.0,325.0,-416.0,train
1832,9_square,0,0,859.0,851.0,723.0,228.0,-136.0,-623.0,train
1833,9_square,0,0,100.0,457.0,242.0,582.0,142.0,125.0,train
1834,9_square,0,0,111.0,813.0,311.0,582.0,200.0,-231.0,train
1835,9_square,0,0,573.0,384.0,643.0,721.0,70.0,337.0,train
1836,9_square,0,0,466.0,525.0,164.0,393.0,-302.0,-132.0,train
1837,9_square,0,0,534.0,491.0,194.0,301.0,-340.0,-190.0,train
1838,9_square,0,0,418.0,398.0,357.0,707.0,-61.0,309.0,train
1839,9_square,0,0,477.0,800.0,852.0,606.0,375.0,-194.0,val
1840,9_square,0,0,681.0,320.0,375.0,135.0,-306.0,-185.0,train
1841,9_square,0,0,623.0,477.0,797.0,224.0,174.0,-253.0,val
1842,9_square,0,0,397.0,380.0,127.0,743.0,-270.0,363.0,train
1843,9_square,0,0,587.0,748.0,416.0,757.0,-171.0,9.0,train
1844,9_square,0,0,436.0,786.0,859.0,270.0,423.0,-516.0,train
1845,9_square,0,0,851.0,581.0,521.0,667.0,-330.0,86.0,train
1846,9_square,0,0,555.0,702.0,432.0,843.0,-123.0,141.0,train
1847,9_square,0,0,237.0,434.0,376.0,620.0,139.0,186.0,train
1848,9_square,0,0,649.0,215.0,395.0,718.0,-254.0,503.0,train
1849,9_square,0,0,843.0,670.0,393.0,220.0,-450.0,-450.0,train
1850,9_square,0,0,130.0,806.0,482.0,458.0,352.0,-348.0,test
1851,9_square,0,0,428.0,329.0,314.0,579.0,-114.0,250.0,train
1852,9_square,0,0,760.0,384.0,593.0,653.0,-167.0,269.0,test
1853,9_square,0,0,710.0,435.0,613.0,441.0,-97.0,6.0,train
1854,9_square,0,0,196.0,467.0,853.0,726.0,657.0,259.0,train
1855,9_square,0,0,837.0,810.0,726.0,106.0,-111.0,-704.0,train
1856,9_square,0,0,664.0,578.0,214.0,535.0,-450.0,-43.0,train
1857,9_square,0,0,332.0,570.0,848.0,757.0,516.0,187.0,val
1858,9_square,0,0,834.0,287.0,239.0,512.0,-595.0,225.0,train
1859,9_square,0,0,445.0,104.0,288.0,801.0,-157.0,697.0,train
1860,9_square,0,0,106.0,562.0,869.0,579.0,763.0,17.0,train
1861,9_square,0,0,340.0,343.0,590.0,358.0,250.0,15.0,train
1862,9_square,0,0,314.0,652.0,135.0,778.0,-179.0,126.0,train
1863,9_square,0,0,420.0,751.0,733.0,358.0,313.0,-393.0,train
1864,9_square,0,0,615.0,643.0,676.0,554.0,61.0,-89.0,train
1865,9_square,0,0,230.0,592.0,706.0,382.0,476.0,-210.0,train
1866,9_square,0,0,525.0,596.0,637.0,545.0,112.0,-51.0,train
1867,9_square,0,0,795.0,737.0,272.0,537.0,-523.0,-200.0,train
1868,9_square,0,0,170.0,513.0,188.0,216.0,18.0,-297.0,train
1869,9_square,0,0,257.0,122.0,821.0,359.0,564.0,237.0,train
1870,9_square,0,0,663.0,816.0,486.0,791.0,-177.0,-25.0,train
1871,9_square,0,0,205.0,525.0,107.0,400.0,-98.0,-125.0,train
1872,9_square,0,0,898.0,266.0,333.0,875.0,-565.0,609.0,train
1873,9_square,0,0,483.0,429.0,768.0,130.0,285.0,-299.0,train
1874,9_square,0,0,620.0,372.0,491.0,406.0,-129.0,34.0,test
1875,9_square,0,0,805.0,371.0,806.0,811.0,1.0,440.0,train
1876,9_square,0,0,504.0,470.0,597.0,459.0,93.0,-11.0,train
1877,9_square,0,0,162.0,632.0,430.0,131.0,268.0,-501.0,train
1878,9_square,0,0,437.0,522.0,569.0,451.0,132.0,-71.0,train
1879,9_square,0,0,818.0,173.0,353.0,826.0,-465.0,653.0,train
1880,9_square,0,0,119.0,587.0,799.0,334.0,680.0,-253.0,train
1881,9_square,0,0,223.0,845.0,242.0,202.0,19.0,-643.0,train
1882,9_square,0,0,598.0,119.0,129.0,487.0,-469.0,368.0,train
1883,9_square,0,0,192.0,147.0,661.0,750.0,469.0,603.0,val
1884,9_square,0,0,140.0,360.0,651.0,396.0,511.0,36.0,test
1885,9_square,0,0,696.0,110.0,140.0,831.0,-556.0,721.0,train
1886,9_square,0,0,145.0,662.0,689.0,298.0,544.0,-364.0,train
1887,9_square,0,0,103.0,180.0,767.0,510.0,664.0,330.0,train
1888,9_square,0,0,453.0,324.0,598.0,894.0,145.0,570.0,test
1889,9_square,0,0,205.0,120.0,832.0,105.0,627.0,-15.0,test
1890,9_square,0,0,760.0,207.0,171.0,194.0,-589.0,-13.0,train
1891,9_square,0,0,899.0,404.0,774.0,813.0,-125.0,409.0,train
1892,9_square,0,0,687.0,756.0,357.0,150.0,-330.0,-606.0,train
1893,9_square,0,0,105.0,179.0,184.0,761.0,79.0,582.0,train
1894,9_square,0,0,405.0,119.0,868.0,642.0,463.0,523.0,train
1895,9_square,0,0,458.0,304.0,735.0,499.0,277.0,195.0,train
1896,9_square,0,0,731.0,382.0,399.0,779.0,-332.0,397.0,train
1897,9_square,0,0,378.0,336.0,245.0,204.0,-133.0,-132.0,train
1898,9_square,0,0,856.0,114.0,716.0,582.0,-140.0,468.0,train
1899,9_square,0,0,217.0,318.0,682.0,596.0,465.0,278.0,train
1900,9_square,0,0,199.0,838.0,498.0,753.0,299.0,-85.0,train
1901,9_square,0,0,851.0,371.0,734.0,344.0,-117.0,-27.0,train
1902,9_square,0,0,566.0,242.0,873.0,877.0,307.0,635.0,train
1903,9_square,0,0,480.0,247.0,724.0,543.0,244.0,296.0,train
1904,9_square,0,0,883.0,119.0,128.0,252.0,-755.0,133.0,train
1905,9_square,0,0,219.0,311.0,604.0,764.0,385.0,453.0,train
1906,9_square,0,0,750.0,236.0,808.0,610.0,58.0,374.0,train
1907,9_square,0,0,208.0,330.0,113.0,569.0,-95.0,239.0,train
1908,9_square,0,0,534.0,139.0,773.0,796.0,239.0,657.0,train
1909,9_square,0,0,320.0,828.0,405.0,441.0,85.0,-387.0,train
1910,9_square,0,0,391.0,254.0,870.0,247.0,479.0,-7.0,val
1911,9_square,0,0,494.0,504.0,147.0,296.0,-347.0,-208.0,train
1912,9_square,0,0,546.0,730.0,648.0,581.0,102.0,-149.0,train
1913,9_square,0,0,497.0,391.0,621.0,212.0,124.0,-179.0,train
1914,9_square,0,0,229.0,397.0,856.0,507.0,627.0,110.0,val
1915,9_square,0,0,849.0,321.0,709.0,470.0,-140.0,149.0,val
1916,9_square,0,0,204.0,449.0,133.0,475.0,-71.0,26.0,train
1917,9_square,0,0,241.0,502.0,322.0,301.0,81.0,-201.0,train
1918,9_square,0,0,782.0,351.0,234.0,694.0,-548.0,343.0,train
1919,9_square,0,0,335.0,786.0,780.0,768.0,445.0,-18.0,train
1920,9_square,0,0,428.0,599.0,699.0,718.0,271.0,119.0,train
1921,9_square,0,0,167.0,764.0,373.0,632.0,206.0,-132.0,train
1922,9_square,0,0,144.0,844.0,673.0,350.0,529.0,-494.0,train
1923,9_square,0,0,758.0,543.0,643.0,507.0,-115.0,-36.0,val
1924,9_square,0,0,723.0,820.0,888.0,450.0,165.0,-370.0,val
1925,9_square,0,0,433.0,211.0,121.0,424.0,-312.0,213.0,train
1926,9_square,0,0,614.0,868.0,845.0,403.0,231.0,-465.0,val
1927,9_square,0,0,446.0,559.0,623.0,214.0,177.0,-345.0,val
1928,9_square,0,0,548.0,293.0,805.0,228.0,257.0,-65.0,val
1929,9_square,0,0,756.0,135.0,876.0,652.0,120.0,517.0,train
1930,9_square,0,0,369.0,655.0,390.0,245.0,21.0,-410.0,train
1931,9_square,0,0,680.0,337.0,221.0,803.0,-459.0,466.0,train
1932,9_square,0,0,296.0,816.0,328.0,138.0,32.0,-678.0,train
1933,9_square,0,0,215.0,128.0,101.0,208.0,-114.0,80.0,train
1934,9_square,0,0,645.0,881.0,318.0,357.0,-327.0,-524.0,train
1935,9_square,0,0,441.0,778.0,220.0,151.0,-221.0,-627.0,train
1936,9_square,0,0,321.0,812.0,465.0,737.0,144.0,-75.0,train
1937,9_square,0,0,453.0,324.0,355.0,655.0,-98.0,331.0,train
1938,9_square,0,0,848.0,878.0,737.0,389.0,-111.0,-489.0,train
1939,9_square,0,0,803.0,518.0,259.0,141.0,-544.0,-377.0,train
1940,9_square,0,0,134.0,184.0,139.0,897.0,5.0,713.0,train
1941,9_square,0,0,803.0,853.0,139.0,603.0,-664.0,-250.0,train
1942,9_square,0,0,757.0,412.0,366.0,719.0,-391.0,307.0,test
1943,9_square,0,0,426.0,419.0,413.0,606.0,-13.0,187.0,val
1944,9_square,0,0,340.0,369.0,255.0,348.0,-85.0,-21.0,train
1945,9_square,0,0,183.0,677.0,321.0,334.0,138.0,-343.0,train
1946,9_square,0,0,244.0,193.0,667.0,861.0,423.0,668.0,val
1947,9_square,0,0,212.0,174.0,637.0,648.0,425.0,474.0,train
1948,9_square,0,0,317.0,370.0,188.0,369.0,-129.0,-1.0,train
1949,9_square,0,0,529.0,841.0,150.0,674.0,-379.0,-167.0,val
1950,9_square,0,0,201.0,556.0,441.0,233.0,240.0,-323.0,train
1951,9_square,0,0,224.0,514.0,375.0,437.0,151.0,-77.0,train
1952,9_square,0,0,677.0,718.0,524.0,829.0,-153.0,111.0,train
1953,9_square,0,0,660.0,837.0,485.0,704.0,-175.0,-133.0,val
1954,9_square,0,0,481.0,892.0,671.0,165.0,190.0,-727.0,train
1955,9_square,0,0,817.0,269.0,140.0,713.0,-677.0,444.0,train
1956,9_square,0,0,892.0,147.0,869.0,754.0,-23.0,607.0,train
1957,9_square,0,0,849.0,680.0,291.0,629.0,-558.0,-51.0,train
1958,9_square,0,0,563.0,846.0,207.0,864.0,-356.0,18.0,train
1959,9_square,0,0,570.0,897.0,359.0,111.0,-211.0,-786.0,train
1960,9_square,0,0,248.0,505.0,630.0,159.0,382.0,-346.0,train
1961,9_square,0,0,836.0,890.0,493.0,442.0,-343.0,-448.0,train
1962,9_square,0,0,853.0,520.0,304.0,528.0,-549.0,8.0,train
1963,9_square,0,0,590.0,120.0,517.0,252.0,-73.0,132.0,train
1964,9_square,0,0,806.0,674.0,456.0,635.0,-350.0,-39.0,test
1965,9_square,0,0,569.0,131.0,296.0,839.0,-273.0,708.0,train
1966,9_square,0,0,119.0,318.0,187.0,873.0,68.0,555.0,train
1967,9_square,0,0,305.0,791.0,717.0,283.0,412.0,-508.0,train
1968,9_square,0,0,738.0,263.0,722.0,882.0,-16.0,619.0,train
1969,9_square,0,0,692.0,153.0,900.0,102.0,208.0,-51.0,train
1970,9_square,0,0,818.0,152.0,628.0,255.0,-190.0,103.0,train
1971,9_square,0,0,727.0,685.0,720.0,898.0,-7.0,213.0,test
1972,9_square,0,0,754.0,102.0,356.0,782.0,-398.0,680.0,train
1973,9_square,0,0,701.0,492.0,599.0,197.0,-102.0,-295.0,val
1974,9_square,0,0,676.0,328.0,228.0,642.0,-448.0,314.0,train
1975,9_square,0,0,229.0,160.0,680.0,295.0,451.0,135.0,train
1976,9_square,0,0,329.0,460.0,863.0,715.0,534.0,255.0,train
1977,9_square,0,0,514.0,802.0,554.0,738.0,40.0,-64.0,train
1978,9_square,0,0,296.0,332.0,860.0,185.0,564.0,-147.0,test
1979,9_square,0,0,284.0,606.0,281.0,687.0,-3.0,81.0,train
1980,9_square,0,0,134.0,370.0,703.0,747.0,569.0,377.0,train
1981,9_square,0,0,360.0,303.0,110.0,326.0,-250.0,23.0,train
1982,9_square,0,0,455.0,832.0,780.0,543.0,325.0,-289.0,train
1983,9_square,0,0,773.0,687.0,506.0,572.0,-267.0,-115.0,train
1984,9_square,0,0,423.0,389.0,702.0,550.0,279.0,161.0,train
1985,9_square,0,0,732.0,736.0,570.0,567.0,-162.0,-169.0,train
1986,9_square,0,0,668.0,137.0,253.0,786.0,-415.0,649.0,train
1987,9_square,0,0,355.0,105.0,177.0,354.0,-178.0,249.0,val
1988,9_square,0,0,826.0,483.0,340.0,762.0,-486.0,279.0,train
1989,9_square,0,0,630.0,306.0,116.0,899.0,-514.0,593.0,train
1990,9_square,0,0,332.0,723.0,288.0,833.0,-44.0,110.0,train
1991,9_square,0,0,644.0,481.0,245.0,718.0,-399.0,237.0,train
1992,9_square,0,0,476.0,167.0,304.0,124.0,-172.0,-43.0,train
1993,9_square,0,0,327.0,198.0,816.0,373.0,489.0,175.0,train
1994,9_square,0,0,101.0,676.0,744.0,332.0,643.0,-344.0,train
1995,9_square,0,0,381.0,794.0,611.0,726.0,230.0,-68.0,val
1996,9_square,0,0,560.0,473.0,709.0,530.0,149.0,57.0,train
1997,9_square,0,0,828.0,224.0,630.0,530.0,-198.0,306.0,train
1998,9_square,0,0,819.0,178.0,612.0,772.0,-207.0,594.0,train
1999,9_square,0,0,660.0,213.0,545.0,865.0,-115.0,652.0,val
2000,24_square,0,0,141.0,506.0,895.0,292.0,754.0,-214.0,train
2001,24_square,0,0,206.0,285.0,353.0,768.0,147.0,483.0,train
2002,24_square,0,0,442.0,791.0,346.0,423.0,-96.0,-368.0,test
2003,24_square,0,0,395.0,891.0,659.0,868.0,264.0,-23.0,train
2004,24_square,0,0,526.0,148.0,348.0,512.0,-178.0,364.0,train
2005,24_square,0,0,479.0,429.0,300.0,892.0,-179.0,463.0,train
2006,24_square,0,0,164.0,570.0,293.0,741.0,129.0,171.0,train
2007,24_square,0,0,418.0,215.0,820.0,184.0,402.0,-31.0,train
2008,24_square,0,0,145.0,573.0,832.0,443.0,687.0,-130.0,train
2009,24_square,0,0,295.0,606.0,405.0,316.0,110.0,-290.0,train
2010,24_square,0,0,663.0,188.0,190.0,706.0,-473.0,518.0,train
2011,24_square,0,0,504.0,587.0,462.0,875.0,-42.0,288.0,val
2012,24_square,0,0,802.0,427.0,631.0,352.0,-171.0,-75.0,train
2013,24_square,0,0,419.0,490.0,226.0,653.0,-193.0,163.0,train
2014,24_square,0,0,881.0,536.0,280.0,615.0,-601.0,79.0,train
2015,24_square,0,0,333.0,771.0,789.0,566.0,456.0,-205.0,train
2016,24_square,0,0,614.0,257.0,289.0,754.0,-325.0,497.0,train
2017,24_square,0,0,322.0,449.0,900.0,554.0,578.0,105.0,train
2018,24_square,0,0,182.0,499.0,521.0,559.0,339.0,60.0,train
2019,24_square,0,0,468.0,858.0,217.0,143.0,-251.0,-715.0,train
2020,24_square,0,0,467.0,706.0,639.0,275.0,172.0,-431.0,train
2021,24_square,0,0,451.0,820.0,344.0,387.0,-107.0,-433.0,train
2022,24_square,0,0,753.0,256.0,322.0,532.0,-431.0,276.0,train
2023,24_square,0,0,564.0,521.0,169.0,403.0,-395.0,-118.0,test
2024,24_square,0,0,539.0,299.0,568.0,643.0,29.0,344.0,test
2025,24_square,0,0,711.0,489.0,896.0,396.0,185.0,-93.0,train
2026,24_square,0,0,351.0,722.0,571.0,847.0,220.0,125.0,train
2027,24_square,0,0,109.0,394.0,896.0,130.0,787.0,-264.0,train
2028,24_square,0,0,407.0,682.0,237.0,316.0,-170.0,-366.0,train
2029,24_square,0,0,802.0,450.0,740.0,263.0,-62.0,-187.0,val
2030,24_square,0,0,484.0,782.0,804.0,752.0,320.0,-30.0,train
2031,24_square,0,0,177.0,685.0,164.0,465.0,-13.0,-220.0,train
2032,24_square,0,0,131.0,351.0,526.0,417.0,395.0,66.0,test
2033,24_square,0,0,190.0,175.0,306.0,861.0,116.0,686.0,test
2034,24_square,0,0,878.0,577.0,660.0,465.0,-218.0,-112.0,train
2035,24_square,0,0,807.0,273.0,117.0,289.0,-690.0,16.0,train
2036,24_square,0,0,847.0,801.0,383.0,404.0,-464.0,-397.0,test
2037,24_square,0,0,453.0,797.0,703.0,835.0,250.0,38.0,train
2038,24_square,0,0,585.0,682.0,762.0,251.0,177.0,-431.0,test
2039,24_square,0,0,340.0,700.0,405.0,355.0,65.0,-345.0,test
2040,24_square,0,0,890.0,438.0,404.0,263.0,-486.0,-175.0,train
2041,24_square,0,0,323.0,120.0,627.0,522.0,304.0,402.0,train
2042,24_square,0,0,328.0,848.0,661.0,147.0,333.0,-701.0,train
2043,24_square,0,0,805.0,419.0,357.0,851.0,-448.0,432.0,test
2044,24_square,0,0,894.0,233.0,470.0,191.0,-424.0,-42.0,val
2045,24_square,0,0,638.0,594.0,561.0,673.0,-77.0,79.0,test
2046,24_square,0,0,301.0,275.0,845.0,579.0,544.0,304.0,train
2047,24_square,0,0,472.0,180.0,418.0,159.0,-54.0,-21.0,train
2048,24_square,0,0,778.0,825.0,634.0,446.0,-144.0,-379.0,test
2049,24_square,0,0,442.0,440.0,693.0,540.0,251.0,100.0,train
2050,24_square,0,0,605.0,235.0,383.0,619.0,-222.0,384.0,train
2051,24_square,0,0,665.0,149.0,775.0,589.0,110.0,440.0,train
2052,24_square,0,0,806.0,469.0,455.0,497.0,-351.0,28.0,train
2053,24_square,0,0,834.0,612.0,344.0,561.0,-490.0,-51.0,train
2054,24_square,0,0,675.0,271.0,428.0,886.0,-247.0,615.0,train
2055,24_square,0,0,757.0,758.0,283.0,289.0,-474.0,-469.0,train
2056,24_square,0,0,820.0,118.0,655.0,551.0,-165.0,433.0,train
2057,24_square,0,0,404.0,285.0,782.0,895.0,378.0,610.0,train
2058,24_square,0,0,681.0,211.0,787.0,153.0,106.0,-58.0,train
2059,24_square,0,0,831.0,464.0,892.0,689.0,61.0,225.0,train
2060,24_square,0,0,665.0,814.0,641.0,269.0,-24.0,-545.0,train
2061,24_square,0,0,411.0,245.0,413.0,827.0,2.0,582.0,train
2062,24_square,0,0,429.0,165.0,657.0,102.0,228.0,-63.0,train
2063,24_square,0,0,317.0,327.0,559.0,534.0,242.0,207.0,train
2064,24_square,0,0,114.0,238.0,207.0,581.0,93.0,343.0,train
2065,24_square,0,0,287.0,630.0,584.0,476.0,297.0,-154.0,train
2066,24_square,0,0,421.0,853.0,343.0,247.0,-78.0,-606.0,train
2067,24_square,0,0,824.0,372.0,659.0,195.0,-165.0,-177.0,train
2068,24_square,0,0,216.0,758.0,587.0,518.0,371.0,-240.0,train
2069,24_square,0,0,657.0,107.0,828.0,114.0,171.0,7.0,test
2070,24_square,0,0,432.0,286.0,257.0,196.0,-175.0,-90.0,train
2071,24_square,0,0,872.0,410.0,722.0,438.0,-150.0,28.0,train
2072,24_square,0,0,530.0,382.0,114.0,527.0,-416.0,145.0,train
2073,24_square,0,0,823.0,422.0,395.0,706.0,-428.0,284.0,train
2074,24_square,0,0,768.0,175.0,409.0,201.0,-359.0,26.0,train
2075,24_square,0,0,672.0,727.0,324.0,150.0,-348.0,-577.0,train
2076,24_square,0,0,720.0,835.0,787.0,159.0,67.0,-676.0,train
2077,24_square,0,0,194.0,468.0,518.0,534.0,324.0,66.0,train
2078,24_square,0,0,594.0,685.0,131.0,282.0,-463.0,-403.0,train
2079,24_square,0,0,461.0,437.0,157.0,377.0,-304.0,-60.0,val
2080,24_square,0,0,686.0,532.0,778.0,153.0,92.0,-379.0,train
2081,24_square,0,0,723.0,190.0,834.0,227.0,111.0,37.0,train
2082,24_square,0,0,504.0,413.0,585.0,413.0,81.0,0.0,train
2083,24_square,0,0,112.0,420.0,161.0,225.0,49.0,-195.0,train
2084,24_square,0,0,284.0,393.0,117.0,189.0,-167.0,-204.0,train
2085,24_square,0,0,163.0,502.0,857.0,469.0,694.0,-33.0,train
2086,24_square,0,0,422.0,372.0,659.0,497.0,237.0,125.0,train
2087,24_square,0,0,871.0,769.0,482.0,551.0,-389.0,-218.0,train
2088,24_square,0,0,614.0,728.0,447.0,240.0,-167.0,-488.0,train
2089,24_square,0,0,801.0,703.0,355.0,331.0,-446.0,-372.0,train
2090,24_square,0,0,720.0,255.0,154.0,548.0,-566.0,293.0,val
2091,24_square,0,0,642.0,232.0,720.0,151.0,78.0,-81.0,train
2092,24_square,0,0,272.0,864.0,159.0,498.0,-113.0,-366.0,train
2093,24_square,0,0,595.0,553.0,674.0,866.0,79.0,313.0,train
2094,24_square,0,0,242.0,698.0,110.0,608.0,-132.0,-90.0,test
2095,24_square,0,0,274.0,811.0,569.0,658.0,295.0,-153.0,train
2096,24_square,0,0,496.0,133.0,772.0,134.0,276.0,1.0,train
2097,24_square,0,0,427.0,626.0,197.0,421.0,-230.0,-205.0,val
2098,24_square,0,0,298.0,530.0,260.0,434.0,-38.0,-96.0,train
2099,24_square,0,0,117.0,589.0,652.0,305.0,535.0,-284.0,train
2100,24_square,0,0,398.0,820.0,743.0,106.0,345.0,-714.0,train
2101,24_square,0,0,810.0,247.0,364.0,153.0,-446.0,-94.0,test
2102,24_square,0,0,678.0,651.0,155.0,435.0,-523.0,-216.0,test
2103,24_square,0,0,773.0,653.0,450.0,383.0,-323.0,-270.0,train
2104,24_square,0,0,305.0,105.0,502.0,866.0,197.0,761.0,train
2105,24_square,0,0,597.0,357.0,863.0,414.0,266.0,57.0,train
2106,24_square,0,0,454.0,611.0,252.0,274.0,-202.0,-337.0,val
2107,24_square,0,0,835.0,322.0,735.0,758.0,-100.0,436.0,train
2108,24_square,0,0,515.0,520.0,759.0,405.0,244.0,-115.0,test
2109,24_square,0,0,505.0,875.0,629.0,240.0,124.0,-635.0,train
2110,24_square,0,0,207.0,363.0,551.0,378.0,344.0,15.0,val
2111,24_square,0,0,434.0,141.0,676.0,813.0,242.0,672.0,train
2112,24_square,0,0,555.0,282.0,688.0,442.0,133.0,160.0,train
2113,24_square,0,0,111.0,375.0,138.0,335.0,27.0,-40.0,test
2114,24_square,0,0,139.0,699.0,464.0,442.0,325.0,-257.0,test
2115,24_square,0,0,325.0,854.0,574.0,587.0,249.0,-267.0,train
2116,24_square,0,0,286.0,477.0,503.0,546.0,217.0,69.0,train
2117,24_square,0,0,466.0,109.0,412.0,893.0,-54.0,784.0,train
2118,24_square,0,0,851.0,530.0,192.0,249.0,-659.0,-281.0,train
2119,24_square,0,0,882.0,438.0,630.0,694.0,-252.0,256.0,train
2120,24_square,0,0,348.0,846.0,270.0,234.0,-78.0,-612.0,val
2121,24_square,0,0,168.0,532.0,407.0,642.0,239.0,110.0,train
2122,24_square,0,0,427.0,223.0,430.0,446.0,3.0,223.0,train
2123,24_square,0,0,816.0,559.0,524.0,660.0,-292.0,101.0,train
2124,24_square,0,0,731.0,625.0,630.0,842.0,-101.0,217.0,train
2125,24_square,0,0,300.0,862.0,594.0,259.0,294.0,-603.0,train
2126,24_square,0,0,174.0,444.0,789.0,551.0,615.0,107.0,train
2127,24_square,0,0,188.0,768.0,428.0,107.0,240.0,-661.0,train
2128,24_square,0,0,115.0,630.0,117.0,876.0,2.0,246.0,train
2129,24_square,0,0,824.0,409.0,535.0,427.0,-289.0,18.0,train
2130,24_square,0,0,653.0,126.0,503.0,781.0,-150.0,655.0,train
2131,24_square,0,0,367.0,847.0,415.0,186.0,48.0,-661.0,train
2132,24_square,0,0,276.0,886.0,269.0,415.0,-7.0,-471.0,train
2133,24_square,0,0,247.0,312.0,173.0,667.0,-74.0,355.0,train
2134,24_square,0,0,858.0,629.0,180.0,462.0,-678.0,-167.0,train
2135,24_square,0,0,593.0,385.0,604.0,701.0,11.0,316.0,train
2136,24_square,0,0,155.0,244.0,108.0,132.0,-47.0,-112.0,val
2137,24_square,0,0,703.0,727.0,679.0,648.0,-24.0,-79.0,test
2138,24_square,0,0,861.0,138.0,338.0,673.0,-523.0,535.0,train
2139,24_square,0,0,115.0,506.0,892.0,130.0,777.0,-376.0,test
2140,24_square,0,0,219.0,278.0,828.0,289.0,609.0,11.0,train
2141,24_square,0,0,486.0,140.0,824.0,711.0,338.0,571.0,train
2142,24_square,0,0,172.0,806.0,215.0,645.0,43.0,-161.0,train
2143,24_square,0,0,514.0,891.0,817.0,852.0,303.0,-39.0,train
2144,24_square,0,0,838.0,582.0,278.0,462.0,-560.0,-120.0,test
2145,24_square,0,0,106.0,353.0,147.0,161.0,41.0,-192.0,train
2146,24_square,0,0,305.0,548.0,681.0,593.0,376.0,45.0,train
2147,24_square,0,0,310.0,620.0,315.0,252.0,5.0,-368.0,train
2148,24_square,0,0,473.0,702.0,441.0,395.0,-32.0,-307.0,test
2149,24_square,0,0,485.0,510.0,306.0,407.0,-179.0,-103.0,train
2150,24_square,0,0,896.0,519.0,281.0,700.0,-615.0,181.0,train
2151,24_square,0,0,105.0,466.0,368.0,236.0,263.0,-230.0,train
2152,24_square,0,0,127.0,807.0,307.0,613.0,180.0,-194.0,test
2153,24_square,0,0,759.0,316.0,493.0,790.0,-266.0,474.0,train
2154,24_square,0,0,671.0,429.0,123.0,435.0,-548.0,6.0,train
2155,24_square,0,0,160.0,120.0,521.0,503.0,361.0,383.0,train
2156,24_square,0,0,204.0,266.0,369.0,737.0,165.0,471.0,train
2157,24_square,0,0,293.0,427.0,123.0,710.0,-170.0,283.0,val
2158,24_square,0,0,703.0,772.0,805.0,800.0,102.0,28.0,train
2159,24_square,0,0,728.0,724.0,703.0,176.0,-25.0,-548.0,train
2160,24_square,0,0,482.0,394.0,574.0,840.0,92.0,446.0,train
2161,24_square,0,0,189.0,804.0,640.0,546.0,451.0,-258.0,val
2162,24_square,0,0,451.0,490.0,550.0,408.0,99.0,-82.0,train
2163,24_square,0,0,233.0,798.0,387.0,798.0,154.0,0.0,test
2164,24_square,0,0,165.0,887.0,802.0,613.0,637.0,-274.0,test
2165,24_square,0,0,110.0,532.0,883.0,252.0,773.0,-280.0,train
2166,24_square,0,0,246.0,257.0,857.0,743.0,611.0,486.0,train
2167,24_square,0,0,172.0,718.0,516.0,266.0,344.0,-452.0,train
2168,24_square,0,0,168.0,229.0,762.0,372.0,594.0,143.0,train
2169,24_square,0,0,206.0,629.0,302.0,720.0,96.0,91.0,train
2170,24_square,0,0,194.0,532.0,492.0,510.0,298.0,-22.0,val
2171,24_square,0,0,288.0,446.0,754.0,709.0,466.0,263.0,train
2172,24_square,0,0,809.0,151.0,873.0,216.0,64.0,65.0,train
2173,24_square,0,0,218.0,208.0,427.0,513.0,209.0,305.0,test
2174,24_square,0,0,736.0,743.0,235.0,341.0,-501.0,-402.0,val
2175,24_square,0,0,334.0,442.0,875.0,470.0,541.0,28.0,train
2176,24_square,0,0,143.0,889.0,180.0,184.0,37.0,-705.0,train
2177,24_square,0,0,686.0,488.0,266.0,859.0,-420.0,371.0,train
2178,24_square,0,0,809.0,350.0,143.0,640.0,-666.0,290.0,train
2179,24_square,0,0,643.0,301.0,306.0,175.0,-337.0,-126.0,val
2180,24_square,0,0,523.0,290.0,262.0,856.0,-261.0,566.0,test
2181,24_square,0,0,103.0,248.0,810.0,639.0,707.0,391.0,train
2182,24_square,0,0,560.0,537.0,690.0,148.0,130.0,-389.0,train
2183,24_square,0,0,587.0,223.0,343.0,176.0,-244.0,-47.0,train
2184,24_square,0,0,436.0,504.0,376.0,240.0,-60.0,-264.0,train
2185,24_square,0,0,417.0,115.0,815.0,741.0,398.0,626.0,train
2186,24_square,0,0,458.0,611.0,714.0,184.0,256.0,-427.0,train
2187,24_square,0,0,806.0,454.0,406.0,166.0,-400.0,-288.0,train
2188,24_square,0,0,108.0,770.0,601.0,248.0,493.0,-522.0,train
2189,24_square,0,0,123.0,468.0,887.0,249.0,764.0,-219.0,train
2190,24_square,0,0,241.0,863.0,289.0,448.0,48.0,-415.0,train
2191,24_square,0,0,400.0,713.0,747.0,402.0,347.0,-311.0,train
2192,24_square,0,0,437.0,523.0,384.0,663.0,-53.0,140.0,train
2193,24_square,0,0,166.0,796.0,348.0,873.0,182.0,77.0,train
2194,24_square,0,0,493.0,162.0,259.0,362.0,-234.0,200.0,train
2195,24_square,0,0,775.0,640.0,835.0,188.0,60.0,-452.0,train
2196,24_square,0,0,692.0,152.0,893.0,125.0,201.0,-27.0,train
2197,24_square,0,0,561.0,850.0,853.0,892.0,292.0,42.0,train
2198,24_square,0,0,171.0,355.0,623.0,241.0,452.0,-114.0,train
2199,24_square,0,0,657.0,249.0,606.0,359.0,-51.0,110.0,train
2200,24_square,0,0,505.0,542.0,841.0,177.0,336.0,-365.0,train
2201,24_square,0,0,536.0,134.0,176.0,682.0,-360.0,548.0,test
2202,24_square,0,0,810.0,385.0,489.0,833.0,-321.0,448.0,val
2203,24_square,0,0,375.0,264.0,729.0,534.0,354.0,270.0,train
2204,24_square,0,0,409.0,312.0,151.0,537.0,-258.0,225.0,train
2205,24_square,0,0,148.0,129.0,365.0,642.0,217.0,513.0,val
2206,24_square,0,0,463.0,556.0,494.0,309.0,31.0,-247.0,val
2207,24_square,0,0,245.0,788.0,725.0,725.0,480.0,-63.0,train
2208,24_square,0,0,888.0,109.0,228.0,657.0,-660.0,548.0,train
2209,24_square,0,0,336.0,726.0,706.0,498.0,370.0,-228.0,train
2210,24_square,0,0,491.0,321.0,662.0,777.0,171.0,456.0,train
2211,24_square,0,0,338.0,357.0,296.0,508.0,-42.0,151.0,train
2212,24_square,0,0,739.0,774.0,343.0,208.0,-396.0,-566.0,train
2213,24_square,0,0,846.0,656.0,772.0,499.0,-74.0,-157.0,train
2214,24_square,0,0,503.0,800.0,219.0,752.0,-284.0,-48.0,train
2215,24_square,0,0,265.0,869.0,657.0,204.0,392.0,-665.0,train
2216,24_square,0,0,669.0,712.0,310.0,284.0,-359.0,-428.0,train
2217,24_square,0,0,357.0,455.0,749.0,435.0,392.0,-20.0,train
2218,24_square,0,0,850.0,399.0,224.0,820.0,-626.0,421.0,val
2219,24_square,0,0,476.0,654.0,452.0,266.0,-24.0,-388.0,train
2220,24_square,0,0,626.0,518.0,693.0,879.0,67.0,361.0,train
2221,24_square,0,0,870.0,884.0,747.0,367.0,-123.0,-517.0,test
2222,24_square,0,0,811.0,747.0,234.0,351.0,-577.0,-396.0,train
2223,24_square,0,0,195.0,116.0,237.0,456.0,42.0,340.0,train
2224,24_square,0,0,431.0,737.0,384.0,733.0,-47.0,-4.0,train
2225,24_square,0,0,665.0,896.0,313.0,877.0,-352.0,-19.0,train
2226,24_square,0,0,246.0,637.0,174.0,730.0,-72.0,93.0,train
2227,24_square,0,0,441.0,162.0,218.0,201.0,-223.0,39.0,train
2228,24_square,0,0,750.0,664.0,309.0,286.0,-441.0,-378.0,train
2229,24_square,0,0,772.0,869.0,134.0,291.0,-638.0,-578.0,val
2230,24_square,0,0,540.0,397.0,245.0,486.0,-295.0,89.0,train
2231,24_square,0,0,529.0,522.0,250.0,478.0,-279.0,-44.0,train
2232,24_square,0,0,176.0,721.0,861.0,735.0,685.0,14.0,train
2233,24_square,0,0,341.0,792.0,562.0,549.0,221.0,-243.0,train
2234,24_square,0,0,637.0,315.0,415.0,364.0,-222.0,49.0,train
2235,24_square,0,0,571.0,196.0,171.0,773.0,-400.0,577.0,test
2236,24_square,0,0,234.0,459.0,730.0,710.0,496.0,251.0,train
2237,24_square,0,0,856.0,175.0,881.0,228.0,25.0,53.0,train
2238,24_square,0,0,832.0,402.0,810.0,736.0,-22.0,334.0,train
2239,24_square,0,0,310.0,640.0,324.0,783.0,14.0,143.0,val
2240,24_square,0,0,302.0,434.0,133.0,463.0,-169.0,29.0,train
2241,24_square,0,0,442.0,590.0,567.0,301.0,125.0,-289.0,train
2242,24_square,0,0,155.0,564.0,870.0,538.0,715.0,-26.0,val
2243,24_square,0,0,360.0,308.0,363.0,119.0,3.0,-189.0,train
2244,24_square,0,0,448.0,709.0,493.0,467.0,45.0,-242.0,train
2245,24_square,0,0,268.0,151.0,422.0,296.0,154.0,145.0,train
2246,24_square,0,0,140.0,410.0,547.0,434.0,407.0,24.0,train
2247,24_square,0,0,433.0,551.0,783.0,480.0,350.0,-71.0,train
2248,24_square,0,0,435.0,667.0,386.0,899.0,-49.0,232.0,train
2249,24_square,0,0,381.0,626.0,304.0,488.0,-77.0,-138.0,train
2250,24_square,0,0,623.0,864.0,352.0,176.0,-271.0,-688.0,train
2251,24_square,0,0,806.0,643.0,441.0,547.0,-365.0,-96.0,train
2252,24_square,0,0,796.0,601.0,283.0,667.0,-513.0,66.0,test
2253,24_square,0,0,864.0,390.0,764.0,680.0,-100.0,290.0,train
2254,24_square,0,0,499.0,195.0,277.0,457.0,-222.0,262.0,val
2255,24_square,0,0,539.0,781.0,144.0,180.0,-395.0,-601.0,val
2256,24_square,0,0,465.0,159.0,310.0,693.0,-155.0,534.0,train
2257,24_square,0,0,242.0,808.0,366.0,477.0,124.0,-331.0,train
2258,24_square,0,0,350.0,341.0,516.0,594.0,166.0,253.0,train
2259,24_square,0,0,163.0,876.0,851.0,651.0,688.0,-225.0,val
2260,24_square,0,0,852.0,466.0,390.0,762.0,-462.0,296.0,train
2261,24_square,0,0,552.0,328.0,275.0,338.0,-277.0,10.0,train
2262,24_square,0,0,409.0,823.0,829.0,149.0,420.0,-674.0,train
2263,24_square,0,0,840.0,597.0,130.0,578.0,-710.0,-19.0,train
2264,24_square,0,0,572.0,291.0,738.0,848.0,166.0,557.0,train
2265,24_square,0,0,747.0,714.0,351.0,897.0,-396.0,183.0,train
2266,24_square,0,0,786.0,780.0,149.0,438.0,-637.0,-342.0,train
2267,24_square,0,0,262.0,596.0,658.0,155.0,396.0,-441.0,train
2268,24_square,0,0,380.0,358.0,753.0,816.0,373.0,458.0,train
2269,24_square,0,0,140.0,353.0,619.0,267.0,479.0,-86.0,train
2270,24_square,0,0,803.0,694.0,354.0,893.0,-449.0,199.0,train
2271,24_square,0,0,831.0,739.0,282.0,337.0,-549.0,-402.0,train
2272,24_square,0,0,230.0,864.0,537.0,631.0,307.0,-233.0,train
2273,24_square,0,0,464.0,258.0,823.0,483.0,359.0,225.0,train
2274,24_square,0,0,552.0,464.0,377.0,229.0,-175.0,-235.0,train
2275,24_square,0,0,284.0,644.0,415.0,881.0,131.0,237.0,val
2276,24_square,0,0,240.0,864.0,167.0,645.0,-73.0,-219.0,val
2277,24_square,0,0,669.0,417.0,217.0,577.0,-452.0,160.0,train
2278,24_square,0,0,505.0,700.0,871.0,574.0,366.0,-126.0,train
2279,24_square,0,0,419.0,421.0,200.0,768.0,-219.0,347.0,train
2280,24_square,0,0,255.0,240.0,515.0,525.0,260.0,285.0,train
2281,24_square,0,0,437.0,831.0,574.0,575.0,137.0,-256.0,train
2282,24_square,0,0,559.0,868.0,792.0,216.0,233.0,-652.0,train
2283,24_square,0,0,481.0,186.0,792.0,598.0,311.0,412.0,train
2284,24_square,0,0,380.0,767.0,794.0,539.0,414.0,-228.0,train
2285,24_square,0,0,184.0,117.0,700.0,156.0,516.0,39.0,train
2286,24_square,0,0,436.0,799.0,332.0,274.0,-104.0,-525.0,train
2287,24_square,0,0,609.0,151.0,412.0,550.0,-197.0,399.0,train
2288,24_square,0,0,759.0,361.0,448.0,213.0,-311.0,-148.0,val
2289,24_square,0,0,777.0,460.0,208.0,127.0,-569.0,-333.0,val
2290,24_square,0,0,644.0,884.0,778.0,734.0,134.0,-150.0,train
2291,24_square,0,0,653.0,754.0,602.0,537.0,-51.0,-217.0,train
2292,24_square,0,0,769.0,354.0,692.0,190.0,-77.0,-164.0,train
2293,24_square,0,0,273.0,157.0,413.0,662.0,140.0,505.0,train
2294,24_square,0,0,285.0,174.0,508.0,328.0,223.0,154.0,val
2295,24_square,0,0,855.0,722.0,539.0,284.0,-316.0,-438.0,val
2296,24_square,0,0,281.0,452.0,319.0,717.0,38.0,265.0,train
2297,24_square,0,0,852.0,679.0,509.0,117.0,-343.0,-562.0,train
2298,24_square,0,0,180.0,585.0,105.0,506.0,-75.0,-79.0,train
2299,24_square,0,0,257.0,865.0,365.0,899.0,108.0,34.0,train
2300,24_square,0,0,771.0,346.0,664.0,124.0,-107.0,-222.0,test
2301,24_square,0,0,615.0,861.0,457.0,346.0,-158.0,-515.0,train
2302,24_square,0,0,247.0,461.0,396.0,267.0,149.0,-194.0,train
2303,24_square,0,0,237.0,386.0,715.0,615.0,478.0,229.0,train
2304,24_square,0,0,701.0,685.0,229.0,128.0,-472.0,-557.0,train
2305,24_square,0,0,727.0,695.0,621.0,272.0,-106.0,-423.0,train
2306,24_square,0,0,117.0,660.0,237.0,839.0,120.0,179.0,train
2307,24_square,0,0,890.0,771.0,247.0,755.0,-643.0,-16.0,train
2308,24_square,0,0,414.0,565.0,611.0,468.0,197.0,-97.0,train
2309,24_square,0,0,471.0,499.0,446.0,199.0,-25.0,-300.0,val
2310,24_square,0,0,132.0,391.0,169.0,697.0,37.0,306.0,train
2311,24_square,0,0,151.0,747.0,189.0,749.0,38.0,2.0,train
2312,24_square,0,0,763.0,749.0,661.0,103.0,-102.0,-646.0,train
2313,24_square,0,0,297.0,614.0,156.0,866.0,-141.0,252.0,test
2314,24_square,0,0,354.0,883.0,725.0,764.0,371.0,-119.0,train
2315,24_square,0,0,737.0,587.0,828.0,343.0,91.0,-244.0,train
2316,24_square,0,0,166.0,740.0,266.0,208.0,100.0,-532.0,train
2317,24_square,0,0,216.0,167.0,450.0,273.0,234.0,106.0,train
2318,24_square,0,0,730.0,596.0,792.0,225.0,62.0,-371.0,train
2319,24_square,0,0,211.0,419.0,681.0,154.0,470.0,-265.0,train
2320,24_square,0,0,607.0,817.0,891.0,609.0,284.0,-208.0,train
2321,24_square,0,0,865.0,376.0,118.0,828.0,-747.0,452.0,val
2322,24_square,0,0,426.0,832.0,506.0,278.0,80.0,-554.0,train
2323,24_square,0,0,138.0,132.0,792.0,535.0,654.0,403.0,train
2324,24_square,0,0,341.0,754.0,240.0,586.0,-101.0,-168.0,train
2325,24_square,0,0,294.0,231.0,387.0,748.0,93.0,517.0,val
2326,24_square,0,0,409.0,314.0,508.0,446.0,99.0,132.0,train
2327,24_square,0,0,870.0,312.0,470.0,700.0,-400.0,388.0,train
2328,24_square,0,0,847.0,806.0,397.0,450.0,-450.0,-356.0,train
2329,24_square,0,0,275.0,530.0,398.0,385.0,123.0,-145.0,train
2330,24_square,0,0,228.0,836.0,590.0,225.0,362.0,-611.0,train
2331,24_square,0,0,171.0,401.0,878.0,158.0,707.0,-243.0,train
2332,24_square,0,0,233.0,119.0,194.0,388.0,-39.0,269.0,train
2333,24_square,0,0,474.0,758.0,285.0,552.0,-189.0,-206.0,train
2334,24_square,0,0,531.0,126.0,555.0,667.0,24.0,541.0,train
2335,24_square,0,0,889.0,466.0,795.0,386.0,-94.0,-80.0,train
2336,24_square,0,0,186.0,558.0,318.0,617.0,132.0,59.0,train
2337,24_square,0,0,715.0,881.0,484.0,310.0,-231.0,-571.0,train
2338,24_square,0,0,583.0,424.0,578.0,650.0,-5.0,226.0,train
2339,24_square,0,0,441.0,614.0,854.0,791.0,413.0,177.0,test
2340,24_square,0,0,757.0,387.0,614.0,838.0,-143.0,451.0,val
2341,24_square,0,0,313.0,593.0,258.0,586.0,-55.0,-7.0,train
2342,24_square,0,0,472.0,563.0,303.0,136.0,-169.0,-427.0,train
2343,24_square,0,0,822.0,518.0,626.0,772.0,-196.0,254.0,train
2344,24_square,0,0,520.0,308.0,316.0,852.0,-204.0,544.0,test
2345,24_square,0,0,433.0,737.0,625.0,219.0,192.0,-518.0,val
2346,24_square,0,0,549.0,558.0,351.0,658.0,-198.0,100.0,train
2347,24_square,0,0,166.0,855.0,156.0,538.0,-10.0,-317.0,train
2348,24_square,0,0,317.0,525.0,745.0,703.0,428.0,178.0,train
2349,24_square,0,0,397.0,788.0,397.0,481.0,0.0,-307.0,train
2350,24_square,0,0,671.0,872.0,245.0,742.0,-426.0,-130.0,train
2351,24_square,0,0,209.0,808.0,837.0,548.0,628.0,-260.0,train
2352,24_square,0,0,594.0,299.0,549.0,404.0,-45.0,105.0,train
2353,24_square,0,0,115.0,489.0,634.0,306.0,519.0,-183.0,train
2354,24_square,0,0,614.0,283.0,753.0,135.0,139.0,-148.0,train
2355,24_square,0,0,135.0,253.0,821.0,314.0,686.0,61.0,train
2356,24_square,0,0,764.0,804.0,561.0,349.0,-203.0,-455.0,train
2357,24_square,0,0,469.0,868.0,900.0,689.0,431.0,-179.0,train
2358,24_square,0,0,896.0,215.0,331.0,160.0,-565.0,-55.0,train
2359,24_square,0,0,292.0,432.0,162.0,810.0,-130.0,378.0,train
2360,24_square,0,0,689.0,880.0,558.0,797.0,-131.0,-83.0,train
2361,24_square,0,0,854.0,393.0,637.0,858.0,-217.0,465.0,train
2362,24_square,0,0,291.0,183.0,619.0,560.0,328.0,377.0,train
2363,24_square,0,0,603.0,314.0,757.0,759.0,154.0,445.0,train
2364,24_square,0,0,554.0,711.0,549.0,722.0,-5.0,11.0,test
2365,24_square,0,0,673.0,521.0,795.0,518.0,122.0,-3.0,train
2366,24_square,0,0,872.0,103.0,207.0,814.0,-665.0,711.0,train
2367,24_square,0,0,487.0,594.0,344.0,151.0,-143.0,-443.0,train
2368,24_square,0,0,182.0,736.0,496.0,759.0,314.0,23.0,train
2369,24_square,0,0,654.0,249.0,108.0,355.0,-546.0,106.0,train
2370,24_square,0,0,324.0,518.0,216.0,517.0,-108.0,-1.0,train
2371,24_square,0,0,647.0,566.0,852.0,209.0,205.0,-357.0,train
2372,24_square,0,0,525.0,610.0,724.0,183.0,199.0,-427.0,train
2373,24_square,0,0,109.0,540.0,314.0,185.0,205.0,-355.0,val
2374,24_square,0,0,345.0,221.0,409.0,634.0,64.0,413.0,train
2375,24_square,0,0,155.0,126.0,794.0,124.0,639.0,-2.0,train
2376,24_square,0,0,180.0,650.0,697.0,538.0,517.0,-112.0,train
2377,24_square,0,0,276.0,343.0,545.0,526.0,269.0,183.0,train
2378,24_square,0,0,423.0,272.0,478.0,422.0,55.0,150.0,train
2379,24_square,0,0,600.0,181.0,839.0,814.0,239.0,633.0,test
2380,24_square,0,0,630.0,801.0,256.0,791.0,-374.0,-10.0,train
2381,24_square,0,0,417.0,107.0,565.0,851.0,148.0,744.0,train
2382,24_square,0,0,487.0,483.0,772.0,397.0,285.0,-86.0,train
2383,24_square,0,0,589.0,223.0,481.0,828.0,-108.0,605.0,train
2384,24_square,0,0,527.0,107.0,893.0,236.0,366.0,129.0,train
2385,24_square,0,0,675.0,328.0,402.0,333.0,-273.0,5.0,train
2386,24_square,0,0,159.0,796.0,159.0,886.0,0.0,90.0,train
2387,24_square,0,0,418.0,365.0,641.0,330.0,223.0,-35.0,train
2388,24_square,0,0,296.0,192.0,140.0,160.0,-156.0,-32.0,train
2389,24_square,0,0,331.0,177.0,377.0,179.0,46.0,2.0,train
2390,24_square,0,0,726.0,762.0,447.0,358.0,-279.0,-404.0,train
2391,24_square,0,0,582.0,374.0,654.0,843.0,72.0,469.0,train
2392,24_square,0,0,184.0,139.0,203.0,165.0,19.0,26.0,train
2393,24_square,0,0,130.0,232.0,327.0,482.0,197.0,250.0,train
2394,24_square,0,0,491.0,573.0,493.0,792.0,2.0,219.0,val
2395,24_square,0,0,484.0,667.0,826.0,141.0,342.0,-526.0,train
2396,24_square,0,0,132.0,163.0,563.0,237.0,431.0,74.0,val
2397,24_square,0,0,107.0,590.0,891.0,524.0,784.0,-66.0,val
2398,24_square,0,0,566.0,592.0,636.0,711.0,70.0,119.0,train
2399,24_square,0,0,733.0,806.0,329.0,258.0,-404.0,-548.0,train
2400,24_square,0,0,797.0,722.0,299.0,406.0,-498.0,-316.0,val
2401,24_square,0,0,713.0,863.0,298.0,627.0,-415.0,-236.0,train
2402,24_square,0,0,475.0,591.0,425.0,659.0,-50.0,68.0,val
2403,24_square,0,0,151.0,263.0,169.0,630.0,18.0,367.0,train
2404,24_square,0,0,351.0,801.0,255.0,164.0,-96.0,-637.0,train
2405,24_square,0,0,748.0,893.0,538.0,715.0,-210.0,-178.0,test
2406,24_square,0,0,655.0,647.0,381.0,111.0,-274.0,-536.0,train
2407,24_square,0,0,467.0,226.0,772.0,390.0,305.0,164.0,train
2408,24_square,0,0,675.0,580.0,477.0,221.0,-198.0,-359.0,val
2409,24_square,0,0,618.0,502.0,106.0,481.0,-512.0,-21.0,train
2410,24_square,0,0,251.0,493.0,412.0,235.0,161.0,-258.0,test
2411,24_square,0,0,446.0,625.0,522.0,643.0,76.0,18.0,train
2412,24_square,0,0,227.0,185.0,514.0,611.0,287.0,426.0,train
2413,24_square,0,0,419.0,510.0,111.0,859.0,-308.0,349.0,train
2414,24_square,0,0,499.0,616.0,132.0,347.0,-367.0,-269.0,val
2415,24_square,0,0,849.0,617.0,478.0,390.0,-371.0,-227.0,train
2416,24_square,0,0,683.0,696.0,764.0,255.0,81.0,-441.0,val
2417,24_square,0,0,458.0,229.0,695.0,186.0,237.0,-43.0,train
2418,24_square,0,0,226.0,721.0,545.0,386.0,319.0,-335.0,train
2419,24_square,0,0,386.0,438.0,437.0,404.0,51.0,-34.0,train
2420,24_square,0,0,172.0,710.0,241.0,859.0,69.0,149.0,train
2421,24_square,0,0,839.0,659.0,849.0,430.0,10.0,-229.0,val
2422,24_square,0,0,514.0,152.0,478.0,247.0,-36.0,95.0,test
2423,24_square,0,0,160.0,173.0,421.0,118.0,261.0,-55.0,train
2424,24_square,0,0,821.0,684.0,508.0,622.0,-313.0,-62.0,train
2425,24_square,0,0,760.0,693.0,899.0,285.0,139.0,-408.0,train
2426,24_square,0,0,306.0,440.0,773.0,429.0,467.0,-11.0,train
2427,24_square,0,0,788.0,739.0,839.0,260.0,51.0,-479.0,train
2428,24_square,0,0,602.0,674.0,718.0,645.0,116.0,-29.0,train
2429,24_square,0,0,496.0,263.0,788.0,232.0,292.0,-31.0,train
2430,24_square,0,0,264.0,819.0,109.0,685.0,-155.0,-134.0,train
2431,24_square,0,0,551.0,179.0,346.0,646.0,-205.0,467.0,val
2432,24_square,0,0,621.0,889.0,369.0,568.0,-252.0,-321.0,train
2433,24_square,0,0,310.0,392.0,382.0,216.0,72.0,-176.0,train
2434,24_square,0,0,545.0,476.0,459.0,485.0,-86.0,9.0,train
2435,24_square,0,0,609.0,636.0,824.0,837.0,215.0,201.0,train
2436,24_square,0,0,700.0,117.0,479.0,642.0,-221.0,525.0,train
2437,24_square,0,0,525.0,491.0,762.0,410.0,237.0,-81.0,train
2438,24_square,0,0,555.0,309.0,480.0,651.0,-75.0,342.0,val
2439,24_square,0,0,180.0,208.0,588.0,211.0,408.0,3.0,train
2440,24_square,0,0,400.0,492.0,361.0,456.0,-39.0,-36.0,train
2441,24_square,0,0,369.0,830.0,148.0,305.0,-221.0,-525.0,train
2442,24_square,0,0,817.0,714.0,702.0,464.0,-115.0,-250.0,val
2443,24_square,0,0,165.0,804.0,446.0,718.0,281.0,-86.0,train
2444,24_square,0,0,133.0,189.0,509.0,748.0,376.0,559.0,val
2445,24_square,0,0,273.0,274.0,627.0,311.0,354.0,37.0,train
2446,24_square,0,0,311.0,693.0,728.0,386.0,417.0,-307.0,test
2447,24_square,0,0,294.0,317.0,372.0,655.0,78.0,338.0,train
2448,24_square,0,0,837.0,685.0,476.0,464.0,-361.0,-221.0,train
2449,24_square,0,0,468.0,298.0,121.0,160.0,-347.0,-138.0,train
2450,24_square,0,0,326.0,464.0,545.0,255.0,219.0,-209.0,train
2451,24_square,0,0,730.0,297.0,631.0,707.0,-99.0,410.0,train
2452,24_square,0,0,524.0,650.0,212.0,658.0,-312.0,8.0,train
2453,24_square,0,0,367.0,162.0,786.0,271.0,419.0,109.0,train
2454,24_square,0,0,575.0,835.0,203.0,538.0,-372.0,-297.0,train
2455,24_square,0,0,729.0,839.0,680.0,702.0,-49.0,-137.0,train
2456,24_square,0,0,586.0,186.0,621.0,176.0,35.0,-10.0,train
2457,24_square,0,0,698.0,182.0,731.0,303.0,33.0,121.0,train
2458,24_square,0,0,656.0,182.0,224.0,270.0,-432.0,88.0,train
2459,24_square,0,0,875.0,261.0,229.0,328.0,-646.0,67.0,train
2460,24_square,0,0,499.0,746.0,672.0,565.0,173.0,-181.0,train
2461,24_square,0,0,275.0,114.0,223.0,280.0,-52.0,166.0,train
2462,24_square,0,0,523.0,345.0,867.0,468.0,344.0,123.0,val
2463,24_square,0,0,503.0,794.0,690.0,773.0,187.0,-21.0,train
2464,24_square,0,0,485.0,317.0,865.0,213.0,380.0,-104.0,train
2465,24_square,0,0,597.0,132.0,758.0,577.0,161.0,445.0,train
2466,24_square,0,0,653.0,596.0,494.0,786.0,-159.0,190.0,test
2467,24_square,0,0,556.0,116.0,290.0,346.0,-266.0,230.0,train
2468,24_square,0,0,468.0,471.0,191.0,577.0,-277.0,106.0,train
2469,24_square,0,0,274.0,896.0,341.0,639.0,67.0,-257.0,train
2470,24_square,0,0,813.0,163.0,657.0,251.0,-156.0,88.0,train
2471,24_square,0,0,420.0,236.0,151.0,290.0,-269.0,54.0,train
2472,24_square,0,0,529.0,157.0,338.0,605.0,-191.0,448.0,train
2473,24_square,0,0,777.0,878.0,176.0,683.0,-601.0,-195.0,train
2474,24_square,0,0,738.0,340.0,461.0,123.0,-277.0,-217.0,train
2475,24_square,0,0,823.0,825.0,584.0,458.0,-239.0,-367.0,test
2476,24_square,0,0,645.0,529.0,189.0,853.0,-456.0,324.0,test
2477,24_square,0,0,186.0,311.0,843.0,443.0,657.0,132.0,val
2478,24_square,0,0,347.0,206.0,311.0,467.0,-36.0,261.0,train
2479,24_square,0,0,519.0,497.0,879.0,868.0,360.0,371.0,train
2480,24_square,0,0,775.0,797.0,787.0,389.0,12.0,-408.0,train
2481,24_square,0,0,890.0,211.0,426.0,340.0,-464.0,129.0,train
2482,24_square,0,0,846.0,718.0,860.0,261.0,14.0,-457.0,train
2483,24_square,0,0,725.0,650.0,713.0,778.0,-12.0,128.0,train
2484,24_square,0,0,308.0,505.0,234.0,102.0,-74.0,-403.0,train
2485,24_square,0,0,560.0,575.0,185.0,306.0,-375.0,-269.0,train
2486,24_square,0,0,733.0,383.0,867.0,669.0,134.0,286.0,test
2487,24_square,0,0,603.0,788.0,165.0,814.0,-438.0,26.0,train
2488,24_square,0,0,895.0,322.0,548.0,166.0,-347.0,-156.0,train
2489,24_square,0,0,630.0,797.0,778.0,860.0,148.0,63.0,train
2490,24_square,0,0,816.0,200.0,802.0,256.0,-14.0,56.0,train
2491,24_square,0,0,502.0,324.0,495.0,414.0,-7.0,90.0,train
2492,24_square,0,0,886.0,129.0,747.0,685.0,-139.0,556.0,train
2493,24_square,0,0,511.0,796.0,678.0,258.0,167.0,-538.0,train
2494,24_square,0,0,891.0,660.0,420.0,105.0,-471.0,-555.0,train
2495,24_square,0,0,341.0,388.0,221.0,648.0,-120.0,260.0,train
2496,24_square,0,0,548.0,319.0,314.0,878.0,-234.0,559.0,train
2497,24_square,0,0,424.0,517.0,331.0,680.0,-93.0,163.0,train
2498,24_square,0,0,307.0,250.0,493.0,164.0,186.0,-86.0,train
2499,24_square,0,0,259.0,327.0,643.0,240.0,384.0,-87.0,train
2500,13_square,0,0,689.0,292.0,633.0,375.0,-56.0,83.0,train
2501,13_square,0,0,517.0,648.0,239.0,587.0,-278.0,-61.0,val
2502,13_square,0,0,401.0,127.0,835.0,253.0,434.0,126.0,train
2503,13_square,0,0,512.0,645.0,661.0,516.0,149.0,-129.0,train
2504,13_square,0,0,213.0,422.0,372.0,881.0,159.0,459.0,val
2505,13_square,0,0,176.0,730.0,704.0,748.0,528.0,18.0,train
2506,13_square,0,0,484.0,747.0,275.0,174.0,-209.0,-573.0,train
2507,13_square,0,0,240.0,576.0,386.0,598.0,146.0,22.0,train
2508,13_square,0,0,650.0,734.0,355.0,176.0,-295.0,-558.0,val
2509,13_square,0,0,400.0,664.0,392.0,183.0,-8.0,-481.0,train
2510,13_square,0,0,673.0,713.0,464.0,262.0,-209.0,-451.0,train
2511,13_square,0,0,383.0,725.0,371.0,387.0,-12.0,-338.0,train
2512,13_square,0,0,195.0,231.0,540.0,872.0,345.0,641.0,train
2513,13_square,0,0,424.0,872.0,376.0,840.0,-48.0,-32.0,train
2514,13_square,0,0,653.0,271.0,411.0,394.0,-242.0,123.0,train
2515,13_square,0,0,890.0,798.0,636.0,577.0,-254.0,-221.0,train
2516,13_square,0,0,611.0,765.0,282.0,105.0,-329.0,-660.0,train
2517,13_square,0,0,685.0,872.0,887.0,732.0,202.0,-140.0,train
2518,13_square,0,0,628.0,541.0,224.0,452.0,-404.0,-89.0,train
2519,13_square,0,0,576.0,512.0,722.0,874.0,146.0,362.0,train
2520,13_square,0,0,564.0,459.0,242.0,307.0,-322.0,-152.0,train
2521,13_square,0,0,159.0,442.0,207.0,105.0,48.0,-337.0,train
2522,13_square,0,0,198.0,325.0,887.0,305.0,689.0,-20.0,train
2523,13_square,0,0,170.0,734.0,367.0,664.0,197.0,-70.0,train
2524,13_square,0,0,782.0,103.0,252.0,826.0,-530.0,723.0,train
2525,13_square,0,0,322.0,693.0,696.0,134.0,374.0,-559.0,train
2526,13_square,0,0,362.0,757.0,364.0,725.0,2.0,-32.0,train
2527,13_square,0,0,674.0,114.0,651.0,239.0,-23.0,125.0,train
2528,13_square,0,0,828.0,666.0,893.0,501.0,65.0,-165.0,train
2529,13_square,0,0,862.0,825.0,690.0,389.0,-172.0,-436.0,train
2530,13_square,0,0,161.0,760.0,649.0,579.0,488.0,-181.0,train
2531,13_square,0,0,722.0,811.0,615.0,648.0,-107.0,-163.0,test
2532,13_square,0,0,585.0,898.0,769.0,424.0,184.0,-474.0,train
2533,13_square,0,0,648.0,281.0,775.0,344.0,127.0,63.0,train
2534,13_square,0,0,509.0,400.0,262.0,267.0,-247.0,-133.0,train
2535,13_square,0,0,403.0,416.0,703.0,618.0,300.0,202.0,test
2536,13_square,0,0,126.0,599.0,268.0,232.0,142.0,-367.0,val
2537,13_square,0,0,740.0,303.0,442.0,852.0,-298.0,549.0,train
2538,13_square,0,0,840.0,316.0,715.0,664.0,-125.0,348.0,val
2539,13_square,0,0,850.0,701.0,308.0,773.0,-542.0,72.0,val
2540,13_square,0,0,403.0,295.0,145.0,590.0,-258.0,295.0,train
2541,13_square,0,0,735.0,825.0,627.0,672.0,-108.0,-153.0,train
2542,13_square,0,0,791.0,861.0,751.0,815.0,-40.0,-46.0,train
2543,13_square,0,0,722.0,312.0,887.0,892.0,165.0,580.0,train
2544,13_square,0,0,741.0,282.0,819.0,225.0,78.0,-57.0,train
2545,13_square,0,0,278.0,406.0,288.0,806.0,10.0,400.0,train
2546,13_square,0,0,807.0,511.0,646.0,657.0,-161.0,146.0,train
2547,13_square,0,0,233.0,316.0,638.0,484.0,405.0,168.0,train
2548,13_square,0,0,693.0,466.0,611.0,811.0,-82.0,345.0,train
2549,13_square,0,0,222.0,541.0,311.0,757.0,89.0,216.0,train
2550,13_square,0,0,615.0,890.0,103.0,234.0,-512.0,-656.0,test
2551,13_square,0,0,749.0,497.0,151.0,808.0,-598.0,311.0,train
2552,13_square,0,0,394.0,836.0,686.0,322.0,292.0,-514.0,train
2553,13_square,0,0,861.0,799.0,779.0,491.0,-82.0,-308.0,train
2554,13_square,0,0,173.0,631.0,102.0,769.0,-71.0,138.0,train
2555,13_square,0,0,660.0,395.0,526.0,298.0,-134.0,-97.0,train
2556,13_square,0,0,433.0,155.0,201.0,781.0,-232.0,626.0,train
2557,13_square,0,0,388.0,140.0,236.0,285.0,-152.0,145.0,test
2558,13_square,0,0,462.0,581.0,111.0,579.0,-351.0,-2.0,train
2559,13_square,0,0,200.0,682.0,559.0,847.0,359.0,165.0,train
2560,13_square,0,0,645.0,128.0,540.0,794.0,-105.0,666.0,train
2561,13_square,0,0,636.0,318.0,806.0,136.0,170.0,-182.0,train
2562,13_square,0,0,866.0,372.0,631.0,104.0,-235.0,-268.0,train
2563,13_square,0,0,515.0,435.0,786.0,715.0,271.0,280.0,test
2564,13_square,0,0,237.0,703.0,279.0,825.0,42.0,122.0,test
2565,13_square,0,0,839.0,865.0,367.0,797.0,-472.0,-68.0,train
2566,13_square,0,0,123.0,418.0,485.0,684.0,362.0,266.0,train
2567,13_square,0,0,492.0,253.0,857.0,286.0,365.0,33.0,val
2568,13_square,0,0,639.0,611.0,323.0,153.0,-316.0,-458.0,train
2569,13_square,0,0,401.0,239.0,400.0,595.0,-1.0,356.0,train
2570,13_square,0,0,320.0,789.0,124.0,586.0,-196.0,-203.0,val
2571,13_square,0,0,728.0,329.0,212.0,865.0,-516.0,536.0,train
2572,13_square,0,0,703.0,865.0,700.0,450.0,-3.0,-415.0,train
2573,13_square,0,0,856.0,438.0,330.0,647.0,-526.0,209.0,test
2574,13_square,0,0,646.0,349.0,721.0,676.0,75.0,327.0,train
2575,13_square,0,0,642.0,758.0,653.0,140.0,11.0,-618.0,val
2576,13_square,0,0,201.0,879.0,210.0,651.0,9.0,-228.0,train
2577,13_square,0,0,440.0,896.0,855.0,837.0,415.0,-59.0,train
2578,13_square,0,0,900.0,533.0,118.0,445.0,-782.0,-88.0,train
2579,13_square,0,0,639.0,273.0,587.0,137.0,-52.0,-136.0,val
2580,13_square,0,0,208.0,690.0,100.0,473.0,-108.0,-217.0,train
2581,13_square,0,0,101.0,701.0,449.0,114.0,348.0,-587.0,test
2582,13_square,0,0,809.0,597.0,701.0,499.0,-108.0,-98.0,train
2583,13_square,0,0,340.0,675.0,440.0,625.0,100.0,-50.0,train
2584,13_square,0,0,549.0,884.0,754.0,148.0,205.0,-736.0,train
2585,13_square,0,0,449.0,883.0,700.0,108.0,251.0,-775.0,train
2586,13_square,0,0,112.0,652.0,188.0,762.0,76.0,110.0,train
2587,13_square,0,0,135.0,571.0,726.0,139.0,591.0,-432.0,train
2588,13_square,0,0,600.0,385.0,898.0,783.0,298.0,398.0,train
2589,13_square,0,0,467.0,633.0,755.0,576.0,288.0,-57.0,train
2590,13_square,0,0,767.0,676.0,827.0,798.0,60.0,122.0,train
2591,13_square,0,0,106.0,689.0,836.0,532.0,730.0,-157.0,train
2592,13_square,0,0,728.0,896.0,228.0,367.0,-500.0,-529.0,test
2593,13_square,0,0,353.0,580.0,190.0,212.0,-163.0,-368.0,train
2594,13_square,0,0,195.0,113.0,637.0,888.0,442.0,775.0,train
2595,13_square,0,0,635.0,317.0,414.0,899.0,-221.0,582.0,train
2596,13_square,0,0,645.0,785.0,358.0,345.0,-287.0,-440.0,val
2597,13_square,0,0,844.0,194.0,786.0,873.0,-58.0,679.0,train
2598,13_square,0,0,325.0,855.0,185.0,221.0,-140.0,-634.0,train
2599,13_square,0,0,166.0,882.0,638.0,510.0,472.0,-372.0,train
2600,13_square,0,0,694.0,321.0,707.0,630.0,13.0,309.0,train
2601,13_square,0,0,664.0,764.0,276.0,742.0,-388.0,-22.0,val
2602,13_square,0,0,842.0,870.0,238.0,809.0,-604.0,-61.0,train
2603,13_square,0,0,491.0,375.0,613.0,808.0,122.0,433.0,train
2604,13_square,0,0,654.0,349.0,223.0,814.0,-431.0,465.0,train
2605,13_square,0,0,116.0,441.0,630.0,359.0,514.0,-82.0,train
2606,13_square,0,0,334.0,795.0,138.0,221.0,-196.0,-574.0,train
2607,13_square,0,0,622.0,453.0,377.0,801.0,-245.0,348.0,train
2608,13_square,0,0,220.0,562.0,496.0,757.0,276.0,195.0,train
2609,13_square,0,0,794.0,172.0,707.0,522.0,-87.0,350.0,train
2610,13_square,0,0,683.0,715.0,417.0,366.0,-266.0,-349.0,train
2611,13_square,0,0,314.0,679.0,495.0,291.0,181.0,-388.0,test
2612,13_square,0,0,368.0,215.0,624.0,356.0,256.0,141.0,train
2613,13_square,0,0,726.0,625.0,462.0,232.0,-264.0,-393.0,test
2614,13_square,0,0,194.0,781.0,557.0,393.0,363.0,-388.0,val
2615,13_square,0,0,875.0,296.0,547.0,587.0,-328.0,291.0,train
2616,13_square,0,0,120.0,542.0,896.0,747.0,776.0,205.0,train
2617,13_square,0,0,817.0,321.0,369.0,532.0,-448.0,211.0,train
2618,13_square,0,0,803.0,707.0,213.0,720.0,-590.0,13.0,train
2619,13_square,0,0,643.0,408.0,262.0,518.0,-381.0,110.0,test
2620,13_square,0,0,627.0,866.0,772.0,890.0,145.0,24.0,train
2621,13_square,0,0,460.0,133.0,574.0,485.0,114.0,352.0,train
2622,13_square,0,0,554.0,521.0,515.0,337.0,-39.0,-184.0,test
2623,13_square,0,0,231.0,276.0,692.0,758.0,461.0,482.0,train
2624,13_square,0,0,528.0,242.0,422.0,258.0,-106.0,16.0,train
2625,13_square,0,0,183.0,250.0,306.0,361.0,123.0,111.0,val
2626,13_square,0,0,242.0,538.0,456.0,706.0,214.0,168.0,train
2627,13_square,0,0,562.0,596.0,402.0,737.0,-160.0,141.0,train
2628,13_square,0,0,756.0,884.0,785.0,254.0,29.0,-630.0,train
2629,13_square,0,0,832.0,585.0,556.0,663.0,-276.0,78.0,train
2630,13_square,0,0,308.0,326.0,709.0,204.0,401.0,-122.0,test
2631,13_square,0,0,530.0,569.0,704.0,860.0,174.0,291.0,train
2632,13_square,0,0,176.0,439.0,306.0,669.0,130.0,230.0,train
2633,13_square,0,0,699.0,517.0,721.0,415.0,22.0,-102.0,train
2634,13_square,0,0,722.0,175.0,651.0,391.0,-71.0,216.0,val
2635,13_square,0,0,823.0,778.0,651.0,113.0,-172.0,-665.0,train
2636,13_square,0,0,422.0,774.0,761.0,158.0,339.0,-616.0,train
2637,13_square,0,0,593.0,593.0,551.0,854.0,-42.0,261.0,train
2638,13_square,0,0,900.0,568.0,398.0,508.0,-502.0,-60.0,train
2639,13_square,0,0,282.0,719.0,352.0,507.0,70.0,-212.0,train
2640,13_square,0,0,467.0,532.0,600.0,738.0,133.0,206.0,train
2641,13_square,0,0,542.0,577.0,304.0,642.0,-238.0,65.0,val
2642,13_square,0,0,661.0,499.0,381.0,609.0,-280.0,110.0,train
2643,13_square,0,0,133.0,648.0,538.0,149.0,405.0,-499.0,train
2644,13_square,0,0,812.0,501.0,652.0,319.0,-160.0,-182.0,train
2645,13_square,0,0,819.0,667.0,895.0,891.0,76.0,224.0,train
2646,13_square,0,0,602.0,742.0,288.0,242.0,-314.0,-500.0,train
2647,13_square,0,0,526.0,411.0,131.0,343.0,-395.0,-68.0,train
2648,13_square,0,0,299.0,349.0,472.0,655.0,173.0,306.0,test
2649,13_square,0,0,557.0,695.0,773.0,401.0,216.0,-294.0,test
2650,13_square,0,0,471.0,122.0,397.0,531.0,-74.0,409.0,train
2651,13_square,0,0,374.0,185.0,541.0,484.0,167.0,299.0,train
2652,13_square,0,0,288.0,745.0,638.0,554.0,350.0,-191.0,val
2653,13_square,0,0,253.0,450.0,482.0,649.0,229.0,199.0,train
2654,13_square,0,0,498.0,178.0,224.0,483.0,-274.0,305.0,train
2655,13_square,0,0,655.0,660.0,529.0,430.0,-126.0,-230.0,train
2656,13_square,0,0,333.0,310.0,334.0,196.0,1.0,-114.0,test
2657,13_square,0,0,709.0,488.0,713.0,731.0,4.0,243.0,train
2658,13_square,0,0,437.0,757.0,880.0,174.0,443.0,-583.0,train
2659,13_square,0,0,890.0,668.0,652.0,238.0,-238.0,-430.0,train
2660,13_square,0,0,472.0,463.0,894.0,819.0,422.0,356.0,train
2661,13_square,0,0,583.0,125.0,776.0,171.0,193.0,46.0,train
2662,13_square,0,0,449.0,584.0,206.0,716.0,-243.0,132.0,train
2663,13_square,0,0,343.0,544.0,842.0,208.0,499.0,-336.0,train
2664,13_square,0,0,694.0,518.0,197.0,230.0,-497.0,-288.0,train
2665,13_square,0,0,255.0,197.0,796.0,555.0,541.0,358.0,train
2666,13_square,0,0,193.0,823.0,402.0,248.0,209.0,-575.0,train
2667,13_square,0,0,755.0,632.0,738.0,776.0,-17.0,144.0,train
2668,13_square,0,0,655.0,569.0,636.0,813.0,-19.0,244.0,train
2669,13_square,0,0,429.0,661.0,691.0,215.0,262.0,-446.0,train
2670,13_square,0,0,828.0,693.0,828.0,864.0,0.0,171.0,train
2671,13_square,0,0,205.0,758.0,850.0,834.0,645.0,76.0,train
2672,13_square,0,0,575.0,204.0,858.0,235.0,283.0,31.0,train
2673,13_square,0,0,356.0,264.0,742.0,601.0,386.0,337.0,train
2674,13_square,0,0,453.0,144.0,853.0,679.0,400.0,535.0,train
2675,13_square,0,0,468.0,237.0,295.0,767.0,-173.0,530.0,train
2676,13_square,0,0,224.0,438.0,425.0,418.0,201.0,-20.0,test
2677,13_square,0,0,111.0,737.0,205.0,112.0,94.0,-625.0,train
2678,13_square,0,0,518.0,473.0,862.0,609.0,344.0,136.0,test
2679,13_square,0,0,484.0,679.0,727.0,319.0,243.0,-360.0,train
2680,13_square,0,0,482.0,525.0,100.0,632.0,-382.0,107.0,train
2681,13_square,0,0,152.0,455.0,427.0,302.0,275.0,-153.0,train
2682,13_square,0,0,677.0,259.0,437.0,268.0,-240.0,9.0,train
2683,13_square,0,0,647.0,802.0,375.0,379.0,-272.0,-423.0,train
2684,13_square,0,0,666.0,201.0,422.0,383.0,-244.0,182.0,val
2685,13_square,0,0,464.0,295.0,777.0,726.0,313.0,431.0,train
2686,13_square,0,0,681.0,736.0,115.0,211.0,-566.0,-525.0,train
2687,13_square,0,0,134.0,692.0,373.0,242.0,239.0,-450.0,train
2688,13_square,0,0,275.0,365.0,750.0,432.0,475.0,67.0,train
2689,13_square,0,0,385.0,774.0,815.0,373.0,430.0,-401.0,train
2690,13_square,0,0,704.0,481.0,308.0,698.0,-396.0,217.0,train
2691,13_square,0,0,372.0,837.0,217.0,648.0,-155.0,-189.0,train
2692,13_square,0,0,804.0,668.0,161.0,110.0,-643.0,-558.0,train
2693,13_square,0,0,497.0,397.0,295.0,582.0,-202.0,185.0,train
2694,13_square,0,0,278.0,488.0,276.0,453.0,-2.0,-35.0,train
2695,13_square,0,0,763.0,451.0,342.0,215.0,-421.0,-236.0,train
2696,13_square,0,0,859.0,825.0,715.0,450.0,-144.0,-375.0,train
2697,13_square,0,0,249.0,879.0,871.0,856.0,622.0,-23.0,train
2698,13_square,0,0,591.0,493.0,533.0,422.0,-58.0,-71.0,train
2699,13_square,0,0,308.0,874.0,586.0,487.0,278.0,-387.0,val
2700,13_square,0,0,516.0,313.0,618.0,642.0,102.0,329.0,train
2701,13_square,0,0,351.0,778.0,758.0,465.0,407.0,-313.0,train
2702,13_square,0,0,748.0,566.0,528.0,341.0,-220.0,-225.0,test
2703,13_square,0,0,495.0,589.0,837.0,160.0,342.0,-429.0,train
2704,13_square,0,0,340.0,122.0,869.0,894.0,529.0,772.0,train
2705,13_square,0,0,799.0,350.0,676.0,606.0,-123.0,256.0,test
2706,13_square,0,0,240.0,254.0,294.0,188.0,54.0,-66.0,train
2707,13_square,0,0,747.0,191.0,764.0,639.0,17.0,448.0,train
2708,13_square,0,0,703.0,289.0,231.0,522.0,-472.0,233.0,train
2709,13_square,0,0,581.0,894.0,416.0,240.0,-165.0,-654.0,train
2710,13_square,0,0,617.0,699.0,367.0,641.0,-250.0,-58.0,train
2711,13_square,0,0,650.0,494.0,254.0,101.0,-396.0,-393.0,train
2712,13_square,0,0,177.0,557.0,403.0,225.0,226.0,-332.0,train
2713,13_square,0,0,530.0,766.0,781.0,179.0,251.0,-587.0,train
2714,13_square,0,0,882.0,511.0,340.0,104.0,-542.0,-407.0,train
2715,13_square,0,0,379.0,299.0,327.0,776.0,-52.0,477.0,train
2716,13_square,0,0,794.0,649.0,396.0,558.0,-398.0,-91.0,test
2717,13_square,0,0,712.0,480.0,353.0,352.0,-359.0,-128.0,train
2718,13_square,0,0,105.0,663.0,880.0,787.0,775.0,124.0,train
2719,13_square,0,0,740.0,612.0,746.0,696.0,6.0,84.0,val
2720,13_square,0,0,669.0,432.0,533.0,142.0,-136.0,-290.0,val
2721,13_square,0,0,265.0,864.0,325.0,245.0,60.0,-619.0,train
2722,13_square,0,0,637.0,380.0,863.0,586.0,226.0,206.0,train
2723,13_square,0,0,372.0,260.0,109.0,307.0,-263.0,47.0,train
2724,13_square,0,0,675.0,275.0,308.0,828.0,-367.0,553.0,train
2725,13_square,0,0,102.0,332.0,283.0,186.0,181.0,-146.0,train
2726,13_square,0,0,446.0,726.0,230.0,800.0,-216.0,74.0,val
2727,13_square,0,0,398.0,494.0,683.0,534.0,285.0,40.0,train
2728,13_square,0,0,459.0,721.0,213.0,288.0,-246.0,-433.0,test
2729,13_square,0,0,611.0,233.0,343.0,565.0,-268.0,332.0,train
2730,13_square,0,0,312.0,642.0,654.0,549.0,342.0,-93.0,train
2731,13_square,0,0,452.0,727.0,644.0,274.0,192.0,-453.0,train
2732,13_square,0,0,175.0,886.0,693.0,746.0,518.0,-140.0,train
2733,13_square,0,0,838.0,646.0,474.0,105.0,-364.0,-541.0,train
2734,13_square,0,0,169.0,659.0,558.0,808.0,389.0,149.0,train
2735,13_square,0,0,105.0,218.0,462.0,725.0,357.0,507.0,train
2736,13_square,0,0,620.0,662.0,496.0,205.0,-124.0,-457.0,train
2737,13_square,0,0,345.0,415.0,684.0,346.0,339.0,-69.0,train
2738,13_square,0,0,167.0,867.0,779.0,718.0,612.0,-149.0,train
2739,13_square,0,0,650.0,508.0,808.0,323.0,158.0,-185.0,train
2740,13_square,0,0,197.0,185.0,251.0,607.0,54.0,422.0,train
2741,13_square,0,0,496.0,510.0,685.0,598.0,189.0,88.0,val
2742,13_square,0,0,798.0,269.0,259.0,665.0,-539.0,396.0,train
2743,13_square,0,0,797.0,678.0,836.0,709.0,39.0,31.0,val
2744,13_square,0,0,793.0,802.0,716.0,157.0,-77.0,-645.0,test
2745,13_square,0,0,802.0,899.0,820.0,725.0,18.0,-174.0,train
2746,13_square,0,0,195.0,209.0,119.0,456.0,-76.0,247.0,train
2747,13_square,0,0,214.0,631.0,752.0,249.0,538.0,-382.0,val
2748,13_square,0,0,363.0,668.0,647.0,888.0,284.0,220.0,test
2749,13_square,0,0,852.0,821.0,691.0,651.0,-161.0,-170.0,test
2750,13_square,0,0,809.0,208.0,718.0,825.0,-91.0,617.0,train
2751,13_square,0,0,628.0,440.0,484.0,126.0,-144.0,-314.0,train
2752,13_square,0,0,143.0,477.0,828.0,183.0,685.0,-294.0,train
2753,13_square,0,0,698.0,177.0,514.0,744.0,-184.0,567.0,train
2754,13_square,0,0,638.0,306.0,130.0,580.0,-508.0,274.0,val
2755,13_square,0,0,263.0,376.0,465.0,381.0,202.0,5.0,train
2756,13_square,0,0,679.0,794.0,164.0,177.0,-515.0,-617.0,train
2757,13_square,0,0,197.0,110.0,280.0,818.0,83.0,708.0,train
2758,13_square,0,0,524.0,459.0,671.0,549.0,147.0,90.0,train
2759,13_square,0,0,389.0,771.0,359.0,660.0,-30.0,-111.0,train
2760,13_square,0,0,627.0,499.0,893.0,782.0,266.0,283.0,train
2761,13_square,0,0,567.0,152.0,526.0,888.0,-41.0,736.0,train
2762,13_square,0,0,595.0,543.0,295.0,526.0,-300.0,-17.0,train
2763,13_square,0,0,400.0,361.0,856.0,654.0,456.0,293.0,train
2764,13_square,0,0,185.0,727.0,132.0,890.0,-53.0,163.0,train
2765,13_square,0,0,427.0,638.0,186.0,776.0,-241.0,138.0,train
2766,13_square,0,0,318.0,702.0,164.0,883.0,-154.0,181.0,train
2767,13_square,0,0,759.0,854.0,127.0,286.0,-632.0,-568.0,train
2768,13_square,0,0,217.0,667.0,426.0,479.0,209.0,-188.0,train
2769,13_square,0,0,882.0,588.0,338.0,440.0,-544.0,-148.0,train
2770,13_square,0,0,285.0,531.0,839.0,370.0,554.0,-161.0,test
2771,13_square,0,0,201.0,595.0,726.0,473.0,525.0,-122.0,train
2772,13_square,0,0,198.0,893.0,272.0,363.0,74.0,-530.0,train
2773,13_square,0,0,895.0,673.0,128.0,648.0,-767.0,-25.0,val
2774,13_square,0,0,433.0,178.0,774.0,495.0,341.0,317.0,train
2775,13_square,0,0,172.0,514.0,678.0,895.0,506.0,381.0,train
2776,13_square,0,0,198.0,270.0,320.0,253.0,122.0,-17.0,train
2777,13_square,0,0,615.0,475.0,604.0,422.0,-11.0,-53.0,train
2778,13_square,0,0,273.0,141.0,530.0,204.0,257.0,63.0,train
2779,13_square,0,0,657.0,690.0,699.0,542.0,42.0,-148.0,train
2780,13_square,0,0,564.0,873.0,897.0,387.0,333.0,-486.0,train
2781,13_square,0,0,448.0,346.0,243.0,449.0,-205.0,103.0,val
2782,13_square,0,0,785.0,388.0,701.0,275.0,-84.0,-113.0,train
2783,13_square,0,0,731.0,221.0,721.0,616.0,-10.0,395.0,train
2784,13_square,0,0,359.0,429.0,776.0,230.0,417.0,-199.0,train
2785,13_square,0,0,561.0,485.0,716.0,642.0,155.0,157.0,train
2786,13_square,0,0,246.0,844.0,740.0,836.0,494.0,-8.0,train
2787,13_square,0,0,290.0,728.0,608.0,671.0,318.0,-57.0,train
2788,13_square,0,0,469.0,435.0,825.0,214.0,356.0,-221.0,train
2789,13_square,0,0,357.0,216.0,841.0,333.0,484.0,117.0,val
2790,13_square,0,0,220.0,479.0,684.0,533.0,464.0,54.0,train
2791,13_square,0,0,398.0,773.0,629.0,157.0,231.0,-616.0,train
2792,13_square,0,0,698.0,770.0,399.0,396.0,-299.0,-374.0,val
2793,13_square,0,0,702.0,498.0,444.0,795.0,-258.0,297.0,val
2794,13_square,0,0,535.0,886.0,857.0,797.0,322.0,-89.0,train
2795,13_square,0,0,378.0,760.0,747.0,665.0,369.0,-95.0,train
2796,13_square,0,0,665.0,730.0,119.0,674.0,-546.0,-56.0,train
2797,13_square,0,0,408.0,887.0,354.0,183.0,-54.0,-704.0,train
2798,13_square,0,0,754.0,198.0,219.0,885.0,-535.0,687.0,train
2799,13_square,0,0,345.0,600.0,602.0,654.0,257.0,54.0,train
2800,13_square,0,0,469.0,153.0,507.0,681.0,38.0,528.0,train
2801,13_square,0,0,863.0,624.0,211.0,348.0,-652.0,-276.0,test
2802,13_square,0,0,574.0,603.0,355.0,731.0,-219.0,128.0,train
2803,13_square,0,0,182.0,850.0,169.0,846.0,-13.0,-4.0,train
2804,13_square,0,0,496.0,558.0,479.0,163.0,-17.0,-395.0,val
2805,13_square,0,0,563.0,423.0,311.0,766.0,-252.0,343.0,test
2806,13_square,0,0,491.0,766.0,546.0,327.0,55.0,-439.0,train
2807,13_square,0,0,322.0,474.0,531.0,165.0,209.0,-309.0,train
2808,13_square,0,0,578.0,813.0,767.0,140.0,189.0,-673.0,train
2809,13_square,0,0,304.0,847.0,237.0,703.0,-67.0,-144.0,train
2810,13_square,0,0,643.0,227.0,790.0,795.0,147.0,568.0,train
2811,13_square,0,0,708.0,500.0,723.0,869.0,15.0,369.0,train
2812,13_square,0,0,806.0,750.0,526.0,484.0,-280.0,-266.0,test
2813,13_square,0,0,641.0,851.0,885.0,390.0,244.0,-461.0,train
2814,13_square,0,0,262.0,732.0,316.0,237.0,54.0,-495.0,train
2815,13_square,0,0,506.0,665.0,159.0,420.0,-347.0,-245.0,val
2816,13_square,0,0,607.0,129.0,777.0,382.0,170.0,253.0,train
2817,13_square,0,0,830.0,849.0,554.0,648.0,-276.0,-201.0,train
2818,13_square,0,0,709.0,655.0,816.0,741.0,107.0,86.0,train
2819,13_square,0,0,622.0,742.0,553.0,396.0,-69.0,-346.0,train
2820,13_square,0,0,888.0,765.0,852.0,802.0,-36.0,37.0,train
2821,13_square,0,0,517.0,640.0,149.0,848.0,-368.0,208.0,train
2822,13_square,0,0,416.0,192.0,739.0,172.0,323.0,-20.0,val
2823,13_square,0,0,388.0,300.0,364.0,852.0,-24.0,552.0,train
2824,13_square,0,0,597.0,188.0,525.0,833.0,-72.0,645.0,train
2825,13_square,0,0,119.0,215.0,271.0,685.0,152.0,470.0,train
2826,13_square,0,0,699.0,300.0,882.0,642.0,183.0,342.0,val
2827,13_square,0,0,503.0,722.0,242.0,446.0,-261.0,-276.0,train
2828,13_square,0,0,732.0,523.0,874.0,408.0,142.0,-115.0,train
2829,13_square,0,0,499.0,501.0,550.0,533.0,51.0,32.0,train
2830,13_square,0,0,332.0,345.0,276.0,900.0,-56.0,555.0,train
2831,13_square,0,0,477.0,765.0,402.0,682.0,-75.0,-83.0,train
2832,13_square,0,0,260.0,831.0,448.0,568.0,188.0,-263.0,train
2833,13_square,0,0,445.0,555.0,837.0,292.0,392.0,-263.0,train
2834,13_square,0,0,823.0,430.0,430.0,471.0,-393.0,41.0,val
2835,13_square,0,0,796.0,726.0,103.0,807.0,-693.0,81.0,train
2836,13_square,0,0,366.0,673.0,556.0,167.0,190.0,-506.0,train
2837,13_square,0,0,236.0,254.0,144.0,431.0,-92.0,177.0,train
2838,13_square,0,0,145.0,642.0,693.0,442.0,548.0,-200.0,train
2839,13_square,0,0,683.0,752.0,838.0,453.0,155.0,-299.0,train
2840,13_square,0,0,182.0,185.0,213.0,702.0,31.0,517.0,train
2841,13_square,0,0,549.0,364.0,135.0,882.0,-414.0,518.0,train
2842,13_square,0,0,771.0,617.0,732.0,704.0,-39.0,87.0,train
2843,13_square,0,0,651.0,384.0,606.0,742.0,-45.0,358.0,train
2844,13_square,0,0,175.0,445.0,735.0,158.0,560.0,-287.0,train
2845,13_square,0,0,455.0,621.0,372.0,399.0,-83.0,-222.0,train
2846,13_square,0,0,221.0,115.0,705.0,687.0,484.0,572.0,train
2847,13_square,0,0,889.0,123.0,727.0,655.0,-162.0,532.0,train
2848,13_square,0,0,300.0,673.0,691.0,310.0,391.0,-363.0,train
2849,13_square,0,0,624.0,154.0,433.0,686.0,-191.0,532.0,train
2850,13_square,0,0,728.0,544.0,682.0,790.0,-46.0,246.0,train
2851,13_square,0,0,319.0,293.0,563.0,819.0,244.0,526.0,train
2852,13_square,0,0,557.0,753.0,550.0,898.0,-7.0,145.0,train
2853,13_square,0,0,453.0,293.0,471.0,681.0,18.0,388.0,val
2854,13_square,0,0,495.0,511.0,661.0,613.0,166.0,102.0,train
2855,13_square,0,0,311.0,263.0,552.0,275.0,241.0,12.0,train
2856,13_square,0,0,451.0,644.0,817.0,398.0,366.0,-246.0,test
2857,13_square,0,0,857.0,402.0,301.0,833.0,-556.0,431.0,train
2858,13_square,0,0,402.0,429.0,808.0,407.0,406.0,-22.0,train
2859,13_square,0,0,483.0,430.0,283.0,148.0,-200.0,-282.0,val
2860,13_square,0,0,279.0,163.0,849.0,795.0,570.0,632.0,train
2861,13_square,0,0,765.0,442.0,274.0,771.0,-491.0,329.0,train
2862,13_square,0,0,477.0,819.0,308.0,427.0,-169.0,-392.0,train
2863,13_square,0,0,894.0,298.0,482.0,433.0,-412.0,135.0,train
2864,13_square,0,0,650.0,790.0,616.0,347.0,-34.0,-443.0,train
2865,13_square,0,0,248.0,206.0,194.0,241.0,-54.0,35.0,train
2866,13_square,0,0,524.0,757.0,370.0,462.0,-154.0,-295.0,test
2867,13_square,0,0,282.0,432.0,504.0,179.0,222.0,-253.0,train
2868,13_square,0,0,855.0,532.0,662.0,262.0,-193.0,-270.0,val
2869,13_square,0,0,690.0,361.0,163.0,705.0,-527.0,344.0,train
2870,13_square,0,0,168.0,433.0,409.0,176.0,241.0,-257.0,train
2871,13_square,0,0,323.0,676.0,802.0,511.0,479.0,-165.0,train
2872,13_square,0,0,436.0,742.0,487.0,814.0,51.0,72.0,train
2873,13_square,0,0,652.0,787.0,730.0,131.0,78.0,-656.0,train
2874,13_square,0,0,681.0,564.0,149.0,705.0,-532.0,141.0,train
2875,13_square,0,0,873.0,722.0,689.0,215.0,-184.0,-507.0,test
2876,13_square,0,0,766.0,212.0,722.0,281.0,-44.0,69.0,train
2877,13_square,0,0,320.0,451.0,312.0,116.0,-8.0,-335.0,train
2878,13_square,0,0,623.0,652.0,139.0,349.0,-484.0,-303.0,train
2879,13_square,0,0,439.0,788.0,229.0,679.0,-210.0,-109.0,train
2880,13_square,0,0,113.0,102.0,873.0,829.0,760.0,727.0,train
2881,13_square,0,0,113.0,606.0,851.0,768.0,738.0,162.0,train
2882,13_square,0,0,199.0,162.0,647.0,326.0,448.0,164.0,train
2883,13_square,0,0,223.0,517.0,183.0,569.0,-40.0,52.0,train
2884,13_square,0,0,816.0,852.0,398.0,155.0,-418.0,-697.0,train
2885,13_square,0,0,326.0,666.0,483.0,483.0,157.0,-183.0,train
2886,13_square,0,0,213.0,120.0,470.0,684.0,257.0,564.0,train
2887,13_square,0,0,613.0,349.0,591.0,505.0,-22.0,156.0,train
2888,13_square,0,0,511.0,416.0,617.0,641.0,106.0,225.0,train
2889,13_square,0,0,578.0,545.0,794.0,577.0,216.0,32.0,train
2890,13_square,0,0,231.0,816.0,210.0,809.0,-21.0,-7.0,train
2891,13_square,0,0,293.0,172.0,121.0,719.0,-172.0,547.0,train
2892,13_square,0,0,666.0,256.0,325.0,439.0,-341.0,183.0,train
2893,13_square,0,0,769.0,790.0,639.0,264.0,-130.0,-526.0,train
2894,13_square,0,0,760.0,418.0,167.0,120.0,-593.0,-298.0,train
2895,13_square,0,0,503.0,622.0,435.0,444.0,-68.0,-178.0,train
2896,13_square,0,0,416.0,196.0,261.0,249.0,-155.0,53.0,train
2897,13_square,0,0,600.0,283.0,481.0,705.0,-119.0,422.0,train
2898,13_square,0,0,430.0,472.0,454.0,556.0,24.0,84.0,train
2899,13_square,0,0,709.0,535.0,375.0,783.0,-334.0,248.0,train
2900,13_square,0,0,316.0,709.0,243.0,386.0,-73.0,-323.0,val
2901,13_square,0,0,679.0,360.0,239.0,496.0,-440.0,136.0,test
2902,13_square,0,0,552.0,215.0,732.0,671.0,180.0,456.0,val
2903,13_square,0,0,497.0,507.0,672.0,107.0,175.0,-400.0,train
2904,13_square,0,0,329.0,217.0,683.0,816.0,354.0,599.0,train
2905,13_square,0,0,179.0,372.0,510.0,413.0,331.0,41.0,train
2906,13_square,0,0,309.0,256.0,241.0,775.0,-68.0,519.0,train
2907,13_square,0,0,587.0,219.0,900.0,101.0,313.0,-118.0,train
2908,13_square,0,0,579.0,432.0,314.0,444.0,-265.0,12.0,train
2909,13_square,0,0,318.0,527.0,724.0,421.0,406.0,-106.0,train
2910,13_square,0,0,270.0,628.0,127.0,811.0,-143.0,183.0,train
2911,13_square,0,0,763.0,824.0,874.0,825.0,111.0,1.0,val
2912,13_square,0,0,219.0,307.0,564.0,303.0,345.0,-4.0,test
2913,13_square,0,0,625.0,775.0,750.0,853.0,125.0,78.0,train
2914,13_square,0,0,588.0,158.0,565.0,680.0,-23.0,522.0,train
2915,13_square,0,0,300.0,609.0,369.0,376.0,69.0,-233.0,train
2916,13_square,0,0,185.0,144.0,733.0,241.0,548.0,97.0,train
2917,13_square,0,0,886.0,737.0,634.0,140.0,-252.0,-597.0,test
2918,13_square,0,0,808.0,635.0,158.0,900.0,-650.0,265.0,train
2919,13_square,0,0,330.0,853.0,610.0,813.0,280.0,-40.0,train
2920,13_square,0,0,629.0,885.0,511.0,384.0,-118.0,-501.0,train
2921,13_square,0,0,255.0,556.0,848.0,432.0,593.0,-124.0,train
2922,13_square,0,0,143.0,348.0,739.0,757.0,596.0,409.0,train
2923,13_square,0,0,759.0,800.0,666.0,797.0,-93.0,-3.0,train
2924,13_square,0,0,304.0,879.0,874.0,534.0,570.0,-345.0,train
2925,13_square,0,0,438.0,629.0,465.0,697.0,27.0,68.0,train
2926,13_square,0,0,596.0,354.0,693.0,705.0,97.0,351.0,test
2927,13_square,0,0,336.0,514.0,800.0,305.0,464.0,-209.0,train
2928,13_square,0,0,400.0,487.0,763.0,360.0,363.0,-127.0,train
2929,13_square,0,0,771.0,507.0,693.0,250.0,-78.0,-257.0,train
2930,13_square,0,0,102.0,237.0,349.0,806.0,247.0,569.0,train
2931,13_square,0,0,160.0,574.0,720.0,362.0,560.0,-212.0,train
2932,13_square,0,0,876.0,573.0,683.0,337.0,-193.0,-236.0,train
2933,13_square,0,0,557.0,732.0,189.0,616.0,-368.0,-116.0,train
2934,13_square,0,0,493.0,318.0,467.0,646.0,-26.0,328.0,train
2935,13_square,0,0,577.0,347.0,629.0,844.0,52.0,497.0,train
2936,13_square,0,0,387.0,124.0,579.0,551.0,192.0,427.0,val
2937,13_square,0,0,885.0,595.0,694.0,475.0,-191.0,-120.0,train
2938,13_square,0,0,607.0,234.0,373.0,651.0,-234.0,417.0,train
2939,13_square,0,0,348.0,664.0,338.0,267.0,-10.0,-397.0,val
2940,13_square,0,0,212.0,101.0,248.0,737.0,36.0,636.0,train
2941,13_square,0,0,303.0,305.0,330.0,534.0,27.0,229.0,train
2942,13_square,0,0,186.0,507.0,788.0,409.0,602.0,-98.0,train
2943,13_square,0,0,273.0,684.0,864.0,675.0,591.0,-9.0,train
2944,13_square,0,0,741.0,565.0,212.0,620.0,-529.0,55.0,val
2945,13_square,0,0,610.0,350.0,380.0,191.0,-230.0,-159.0,test
2946,13_square,0,0,204.0,181.0,345.0,125.0,141.0,-56.0,train
2947,13_square,0,0,484.0,570.0,757.0,515.0,273.0,-55.0,test
2948,13_square,0,0,456.0,256.0,688.0,234.0,232.0,-22.0,train
2949,13_square,0,0,509.0,254.0,330.0,518.0,-179.0,264.0,train
2950,13_square,0,0,692.0,592.0,530.0,726.0,-162.0,134.0,train
2951,13_square,0,0,515.0,367.0,806.0,531.0,291.0,164.0,train
2952,13_square,0,0,757.0,155.0,412.0,662.0,-345.0,507.0,train
2953,13_square,0,0,110.0,693.0,129.0,771.0,19.0,78.0,train
2954,13_square,0,0,769.0,151.0,372.0,255.0,-397.0,104.0,train
2955,13_square,0,0,510.0,134.0,390.0,385.0,-120.0,251.0,train
2956,13_square,0,0,370.0,118.0,688.0,151.0,318.0,33.0,train
2957,13_square,0,0,168.0,411.0,827.0,724.0,659.0,313.0,train
2958,13_square,0,0,514.0,176.0,467.0,146.0,-47.0,-30.0,train
2959,13_square,0,0,478.0,669.0,756.0,339.0,278.0,-330.0,train
2960,13_square,0,0,649.0,150.0,448.0,325.0,-201.0,175.0,train
2961,13_square,0,0,494.0,881.0,690.0,185.0,196.0,-696.0,train
2962,13_square,0,0,135.0,544.0,892.0,764.0,757.0,220.0,train
2963,13_square,0,0,201.0,215.0,364.0,386.0,163.0,171.0,train
2964,13_square,0,0,564.0,138.0,721.0,597.0,157.0,459.0,test
2965,13_square,0,0,508.0,305.0,125.0,745.0,-383.0,440.0,train
2966,13_square,0,0,798.0,622.0,287.0,493.0,-511.0,-129.0,train
2967,13_square,0,0,534.0,161.0,287.0,803.0,-247.0,642.0,train
2968,13_square,0,0,734.0,782.0,312.0,387.0,-422.0,-395.0,train
2969,13_square,0,0,310.0,523.0,793.0,129.0,483.0,-394.0,train
2970,13_square,0,0,359.0,302.0,334.0,618.0,-25.0,316.0,test
2971,13_square,0,0,228.0,618.0,213.0,157.0,-15.0,-461.0,train
2972,13_square,0,0,337.0,480.0,684.0,426.0,347.0,-54.0,train
2973,13_square,0,0,737.0,815.0,451.0,172.0,-286.0,-643.0,test
2974,13_square,0,0,839.0,356.0,464.0,698.0,-375.0,342.0,train
2975,13_square,0,0,435.0,555.0,306.0,135.0,-129.0,-420.0,train
2976,13_square,0,0,562.0,713.0,548.0,132.0,-14.0,-581.0,train
2977,13_square,0,0,221.0,353.0,765.0,809.0,544.0,456.0,train
2978,13_square,0,0,230.0,181.0,740.0,752.0,510.0,571.0,train
2979,13_square,0,0,851.0,450.0,649.0,603.0,-202.0,153.0,train
2980,13_square,0,0,300.0,265.0,224.0,631.0,-76.0,366.0,train
2981,13_square,0,0,100.0,512.0,768.0,380.0,668.0,-132.0,val
2982,13_square,0,0,876.0,721.0,173.0,339.0,-703.0,-382.0,train
2983,13_square,0,0,678.0,855.0,544.0,448.0,-134.0,-407.0,train
2984,13_square,0,0,450.0,752.0,323.0,156.0,-127.0,-596.0,train
2985,13_square,0,0,199.0,290.0,516.0,817.0,317.0,527.0,train
2986,13_square,0,0,608.0,258.0,579.0,736.0,-29.0,478.0,test
2987,13_square,0,0,587.0,857.0,865.0,872.0,278.0,15.0,train
2988,13_square,0,0,317.0,779.0,309.0,643.0,-8.0,-136.0,train
2989,13_square,0,0,494.0,700.0,569.0,105.0,75.0,-595.0,train
2990,13_square,0,0,590.0,347.0,794.0,258.0,204.0,-89.0,train
2991,13_square,0,0,131.0,475.0,625.0,183.0,494.0,-292.0,train
2992,13_square,0,0,515.0,287.0,198.0,726.0,-317.0,439.0,val
2993,13_square,0,0,507.0,291.0,221.0,786.0,-286.0,495.0,train
2994,13_square,0,0,258.0,526.0,584.0,600.0,326.0,74.0,train
2995,13_square,0,0,620.0,507.0,852.0,499.0,232.0,-8.0,val
2996,13_square,0,0,518.0,290.0,287.0,771.0,-231.0,481.0,val
2997,13_square,0,0,279.0,686.0,880.0,571.0,601.0,-115.0,train
2998,13_square,0,0,594.0,195.0,609.0,670.0,15.0,475.0,train
2999,13_square,0,0,862.0,326.0,421.0,635.0,-441.0,309.0,train
3000,19_square,0,0,606.0,349.0,430.0,619.0,-176.0,270.0,train
3001,19_square,0,0,792.0,126.0,159.0,372.0,-633.0,246.0,train
3002,19_square,0,0,733.0,509.0,316.0,855.0,-417.0,346.0,train
3003,19_square,0,0,778.0,593.0,533.0,155.0,-245.0,-438.0,train
3004,19_square,0,0,208.0,484.0,184.0,410.0,-24.0,-74.0,train
3005,19_square,0,0,582.0,232.0,254.0,607.0,-328.0,375.0,train
3006,19_square,0,0,515.0,366.0,112.0,140.0,-403.0,-226.0,train
3007,19_square,0,0,733.0,167.0,753.0,277.0,20.0,110.0,train
3008,19_square,0,0,276.0,422.0,800.0,421.0,524.0,-1.0,train
3009,19_square,0,0,264.0,248.0,536.0,822.0,272.0,574.0,train
3010,19_square,0,0,376.0,807.0,269.0,496.0,-107.0,-311.0,train
3011,19_square,0,0,709.0,219.0,338.0,426.0,-371.0,207.0,train
3012,19_square,0,0,747.0,751.0,838.0,509.0,91.0,-242.0,train
3013,19_square,0,0,811.0,298.0,415.0,220.0,-396.0,-78.0,train
3014,19_square,0,0,580.0,726.0,699.0,874.0,119.0,148.0,train
3015,19_square,0,0,534.0,524.0,417.0,231.0,-117.0,-293.0,train
3016,19_square,0,0,307.0,301.0,808.0,545.0,501.0,244.0,train
3017,19_square,0,0,168.0,112.0,663.0,619.0,495.0,507.0,train
3018,19_square,0,0,215.0,228.0,538.0,465.0,323.0,237.0,train
3019,19_square,0,0,349.0,434.0,557.0,880.0,208.0,446.0,train
3020,19_square,0,0,104.0,300.0,541.0,149.0,437.0,-151.0,val
3021,19_square,0,0,385.0,551.0,463.0,881.0,78.0,330.0,train
3022,19_square,0,0,566.0,796.0,458.0,566.0,-108.0,-230.0,val
3023,19_square,0,0,365.0,630.0,639.0,501.0,274.0,-129.0,test
3024,19_square,0,0,216.0,180.0,387.0,289.0,171.0,109.0,train
3025,19_square,0,0,653.0,394.0,272.0,753.0,-381.0,359.0,val
3026,19_square,0,0,575.0,115.0,670.0,299.0,95.0,184.0,train
3027,19_square,0,0,342.0,797.0,306.0,338.0,-36.0,-459.0,train
3028,19_square,0,0,843.0,442.0,596.0,669.0,-247.0,227.0,train
3029,19_square,0,0,120.0,416.0,403.0,582.0,283.0,166.0,train
3030,19_square,0,0,666.0,467.0,578.0,731.0,-88.0,264.0,train
3031,19_square,0,0,712.0,417.0,567.0,296.0,-145.0,-121.0,train
3032,19_square,0,0,892.0,505.0,318.0,183.0,-574.0,-322.0,train
3033,19_square,0,0,558.0,691.0,741.0,316.0,183.0,-375.0,train
3034,19_square,0,0,255.0,505.0,481.0,194.0,226.0,-311.0,train
3035,19_square,0,0,131.0,569.0,561.0,287.0,430.0,-282.0,train
3036,19_square,0,0,224.0,510.0,531.0,181.0,307.0,-329.0,train
3037,19_square,0,0,854.0,684.0,156.0,515.0,-698.0,-169.0,test
3038,19_square,0,0,352.0,352.0,888.0,881.0,536.0,529.0,train
3039,19_square,0,0,447.0,764.0,324.0,191.0,-123.0,-573.0,val
3040,19_square,0,0,664.0,387.0,716.0,109.0,52.0,-278.0,train
3041,19_square,0,0,689.0,391.0,377.0,677.0,-312.0,286.0,train
3042,19_square,0,0,604.0,430.0,469.0,501.0,-135.0,71.0,train
3043,19_square,0,0,558.0,341.0,417.0,750.0,-141.0,409.0,train
3044,19_square,0,0,761.0,254.0,281.0,481.0,-480.0,227.0,test
3045,19_square,0,0,127.0,274.0,760.0,365.0,633.0,91.0,test
3046,19_square,0,0,840.0,793.0,639.0,869.0,-201.0,76.0,test
3047,19_square,0,0,339.0,700.0,699.0,238.0,360.0,-462.0,val
3048,19_square,0,0,845.0,468.0,153.0,653.0,-692.0,185.0,train
3049,19_square,0,0,480.0,517.0,386.0,646.0,-94.0,129.0,train
3050,19_square,0,0,553.0,532.0,304.0,348.0,-249.0,-184.0,train
3051,19_square,0,0,786.0,380.0,881.0,496.0,95.0,116.0,train
3052,19_square,0,0,346.0,508.0,516.0,801.0,170.0,293.0,train
3053,19_square,0,0,622.0,230.0,682.0,389.0,60.0,159.0,train
3054,19_square,0,0,592.0,445.0,606.0,456.0,14.0,11.0,train
3055,19_square,0,0,842.0,496.0,529.0,581.0,-313.0,85.0,train
3056,19_square,0,0,509.0,323.0,899.0,785.0,390.0,462.0,train
3057,19_square,0,0,400.0,293.0,360.0,606.0,-40.0,313.0,val
3058,19_square,0,0,562.0,774.0,193.0,398.0,-369.0,-376.0,train
3059,19_square,0,0,271.0,630.0,878.0,244.0,607.0,-386.0,train
3060,19_square,0,0,300.0,416.0,571.0,515.0,271.0,99.0,test
3061,19_square,0,0,329.0,809.0,354.0,273.0,25.0,-536.0,train
3062,19_square,0,0,728.0,122.0,850.0,842.0,122.0,720.0,train
3063,19_square,0,0,173.0,827.0,224.0,431.0,51.0,-396.0,train
3064,19_square,0,0,498.0,418.0,665.0,822.0,167.0,404.0,train
3065,19_square,0,0,628.0,408.0,246.0,212.0,-382.0,-196.0,train
3066,19_square,0,0,849.0,835.0,644.0,860.0,-205.0,25.0,val
3067,19_square,0,0,556.0,289.0,897.0,166.0,341.0,-123.0,train
3068,19_square,0,0,892.0,689.0,535.0,853.0,-357.0,164.0,train
3069,19_square,0,0,490.0,548.0,129.0,143.0,-361.0,-405.0,train
3070,19_square,0,0,410.0,735.0,466.0,127.0,56.0,-608.0,test
3071,19_square,0,0,459.0,491.0,632.0,886.0,173.0,395.0,train
3072,19_square,0,0,657.0,383.0,883.0,819.0,226.0,436.0,train
3073,19_square,0,0,537.0,484.0,698.0,556.0,161.0,72.0,train
3074,19_square,0,0,743.0,742.0,419.0,638.0,-324.0,-104.0,val
3075,19_square,0,0,229.0,305.0,163.0,407.0,-66.0,102.0,train
3076,19_square,0,0,453.0,179.0,511.0,280.0,58.0,101.0,val
3077,19_square,0,0,676.0,149.0,609.0,714.0,-67.0,565.0,train
3078,19_square,0,0,748.0,364.0,211.0,134.0,-537.0,-230.0,train
3079,19_square,0,0,469.0,581.0,739.0,736.0,270.0,155.0,train
3080,19_square,0,0,731.0,767.0,243.0,601.0,-488.0,-166.0,train
3081,19_square,0,0,720.0,233.0,310.0,526.0,-410.0,293.0,train
3082,19_square,0,0,129.0,678.0,411.0,530.0,282.0,-148.0,train
3083,19_square,0,0,249.0,149.0,268.0,724.0,19.0,575.0,val
3084,19_square,0,0,426.0,133.0,285.0,189.0,-141.0,56.0,train
3085,19_square,0,0,676.0,622.0,895.0,529.0,219.0,-93.0,train
3086,19_square,0,0,704.0,754.0,831.0,694.0,127.0,-60.0,train
3087,19_square,0,0,109.0,785.0,260.0,552.0,151.0,-233.0,train
3088,19_square,0,0,394.0,454.0,177.0,463.0,-217.0,9.0,train
3089,19_square,0,0,387.0,494.0,195.0,286.0,-192.0,-208.0,train
3090,19_square,0,0,301.0,486.0,561.0,177.0,260.0,-309.0,val
3091,19_square,0,0,553.0,892.0,532.0,712.0,-21.0,-180.0,train
3092,19_square,0,0,439.0,347.0,286.0,219.0,-153.0,-128.0,train
3093,19_square,0,0,212.0,857.0,310.0,675.0,98.0,-182.0,train
3094,19_square,0,0,638.0,746.0,617.0,556.0,-21.0,-190.0,train
3095,19_square,0,0,815.0,218.0,637.0,838.0,-178.0,620.0,train
3096,19_square,0,0,713.0,442.0,289.0,691.0,-424.0,249.0,train
3097,19_square,0,0,162.0,789.0,633.0,673.0,471.0,-116.0,train
3098,19_square,0,0,331.0,510.0,793.0,613.0,462.0,103.0,train
3099,19_square,0,0,671.0,382.0,366.0,402.0,-305.0,20.0,train
3100,19_square,0,0,729.0,348.0,135.0,433.0,-594.0,85.0,test
3101,19_square,0,0,818.0,487.0,835.0,658.0,17.0,171.0,train
3102,19_square,0,0,592.0,569.0,848.0,488.0,256.0,-81.0,train
3103,19_square,0,0,565.0,640.0,117.0,883.0,-448.0,243.0,train
3104,19_square,0,0,528.0,376.0,805.0,777.0,277.0,401.0,train
3105,19_square,0,0,205.0,601.0,262.0,205.0,57.0,-396.0,train
3106,19_square,0,0,190.0,288.0,421.0,777.0,231.0,489.0,train
3107,19_square,0,0,611.0,653.0,642.0,796.0,31.0,143.0,train
3108,19_square,0,0,428.0,485.0,513.0,435.0,85.0,-50.0,train
3109,19_square,0,0,227.0,469.0,444.0,121.0,217.0,-348.0,train
3110,19_square,0,0,813.0,606.0,804.0,830.0,-9.0,224.0,train
3111,19_square,0,0,598.0,864.0,845.0,306.0,247.0,-558.0,train
3112,19_square,0,0,435.0,415.0,494.0,497.0,59.0,82.0,train
3113,19_square,0,0,394.0,493.0,338.0,119.0,-56.0,-374.0,test
3114,19_square,0,0,831.0,423.0,518.0,137.0,-313.0,-286.0,train
3115,19_square,0,0,880.0,505.0,284.0,824.0,-596.0,319.0,train
3116,19_square,0,0,539.0,245.0,797.0,569.0,258.0,324.0,test
3117,19_square,0,0,819.0,619.0,739.0,346.0,-80.0,-273.0,train
3118,19_square,0,0,440.0,690.0,615.0,824.0,175.0,134.0,train
3119,19_square,0,0,172.0,394.0,822.0,530.0,650.0,136.0,train
3120,19_square,0,0,134.0,587.0,624.0,810.0,490.0,223.0,train
3121,19_square,0,0,317.0,552.0,649.0,294.0,332.0,-258.0,train
3122,19_square,0,0,771.0,712.0,102.0,481.0,-669.0,-231.0,train
3123,19_square,0,0,789.0,421.0,252.0,330.0,-537.0,-91.0,train
3124,19_square,0,0,104.0,524.0,395.0,373.0,291.0,-151.0,train
3125,19_square,0,0,205.0,387.0,771.0,696.0,566.0,309.0,train
3126,19_square,0,0,540.0,154.0,616.0,747.0,76.0,593.0,train
3127,19_square,0,0,864.0,484.0,882.0,822.0,18.0,338.0,train
3128,19_square,0,0,848.0,207.0,440.0,334.0,-408.0,127.0,train
3129,19_square,0,0,661.0,703.0,124.0,301.0,-537.0,-402.0,train
3130,19_square,0,0,265.0,260.0,841.0,137.0,576.0,-123.0,train
3131,19_square,0,0,393.0,859.0,508.0,659.0,115.0,-200.0,train
3132,19_square,0,0,382.0,647.0,571.0,213.0,189.0,-434.0,val
3133,19_square,0,0,328.0,501.0,841.0,791.0,513.0,290.0,train
3134,19_square,0,0,356.0,523.0,411.0,723.0,55.0,200.0,train
3135,19_square,0,0,108.0,320.0,662.0,254.0,554.0,-66.0,train
3136,19_square,0,0,483.0,327.0,837.0,392.0,354.0,65.0,train
3137,19_square,0,0,870.0,215.0,676.0,381.0,-194.0,166.0,train
3138,19_square,0,0,707.0,253.0,314.0,480.0,-393.0,227.0,train
3139,19_square,0,0,731.0,106.0,757.0,594.0,26.0,488.0,train
3140,19_square,0,0,618.0,737.0,167.0,272.0,-451.0,-465.0,train
3141,19_square,0,0,269.0,581.0,676.0,759.0,407.0,178.0,train
3142,19_square,0,0,284.0,669.0,871.0,345.0,587.0,-324.0,train
3143,19_square,0,0,401.0,657.0,420.0,569.0,19.0,-88.0,train
3144,19_square,0,0,378.0,120.0,587.0,542.0,209.0,422.0,train
3145,19_square,0,0,129.0,271.0,247.0,182.0,118.0,-89.0,test
3146,19_square,0,0,562.0,682.0,507.0,248.0,-55.0,-434.0,train
3147,19_square,0,0,273.0,732.0,570.0,401.0,297.0,-331.0,train
3148,19_square,0,0,345.0,416.0,801.0,306.0,456.0,-110.0,train
3149,19_square,0,0,390.0,233.0,480.0,611.0,90.0,378.0,train
3150,19_square,0,0,495.0,561.0,846.0,660.0,351.0,99.0,train
3151,19_square,0,0,405.0,542.0,748.0,413.0,343.0,-129.0,train
3152,19_square,0,0,133.0,325.0,265.0,446.0,132.0,121.0,train
3153,19_square,0,0,654.0,421.0,451.0,451.0,-203.0,30.0,train
3154,19_square,0,0,319.0,701.0,336.0,752.0,17.0,51.0,train
3155,19_square,0,0,796.0,145.0,753.0,136.0,-43.0,-9.0,train
3156,19_square,0,0,599.0,560.0,181.0,316.0,-418.0,-244.0,train
3157,19_square,0,0,264.0,576.0,340.0,256.0,76.0,-320.0,train
3158,19_square,0,0,584.0,281.0,141.0,479.0,-443.0,198.0,train
3159,19_square,0,0,739.0,777.0,118.0,128.0,-621.0,-649.0,train
3160,19_square,0,0,656.0,838.0,588.0,753.0,-68.0,-85.0,train
3161,19_square,0,0,423.0,118.0,609.0,166.0,186.0,48.0,train
3162,19_square,0,0,670.0,832.0,428.0,673.0,-242.0,-159.0,train
3163,19_square,0,0,633.0,154.0,806.0,359.0,173.0,205.0,train
3164,19_square,0,0,354.0,488.0,892.0,527.0,538.0,39.0,train
3165,19_square,0,0,204.0,355.0,435.0,290.0,231.0,-65.0,train
3166,19_square,0,0,786.0,332.0,853.0,450.0,67.0,118.0,train
3167,19_square,0,0,369.0,221.0,486.0,313.0,117.0,92.0,val
3168,19_square,0,0,761.0,592.0,603.0,807.0,-158.0,215.0,train
3169,19_square,0,0,500.0,646.0,258.0,601.0,-242.0,-45.0,train
3170,19_square,0,0,466.0,672.0,348.0,585.0,-118.0,-87.0,train
3171,19_square,0,0,281.0,743.0,893.0,613.0,612.0,-130.0,train
3172,19_square,0,0,179.0,280.0,171.0,796.0,-8.0,516.0,train
3173,19_square,0,0,693.0,590.0,579.0,430.0,-114.0,-160.0,train
3174,19_square,0,0,747.0,656.0,198.0,210.0,-549.0,-446.0,train
3175,19_square,0,0,430.0,788.0,222.0,639.0,-208.0,-149.0,val
3176,19_square,0,0,271.0,503.0,732.0,362.0,461.0,-141.0,val
3177,19_square,0,0,765.0,490.0,579.0,571.0,-186.0,81.0,train
3178,19_square,0,0,457.0,544.0,836.0,283.0,379.0,-261.0,train
3179,19_square,0,0,764.0,395.0,411.0,862.0,-353.0,467.0,val
3180,19_square,0,0,298.0,284.0,144.0,251.0,-154.0,-33.0,val
3181,19_square,0,0,178.0,757.0,422.0,202.0,244.0,-555.0,test
3182,19_square,0,0,866.0,163.0,350.0,198.0,-516.0,35.0,train
3183,19_square,0,0,550.0,450.0,124.0,841.0,-426.0,391.0,test
3184,19_square,0,0,155.0,102.0,152.0,197.0,-3.0,95.0,train
3185,19_square,0,0,303.0,336.0,600.0,577.0,297.0,241.0,train
3186,19_square,0,0,824.0,215.0,138.0,347.0,-686.0,132.0,train
3187,19_square,0,0,702.0,491.0,491.0,668.0,-211.0,177.0,test
3188,19_square,0,0,226.0,317.0,745.0,714.0,519.0,397.0,train
3189,19_square,0,0,621.0,726.0,354.0,837.0,-267.0,111.0,train
3190,19_square,0,0,763.0,879.0,558.0,472.0,-205.0,-407.0,train
3191,19_square,0,0,481.0,686.0,581.0,530.0,100.0,-156.0,train
3192,19_square,0,0,843.0,327.0,527.0,166.0,-316.0,-161.0,train
3193,19_square,0,0,258.0,667.0,140.0,411.0,-118.0,-256.0,train
3194,19_square,0,0,363.0,568.0,481.0,659.0,118.0,91.0,train
3195,19_square,0,0,712.0,354.0,879.0,366.0,167.0,12.0,train
3196,19_square,0,0,603.0,768.0,280.0,132.0,-323.0,-636.0,train
3197,19_square,0,0,194.0,155.0,849.0,491.0,655.0,336.0,test
3198,19_square,0,0,195.0,252.0,236.0,319.0,41.0,67.0,train
3199,19_square,0,0,645.0,789.0,782.0,138.0,137.0,-651.0,train
3200,19_square,0,0,680.0,589.0,164.0,678.0,-516.0,89.0,train
3201,19_square,0,0,799.0,580.0,365.0,780.0,-434.0,200.0,train
3202,19_square,0,0,820.0,894.0,285.0,482.0,-535.0,-412.0,test
3203,19_square,0,0,253.0,103.0,394.0,821.0,141.0,718.0,train
3204,19_square,0,0,179.0,450.0,521.0,163.0,342.0,-287.0,train
3205,19_square,0,0,174.0,753.0,476.0,509.0,302.0,-244.0,train
3206,19_square,0,0,609.0,805.0,673.0,208.0,64.0,-597.0,train
3207,19_square,0,0,698.0,569.0,410.0,171.0,-288.0,-398.0,train
3208,19_square,0,0,585.0,532.0,366.0,544.0,-219.0,12.0,train
3209,19_square,0,0,494.0,163.0,195.0,661.0,-299.0,498.0,train
3210,19_square,0,0,491.0,569.0,288.0,444.0,-203.0,-125.0,val
3211,19_square,0,0,401.0,564.0,742.0,847.0,341.0,283.0,test
3212,19_square,0,0,551.0,700.0,182.0,652.0,-369.0,-48.0,train
3213,19_square,0,0,754.0,296.0,549.0,825.0,-205.0,529.0,train
3214,19_square,0,0,282.0,639.0,870.0,574.0,588.0,-65.0,train
3215,19_square,0,0,613.0,129.0,317.0,143.0,-296.0,14.0,train
3216,19_square,0,0,259.0,652.0,270.0,722.0,11.0,70.0,train
3217,19_square,0,0,505.0,747.0,446.0,435.0,-59.0,-312.0,val
3218,19_square,0,0,678.0,879.0,334.0,718.0,-344.0,-161.0,train
3219,19_square,0,0,854.0,665.0,857.0,748.0,3.0,83.0,train
3220,19_square,0,0,623.0,368.0,399.0,395.0,-224.0,27.0,train
3221,19_square,0,0,824.0,657.0,649.0,871.0,-175.0,214.0,train
3222,19_square,0,0,156.0,308.0,466.0,188.0,310.0,-120.0,train
3223,19_square,0,0,481.0,636.0,832.0,510.0,351.0,-126.0,val
3224,19_square,0,0,669.0,317.0,220.0,433.0,-449.0,116.0,val
3225,19_square,0,0,710.0,788.0,361.0,322.0,-349.0,-466.0,train
3226,19_square,0,0,744.0,611.0,752.0,303.0,8.0,-308.0,train
3227,19_square,0,0,199.0,179.0,377.0,579.0,178.0,400.0,train
3228,19_square,0,0,518.0,182.0,825.0,850.0,307.0,668.0,test
3229,19_square,0,0,805.0,641.0,142.0,487.0,-663.0,-154.0,val
3230,19_square,0,0,726.0,404.0,223.0,874.0,-503.0,470.0,train
3231,19_square,0,0,275.0,876.0,673.0,587.0,398.0,-289.0,test
3232,19_square,0,0,886.0,770.0,223.0,772.0,-663.0,2.0,val
3233,19_square,0,0,747.0,688.0,475.0,176.0,-272.0,-512.0,train
3234,19_square,0,0,601.0,284.0,649.0,443.0,48.0,159.0,train
3235,19_square,0,0,296.0,396.0,547.0,681.0,251.0,285.0,train
3236,19_square,0,0,365.0,380.0,856.0,402.0,491.0,22.0,train
3237,19_square,0,0,241.0,263.0,479.0,535.0,238.0,272.0,train
3238,19_square,0,0,502.0,528.0,842.0,401.0,340.0,-127.0,train
3239,19_square,0,0,216.0,891.0,562.0,416.0,346.0,-475.0,train
3240,19_square,0,0,167.0,616.0,522.0,353.0,355.0,-263.0,train
3241,19_square,0,0,804.0,774.0,326.0,773.0,-478.0,-1.0,train
3242,19_square,0,0,258.0,365.0,654.0,213.0,396.0,-152.0,train
3243,19_square,0,0,193.0,838.0,203.0,898.0,10.0,60.0,train
3244,19_square,0,0,379.0,497.0,554.0,119.0,175.0,-378.0,train
3245,19_square,0,0,751.0,734.0,350.0,344.0,-401.0,-390.0,train
3246,19_square,0,0,318.0,785.0,446.0,122.0,128.0,-663.0,train
3247,19_square,0,0,566.0,883.0,318.0,668.0,-248.0,-215.0,train
3248,19_square,0,0,229.0,454.0,143.0,683.0,-86.0,229.0,train
3249,19_square,0,0,838.0,136.0,388.0,838.0,-450.0,702.0,train
3250,19_square,0,0,581.0,354.0,763.0,772.0,182.0,418.0,train
3251,19_square,0,0,864.0,250.0,529.0,105.0,-335.0,-145.0,train
3252,19_square,0,0,759.0,785.0,880.0,649.0,121.0,-136.0,val
3253,19_square,0,0,545.0,673.0,721.0,697.0,176.0,24.0,train
3254,19_square,0,0,148.0,569.0,243.0,266.0,95.0,-303.0,train
3255,19_square,0,0,221.0,461.0,260.0,390.0,39.0,-71.0,train
3256,19_square,0,0,437.0,109.0,284.0,274.0,-153.0,165.0,train
3257,19_square,0,0,354.0,805.0,243.0,760.0,-111.0,-45.0,train
3258,19_square,0,0,672.0,616.0,172.0,369.0,-500.0,-247.0,train
3259,19_square,0,0,704.0,768.0,606.0,702.0,-98.0,-66.0,train
3260,19_square,0,0,419.0,559.0,545.0,336.0,126.0,-223.0,train
3261,19_square,0,0,550.0,297.0,369.0,389.0,-181.0,92.0,train
3262,19_square,0,0,191.0,814.0,654.0,806.0,463.0,-8.0,train
3263,19_square,0,0,388.0,124.0,840.0,534.0,452.0,410.0,train
3264,19_square,0,0,493.0,256.0,611.0,429.0,118.0,173.0,train
3265,19_square,0,0,347.0,863.0,319.0,130.0,-28.0,-733.0,train
3266,19_square,0,0,215.0,299.0,338.0,784.0,123.0,485.0,train
3267,19_square,0,0,188.0,379.0,367.0,576.0,179.0,197.0,train
3268,19_square,0,0,262.0,434.0,654.0,366.0,392.0,-68.0,train
3269,19_square,0,0,398.0,888.0,785.0,637.0,387.0,-251.0,train
3270,19_square,0,0,784.0,398.0,282.0,400.0,-502.0,2.0,train
3271,19_square,0,0,532.0,778.0,230.0,599.0,-302.0,-179.0,train
3272,19_square,0,0,724.0,605.0,423.0,106.0,-301.0,-499.0,train
3273,19_square,0,0,694.0,218.0,412.0,337.0,-282.0,119.0,train
3274,19_square,0,0,228.0,341.0,599.0,541.0,371.0,200.0,train
3275,19_square,0,0,158.0,148.0,818.0,282.0,660.0,134.0,train
3276,19_square,0,0,152.0,766.0,119.0,496.0,-33.0,-270.0,train
3277,19_square,0,0,733.0,386.0,620.0,614.0,-113.0,228.0,train
3278,19_square,0,0,571.0,800.0,259.0,197.0,-312.0,-603.0,train
3279,19_square,0,0,293.0,636.0,668.0,629.0,375.0,-7.0,train
3280,19_square,0,0,708.0,199.0,489.0,112.0,-219.0,-87.0,train
3281,19_square,0,0,790.0,745.0,127.0,550.0,-663.0,-195.0,train
3282,19_square,0,0,151.0,492.0,413.0,786.0,262.0,294.0,train
3283,19_square,0,0,290.0,667.0,395.0,835.0,105.0,168.0,train
3284,19_square,0,0,105.0,705.0,256.0,588.0,151.0,-117.0,test
3285,19_square,0,0,364.0,838.0,541.0,362.0,177.0,-476.0,val
3286,19_square,0,0,791.0,700.0,404.0,249.0,-387.0,-451.0,train
3287,19_square,0,0,499.0,591.0,126.0,500.0,-373.0,-91.0,test
3288,19_square,0,0,467.0,405.0,285.0,276.0,-182.0,-129.0,val
3289,19_square,0,0,322.0,207.0,802.0,295.0,480.0,88.0,train
3290,19_square,0,0,394.0,353.0,247.0,493.0,-147.0,140.0,train
3291,19_square,0,0,448.0,513.0,447.0,469.0,-1.0,-44.0,train
3292,19_square,0,0,464.0,652.0,870.0,178.0,406.0,-474.0,train
3293,19_square,0,0,205.0,182.0,190.0,568.0,-15.0,386.0,train
3294,19_square,0,0,494.0,399.0,774.0,265.0,280.0,-134.0,train
3295,19_square,0,0,463.0,430.0,101.0,608.0,-362.0,178.0,train
3296,19_square,0,0,400.0,493.0,474.0,165.0,74.0,-328.0,train
3297,19_square,0,0,283.0,749.0,445.0,147.0,162.0,-602.0,train
3298,19_square,0,0,254.0,146.0,488.0,226.0,234.0,80.0,test
3299,19_square,0,0,796.0,398.0,615.0,766.0,-181.0,368.0,train
3300,19_square,0,0,352.0,570.0,745.0,732.0,393.0,162.0,train
3301,19_square,0,0,386.0,203.0,483.0,741.0,97.0,538.0,train
3302,19_square,0,0,207.0,794.0,650.0,137.0,443.0,-657.0,train
3303,19_square,0,0,581.0,708.0,739.0,801.0,158.0,93.0,train
3304,19_square,0,0,706.0,788.0,127.0,375.0,-579.0,-413.0,test
3305,19_square,0,0,400.0,506.0,286.0,886.0,-114.0,380.0,train
3306,19_square,0,0,666.0,355.0,808.0,674.0,142.0,319.0,train
3307,19_square,0,0,667.0,430.0,245.0,510.0,-422.0,80.0,train
3308,19_square,0,0,348.0,208.0,240.0,235.0,-108.0,27.0,train
3309,19_square,0,0,212.0,291.0,345.0,430.0,133.0,139.0,train
3310,19_square,0,0,413.0,503.0,615.0,252.0,202.0,-251.0,train
3311,19_square,0,0,357.0,194.0,290.0,628.0,-67.0,434.0,train
3312,19_square,0,0,323.0,490.0,165.0,533.0,-158.0,43.0,val
3313,19_square,0,0,113.0,130.0,781.0,275.0,668.0,145.0,test
3314,19_square,0,0,579.0,827.0,849.0,499.0,270.0,-328.0,val
3315,19_square,0,0,117.0,877.0,554.0,193.0,437.0,-684.0,val
3316,19_square,0,0,434.0,657.0,143.0,763.0,-291.0,106.0,test
3317,19_square,0,0,577.0,423.0,770.0,668.0,193.0,245.0,test
3318,19_square,0,0,785.0,128.0,229.0,856.0,-556.0,728.0,train
3319,19_square,0,0,456.0,132.0,627.0,553.0,171.0,421.0,test
3320,19_square,0,0,522.0,153.0,728.0,838.0,206.0,685.0,train
3321,19_square,0,0,793.0,170.0,764.0,117.0,-29.0,-53.0,train
3322,19_square,0,0,673.0,715.0,598.0,618.0,-75.0,-97.0,train
3323,19_square,0,0,387.0,230.0,200.0,588.0,-187.0,358.0,test
3324,19_square,0,0,236.0,416.0,791.0,298.0,555.0,-118.0,train
3325,19_square,0,0,311.0,720.0,572.0,259.0,261.0,-461.0,train
3326,19_square,0,0,194.0,838.0,715.0,706.0,521.0,-132.0,train
3327,19_square,0,0,502.0,253.0,335.0,195.0,-167.0,-58.0,train
3328,19_square,0,0,753.0,569.0,782.0,791.0,29.0,222.0,train
3329,19_square,0,0,826.0,232.0,177.0,787.0,-649.0,555.0,train
3330,19_square,0,0,644.0,677.0,465.0,541.0,-179.0,-136.0,test
3331,19_square,0,0,346.0,675.0,540.0,157.0,194.0,-518.0,train
3332,19_square,0,0,633.0,734.0,863.0,296.0,230.0,-438.0,train
3333,19_square,0,0,704.0,466.0,173.0,777.0,-531.0,311.0,train
3334,19_square,0,0,409.0,216.0,890.0,218.0,481.0,2.0,train
3335,19_square,0,0,489.0,313.0,102.0,686.0,-387.0,373.0,train
3336,19_square,0,0,394.0,609.0,803.0,691.0,409.0,82.0,train
3337,19_square,0,0,162.0,164.0,439.0,528.0,277.0,364.0,train
3338,19_square,0,0,104.0,200.0,509.0,398.0,405.0,198.0,train
3339,19_square,0,0,365.0,163.0,741.0,727.0,376.0,564.0,train
3340,19_square,0,0,632.0,833.0,427.0,399.0,-205.0,-434.0,train
3341,19_square,0,0,567.0,189.0,660.0,307.0,93.0,118.0,train
3342,19_square,0,0,108.0,312.0,225.0,842.0,117.0,530.0,train
3343,19_square,0,0,593.0,108.0,293.0,337.0,-300.0,229.0,val
3344,19_square,0,0,490.0,823.0,411.0,355.0,-79.0,-468.0,test
3345,19_square,0,0,797.0,256.0,212.0,764.0,-585.0,508.0,train
3346,19_square,0,0,648.0,824.0,205.0,494.0,-443.0,-330.0,train
3347,19_square,0,0,232.0,599.0,120.0,806.0,-112.0,207.0,train
3348,19_square,0,0,566.0,214.0,334.0,505.0,-232.0,291.0,val
3349,19_square,0,0,160.0,843.0,210.0,601.0,50.0,-242.0,train
3350,19_square,0,0,132.0,132.0,532.0,185.0,400.0,53.0,val
3351,19_square,0,0,295.0,501.0,770.0,884.0,475.0,383.0,train
3352,19_square,0,0,414.0,687.0,540.0,729.0,126.0,42.0,train
3353,19_square,0,0,145.0,718.0,525.0,900.0,380.0,182.0,train
3354,19_square,0,0,647.0,368.0,376.0,197.0,-271.0,-171.0,train
3355,19_square,0,0,671.0,774.0,281.0,719.0,-390.0,-55.0,train
3356,19_square,0,0,871.0,879.0,163.0,465.0,-708.0,-414.0,train
3357,19_square,0,0,356.0,159.0,311.0,498.0,-45.0,339.0,train
3358,19_square,0,0,246.0,829.0,457.0,528.0,211.0,-301.0,val
3359,19_square,0,0,619.0,127.0,216.0,570.0,-403.0,443.0,train
3360,19_square,0,0,795.0,871.0,520.0,433.0,-275.0,-438.0,test
3361,19_square,0,0,678.0,446.0,161.0,471.0,-517.0,25.0,test
3362,19_square,0,0,863.0,861.0,771.0,172.0,-92.0,-689.0,train
3363,19_square,0,0,740.0,826.0,560.0,561.0,-180.0,-265.0,train
3364,19_square,0,0,134.0,167.0,710.0,238.0,576.0,71.0,test
3365,19_square,0,0,407.0,325.0,806.0,634.0,399.0,309.0,train
3366,19_square,0,0,843.0,881.0,486.0,900.0,-357.0,19.0,train
3367,19_square,0,0,306.0,675.0,522.0,417.0,216.0,-258.0,train
3368,19_square,0,0,235.0,745.0,670.0,642.0,435.0,-103.0,val
3369,19_square,0,0,539.0,293.0,226.0,537.0,-313.0,244.0,train
3370,19_square,0,0,892.0,292.0,467.0,456.0,-425.0,164.0,train
3371,19_square,0,0,263.0,560.0,869.0,135.0,606.0,-425.0,train
3372,19_square,0,0,559.0,419.0,761.0,559.0,202.0,140.0,train
3373,19_square,0,0,333.0,808.0,804.0,332.0,471.0,-476.0,train
3374,19_square,0,0,648.0,806.0,322.0,858.0,-326.0,52.0,train
3375,19_square,0,0,607.0,322.0,318.0,414.0,-289.0,92.0,train
3376,19_square,0,0,619.0,549.0,217.0,484.0,-402.0,-65.0,train
3377,19_square,0,0,685.0,553.0,530.0,716.0,-155.0,163.0,train
3378,19_square,0,0,616.0,411.0,280.0,290.0,-336.0,-121.0,val
3379,19_square,0,0,582.0,848.0,418.0,274.0,-164.0,-574.0,train
3380,19_square,0,0,820.0,111.0,369.0,142.0,-451.0,31.0,train
3381,19_square,0,0,720.0,723.0,579.0,199.0,-141.0,-524.0,val
3382,19_square,0,0,472.0,830.0,770.0,379.0,298.0,-451.0,train
3383,19_square,0,0,397.0,152.0,241.0,591.0,-156.0,439.0,train
3384,19_square,0,0,234.0,260.0,778.0,258.0,544.0,-2.0,train
3385,19_square,0,0,311.0,462.0,685.0,698.0,374.0,236.0,train
3386,19_square,0,0,233.0,118.0,838.0,173.0,605.0,55.0,train
3387,19_square,0,0,734.0,260.0,514.0,516.0,-220.0,256.0,val
3388,19_square,0,0,466.0,305.0,111.0,470.0,-355.0,165.0,test
3389,19_square,0,0,411.0,622.0,769.0,304.0,358.0,-318.0,train
3390,19_square,0,0,892.0,850.0,598.0,863.0,-294.0,13.0,train
3391,19_square,0,0,722.0,336.0,694.0,334.0,-28.0,-2.0,train
3392,19_square,0,0,557.0,465.0,761.0,528.0,204.0,63.0,train
3393,19_square,0,0,655.0,177.0,706.0,809.0,51.0,632.0,train
3394,19_square,0,0,140.0,253.0,186.0,810.0,46.0,557.0,train
3395,19_square,0,0,897.0,838.0,276.0,682.0,-621.0,-156.0,train
3396,19_square,0,0,531.0,512.0,825.0,411.0,294.0,-101.0,train
3397,19_square,0,0,699.0,732.0,251.0,873.0,-448.0,141.0,train
3398,19_square,0,0,566.0,868.0,512.0,786.0,-54.0,-82.0,train
3399,19_square,0,0,393.0,716.0,466.0,844.0,73.0,128.0,train
3400,19_square,0,0,802.0,121.0,383.0,521.0,-419.0,400.0,train
3401,19_square,0,0,153.0,246.0,440.0,262.0,287.0,16.0,train
3402,19_square,0,0,114.0,735.0,493.0,691.0,379.0,-44.0,train
3403,19_square,0,0,597.0,833.0,679.0,157.0,82.0,-676.0,train
3404,19_square,0,0,249.0,379.0,423.0,533.0,174.0,154.0,val
3405,19_square,0,0,482.0,231.0,176.0,689.0,-306.0,458.0,train
3406,19_square,0,0,724.0,611.0,441.0,545.0,-283.0,-66.0,train
3407,19_square,0,0,157.0,100.0,819.0,585.0,662.0,485.0,train
3408,19_square,0,0,739.0,769.0,558.0,458.0,-181.0,-311.0,train
3409,19_square,0,0,891.0,698.0,147.0,778.0,-744.0,80.0,train
3410,19_square,0,0,204.0,141.0,449.0,355.0,245.0,214.0,train
3411,19_square,0,0,332.0,531.0,320.0,407.0,-12.0,-124.0,train
3412,19_square,0,0,501.0,453.0,487.0,225.0,-14.0,-228.0,train
3413,19_square,0,0,449.0,675.0,547.0,404.0,98.0,-271.0,train
3414,19_square,0,0,243.0,529.0,501.0,309.0,258.0,-220.0,train
3415,19_square,0,0,821.0,323.0,228.0,189.0,-593.0,-134.0,train
3416,19_square,0,0,254.0,817.0,240.0,215.0,-14.0,-602.0,train
3417,19_square,0,0,558.0,255.0,159.0,515.0,-399.0,260.0,test
3418,19_square,0,0,797.0,356.0,582.0,129.0,-215.0,-227.0,train
3419,19_square,0,0,678.0,323.0,894.0,440.0,216.0,117.0,train
3420,19_square,0,0,378.0,873.0,783.0,650.0,405.0,-223.0,train
3421,19_square,0,0,890.0,881.0,824.0,375.0,-66.0,-506.0,train
3422,19_square,0,0,855.0,422.0,706.0,781.0,-149.0,359.0,train
3423,19_square,0,0,105.0,668.0,783.0,204.0,678.0,-464.0,train
3424,19_square,0,0,885.0,871.0,561.0,599.0,-324.0,-272.0,test
3425,19_square,0,0,152.0,894.0,798.0,328.0,646.0,-566.0,train
3426,19_square,0,0,615.0,516.0,753.0,748.0,138.0,232.0,train
3427,19_square,0,0,345.0,847.0,661.0,356.0,316.0,-491.0,train
3428,19_square,0,0,418.0,137.0,442.0,618.0,24.0,481.0,train
3429,19_square,0,0,590.0,688.0,664.0,364.0,74.0,-324.0,train
3430,19_square,0,0,426.0,834.0,815.0,744.0,389.0,-90.0,test
3431,19_square,0,0,401.0,660.0,803.0,169.0,402.0,-491.0,val
3432,19_square,0,0,435.0,156.0,138.0,140.0,-297.0,-16.0,train
3433,19_square,0,0,316.0,274.0,658.0,553.0,342.0,279.0,train
3434,19_square,0,0,457.0,843.0,732.0,620.0,275.0,-223.0,train
3435,19_square,0,0,749.0,621.0,121.0,151.0,-628.0,-470.0,train
3436,19_square,0,0,243.0,741.0,892.0,349.0,649.0,-392.0,train
3437,19_square,0,0,375.0,738.0,210.0,561.0,-165.0,-177.0,train
3438,19_square,0,0,402.0,432.0,716.0,869.0,314.0,437.0,train
3439,19_square,0,0,615.0,455.0,649.0,335.0,34.0,-120.0,train
3440,19_square,0,0,682.0,350.0,857.0,674.0,175.0,324.0,train
3441,19_square,0,0,397.0,878.0,814.0,208.0,417.0,-670.0,train
3442,19_square,0,0,365.0,424.0,670.0,298.0,305.0,-126.0,train
3443,19_square,0,0,240.0,579.0,271.0,155.0,31.0,-424.0,test
3444,19_square,0,0,138.0,377.0,380.0,644.0,242.0,267.0,train
3445,19_square,0,0,668.0,693.0,131.0,718.0,-537.0,25.0,train
3446,19_square,0,0,837.0,132.0,845.0,151.0,8.0,19.0,train
3447,19_square,0,0,867.0,553.0,831.0,431.0,-36.0,-122.0,val
3448,19_square,0,0,485.0,824.0,520.0,382.0,35.0,-442.0,train
3449,19_square,0,0,348.0,116.0,153.0,159.0,-195.0,43.0,val
3450,19_square,0,0,325.0,641.0,397.0,553.0,72.0,-88.0,val
3451,19_square,0,0,518.0,389.0,669.0,212.0,151.0,-177.0,test
3452,19_square,0,0,883.0,483.0,897.0,830.0,14.0,347.0,train
3453,19_square,0,0,219.0,114.0,320.0,631.0,101.0,517.0,val
3454,19_square,0,0,321.0,266.0,534.0,238.0,213.0,-28.0,train
3455,19_square,0,0,562.0,835.0,630.0,117.0,68.0,-718.0,train
3456,19_square,0,0,573.0,606.0,761.0,885.0,188.0,279.0,val
3457,19_square,0,0,449.0,320.0,771.0,210.0,322.0,-110.0,train
3458,19_square,0,0,855.0,603.0,246.0,454.0,-609.0,-149.0,train
3459,19_square,0,0,368.0,855.0,513.0,670.0,145.0,-185.0,train
3460,19_square,0,0,848.0,708.0,245.0,697.0,-603.0,-11.0,train
3461,19_square,0,0,618.0,572.0,349.0,863.0,-269.0,291.0,train
3462,19_square,0,0,894.0,331.0,357.0,621.0,-537.0,290.0,train
3463,19_square,0,0,660.0,187.0,573.0,177.0,-87.0,-10.0,train
3464,19_square,0,0,472.0,611.0,808.0,539.0,336.0,-72.0,train
3465,19_square,0,0,778.0,828.0,592.0,508.0,-186.0,-320.0,train
3466,19_square,0,0,422.0,469.0,465.0,387.0,43.0,-82.0,test
3467,19_square,0,0,383.0,372.0,288.0,702.0,-95.0,330.0,train
3468,19_square,0,0,895.0,310.0,363.0,391.0,-532.0,81.0,train
3469,19_square,0,0,396.0,315.0,624.0,471.0,228.0,156.0,train
3470,19_square,0,0,713.0,107.0,870.0,732.0,157.0,625.0,train
3471,19_square,0,0,666.0,425.0,798.0,485.0,132.0,60.0,train
3472,19_square,0,0,308.0,379.0,685.0,558.0,377.0,179.0,train
3473,19_square,0,0,514.0,498.0,453.0,757.0,-61.0,259.0,train
3474,19_square,0,0,691.0,561.0,446.0,181.0,-245.0,-380.0,train
3475,19_square,0,0,370.0,730.0,623.0,323.0,253.0,-407.0,train
3476,19_square,0,0,446.0,661.0,771.0,738.0,325.0,77.0,train
3477,19_square,0,0,595.0,821.0,169.0,789.0,-426.0,-32.0,train
3478,19_square,0,0,594.0,332.0,454.0,391.0,-140.0,59.0,train
3479,19_square,0,0,211.0,403.0,781.0,422.0,570.0,19.0,train
3480,19_square,0,0,678.0,819.0,682.0,713.0,4.0,-106.0,train
3481,19_square,0,0,149.0,310.0,102.0,389.0,-47.0,79.0,test
3482,19_square,0,0,584.0,602.0,504.0,339.0,-80.0,-263.0,train
3483,19_square,0,0,271.0,747.0,265.0,815.0,-6.0,68.0,val
3484,19_square,0,0,473.0,899.0,125.0,496.0,-348.0,-403.0,train
3485,19_square,0,0,396.0,634.0,194.0,127.0,-202.0,-507.0,train
3486,19_square,0,0,559.0,492.0,852.0,332.0,293.0,-160.0,test
3487,19_square,0,0,321.0,290.0,443.0,805.0,122.0,515.0,train
3488,19_square,0,0,879.0,562.0,487.0,102.0,-392.0,-460.0,train
3489,19_square,0,0,538.0,448.0,349.0,750.0,-189.0,302.0,train
3490,19_square,0,0,303.0,323.0,807.0,598.0,504.0,275.0,train
3491,19_square,0,0,460.0,298.0,529.0,128.0,69.0,-170.0,train
3492,19_square,0,0,702.0,839.0,233.0,774.0,-469.0,-65.0,val
3493,19_square,0,0,684.0,865.0,165.0,320.0,-519.0,-545.0,train
3494,19_square,0,0,394.0,749.0,312.0,548.0,-82.0,-201.0,test
3495,19_square,0,0,280.0,485.0,163.0,409.0,-117.0,-76.0,val
3496,19_square,0,0,433.0,459.0,318.0,897.0,-115.0,438.0,train
3497,19_square,0,0,831.0,627.0,470.0,357.0,-361.0,-270.0,train
3498,19_square,0,0,649.0,863.0,853.0,267.0,204.0,-596.0,val
3499,19_square,0,0,778.0,508.0,888.0,589.0,110.0,81.0,train
3500,7_square,0,0,480.0,239.0,137.0,768.0,-343.0,529.0,train
3501,7_square,0,0,335.0,198.0,533.0,245.0,198.0,47.0,train
3502,7_square,0,0,601.0,256.0,634.0,737.0,33.0,481.0,train
3503,7_square,0,0,530.0,538.0,895.0,492.0,365.0,-46.0,train
3504,7_square,0,0,646.0,721.0,159.0,811.0,-487.0,90.0,train
3505,7_square,0,0,493.0,797.0,486.0,482.0,-7.0,-315.0,train
3506,7_square,0,0,600.0,446.0,868.0,414.0,268.0,-32.0,train
3507,7_square,0,0,127.0,606.0,448.0,167.0,321.0,-439.0,val
3508,7_square,0,0,338.0,551.0,632.0,676.0,294.0,125.0,train
3509,7_square,0,0,253.0,660.0,212.0,579.0,-41.0,-81.0,train
3510,7_square,0,0,302.0,228.0,303.0,382.0,1.0,154.0,test
3511,7_square,0,0,754.0,680.0,788.0,844.0,34.0,164.0,train
3512,7_square,0,0,724.0,279.0,394.0,276.0,-330.0,-3.0,train
3513,7_square,0,0,290.0,775.0,599.0,821.0,309.0,46.0,train
3514,7_square,0,0,563.0,142.0,269.0,759.0,-294.0,617.0,train
3515,7_square,0,0,566.0,177.0,179.0,763.0,-387.0,586.0,train
3516,7_square,0,0,227.0,523.0,812.0,494.0,585.0,-29.0,train
3517,7_square,0,0,749.0,842.0,405.0,578.0,-344.0,-264.0,val
3518,7_square,0,0,680.0,469.0,229.0,740.0,-451.0,271.0,train
3519,7_square,0,0,372.0,869.0,763.0,880.0,391.0,11.0,train
3520,7_square,0,0,860.0,273.0,886.0,554.0,26.0,281.0,train
3521,7_square,0,0,434.0,120.0,620.0,581.0,186.0,461.0,train
3522,7_square,0,0,263.0,520.0,742.0,522.0,479.0,2.0,val
3523,7_square,0,0,118.0,255.0,562.0,277.0,444.0,22.0,train
3524,7_square,0,0,871.0,492.0,802.0,261.0,-69.0,-231.0,train
3525,7_square,0,0,797.0,519.0,203.0,252.0,-594.0,-267.0,train
3526,7_square,0,0,138.0,434.0,726.0,148.0,588.0,-286.0,train
3527,7_square,0,0,605.0,514.0,135.0,274.0,-470.0,-240.0,train
3528,7_square,0,0,540.0,452.0,426.0,151.0,-114.0,-301.0,train
3529,7_square,0,0,233.0,432.0,531.0,426.0,298.0,-6.0,train
3530,7_square,0,0,222.0,870.0,812.0,752.0,590.0,-118.0,train
3531,7_square,0,0,875.0,661.0,458.0,835.0,-417.0,174.0,val
3532,7_square,0,0,556.0,692.0,319.0,539.0,-237.0,-153.0,train
3533,7_square,0,0,299.0,148.0,861.0,262.0,562.0,114.0,train
3534,7_square,0,0,693.0,768.0,736.0,136.0,43.0,-632.0,train
3535,7_square,0,0,272.0,156.0,680.0,576.0,408.0,420.0,train
3536,7_square,0,0,852.0,614.0,393.0,889.0,-459.0,275.0,train
3537,7_square,0,0,720.0,699.0,390.0,868.0,-330.0,169.0,train
3538,7_square,0,0,363.0,202.0,381.0,681.0,18.0,479.0,val
3539,7_square,0,0,247.0,898.0,489.0,202.0,242.0,-696.0,train
3540,7_square,0,0,566.0,438.0,647.0,602.0,81.0,164.0,train
3541,7_square,0,0,115.0,786.0,567.0,381.0,452.0,-405.0,val
3542,7_square,0,0,872.0,359.0,750.0,587.0,-122.0,228.0,train
3543,7_square,0,0,632.0,149.0,533.0,791.0,-99.0,642.0,test
3544,7_square,0,0,223.0,333.0,797.0,395.0,574.0,62.0,train
3545,7_square,0,0,159.0,854.0,500.0,108.0,341.0,-746.0,test
3546,7_square,0,0,346.0,149.0,425.0,735.0,79.0,586.0,train
3547,7_square,0,0,866.0,322.0,760.0,427.0,-106.0,105.0,train
3548,7_square,0,0,205.0,242.0,714.0,101.0,509.0,-141.0,val
3549,7_square,0,0,155.0,325.0,635.0,225.0,480.0,-100.0,train
3550,7_square,0,0,515.0,673.0,629.0,358.0,114.0,-315.0,train
3551,7_square,0,0,625.0,664.0,571.0,538.0,-54.0,-126.0,train
3552,7_square,0,0,456.0,502.0,852.0,417.0,396.0,-85.0,train
3553,7_square,0,0,343.0,506.0,168.0,397.0,-175.0,-109.0,train
3554,7_square,0,0,654.0,866.0,496.0,560.0,-158.0,-306.0,train
3555,7_square,0,0,159.0,553.0,104.0,193.0,-55.0,-360.0,train
3556,7_square,0,0,217.0,327.0,789.0,367.0,572.0,40.0,train
3557,7_square,0,0,449.0,542.0,548.0,688.0,99.0,146.0,train
3558,7_square,0,0,547.0,341.0,193.0,636.0,-354.0,295.0,train
3559,7_square,0,0,505.0,543.0,189.0,674.0,-316.0,131.0,test
3560,7_square,0,0,427.0,562.0,769.0,223.0,342.0,-339.0,train
3561,7_square,0,0,316.0,206.0,456.0,775.0,140.0,569.0,train
3562,7_square,0,0,823.0,643.0,895.0,299.0,72.0,-344.0,train
3563,7_square,0,0,525.0,336.0,445.0,747.0,-80.0,411.0,train
3564,7_square,0,0,676.0,561.0,529.0,278.0,-147.0,-283.0,train
3565,7_square,0,0,425.0,679.0,567.0,290.0,142.0,-389.0,train
3566,7_square,0,0,864.0,633.0,760.0,694.0,-104.0,61.0,train
3567,7_square,0,0,750.0,449.0,888.0,519.0,138.0,70.0,train
3568,7_square,0,0,204.0,588.0,488.0,682.0,284.0,94.0,val
3569,7_square,0,0,745.0,579.0,187.0,598.0,-558.0,19.0,train
3570,7_square,0,0,616.0,703.0,490.0,259.0,-126.0,-444.0,train
3571,7_square,0,0,550.0,191.0,200.0,451.0,-350.0,260.0,train
3572,7_square,0,0,169.0,603.0,591.0,135.0,422.0,-468.0,train
3573,7_square,0,0,320.0,123.0,699.0,821.0,379.0,698.0,train
3574,7_square,0,0,321.0,553.0,314.0,608.0,-7.0,55.0,train
3575,7_square,0,0,834.0,487.0,211.0,596.0,-623.0,109.0,train
3576,7_square,0,0,766.0,477.0,807.0,355.0,41.0,-122.0,train
3577,7_square,0,0,238.0,181.0,373.0,419.0,135.0,238.0,test
3578,7_square,0,0,835.0,521.0,221.0,130.0,-614.0,-391.0,train
3579,7_square,0,0,767.0,258.0,466.0,730.0,-301.0,472.0,train
3580,7_square,0,0,768.0,161.0,153.0,304.0,-615.0,143.0,train
3581,7_square,0,0,862.0,612.0,681.0,378.0,-181.0,-234.0,train
3582,7_square,0,0,136.0,425.0,458.0,402.0,322.0,-23.0,train
3583,7_square,0,0,677.0,841.0,640.0,609.0,-37.0,-232.0,train
3584,7_square,0,0,103.0,152.0,514.0,569.0,411.0,417.0,train
3585,7_square,0,0,459.0,832.0,854.0,402.0,395.0,-430.0,train
3586,7_square,0,0,587.0,323.0,634.0,383.0,47.0,60.0,train
3587,7_square,0,0,846.0,707.0,883.0,258.0,37.0,-449.0,test
3588,7_square,0,0,790.0,498.0,502.0,850.0,-288.0,352.0,train
3589,7_square,0,0,198.0,632.0,619.0,694.0,421.0,62.0,train
3590,7_square,0,0,311.0,288.0,888.0,520.0,577.0,232.0,train
3591,7_square,0,0,298.0,166.0,655.0,346.0,357.0,180.0,train
3592,7_square,0,0,165.0,299.0,533.0,385.0,368.0,86.0,train
3593,7_square,0,0,445.0,885.0,362.0,133.0,-83.0,-752.0,val
3594,7_square,0,0,339.0,349.0,594.0,271.0,255.0,-78.0,train
3595,7_square,0,0,153.0,258.0,672.0,140.0,519.0,-118.0,test
3596,7_square,0,0,426.0,811.0,196.0,479.0,-230.0,-332.0,val
3597,7_square,0,0,465.0,328.0,660.0,527.0,195.0,199.0,train
3598,7_square,0,0,535.0,504.0,271.0,736.0,-264.0,232.0,train
3599,7_square,0,0,264.0,327.0,575.0,835.0,311.0,508.0,train
3600,7_square,0,0,628.0,818.0,326.0,131.0,-302.0,-687.0,train
3601,7_square,0,0,307.0,624.0,187.0,863.0,-120.0,239.0,train
3602,7_square,0,0,115.0,789.0,141.0,737.0,26.0,-52.0,train
3603,7_square,0,0,589.0,593.0,750.0,828.0,161.0,235.0,train
3604,7_square,0,0,548.0,425.0,549.0,105.0,1.0,-320.0,train
3605,7_square,0,0,240.0,269.0,816.0,282.0,576.0,13.0,train
3606,7_square,0,0,733.0,774.0,775.0,661.0,42.0,-113.0,train
3607,7_square,0,0,223.0,365.0,309.0,585.0,86.0,220.0,train
3608,7_square,0,0,118.0,137.0,521.0,287.0,403.0,150.0,train
3609,7_square,0,0,750.0,627.0,900.0,118.0,150.0,-509.0,train
3610,7_square,0,0,625.0,686.0,407.0,186.0,-218.0,-500.0,val
3611,7_square,0,0,473.0,186.0,534.0,890.0,61.0,704.0,train
3612,7_square,0,0,803.0,312.0,839.0,572.0,36.0,260.0,train
3613,7_square,0,0,382.0,567.0,888.0,493.0,506.0,-74.0,val
3614,7_square,0,0,529.0,743.0,805.0,103.0,276.0,-640.0,train
3615,7_square,0,0,620.0,669.0,788.0,446.0,168.0,-223.0,train
3616,7_square,0,0,740.0,450.0,492.0,692.0,-248.0,242.0,train
3617,7_square,0,0,758.0,751.0,746.0,635.0,-12.0,-116.0,train
3618,7_square,0,0,808.0,792.0,889.0,880.0,81.0,88.0,val
3619,7_square,0,0,849.0,377.0,603.0,452.0,-246.0,75.0,train
3620,7_square,0,0,637.0,683.0,882.0,275.0,245.0,-408.0,train
3621,7_square,0,0,779.0,885.0,554.0,394.0,-225.0,-491.0,train
3622,7_square,0,0,522.0,714.0,600.0,205.0,78.0,-509.0,train
3623,7_square,0,0,532.0,293.0,887.0,128.0,355.0,-165.0,train
3624,7_square,0,0,261.0,504.0,136.0,639.0,-125.0,135.0,train
3625,7_square,0,0,634.0,587.0,360.0,330.0,-274.0,-257.0,train
3626,7_square,0,0,301.0,336.0,791.0,446.0,490.0,110.0,train
3627,7_square,0,0,846.0,422.0,336.0,649.0,-510.0,227.0,train
3628,7_square,0,0,529.0,739.0,590.0,487.0,61.0,-252.0,train
3629,7_square,0,0,665.0,192.0,101.0,634.0,-564.0,442.0,train
3630,7_square,0,0,754.0,303.0,576.0,485.0,-178.0,182.0,train
3631,7_square,0,0,656.0,406.0,683.0,627.0,27.0,221.0,train
3632,7_square,0,0,436.0,186.0,467.0,344.0,31.0,158.0,train
3633,7_square,0,0,346.0,576.0,237.0,747.0,-109.0,171.0,train
3634,7_square,0,0,746.0,175.0,623.0,708.0,-123.0,533.0,train
3635,7_square,0,0,194.0,813.0,164.0,523.0,-30.0,-290.0,test
3636,7_square,0,0,599.0,490.0,896.0,201.0,297.0,-289.0,train
3637,7_square,0,0,701.0,205.0,800.0,772.0,99.0,567.0,train
3638,7_square,0,0,243.0,143.0,876.0,233.0,633.0,90.0,train
3639,7_square,0,0,605.0,367.0,703.0,461.0,98.0,94.0,train
3640,7_square,0,0,527.0,561.0,188.0,798.0,-339.0,237.0,train
3641,7_square,0,0,851.0,263.0,880.0,556.0,29.0,293.0,train
3642,7_square,0,0,235.0,173.0,280.0,276.0,45.0,103.0,train
3643,7_square,0,0,782.0,787.0,208.0,431.0,-574.0,-356.0,train
3644,7_square,0,0,529.0,269.0,747.0,668.0,218.0,399.0,train
3645,7_square,0,0,591.0,219.0,144.0,616.0,-447.0,397.0,test
3646,7_square,0,0,216.0,584.0,780.0,889.0,564.0,305.0,train
3647,7_square,0,0,582.0,235.0,702.0,533.0,120.0,298.0,train
3648,7_square,0,0,658.0,558.0,164.0,763.0,-494.0,205.0,test
3649,7_square,0,0,385.0,101.0,135.0,574.0,-250.0,473.0,train
3650,7_square,0,0,356.0,398.0,633.0,383.0,277.0,-15.0,val
3651,7_square,0,0,719.0,275.0,157.0,310.0,-562.0,35.0,test
3652,7_square,0,0,107.0,242.0,753.0,198.0,646.0,-44.0,test
3653,7_square,0,0,416.0,820.0,703.0,664.0,287.0,-156.0,train
3654,7_square,0,0,711.0,700.0,757.0,673.0,46.0,-27.0,train
3655,7_square,0,0,288.0,263.0,873.0,493.0,585.0,230.0,train
3656,7_square,0,0,292.0,864.0,413.0,164.0,121.0,-700.0,train
3657,7_square,0,0,328.0,770.0,460.0,649.0,132.0,-121.0,train
3658,7_square,0,0,747.0,628.0,328.0,302.0,-419.0,-326.0,train
3659,7_square,0,0,506.0,495.0,202.0,501.0,-304.0,6.0,train
3660,7_square,0,0,880.0,370.0,258.0,218.0,-622.0,-152.0,train
3661,7_square,0,0,627.0,533.0,562.0,607.0,-65.0,74.0,train
3662,7_square,0,0,670.0,866.0,246.0,629.0,-424.0,-237.0,train
3663,7_square,0,0,131.0,641.0,553.0,202.0,422.0,-439.0,train
3664,7_square,0,0,335.0,572.0,892.0,365.0,557.0,-207.0,train
3665,7_square,0,0,342.0,701.0,576.0,779.0,234.0,78.0,train
3666,7_square,0,0,364.0,303.0,511.0,435.0,147.0,132.0,train
3667,7_square,0,0,189.0,889.0,168.0,852.0,-21.0,-37.0,train
3668,7_square,0,0,254.0,618.0,733.0,259.0,479.0,-359.0,train
3669,7_square,0,0,793.0,856.0,826.0,657.0,33.0,-199.0,train
3670,7_square,0,0,831.0,508.0,347.0,736.0,-484.0,228.0,train
3671,7_square,0,0,190.0,723.0,437.0,515.0,247.0,-208.0,train
3672,7_square,0,0,818.0,622.0,532.0,777.0,-286.0,155.0,train
3673,7_square,0,0,737.0,360.0,684.0,859.0,-53.0,499.0,train
3674,7_square,0,0,234.0,470.0,670.0,182.0,436.0,-288.0,train
3675,7_square,0,0,791.0,334.0,796.0,668.0,5.0,334.0,test
3676,7_square,0,0,186.0,362.0,541.0,508.0,355.0,146.0,train
3677,7_square,0,0,546.0,235.0,823.0,714.0,277.0,479.0,val
3678,7_square,0,0,245.0,858.0,749.0,844.0,504.0,-14.0,train
3679,7_square,0,0,703.0,429.0,261.0,527.0,-442.0,98.0,train
3680,7_square,0,0,252.0,680.0,840.0,797.0,588.0,117.0,train
3681,7_square,0,0,818.0,862.0,533.0,529.0,-285.0,-333.0,train
3682,7_square,0,0,505.0,877.0,645.0,274.0,140.0,-603.0,train
3683,7_square,0,0,744.0,709.0,183.0,458.0,-561.0,-251.0,train
3684,7_square,0,0,564.0,500.0,230.0,231.0,-334.0,-269.0,train
3685,7_square,0,0,385.0,290.0,747.0,588.0,362.0,298.0,train
3686,7_square,0,0,452.0,761.0,480.0,855.0,28.0,94.0,test
3687,7_square,0,0,402.0,357.0,270.0,326.0,-132.0,-31.0,train
3688,7_square,0,0,555.0,565.0,282.0,601.0,-273.0,36.0,train
3689,7_square,0,0,430.0,689.0,861.0,461.0,431.0,-228.0,test
3690,7_square,0,0,496.0,585.0,164.0,185.0,-332.0,-400.0,test
3691,7_square,0,0,603.0,287.0,489.0,408.0,-114.0,121.0,val
3692,7_square,0,0,179.0,624.0,899.0,416.0,720.0,-208.0,train
3693,7_square,0,0,348.0,758.0,788.0,178.0,440.0,-580.0,train
3694,7_square,0,0,866.0,457.0,540.0,874.0,-326.0,417.0,train
3695,7_square,0,0,387.0,120.0,723.0,900.0,336.0,780.0,train
3696,7_square,0,0,502.0,442.0,545.0,587.0,43.0,145.0,train
3697,7_square,0,0,760.0,492.0,818.0,282.0,58.0,-210.0,train
3698,7_square,0,0,696.0,738.0,231.0,809.0,-465.0,71.0,val
3699,7_square,0,0,225.0,649.0,559.0,802.0,334.0,153.0,train
3700,7_square,0,0,276.0,381.0,507.0,768.0,231.0,387.0,test
3701,7_square,0,0,261.0,389.0,253.0,269.0,-8.0,-120.0,train
3702,7_square,0,0,400.0,788.0,209.0,185.0,-191.0,-603.0,train
3703,7_square,0,0,657.0,636.0,144.0,499.0,-513.0,-137.0,train
3704,7_square,0,0,716.0,844.0,436.0,227.0,-280.0,-617.0,train
3705,7_square,0,0,687.0,221.0,503.0,672.0,-184.0,451.0,train
3706,7_square,0,0,157.0,321.0,319.0,635.0,162.0,314.0,train
3707,7_square,0,0,467.0,102.0,713.0,832.0,246.0,730.0,test
3708,7_square,0,0,778.0,362.0,650.0,215.0,-128.0,-147.0,train
3709,7_square,0,0,554.0,174.0,300.0,831.0,-254.0,657.0,train
3710,7_square,0,0,278.0,283.0,305.0,589.0,27.0,306.0,train
3711,7_square,0,0,355.0,432.0,642.0,321.0,287.0,-111.0,test
3712,7_square,0,0,376.0,649.0,110.0,631.0,-266.0,-18.0,val
3713,7_square,0,0,259.0,561.0,389.0,470.0,130.0,-91.0,train
3714,7_square,0,0,853.0,300.0,255.0,105.0,-598.0,-195.0,train
3715,7_square,0,0,786.0,195.0,422.0,170.0,-364.0,-25.0,train
3716,7_square,0,0,320.0,244.0,696.0,439.0,376.0,195.0,train
3717,7_square,0,0,338.0,836.0,644.0,115.0,306.0,-721.0,train
3718,7_square,0,0,689.0,179.0,685.0,274.0,-4.0,95.0,test
3719,7_square,0,0,689.0,724.0,669.0,683.0,-20.0,-41.0,train
3720,7_square,0,0,676.0,270.0,438.0,166.0,-238.0,-104.0,train
3721,7_square,0,0,307.0,773.0,707.0,807.0,400.0,34.0,train
3722,7_square,0,0,215.0,225.0,542.0,244.0,327.0,19.0,train
3723,7_square,0,0,231.0,140.0,414.0,597.0,183.0,457.0,val
3724,7_square,0,0,859.0,568.0,627.0,373.0,-232.0,-195.0,test
3725,7_square,0,0,494.0,820.0,543.0,671.0,49.0,-149.0,train
3726,7_square,0,0,870.0,172.0,781.0,316.0,-89.0,144.0,train
3727,7_square,0,0,790.0,497.0,804.0,349.0,14.0,-148.0,train
3728,7_square,0,0,526.0,269.0,814.0,323.0,288.0,54.0,train
3729,7_square,0,0,662.0,375.0,259.0,886.0,-403.0,511.0,train
3730,7_square,0,0,605.0,566.0,766.0,672.0,161.0,106.0,train
3731,7_square,0,0,697.0,893.0,333.0,677.0,-364.0,-216.0,train
3732,7_square,0,0,844.0,185.0,398.0,167.0,-446.0,-18.0,train
3733,7_square,0,0,453.0,887.0,582.0,897.0,129.0,10.0,train
3734,7_square,0,0,455.0,383.0,369.0,405.0,-86.0,22.0,val
3735,7_square,0,0,273.0,228.0,377.0,852.0,104.0,624.0,test
3736,7_square,0,0,153.0,841.0,438.0,426.0,285.0,-415.0,train
3737,7_square,0,0,877.0,851.0,543.0,653.0,-334.0,-198.0,train
3738,7_square,0,0,460.0,378.0,542.0,331.0,82.0,-47.0,train
3739,7_square,0,0,155.0,428.0,366.0,510.0,211.0,82.0,train
3740,7_square,0,0,615.0,539.0,790.0,277.0,175.0,-262.0,train
3741,7_square,0,0,389.0,863.0,380.0,362.0,-9.0,-501.0,val
3742,7_square,0,0,489.0,537.0,850.0,279.0,361.0,-258.0,train
3743,7_square,0,0,422.0,147.0,347.0,545.0,-75.0,398.0,train
3744,7_square,0,0,600.0,585.0,682.0,337.0,82.0,-248.0,train
3745,7_square,0,0,624.0,467.0,306.0,619.0,-318.0,152.0,train
3746,7_square,0,0,599.0,758.0,435.0,510.0,-164.0,-248.0,train
3747,7_square,0,0,104.0,390.0,899.0,666.0,795.0,276.0,train
3748,7_square,0,0,643.0,247.0,704.0,448.0,61.0,201.0,test
3749,7_square,0,0,253.0,465.0,109.0,594.0,-144.0,129.0,train
3750,7_square,0,0,610.0,893.0,818.0,339.0,208.0,-554.0,train
3751,7_square,0,0,363.0,697.0,837.0,563.0,474.0,-134.0,train
3752,7_square,0,0,686.0,644.0,189.0,125.0,-497.0,-519.0,val
3753,7_square,0,0,678.0,344.0,753.0,759.0,75.0,415.0,train
3754,7_square,0,0,116.0,629.0,129.0,630.0,13.0,1.0,val
3755,7_square,0,0,172.0,836.0,258.0,681.0,86.0,-155.0,train
3756,7_square,0,0,597.0,426.0,395.0,329.0,-202.0,-97.0,train
3757,7_square,0,0,496.0,380.0,838.0,687.0,342.0,307.0,train
3758,7_square,0,0,351.0,711.0,757.0,720.0,406.0,9.0,train
3759,7_square,0,0,159.0,199.0,756.0,289.0,597.0,90.0,test
3760,7_square,0,0,717.0,584.0,300.0,564.0,-417.0,-20.0,train
3761,7_square,0,0,246.0,563.0,683.0,810.0,437.0,247.0,test
3762,7_square,0,0,692.0,265.0,135.0,702.0,-557.0,437.0,test
3763,7_square,0,0,231.0,821.0,664.0,658.0,433.0,-163.0,train
3764,7_square,0,0,400.0,146.0,174.0,383.0,-226.0,237.0,train
3765,7_square,0,0,511.0,461.0,512.0,821.0,1.0,360.0,train
3766,7_square,0,0,643.0,783.0,350.0,881.0,-293.0,98.0,train
3767,7_square,0,0,618.0,154.0,691.0,498.0,73.0,344.0,train
3768,7_square,0,0,805.0,667.0,170.0,418.0,-635.0,-249.0,test
3769,7_square,0,0,593.0,377.0,409.0,119.0,-184.0,-258.0,train
3770,7_square,0,0,454.0,281.0,355.0,124.0,-99.0,-157.0,train
3771,7_square,0,0,205.0,358.0,451.0,511.0,246.0,153.0,train
3772,7_square,0,0,403.0,392.0,120.0,444.0,-283.0,52.0,train
3773,7_square,0,0,403.0,656.0,497.0,613.0,94.0,-43.0,train
3774,7_square,0,0,486.0,491.0,858.0,238.0,372.0,-253.0,train
3775,7_square,0,0,675.0,620.0,619.0,850.0,-56.0,230.0,train
3776,7_square,0,0,681.0,862.0,102.0,582.0,-579.0,-280.0,train
3777,7_square,0,0,241.0,699.0,718.0,445.0,477.0,-254.0,test
3778,7_square,0,0,352.0,388.0,864.0,272.0,512.0,-116.0,train
3779,7_square,0,0,596.0,202.0,346.0,108.0,-250.0,-94.0,train
3780,7_square,0,0,464.0,787.0,190.0,864.0,-274.0,77.0,train
3781,7_square,0,0,615.0,845.0,263.0,590.0,-352.0,-255.0,train
3782,7_square,0,0,452.0,393.0,601.0,693.0,149.0,300.0,test
3783,7_square,0,0,476.0,163.0,454.0,125.0,-22.0,-38.0,train
3784,7_square,0,0,460.0,232.0,815.0,337.0,355.0,105.0,train
3785,7_square,0,0,734.0,419.0,196.0,659.0,-538.0,240.0,train
3786,7_square,0,0,485.0,389.0,369.0,492.0,-116.0,103.0,train
3787,7_square,0,0,671.0,126.0,470.0,808.0,-201.0,682.0,train
3788,7_square,0,0,488.0,776.0,509.0,574.0,21.0,-202.0,train
3789,7_square,0,0,220.0,701.0,346.0,116.0,126.0,-585.0,test
3790,7_square,0,0,573.0,198.0,433.0,632.0,-140.0,434.0,val
3791,7_square,0,0,871.0,433.0,442.0,341.0,-429.0,-92.0,train
3792,7_square,0,0,259.0,873.0,333.0,862.0,74.0,-11.0,train
3793,7_square,0,0,847.0,849.0,365.0,338.0,-482.0,-511.0,train
3794,7_square,0,0,615.0,113.0,350.0,435.0,-265.0,322.0,train
3795,7_square,0,0,234.0,447.0,126.0,716.0,-108.0,269.0,train
3796,7_square,0,0,787.0,197.0,715.0,177.0,-72.0,-20.0,train
3797,7_square,0,0,588.0,783.0,492.0,785.0,-96.0,2.0,train
3798,7_square,0,0,832.0,714.0,189.0,257.0,-643.0,-457.0,train
3799,7_square,0,0,221.0,793.0,295.0,442.0,74.0,-351.0,train
3800,7_square,0,0,675.0,863.0,816.0,342.0,141.0,-521.0,val
3801,7_square,0,0,805.0,526.0,798.0,454.0,-7.0,-72.0,train
3802,7_square,0,0,832.0,379.0,629.0,710.0,-203.0,331.0,train
3803,7_square,0,0,544.0,336.0,857.0,435.0,313.0,99.0,train
3804,7_square,0,0,679.0,307.0,739.0,567.0,60.0,260.0,train
3805,7_square,0,0,714.0,418.0,606.0,681.0,-108.0,263.0,train
3806,7_square,0,0,810.0,456.0,329.0,308.0,-481.0,-148.0,train
3807,7_square,0,0,404.0,199.0,588.0,875.0,184.0,676.0,train
3808,7_square,0,0,208.0,199.0,601.0,361.0,393.0,162.0,train
3809,7_square,0,0,526.0,374.0,165.0,200.0,-361.0,-174.0,val
3810,7_square,0,0,283.0,443.0,391.0,217.0,108.0,-226.0,train
3811,7_square,0,0,249.0,258.0,561.0,233.0,312.0,-25.0,val
3812,7_square,0,0,650.0,536.0,302.0,246.0,-348.0,-290.0,train
3813,7_square,0,0,208.0,289.0,608.0,314.0,400.0,25.0,train
3814,7_square,0,0,622.0,663.0,866.0,447.0,244.0,-216.0,train
3815,7_square,0,0,192.0,197.0,182.0,563.0,-10.0,366.0,test
3816,7_square,0,0,638.0,638.0,159.0,248.0,-479.0,-390.0,train
3817,7_square,0,0,218.0,319.0,499.0,422.0,281.0,103.0,train
3818,7_square,0,0,317.0,607.0,719.0,701.0,402.0,94.0,train
3819,7_square,0,0,591.0,361.0,695.0,176.0,104.0,-185.0,train
3820,7_square,0,0,192.0,886.0,520.0,358.0,328.0,-528.0,train
3821,7_square,0,0,825.0,569.0,746.0,464.0,-79.0,-105.0,train
3822,7_square,0,0,287.0,618.0,672.0,868.0,385.0,250.0,train
3823,7_square,0,0,752.0,640.0,341.0,468.0,-411.0,-172.0,train
3824,7_square,0,0,654.0,549.0,179.0,253.0,-475.0,-296.0,train
3825,7_square,0,0,412.0,236.0,479.0,553.0,67.0,317.0,train
3826,7_square,0,0,607.0,596.0,447.0,606.0,-160.0,10.0,train
3827,7_square,0,0,523.0,352.0,434.0,805.0,-89.0,453.0,train
3828,7_square,0,0,103.0,803.0,638.0,663.0,535.0,-140.0,train
3829,7_square,0,0,352.0,168.0,419.0,747.0,67.0,579.0,train
3830,7_square,0,0,126.0,486.0,243.0,489.0,117.0,3.0,test
3831,7_square,0,0,611.0,293.0,847.0,821.0,236.0,528.0,train
3832,7_square,0,0,797.0,766.0,212.0,797.0,-585.0,31.0,train
3833,7_square,0,0,897.0,856.0,152.0,831.0,-745.0,-25.0,train
3834,7_square,0,0,187.0,139.0,253.0,755.0,66.0,616.0,train
3835,7_square,0,0,721.0,408.0,426.0,653.0,-295.0,245.0,train
3836,7_square,0,0,564.0,410.0,361.0,679.0,-203.0,269.0,train
3837,7_square,0,0,576.0,318.0,824.0,755.0,248.0,437.0,train
3838,7_square,0,0,531.0,771.0,296.0,367.0,-235.0,-404.0,train
3839,7_square,0,0,390.0,167.0,153.0,318.0,-237.0,151.0,train
3840,7_square,0,0,743.0,815.0,155.0,653.0,-588.0,-162.0,train
3841,7_square,0,0,461.0,120.0,102.0,779.0,-359.0,659.0,val
3842,7_square,0,0,535.0,870.0,719.0,381.0,184.0,-489.0,train
3843,7_square,0,0,862.0,465.0,762.0,749.0,-100.0,284.0,train
3844,7_square,0,0,417.0,317.0,201.0,341.0,-216.0,24.0,train
3845,7_square,0,0,532.0,349.0,310.0,417.0,-222.0,68.0,train
3846,7_square,0,0,148.0,158.0,416.0,130.0,268.0,-28.0,train
3847,7_square,0,0,428.0,507.0,800.0,164.0,372.0,-343.0,train
3848,7_square,0,0,488.0,223.0,633.0,780.0,145.0,557.0,train
3849,7_square,0,0,543.0,841.0,483.0,533.0,-60.0,-308.0,train
3850,7_square,0,0,743.0,392.0,402.0,783.0,-341.0,391.0,train
3851,7_square,0,0,464.0,230.0,694.0,783.0,230.0,553.0,train
3852,7_square,0,0,880.0,132.0,569.0,648.0,-311.0,516.0,train
3853,7_square,0,0,788.0,702.0,331.0,436.0,-457.0,-266.0,test
3854,7_square,0,0,860.0,667.0,323.0,447.0,-537.0,-220.0,test
3855,7_square,0,0,206.0,141.0,497.0,543.0,291.0,402.0,test
3856,7_square,0,0,868.0,416.0,660.0,193.0,-208.0,-223.0,train
3857,7_square,0,0,431.0,703.0,271.0,813.0,-160.0,110.0,train
3858,7_square,0,0,884.0,785.0,521.0,365.0,-363.0,-420.0,val
3859,7_square,0,0,211.0,788.0,777.0,405.0,566.0,-383.0,val
3860,7_square,0,0,792.0,695.0,125.0,188.0,-667.0,-507.0,test
3861,7_square,0,0,857.0,523.0,117.0,725.0,-740.0,202.0,train
3862,7_square,0,0,209.0,543.0,541.0,320.0,332.0,-223.0,train
3863,7_square,0,0,712.0,510.0,287.0,515.0,-425.0,5.0,train
3864,7_square,0,0,512.0,329.0,109.0,775.0,-403.0,446.0,test
3865,7_square,0,0,550.0,632.0,700.0,498.0,150.0,-134.0,test
3866,7_square,0,0,550.0,495.0,758.0,416.0,208.0,-79.0,train
3867,7_square,0,0,672.0,641.0,836.0,520.0,164.0,-121.0,test
3868,7_square,0,0,537.0,310.0,147.0,586.0,-390.0,276.0,train
3869,7_square,0,0,247.0,654.0,690.0,316.0,443.0,-338.0,train
3870,7_square,0,0,631.0,162.0,842.0,257.0,211.0,95.0,train
3871,7_square,0,0,156.0,413.0,179.0,248.0,23.0,-165.0,train
3872,7_square,0,0,548.0,323.0,653.0,441.0,105.0,118.0,test
3873,7_square,0,0,399.0,181.0,238.0,419.0,-161.0,238.0,test
3874,7_square,0,0,502.0,518.0,637.0,152.0,135.0,-366.0,train
3875,7_square,0,0,341.0,163.0,257.0,427.0,-84.0,264.0,train
3876,7_square,0,0,791.0,895.0,372.0,442.0,-419.0,-453.0,train
3877,7_square,0,0,764.0,772.0,528.0,568.0,-236.0,-204.0,train
3878,7_square,0,0,746.0,248.0,169.0,161.0,-577.0,-87.0,train
3879,7_square,0,0,372.0,296.0,147.0,871.0,-225.0,575.0,train
3880,7_square,0,0,620.0,537.0,800.0,548.0,180.0,11.0,train
3881,7_square,0,0,683.0,215.0,196.0,686.0,-487.0,471.0,test
3882,7_square,0,0,336.0,779.0,438.0,871.0,102.0,92.0,train
3883,7_square,0,0,482.0,810.0,777.0,806.0,295.0,-4.0,train
3884,7_square,0,0,789.0,110.0,850.0,669.0,61.0,559.0,train
3885,7_square,0,0,321.0,853.0,354.0,671.0,33.0,-182.0,test
3886,7_square,0,0,859.0,174.0,209.0,210.0,-650.0,36.0,train
3887,7_square,0,0,146.0,208.0,864.0,615.0,718.0,407.0,val
3888,7_square,0,0,168.0,674.0,254.0,370.0,86.0,-304.0,train
3889,7_square,0,0,438.0,212.0,469.0,730.0,31.0,518.0,train
3890,7_square,0,0,313.0,344.0,333.0,672.0,20.0,328.0,train
3891,7_square,0,0,145.0,360.0,472.0,676.0,327.0,316.0,test
3892,7_square,0,0,376.0,123.0,230.0,600.0,-146.0,477.0,train
3893,7_square,0,0,548.0,650.0,458.0,829.0,-90.0,179.0,train
3894,7_square,0,0,358.0,586.0,111.0,627.0,-247.0,41.0,train
3895,7_square,0,0,675.0,728.0,358.0,215.0,-317.0,-513.0,train
3896,7_square,0,0,619.0,463.0,691.0,545.0,72.0,82.0,train
3897,7_square,0,0,415.0,256.0,451.0,693.0,36.0,437.0,train
3898,7_square,0,0,245.0,410.0,625.0,607.0,380.0,197.0,train
3899,7_square,0,0,115.0,742.0,165.0,340.0,50.0,-402.0,train
3900,7_square,0,0,246.0,121.0,305.0,781.0,59.0,660.0,train
3901,7_square,0,0,165.0,497.0,119.0,704.0,-46.0,207.0,test
3902,7_square,0,0,403.0,718.0,170.0,726.0,-233.0,8.0,train
3903,7_square,0,0,850.0,334.0,459.0,243.0,-391.0,-91.0,train
3904,7_square,0,0,761.0,114.0,869.0,205.0,108.0,91.0,train
3905,7_square,0,0,379.0,618.0,511.0,571.0,132.0,-47.0,train
3906,7_square,0,0,600.0,238.0,131.0,739.0,-469.0,501.0,train
3907,7_square,0,0,325.0,573.0,521.0,278.0,196.0,-295.0,train
3908,7_square,0,0,845.0,253.0,525.0,180.0,-320.0,-73.0,train
3909,7_square,0,0,118.0,304.0,382.0,550.0,264.0,246.0,train
3910,7_square,0,0,545.0,348.0,277.0,587.0,-268.0,239.0,train
3911,7_square,0,0,740.0,303.0,413.0,838.0,-327.0,535.0,train
3912,7_square,0,0,839.0,697.0,608.0,662.0,-231.0,-35.0,val
3913,7_square,0,0,559.0,339.0,355.0,877.0,-204.0,538.0,train
3914,7_square,0,0,710.0,333.0,465.0,146.0,-245.0,-187.0,test
3915,7_square,0,0,740.0,793.0,587.0,611.0,-153.0,-182.0,train
3916,7_square,0,0,321.0,800.0,367.0,660.0,46.0,-140.0,train
3917,7_square,0,0,399.0,607.0,404.0,151.0,5.0,-456.0,train
3918,7_square,0,0,399.0,709.0,528.0,573.0,129.0,-136.0,train
3919,7_square,0,0,349.0,309.0,415.0,389.0,66.0,80.0,train
3920,7_square,0,0,156.0,618.0,101.0,125.0,-55.0,-493.0,val
3921,7_square,0,0,496.0,755.0,353.0,801.0,-143.0,46.0,train
3922,7_square,0,0,210.0,857.0,815.0,633.0,605.0,-224.0,val
3923,7_square,0,0,802.0,263.0,580.0,836.0,-222.0,573.0,train
3924,7_square,0,0,621.0,614.0,148.0,332.0,-473.0,-282.0,val
3925,7_square,0,0,843.0,306.0,439.0,519.0,-404.0,213.0,val
3926,7_square,0,0,822.0,807.0,488.0,612.0,-334.0,-195.0,train
3927,7_square,0,0,399.0,264.0,724.0,306.0,325.0,42.0,test
3928,7_square,0,0,171.0,542.0,757.0,297.0,586.0,-245.0,train
3929,7_square,0,0,296.0,725.0,795.0,391.0,499.0,-334.0,test
3930,7_square,0,0,291.0,843.0,438.0,333.0,147.0,-510.0,train
3931,7_square,0,0,696.0,869.0,612.0,194.0,-84.0,-675.0,train
3932,7_square,0,0,216.0,150.0,256.0,235.0,40.0,85.0,train
3933,7_square,0,0,155.0,759.0,780.0,277.0,625.0,-482.0,train
3934,7_square,0,0,774.0,211.0,146.0,886.0,-628.0,675.0,train
3935,7_square,0,0,273.0,895.0,477.0,885.0,204.0,-10.0,train
3936,7_square,0,0,591.0,360.0,883.0,665.0,292.0,305.0,val
3937,7_square,0,0,455.0,184.0,413.0,499.0,-42.0,315.0,train
3938,7_square,0,0,248.0,359.0,678.0,331.0,430.0,-28.0,train
3939,7_square,0,0,683.0,818.0,360.0,377.0,-323.0,-441.0,train
3940,7_square,0,0,641.0,506.0,469.0,801.0,-172.0,295.0,train
3941,7_square,0,0,560.0,769.0,141.0,875.0,-419.0,106.0,train
3942,7_square,0,0,398.0,504.0,547.0,453.0,149.0,-51.0,test
3943,7_square,0,0,456.0,625.0,829.0,102.0,373.0,-523.0,val
3944,7_square,0,0,296.0,194.0,470.0,843.0,174.0,649.0,train
3945,7_square,0,0,364.0,758.0,213.0,428.0,-151.0,-330.0,train
3946,7_square,0,0,756.0,450.0,226.0,360.0,-530.0,-90.0,val
3947,7_square,0,0,518.0,853.0,177.0,892.0,-341.0,39.0,val
3948,7_square,0,0,880.0,141.0,898.0,685.0,18.0,544.0,test
3949,7_square,0,0,749.0,408.0,807.0,239.0,58.0,-169.0,test
3950,7_square,0,0,317.0,154.0,688.0,285.0,371.0,131.0,train
3951,7_square,0,0,222.0,271.0,209.0,400.0,-13.0,129.0,train
3952,7_square,0,0,726.0,397.0,378.0,801.0,-348.0,404.0,train
3953,7_square,0,0,380.0,636.0,786.0,705.0,406.0,69.0,train
3954,7_square,0,0,132.0,889.0,655.0,737.0,523.0,-152.0,val
3955,7_square,0,0,115.0,113.0,743.0,830.0,628.0,717.0,train
3956,7_square,0,0,594.0,749.0,705.0,176.0,111.0,-573.0,val
3957,7_square,0,0,676.0,846.0,464.0,626.0,-212.0,-220.0,train
3958,7_square,0,0,595.0,741.0,736.0,461.0,141.0,-280.0,train
3959,7_square,0,0,571.0,862.0,420.0,604.0,-151.0,-258.0,train
3960,7_square,0,0,624.0,589.0,435.0,537.0,-189.0,-52.0,test
3961,7_square,0,0,611.0,713.0,887.0,732.0,276.0,19.0,test
3962,7_square,0,0,708.0,587.0,371.0,544.0,-337.0,-43.0,train
3963,7_square,0,0,489.0,680.0,314.0,782.0,-175.0,102.0,train
3964,7_square,0,0,723.0,186.0,480.0,308.0,-243.0,122.0,train
3965,7_square,0,0,355.0,496.0,562.0,634.0,207.0,138.0,train
3966,7_square,0,0,407.0,613.0,196.0,856.0,-211.0,243.0,test
3967,7_square,0,0,840.0,180.0,773.0,397.0,-67.0,217.0,train
3968,7_square,0,0,690.0,161.0,870.0,150.0,180.0,-11.0,train
3969,7_square,0,0,411.0,394.0,627.0,486.0,216.0,92.0,train
3970,7_square,0,0,731.0,265.0,740.0,222.0,9.0,-43.0,train
3971,7_square,0,0,149.0,523.0,775.0,547.0,626.0,24.0,test
3972,7_square,0,0,317.0,750.0,498.0,730.0,181.0,-20.0,test
3973,7_square,0,0,346.0,332.0,290.0,143.0,-56.0,-189.0,train
3974,7_square,0,0,160.0,256.0,879.0,800.0,719.0,544.0,train
3975,7_square,0,0,104.0,411.0,770.0,585.0,666.0,174.0,train
3976,7_square,0,0,276.0,743.0,743.0,230.0,467.0,-513.0,test
3977,7_square,0,0,556.0,206.0,852.0,225.0,296.0,19.0,val
3978,7_square,0,0,190.0,413.0,589.0,658.0,399.0,245.0,train
3979,7_square,0,0,652.0,786.0,479.0,578.0,-173.0,-208.0,train
3980,7_square,0,0,513.0,108.0,193.0,323.0,-320.0,215.0,val
3981,7_square,0,0,332.0,689.0,875.0,415.0,543.0,-274.0,train
3982,7_square,0,0,375.0,535.0,187.0,405.0,-188.0,-130.0,train
3983,7_square,0,0,213.0,192.0,309.0,128.0,96.0,-64.0,train
3984,7_square,0,0,662.0,545.0,424.0,415.0,-238.0,-130.0,test
3985,7_square,0,0,438.0,201.0,833.0,256.0,395.0,55.0,train
3986,7_square,0,0,714.0,218.0,233.0,770.0,-481.0,552.0,train
3987,7_square,0,0,363.0,202.0,180.0,792.0,-183.0,590.0,train
3988,7_square,0,0,756.0,159.0,742.0,490.0,-14.0,331.0,train
3989,7_square,0,0,370.0,228.0,559.0,662.0,189.0,434.0,test
3990,7_square,0,0,259.0,404.0,591.0,236.0,332.0,-168.0,train
3991,7_square,0,0,567.0,766.0,418.0,886.0,-149.0,120.0,train
3992,7_square,0,0,177.0,674.0,313.0,664.0,136.0,-10.0,train
3993,7_square,0,0,458.0,709.0,285.0,147.0,-173.0,-562.0,train
3994,7_square,0,0,854.0,265.0,466.0,898.0,-388.0,633.0,train
3995,7_square,0,0,813.0,717.0,298.0,406.0,-515.0,-311.0,train
3996,7_square,0,0,145.0,713.0,318.0,274.0,173.0,-439.0,val
3997,7_square,0,0,254.0,852.0,362.0,819.0,108.0,-33.0,train
3998,7_square,0,0,343.0,475.0,894.0,861.0,551.0,386.0,train
3999,7_square,0,0,678.0,464.0,283.0,668.0,-395.0,204.0,train
4000,26_square,0,0,347.0,337.0,882.0,870.0,535.0,533.0,train
4001,26_square,0,0,298.0,708.0,452.0,804.0,154.0,96.0,train
4002,26_square,0,0,367.0,494.0,372.0,617.0,5.0,123.0,train
4003,26_square,0,0,366.0,485.0,136.0,835.0,-230.0,350.0,train
4004,26_square,0,0,837.0,841.0,363.0,275.0,-474.0,-566.0,train
4005,26_square,0,0,497.0,564.0,174.0,667.0,-323.0,103.0,val
4006,26_square,0,0,468.0,146.0,884.0,762.0,416.0,616.0,train
4007,26_square,0,0,775.0,209.0,875.0,214.0,100.0,5.0,test
4008,26_square,0,0,232.0,666.0,505.0,782.0,273.0,116.0,val
4009,26_square,0,0,506.0,881.0,500.0,770.0,-6.0,-111.0,test
4010,26_square,0,0,866.0,764.0,410.0,807.0,-456.0,43.0,test
4011,26_square,0,0,813.0,137.0,175.0,125.0,-638.0,-12.0,train
4012,26_square,0,0,598.0,282.0,378.0,864.0,-220.0,582.0,train
4013,26_square,0,0,173.0,775.0,264.0,852.0,91.0,77.0,train
4014,26_square,0,0,751.0,262.0,646.0,611.0,-105.0,349.0,train
4015,26_square,0,0,577.0,652.0,710.0,897.0,133.0,245.0,train
4016,26_square,0,0,660.0,870.0,568.0,529.0,-92.0,-341.0,train
4017,26_square,0,0,457.0,579.0,832.0,587.0,375.0,8.0,test
4018,26_square,0,0,692.0,457.0,172.0,190.0,-520.0,-267.0,train
4019,26_square,0,0,266.0,111.0,226.0,711.0,-40.0,600.0,train
4020,26_square,0,0,516.0,689.0,792.0,413.0,276.0,-276.0,train
4021,26_square,0,0,404.0,790.0,217.0,860.0,-187.0,70.0,train
4022,26_square,0,0,231.0,789.0,206.0,221.0,-25.0,-568.0,train
4023,26_square,0,0,112.0,347.0,394.0,426.0,282.0,79.0,train
4024,26_square,0,0,480.0,277.0,221.0,565.0,-259.0,288.0,train
4025,26_square,0,0,531.0,295.0,272.0,130.0,-259.0,-165.0,train
4026,26_square,0,0,815.0,626.0,540.0,847.0,-275.0,221.0,test
4027,26_square,0,0,500.0,615.0,596.0,279.0,96.0,-336.0,val
4028,26_square,0,0,876.0,290.0,851.0,241.0,-25.0,-49.0,train
4029,26_square,0,0,570.0,166.0,208.0,450.0,-362.0,284.0,test
4030,26_square,0,0,714.0,350.0,420.0,407.0,-294.0,57.0,train
4031,26_square,0,0,541.0,884.0,733.0,628.0,192.0,-256.0,train
4032,26_square,0,0,604.0,234.0,693.0,219.0,89.0,-15.0,train
4033,26_square,0,0,897.0,464.0,846.0,634.0,-51.0,170.0,train
4034,26_square,0,0,332.0,293.0,191.0,612.0,-141.0,319.0,test
4035,26_square,0,0,824.0,528.0,355.0,803.0,-469.0,275.0,train
4036,26_square,0,0,816.0,484.0,845.0,766.0,29.0,282.0,test
4037,26_square,0,0,688.0,759.0,779.0,640.0,91.0,-119.0,train
4038,26_square,0,0,156.0,218.0,145.0,314.0,-11.0,96.0,train
4039,26_square,0,0,706.0,578.0,235.0,510.0,-471.0,-68.0,train
4040,26_square,0,0,590.0,508.0,359.0,134.0,-231.0,-374.0,train
4041,26_square,0,0,795.0,739.0,794.0,885.0,-1.0,146.0,train
4042,26_square,0,0,267.0,541.0,506.0,751.0,239.0,210.0,test
4043,26_square,0,0,442.0,571.0,640.0,225.0,198.0,-346.0,train
4044,26_square,0,0,839.0,865.0,773.0,675.0,-66.0,-190.0,train
4045,26_square,0,0,158.0,346.0,674.0,818.0,516.0,472.0,train
4046,26_square,0,0,737.0,702.0,203.0,259.0,-534.0,-443.0,test
4047,26_square,0,0,531.0,870.0,663.0,705.0,132.0,-165.0,test
4048,26_square,0,0,254.0,900.0,671.0,105.0,417.0,-795.0,train
4049,26_square,0,0,332.0,377.0,237.0,462.0,-95.0,85.0,train
4050,26_square,0,0,585.0,888.0,395.0,652.0,-190.0,-236.0,train
4051,26_square,0,0,490.0,573.0,632.0,273.0,142.0,-300.0,train
4052,26_square,0,0,871.0,520.0,899.0,146.0,28.0,-374.0,train
4053,26_square,0,0,860.0,425.0,283.0,661.0,-577.0,236.0,train
4054,26_square,0,0,257.0,848.0,437.0,192.0,180.0,-656.0,train
4055,26_square,0,0,311.0,424.0,299.0,150.0,-12.0,-274.0,train
4056,26_square,0,0,232.0,586.0,439.0,195.0,207.0,-391.0,train
4057,26_square,0,0,355.0,539.0,339.0,235.0,-16.0,-304.0,train
4058,26_square,0,0,798.0,549.0,308.0,721.0,-490.0,172.0,test
4059,26_square,0,0,736.0,372.0,107.0,384.0,-629.0,12.0,train
4060,26_square,0,0,476.0,209.0,403.0,877.0,-73.0,668.0,train
4061,26_square,0,0,277.0,347.0,500.0,124.0,223.0,-223.0,train
4062,26_square,0,0,783.0,291.0,800.0,753.0,17.0,462.0,train
4063,26_square,0,0,537.0,289.0,655.0,471.0,118.0,182.0,train
4064,26_square,0,0,445.0,456.0,418.0,646.0,-27.0,190.0,train
4065,26_square,0,0,150.0,498.0,173.0,889.0,23.0,391.0,train
4066,26_square,0,0,438.0,418.0,402.0,840.0,-36.0,422.0,train
4067,26_square,0,0,803.0,508.0,196.0,323.0,-607.0,-185.0,train
4068,26_square,0,0,190.0,499.0,808.0,350.0,618.0,-149.0,train
4069,26_square,0,0,742.0,805.0,151.0,336.0,-591.0,-469.0,train
4070,26_square,0,0,703.0,805.0,245.0,715.0,-458.0,-90.0,train
4071,26_square,0,0,150.0,126.0,206.0,885.0,56.0,759.0,train
4072,26_square,0,0,124.0,659.0,348.0,810.0,224.0,151.0,train
4073,26_square,0,0,743.0,797.0,130.0,136.0,-613.0,-661.0,train
4074,26_square,0,0,504.0,655.0,794.0,586.0,290.0,-69.0,train
4075,26_square,0,0,379.0,874.0,880.0,263.0,501.0,-611.0,train
4076,26_square,0,0,634.0,165.0,332.0,889.0,-302.0,724.0,train
4077,26_square,0,0,467.0,766.0,533.0,144.0,66.0,-622.0,train
4078,26_square,0,0,263.0,888.0,829.0,346.0,566.0,-542.0,train
4079,26_square,0,0,409.0,717.0,599.0,778.0,190.0,61.0,train
4080,26_square,0,0,216.0,876.0,407.0,318.0,191.0,-558.0,test
4081,26_square,0,0,475.0,228.0,872.0,390.0,397.0,162.0,test
4082,26_square,0,0,840.0,171.0,652.0,758.0,-188.0,587.0,train
4083,26_square,0,0,326.0,644.0,704.0,413.0,378.0,-231.0,test
4084,26_square,0,0,860.0,881.0,824.0,712.0,-36.0,-169.0,val
4085,26_square,0,0,472.0,430.0,355.0,437.0,-117.0,7.0,train
4086,26_square,0,0,308.0,414.0,304.0,506.0,-4.0,92.0,train
4087,26_square,0,0,435.0,727.0,172.0,368.0,-263.0,-359.0,train
4088,26_square,0,0,546.0,609.0,464.0,525.0,-82.0,-84.0,train
4089,26_square,0,0,829.0,426.0,825.0,800.0,-4.0,374.0,train
4090,26_square,0,0,883.0,124.0,214.0,900.0,-669.0,776.0,train
4091,26_square,0,0,382.0,742.0,646.0,106.0,264.0,-636.0,test
4092,26_square,0,0,871.0,178.0,498.0,584.0,-373.0,406.0,train
4093,26_square,0,0,891.0,392.0,532.0,168.0,-359.0,-224.0,train
4094,26_square,0,0,565.0,202.0,821.0,852.0,256.0,650.0,train
4095,26_square,0,0,229.0,445.0,492.0,554.0,263.0,109.0,train
4096,26_square,0,0,492.0,370.0,187.0,885.0,-305.0,515.0,train
4097,26_square,0,0,181.0,624.0,102.0,187.0,-79.0,-437.0,train
4098,26_square,0,0,405.0,753.0,168.0,253.0,-237.0,-500.0,test
4099,26_square,0,0,677.0,419.0,529.0,571.0,-148.0,152.0,train
4100,26_square,0,0,722.0,496.0,292.0,685.0,-430.0,189.0,train
4101,26_square,0,0,603.0,824.0,678.0,182.0,75.0,-642.0,train
4102,26_square,0,0,106.0,509.0,879.0,425.0,773.0,-84.0,train
4103,26_square,0,0,234.0,129.0,626.0,142.0,392.0,13.0,train
4104,26_square,0,0,637.0,784.0,892.0,394.0,255.0,-390.0,train
4105,26_square,0,0,482.0,795.0,312.0,253.0,-170.0,-542.0,train
4106,26_square,0,0,130.0,613.0,452.0,120.0,322.0,-493.0,train
4107,26_square,0,0,775.0,776.0,134.0,542.0,-641.0,-234.0,train
4108,26_square,0,0,170.0,114.0,390.0,527.0,220.0,413.0,train
4109,26_square,0,0,277.0,707.0,768.0,782.0,491.0,75.0,train
4110,26_square,0,0,433.0,454.0,333.0,479.0,-100.0,25.0,train
4111,26_square,0,0,239.0,469.0,564.0,224.0,325.0,-245.0,train
4112,26_square,0,0,423.0,687.0,641.0,155.0,218.0,-532.0,train
4113,26_square,0,0,103.0,218.0,352.0,536.0,249.0,318.0,train
4114,26_square,0,0,646.0,511.0,181.0,291.0,-465.0,-220.0,train
4115,26_square,0,0,846.0,622.0,515.0,483.0,-331.0,-139.0,train
4116,26_square,0,0,644.0,742.0,256.0,137.0,-388.0,-605.0,train
4117,26_square,0,0,480.0,244.0,806.0,322.0,326.0,78.0,train
4118,26_square,0,0,134.0,216.0,344.0,262.0,210.0,46.0,train
4119,26_square,0,0,409.0,708.0,111.0,770.0,-298.0,62.0,val
4120,26_square,0,0,618.0,785.0,778.0,414.0,160.0,-371.0,train
4121,26_square,0,0,399.0,447.0,862.0,284.0,463.0,-163.0,train
4122,26_square,0,0,560.0,372.0,150.0,873.0,-410.0,501.0,train
4123,26_square,0,0,187.0,296.0,198.0,730.0,11.0,434.0,train
4124,26_square,0,0,114.0,197.0,164.0,186.0,50.0,-11.0,train
4125,26_square,0,0,237.0,578.0,372.0,132.0,135.0,-446.0,train
4126,26_square,0,0,426.0,664.0,453.0,867.0,27.0,203.0,train
4127,26_square,0,0,228.0,424.0,186.0,439.0,-42.0,15.0,test
4128,26_square,0,0,586.0,791.0,642.0,181.0,56.0,-610.0,train
4129,26_square,0,0,863.0,541.0,836.0,591.0,-27.0,50.0,train
4130,26_square,0,0,835.0,216.0,266.0,828.0,-569.0,612.0,train
4131,26_square,0,0,681.0,750.0,106.0,849.0,-575.0,99.0,train
4132,26_square,0,0,535.0,419.0,492.0,735.0,-43.0,316.0,train
4133,26_square,0,0,679.0,709.0,493.0,444.0,-186.0,-265.0,train
4134,26_square,0,0,695.0,458.0,278.0,879.0,-417.0,421.0,test
4135,26_square,0,0,338.0,846.0,526.0,187.0,188.0,-659.0,test
4136,26_square,0,0,353.0,345.0,889.0,271.0,536.0,-74.0,train
4137,26_square,0,0,336.0,110.0,174.0,396.0,-162.0,286.0,train
4138,26_square,0,0,680.0,430.0,310.0,817.0,-370.0,387.0,train
4139,26_square,0,0,830.0,398.0,674.0,640.0,-156.0,242.0,val
4140,26_square,0,0,214.0,272.0,352.0,130.0,138.0,-142.0,train
4141,26_square,0,0,848.0,631.0,182.0,158.0,-666.0,-473.0,test
4142,26_square,0,0,418.0,803.0,617.0,873.0,199.0,70.0,train
4143,26_square,0,0,879.0,766.0,574.0,473.0,-305.0,-293.0,train
4144,26_square,0,0,721.0,824.0,545.0,397.0,-176.0,-427.0,train
4145,26_square,0,0,647.0,106.0,716.0,265.0,69.0,159.0,val
4146,26_square,0,0,509.0,754.0,506.0,344.0,-3.0,-410.0,train
4147,26_square,0,0,415.0,111.0,431.0,162.0,16.0,51.0,train
4148,26_square,0,0,838.0,591.0,224.0,749.0,-614.0,158.0,val
4149,26_square,0,0,716.0,549.0,279.0,263.0,-437.0,-286.0,train
4150,26_square,0,0,388.0,782.0,835.0,417.0,447.0,-365.0,val
4151,26_square,0,0,249.0,606.0,558.0,790.0,309.0,184.0,val
4152,26_square,0,0,426.0,358.0,806.0,799.0,380.0,441.0,test
4153,26_square,0,0,443.0,685.0,639.0,819.0,196.0,134.0,train
4154,26_square,0,0,241.0,791.0,713.0,870.0,472.0,79.0,train
4155,26_square,0,0,717.0,316.0,862.0,245.0,145.0,-71.0,train
4156,26_square,0,0,721.0,193.0,634.0,199.0,-87.0,6.0,train
4157,26_square,0,0,393.0,258.0,515.0,351.0,122.0,93.0,train
4158,26_square,0,0,394.0,118.0,478.0,288.0,84.0,170.0,train
4159,26_square,0,0,735.0,150.0,772.0,464.0,37.0,314.0,val
4160,26_square,0,0,275.0,549.0,467.0,347.0,192.0,-202.0,train
4161,26_square,0,0,676.0,146.0,413.0,670.0,-263.0,524.0,train
4162,26_square,0,0,634.0,559.0,705.0,351.0,71.0,-208.0,train
4163,26_square,0,0,710.0,234.0,368.0,188.0,-342.0,-46.0,train
4164,26_square,0,0,100.0,352.0,752.0,108.0,652.0,-244.0,train
4165,26_square,0,0,739.0,584.0,477.0,770.0,-262.0,186.0,train
4166,26_square,0,0,394.0,667.0,509.0,281.0,115.0,-386.0,val
4167,26_square,0,0,819.0,232.0,853.0,297.0,34.0,65.0,train
4168,26_square,0,0,453.0,453.0,662.0,373.0,209.0,-80.0,train
4169,26_square,0,0,808.0,575.0,383.0,415.0,-425.0,-160.0,val
4170,26_square,0,0,896.0,622.0,622.0,365.0,-274.0,-257.0,test
4171,26_square,0,0,854.0,861.0,151.0,476.0,-703.0,-385.0,train
4172,26_square,0,0,301.0,127.0,231.0,287.0,-70.0,160.0,train
4173,26_square,0,0,236.0,608.0,192.0,360.0,-44.0,-248.0,train
4174,26_square,0,0,122.0,595.0,414.0,647.0,292.0,52.0,test
4175,26_square,0,0,616.0,146.0,618.0,336.0,2.0,190.0,train
4176,26_square,0,0,159.0,872.0,156.0,265.0,-3.0,-607.0,test
4177,26_square,0,0,226.0,678.0,378.0,761.0,152.0,83.0,train
4178,26_square,0,0,279.0,202.0,524.0,410.0,245.0,208.0,train
4179,26_square,0,0,888.0,324.0,370.0,250.0,-518.0,-74.0,train
4180,26_square,0,0,762.0,304.0,479.0,630.0,-283.0,326.0,train
4181,26_square,0,0,155.0,237.0,171.0,379.0,16.0,142.0,val
4182,26_square,0,0,831.0,298.0,318.0,720.0,-513.0,422.0,train
4183,26_square,0,0,495.0,706.0,726.0,509.0,231.0,-197.0,train
4184,26_square,0,0,834.0,456.0,874.0,885.0,40.0,429.0,train
4185,26_square,0,0,866.0,895.0,782.0,474.0,-84.0,-421.0,train
4186,26_square,0,0,275.0,730.0,278.0,299.0,3.0,-431.0,train
4187,26_square,0,0,529.0,868.0,215.0,721.0,-314.0,-147.0,train
4188,26_square,0,0,340.0,437.0,635.0,422.0,295.0,-15.0,train
4189,26_square,0,0,724.0,381.0,579.0,475.0,-145.0,94.0,val
4190,26_square,0,0,413.0,220.0,189.0,102.0,-224.0,-118.0,train
4191,26_square,0,0,518.0,504.0,134.0,660.0,-384.0,156.0,train
4192,26_square,0,0,480.0,691.0,279.0,299.0,-201.0,-392.0,train
4193,26_square,0,0,438.0,633.0,900.0,366.0,462.0,-267.0,train
4194,26_square,0,0,521.0,875.0,262.0,198.0,-259.0,-677.0,train
4195,26_square,0,0,256.0,484.0,306.0,142.0,50.0,-342.0,train
4196,26_square,0,0,500.0,273.0,510.0,611.0,10.0,338.0,train
4197,26_square,0,0,754.0,461.0,698.0,445.0,-56.0,-16.0,train
4198,26_square,0,0,511.0,210.0,657.0,569.0,146.0,359.0,train
4199,26_square,0,0,343.0,191.0,421.0,377.0,78.0,186.0,train
4200,26_square,0,0,299.0,868.0,452.0,712.0,153.0,-156.0,val
4201,26_square,0,0,871.0,306.0,700.0,401.0,-171.0,95.0,train
4202,26_square,0,0,148.0,597.0,644.0,146.0,496.0,-451.0,train
4203,26_square,0,0,862.0,430.0,476.0,473.0,-386.0,43.0,train
4204,26_square,0,0,600.0,274.0,167.0,571.0,-433.0,297.0,train
4205,26_square,0,0,726.0,857.0,410.0,294.0,-316.0,-563.0,train
4206,26_square,0,0,199.0,330.0,665.0,468.0,466.0,138.0,train
4207,26_square,0,0,198.0,293.0,417.0,264.0,219.0,-29.0,train
4208,26_square,0,0,734.0,465.0,287.0,197.0,-447.0,-268.0,train
4209,26_square,0,0,892.0,381.0,724.0,252.0,-168.0,-129.0,train
4210,26_square,0,0,412.0,781.0,566.0,198.0,154.0,-583.0,val
4211,26_square,0,0,775.0,735.0,872.0,731.0,97.0,-4.0,train
4212,26_square,0,0,193.0,496.0,264.0,607.0,71.0,111.0,train
4213,26_square,0,0,427.0,813.0,324.0,156.0,-103.0,-657.0,test
4214,26_square,0,0,705.0,177.0,284.0,762.0,-421.0,585.0,train
4215,26_square,0,0,660.0,839.0,434.0,218.0,-226.0,-621.0,train
4216,26_square,0,0,506.0,792.0,790.0,411.0,284.0,-381.0,train
4217,26_square,0,0,777.0,132.0,831.0,893.0,54.0,761.0,train
4218,26_square,0,0,563.0,795.0,723.0,534.0,160.0,-261.0,train
4219,26_square,0,0,272.0,520.0,808.0,740.0,536.0,220.0,train
4220,26_square,0,0,383.0,748.0,478.0,463.0,95.0,-285.0,train
4221,26_square,0,0,573.0,386.0,525.0,485.0,-48.0,99.0,train
4222,26_square,0,0,419.0,847.0,652.0,412.0,233.0,-435.0,val
4223,26_square,0,0,693.0,758.0,208.0,476.0,-485.0,-282.0,test
4224,26_square,0,0,711.0,744.0,734.0,874.0,23.0,130.0,train
4225,26_square,0,0,886.0,278.0,417.0,436.0,-469.0,158.0,val
4226,26_square,0,0,619.0,771.0,271.0,791.0,-348.0,20.0,train
4227,26_square,0,0,717.0,469.0,760.0,733.0,43.0,264.0,test
4228,26_square,0,0,220.0,422.0,894.0,622.0,674.0,200.0,train
4229,26_square,0,0,379.0,187.0,419.0,286.0,40.0,99.0,train
4230,26_square,0,0,179.0,821.0,496.0,585.0,317.0,-236.0,train
4231,26_square,0,0,824.0,203.0,323.0,510.0,-501.0,307.0,train
4232,26_square,0,0,823.0,720.0,361.0,796.0,-462.0,76.0,train
4233,26_square,0,0,464.0,259.0,805.0,214.0,341.0,-45.0,train
4234,26_square,0,0,635.0,697.0,451.0,158.0,-184.0,-539.0,train
4235,26_square,0,0,387.0,160.0,527.0,805.0,140.0,645.0,train
4236,26_square,0,0,565.0,185.0,150.0,158.0,-415.0,-27.0,train
4237,26_square,0,0,732.0,372.0,770.0,781.0,38.0,409.0,train
4238,26_square,0,0,120.0,604.0,592.0,679.0,472.0,75.0,train
4239,26_square,0,0,644.0,264.0,264.0,810.0,-380.0,546.0,train
4240,26_square,0,0,148.0,654.0,425.0,573.0,277.0,-81.0,train
4241,26_square,0,0,480.0,836.0,433.0,618.0,-47.0,-218.0,train
4242,26_square,0,0,844.0,217.0,840.0,122.0,-4.0,-95.0,train
4243,26_square,0,0,257.0,121.0,542.0,281.0,285.0,160.0,train
4244,26_square,0,0,866.0,281.0,177.0,372.0,-689.0,91.0,test
4245,26_square,0,0,652.0,338.0,284.0,379.0,-368.0,41.0,train
4246,26_square,0,0,801.0,177.0,283.0,550.0,-518.0,373.0,train
4247,26_square,0,0,123.0,656.0,596.0,489.0,473.0,-167.0,train
4248,26_square,0,0,293.0,240.0,323.0,656.0,30.0,416.0,train
4249,26_square,0,0,517.0,756.0,313.0,512.0,-204.0,-244.0,train
4250,26_square,0,0,221.0,463.0,423.0,531.0,202.0,68.0,train
4251,26_square,0,0,528.0,344.0,581.0,644.0,53.0,300.0,val
4252,26_square,0,0,535.0,753.0,860.0,238.0,325.0,-515.0,train
4253,26_square,0,0,663.0,536.0,843.0,806.0,180.0,270.0,train
4254,26_square,0,0,629.0,254.0,428.0,543.0,-201.0,289.0,train
4255,26_square,0,0,118.0,375.0,141.0,437.0,23.0,62.0,train
4256,26_square,0,0,102.0,768.0,806.0,523.0,704.0,-245.0,train
4257,26_square,0,0,577.0,678.0,575.0,866.0,-2.0,188.0,train
4258,26_square,0,0,767.0,788.0,504.0,744.0,-263.0,-44.0,train
4259,26_square,0,0,180.0,761.0,523.0,254.0,343.0,-507.0,train
4260,26_square,0,0,822.0,511.0,317.0,268.0,-505.0,-243.0,train
4261,26_square,0,0,207.0,827.0,115.0,130.0,-92.0,-697.0,train
4262,26_square,0,0,228.0,130.0,829.0,115.0,601.0,-15.0,train
4263,26_square,0,0,764.0,201.0,528.0,223.0,-236.0,22.0,train
4264,26_square,0,0,460.0,716.0,540.0,791.0,80.0,75.0,train
4265,26_square,0,0,416.0,647.0,393.0,562.0,-23.0,-85.0,train
4266,26_square,0,0,838.0,752.0,801.0,152.0,-37.0,-600.0,train
4267,26_square,0,0,886.0,164.0,119.0,878.0,-767.0,714.0,train
4268,26_square,0,0,635.0,763.0,879.0,128.0,244.0,-635.0,train
4269,26_square,0,0,344.0,451.0,448.0,207.0,104.0,-244.0,train
4270,26_square,0,0,547.0,835.0,632.0,843.0,85.0,8.0,train
4271,26_square,0,0,244.0,590.0,148.0,298.0,-96.0,-292.0,train
4272,26_square,0,0,110.0,432.0,218.0,367.0,108.0,-65.0,test
4273,26_square,0,0,339.0,435.0,892.0,887.0,553.0,452.0,train
4274,26_square,0,0,328.0,528.0,885.0,742.0,557.0,214.0,train
4275,26_square,0,0,486.0,811.0,816.0,616.0,330.0,-195.0,train
4276,26_square,0,0,404.0,286.0,279.0,833.0,-125.0,547.0,train
4277,26_square,0,0,187.0,576.0,153.0,616.0,-34.0,40.0,train
4278,26_square,0,0,330.0,440.0,317.0,570.0,-13.0,130.0,train
4279,26_square,0,0,325.0,132.0,414.0,666.0,89.0,534.0,train
4280,26_square,0,0,111.0,469.0,566.0,615.0,455.0,146.0,train
4281,26_square,0,0,334.0,370.0,634.0,373.0,300.0,3.0,train
4282,26_square,0,0,459.0,462.0,530.0,406.0,71.0,-56.0,train
4283,26_square,0,0,145.0,711.0,636.0,180.0,491.0,-531.0,train
4284,26_square,0,0,760.0,468.0,144.0,654.0,-616.0,186.0,train
4285,26_square,0,0,602.0,362.0,492.0,365.0,-110.0,3.0,train
4286,26_square,0,0,506.0,591.0,193.0,719.0,-313.0,128.0,train
4287,26_square,0,0,225.0,166.0,616.0,329.0,391.0,163.0,train
4288,26_square,0,0,396.0,432.0,347.0,198.0,-49.0,-234.0,train
4289,26_square,0,0,297.0,364.0,610.0,331.0,313.0,-33.0,train
4290,26_square,0,0,221.0,801.0,495.0,720.0,274.0,-81.0,val
4291,26_square,0,0,649.0,440.0,606.0,274.0,-43.0,-166.0,train
4292,26_square,0,0,285.0,618.0,258.0,263.0,-27.0,-355.0,train
4293,26_square,0,0,121.0,301.0,338.0,657.0,217.0,356.0,train
4294,26_square,0,0,128.0,458.0,818.0,504.0,690.0,46.0,train
4295,26_square,0,0,417.0,285.0,858.0,722.0,441.0,437.0,train
4296,26_square,0,0,558.0,693.0,500.0,327.0,-58.0,-366.0,train
4297,26_square,0,0,155.0,632.0,770.0,335.0,615.0,-297.0,train
4298,26_square,0,0,531.0,514.0,283.0,557.0,-248.0,43.0,train
4299,26_square,0,0,461.0,401.0,842.0,613.0,381.0,212.0,train
4300,26_square,0,0,538.0,679.0,457.0,104.0,-81.0,-575.0,train
4301,26_square,0,0,522.0,154.0,543.0,218.0,21.0,64.0,train
4302,26_square,0,0,633.0,810.0,676.0,179.0,43.0,-631.0,train
4303,26_square,0,0,420.0,337.0,597.0,423.0,177.0,86.0,test
4304,26_square,0,0,445.0,835.0,125.0,741.0,-320.0,-94.0,train
4305,26_square,0,0,302.0,622.0,328.0,676.0,26.0,54.0,test
4306,26_square,0,0,191.0,576.0,337.0,284.0,146.0,-292.0,train
4307,26_square,0,0,888.0,274.0,284.0,293.0,-604.0,19.0,train
4308,26_square,0,0,398.0,455.0,449.0,586.0,51.0,131.0,test
4309,26_square,0,0,734.0,415.0,111.0,453.0,-623.0,38.0,train
4310,26_square,0,0,726.0,707.0,331.0,578.0,-395.0,-129.0,train
4311,26_square,0,0,353.0,793.0,339.0,667.0,-14.0,-126.0,train
4312,26_square,0,0,586.0,195.0,209.0,523.0,-377.0,328.0,val
4313,26_square,0,0,352.0,332.0,119.0,260.0,-233.0,-72.0,train
4314,26_square,0,0,284.0,339.0,804.0,333.0,520.0,-6.0,train
4315,26_square,0,0,376.0,593.0,138.0,143.0,-238.0,-450.0,train
4316,26_square,0,0,512.0,364.0,576.0,330.0,64.0,-34.0,train
4317,26_square,0,0,749.0,686.0,131.0,402.0,-618.0,-284.0,train
4318,26_square,0,0,153.0,406.0,582.0,771.0,429.0,365.0,train
4319,26_square,0,0,319.0,329.0,598.0,277.0,279.0,-52.0,train
4320,26_square,0,0,701.0,809.0,618.0,394.0,-83.0,-415.0,val
4321,26_square,0,0,525.0,235.0,264.0,852.0,-261.0,617.0,train
4322,26_square,0,0,316.0,370.0,653.0,587.0,337.0,217.0,val
4323,26_square,0,0,815.0,687.0,128.0,732.0,-687.0,45.0,train
4324,26_square,0,0,197.0,616.0,109.0,556.0,-88.0,-60.0,train
4325,26_square,0,0,833.0,726.0,791.0,756.0,-42.0,30.0,train
4326,26_square,0,0,304.0,875.0,244.0,334.0,-60.0,-541.0,val
4327,26_square,0,0,680.0,843.0,581.0,485.0,-99.0,-358.0,test
4328,26_square,0,0,584.0,374.0,401.0,146.0,-183.0,-228.0,train
4329,26_square,0,0,841.0,433.0,212.0,247.0,-629.0,-186.0,val
4330,26_square,0,0,358.0,245.0,713.0,351.0,355.0,106.0,train
4331,26_square,0,0,654.0,595.0,826.0,189.0,172.0,-406.0,train
4332,26_square,0,0,157.0,562.0,485.0,139.0,328.0,-423.0,train
4333,26_square,0,0,339.0,679.0,176.0,307.0,-163.0,-372.0,train
4334,26_square,0,0,373.0,623.0,758.0,842.0,385.0,219.0,test
4335,26_square,0,0,746.0,275.0,558.0,154.0,-188.0,-121.0,test
4336,26_square,0,0,764.0,169.0,486.0,275.0,-278.0,106.0,train
4337,26_square,0,0,353.0,657.0,163.0,653.0,-190.0,-4.0,train
4338,26_square,0,0,890.0,760.0,518.0,900.0,-372.0,140.0,val
4339,26_square,0,0,334.0,887.0,730.0,870.0,396.0,-17.0,train
4340,26_square,0,0,535.0,393.0,248.0,698.0,-287.0,305.0,train
4341,26_square,0,0,755.0,364.0,350.0,356.0,-405.0,-8.0,train
4342,26_square,0,0,430.0,153.0,623.0,447.0,193.0,294.0,train
4343,26_square,0,0,164.0,693.0,301.0,654.0,137.0,-39.0,val
4344,26_square,0,0,880.0,678.0,849.0,720.0,-31.0,42.0,train
4345,26_square,0,0,398.0,142.0,838.0,133.0,440.0,-9.0,train
4346,26_square,0,0,857.0,599.0,896.0,406.0,39.0,-193.0,train
4347,26_square,0,0,825.0,849.0,417.0,779.0,-408.0,-70.0,train
4348,26_square,0,0,799.0,489.0,492.0,389.0,-307.0,-100.0,train
4349,26_square,0,0,274.0,165.0,303.0,632.0,29.0,467.0,train
4350,26_square,0,0,654.0,532.0,335.0,280.0,-319.0,-252.0,train
4351,26_square,0,0,317.0,379.0,455.0,118.0,138.0,-261.0,train
4352,26_square,0,0,489.0,884.0,283.0,377.0,-206.0,-507.0,val
4353,26_square,0,0,168.0,136.0,626.0,272.0,458.0,136.0,train
4354,26_square,0,0,818.0,787.0,607.0,101.0,-211.0,-686.0,val
4355,26_square,0,0,676.0,208.0,767.0,251.0,91.0,43.0,train
4356,26_square,0,0,462.0,655.0,497.0,275.0,35.0,-380.0,train
4357,26_square,0,0,874.0,457.0,822.0,724.0,-52.0,267.0,train
4358,26_square,0,0,818.0,183.0,765.0,118.0,-53.0,-65.0,train
4359,26_square,0,0,127.0,547.0,778.0,412.0,651.0,-135.0,train
4360,26_square,0,0,875.0,109.0,713.0,174.0,-162.0,65.0,train
4361,26_square,0,0,434.0,262.0,701.0,135.0,267.0,-127.0,train
4362,26_square,0,0,851.0,116.0,720.0,276.0,-131.0,160.0,train
4363,26_square,0,0,534.0,516.0,441.0,517.0,-93.0,1.0,train
4364,26_square,0,0,821.0,325.0,468.0,579.0,-353.0,254.0,train
4365,26_square,0,0,497.0,182.0,488.0,648.0,-9.0,466.0,train
4366,26_square,0,0,520.0,351.0,490.0,656.0,-30.0,305.0,train
4367,26_square,0,0,415.0,443.0,654.0,726.0,239.0,283.0,train
4368,26_square,0,0,840.0,305.0,262.0,601.0,-578.0,296.0,train
4369,26_square,0,0,325.0,205.0,203.0,341.0,-122.0,136.0,test
4370,26_square,0,0,826.0,719.0,413.0,548.0,-413.0,-171.0,train
4371,26_square,0,0,608.0,849.0,668.0,325.0,60.0,-524.0,train
4372,26_square,0,0,516.0,809.0,455.0,274.0,-61.0,-535.0,train
4373,26_square,0,0,310.0,271.0,315.0,216.0,5.0,-55.0,test
4374,26_square,0,0,103.0,798.0,851.0,307.0,748.0,-491.0,test
4375,26_square,0,0,360.0,284.0,208.0,217.0,-152.0,-67.0,train
4376,26_square,0,0,191.0,654.0,107.0,770.0,-84.0,116.0,test
4377,26_square,0,0,105.0,124.0,562.0,486.0,457.0,362.0,train
4378,26_square,0,0,686.0,500.0,879.0,261.0,193.0,-239.0,train
4379,26_square,0,0,293.0,607.0,456.0,237.0,163.0,-370.0,train
4380,26_square,0,0,239.0,529.0,735.0,521.0,496.0,-8.0,train
4381,26_square,0,0,605.0,577.0,846.0,238.0,241.0,-339.0,train
4382,26_square,0,0,823.0,609.0,528.0,208.0,-295.0,-401.0,train
4383,26_square,0,0,237.0,372.0,787.0,699.0,550.0,327.0,train
4384,26_square,0,0,406.0,887.0,540.0,131.0,134.0,-756.0,train
4385,26_square,0,0,606.0,108.0,780.0,492.0,174.0,384.0,train
4386,26_square,0,0,392.0,797.0,113.0,684.0,-279.0,-113.0,train
4387,26_square,0,0,255.0,821.0,270.0,856.0,15.0,35.0,train
4388,26_square,0,0,395.0,299.0,476.0,574.0,81.0,275.0,train
4389,26_square,0,0,116.0,637.0,360.0,428.0,244.0,-209.0,train
4390,26_square,0,0,450.0,580.0,311.0,725.0,-139.0,145.0,train
4391,26_square,0,0,274.0,229.0,242.0,523.0,-32.0,294.0,train
4392,26_square,0,0,371.0,895.0,745.0,263.0,374.0,-632.0,test
4393,26_square,0,0,870.0,200.0,337.0,587.0,-533.0,387.0,train
4394,26_square,0,0,868.0,384.0,234.0,118.0,-634.0,-266.0,test
4395,26_square,0,0,550.0,116.0,183.0,726.0,-367.0,610.0,test
4396,26_square,0,0,205.0,884.0,634.0,600.0,429.0,-284.0,train
4397,26_square,0,0,712.0,526.0,575.0,705.0,-137.0,179.0,train
4398,26_square,0,0,665.0,141.0,523.0,636.0,-142.0,495.0,train
4399,26_square,0,0,589.0,171.0,154.0,627.0,-435.0,456.0,train
4400,26_square,0,0,107.0,178.0,482.0,614.0,375.0,436.0,train
4401,26_square,0,0,538.0,409.0,261.0,116.0,-277.0,-293.0,train
4402,26_square,0,0,743.0,569.0,523.0,363.0,-220.0,-206.0,train
4403,26_square,0,0,195.0,227.0,734.0,767.0,539.0,540.0,train
4404,26_square,0,0,603.0,302.0,342.0,846.0,-261.0,544.0,test
4405,26_square,0,0,877.0,174.0,430.0,401.0,-447.0,227.0,train
4406,26_square,0,0,725.0,355.0,830.0,839.0,105.0,484.0,train
4407,26_square,0,0,761.0,357.0,744.0,529.0,-17.0,172.0,test
4408,26_square,0,0,263.0,832.0,699.0,629.0,436.0,-203.0,train
4409,26_square,0,0,516.0,131.0,634.0,842.0,118.0,711.0,train
4410,26_square,0,0,468.0,734.0,151.0,522.0,-317.0,-212.0,train
4411,26_square,0,0,565.0,283.0,202.0,864.0,-363.0,581.0,train
4412,26_square,0,0,163.0,893.0,374.0,158.0,211.0,-735.0,train
4413,26_square,0,0,417.0,467.0,428.0,672.0,11.0,205.0,train
4414,26_square,0,0,844.0,501.0,842.0,891.0,-2.0,390.0,train
4415,26_square,0,0,553.0,797.0,595.0,297.0,42.0,-500.0,val
4416,26_square,0,0,419.0,462.0,896.0,517.0,477.0,55.0,train
4417,26_square,0,0,826.0,609.0,782.0,321.0,-44.0,-288.0,train
4418,26_square,0,0,565.0,573.0,738.0,677.0,173.0,104.0,train
4419,26_square,0,0,587.0,837.0,899.0,173.0,312.0,-664.0,train
4420,26_square,0,0,281.0,156.0,694.0,870.0,413.0,714.0,train
4421,26_square,0,0,266.0,676.0,272.0,140.0,6.0,-536.0,train
4422,26_square,0,0,862.0,497.0,529.0,373.0,-333.0,-124.0,train
4423,26_square,0,0,545.0,702.0,711.0,147.0,166.0,-555.0,val
4424,26_square,0,0,528.0,408.0,510.0,694.0,-18.0,286.0,train
4425,26_square,0,0,107.0,216.0,459.0,782.0,352.0,566.0,val
4426,26_square,0,0,591.0,104.0,553.0,825.0,-38.0,721.0,train
4427,26_square,0,0,298.0,605.0,345.0,142.0,47.0,-463.0,train
4428,26_square,0,0,397.0,528.0,764.0,400.0,367.0,-128.0,train
4429,26_square,0,0,757.0,199.0,296.0,165.0,-461.0,-34.0,train
4430,26_square,0,0,136.0,889.0,444.0,856.0,308.0,-33.0,train
4431,26_square,0,0,557.0,767.0,700.0,457.0,143.0,-310.0,train
4432,26_square,0,0,350.0,757.0,301.0,689.0,-49.0,-68.0,train
4433,26_square,0,0,831.0,271.0,504.0,890.0,-327.0,619.0,train
4434,26_square,0,0,175.0,377.0,464.0,810.0,289.0,433.0,train
4435,26_square,0,0,126.0,168.0,858.0,194.0,732.0,26.0,train
4436,26_square,0,0,356.0,843.0,661.0,722.0,305.0,-121.0,train
4437,26_square,0,0,131.0,879.0,600.0,786.0,469.0,-93.0,val
4438,26_square,0,0,373.0,838.0,669.0,441.0,296.0,-397.0,train
4439,26_square,0,0,738.0,641.0,348.0,405.0,-390.0,-236.0,train
4440,26_square,0,0,435.0,895.0,779.0,889.0,344.0,-6.0,train
4441,26_square,0,0,105.0,117.0,261.0,877.0,156.0,760.0,train
4442,26_square,0,0,881.0,768.0,350.0,569.0,-531.0,-199.0,train
4443,26_square,0,0,733.0,235.0,703.0,799.0,-30.0,564.0,train
4444,26_square,0,0,843.0,887.0,191.0,540.0,-652.0,-347.0,train
4445,26_square,0,0,332.0,293.0,889.0,695.0,557.0,402.0,val
4446,26_square,0,0,812.0,145.0,262.0,894.0,-550.0,749.0,train
4447,26_square,0,0,891.0,856.0,356.0,833.0,-535.0,-23.0,train
4448,26_square,0,0,762.0,816.0,711.0,742.0,-51.0,-74.0,train
4449,26_square,0,0,854.0,431.0,585.0,100.0,-269.0,-331.0,train
4450,26_square,0,0,691.0,650.0,505.0,611.0,-186.0,-39.0,train
4451,26_square,0,0,832.0,401.0,512.0,734.0,-320.0,333.0,train
4452,26_square,0,0,616.0,105.0,847.0,697.0,231.0,592.0,test
4453,26_square,0,0,259.0,174.0,188.0,872.0,-71.0,698.0,train
4454,26_square,0,0,449.0,857.0,615.0,480.0,166.0,-377.0,test
4455,26_square,0,0,885.0,889.0,420.0,751.0,-465.0,-138.0,val
4456,26_square,0,0,480.0,712.0,323.0,808.0,-157.0,96.0,train
4457,26_square,0,0,815.0,109.0,298.0,577.0,-517.0,468.0,train
4458,26_square,0,0,677.0,212.0,810.0,329.0,133.0,117.0,val
4459,26_square,0,0,391.0,221.0,606.0,768.0,215.0,547.0,train
4460,26_square,0,0,819.0,795.0,449.0,587.0,-370.0,-208.0,train
4461,26_square,0,0,193.0,411.0,309.0,619.0,116.0,208.0,test
4462,26_square,0,0,138.0,742.0,403.0,263.0,265.0,-479.0,train
4463,26_square,0,0,563.0,859.0,722.0,546.0,159.0,-313.0,train
4464,26_square,0,0,423.0,489.0,562.0,699.0,139.0,210.0,test
4465,26_square,0,0,635.0,428.0,611.0,108.0,-24.0,-320.0,train
4466,26_square,0,0,766.0,877.0,123.0,379.0,-643.0,-498.0,train
4467,26_square,0,0,852.0,692.0,343.0,160.0,-509.0,-532.0,train
4468,26_square,0,0,448.0,466.0,648.0,272.0,200.0,-194.0,train
4469,26_square,0,0,287.0,276.0,149.0,799.0,-138.0,523.0,val
4470,26_square,0,0,302.0,461.0,516.0,321.0,214.0,-140.0,train
4471,26_square,0,0,312.0,871.0,646.0,588.0,334.0,-283.0,train
4472,26_square,0,0,474.0,291.0,672.0,861.0,198.0,570.0,train
4473,26_square,0,0,154.0,656.0,238.0,821.0,84.0,165.0,train
4474,26_square,0,0,569.0,206.0,807.0,760.0,238.0,554.0,train
4475,26_square,0,0,162.0,194.0,812.0,714.0,650.0,520.0,val
4476,26_square,0,0,279.0,153.0,634.0,434.0,355.0,281.0,val
4477,26_square,0,0,264.0,883.0,393.0,421.0,129.0,-462.0,val
4478,26_square,0,0,838.0,631.0,212.0,609.0,-626.0,-22.0,train
4479,26_square,0,0,623.0,809.0,886.0,800.0,263.0,-9.0,train
4480,26_square,0,0,327.0,217.0,635.0,452.0,308.0,235.0,train
4481,26_square,0,0,761.0,797.0,120.0,631.0,-641.0,-166.0,train
4482,26_square,0,0,500.0,691.0,147.0,706.0,-353.0,15.0,train
4483,26_square,0,0,376.0,485.0,656.0,334.0,280.0,-151.0,train
4484,26_square,0,0,768.0,452.0,728.0,362.0,-40.0,-90.0,train
4485,26_square,0,0,197.0,510.0,638.0,435.0,441.0,-75.0,train
4486,26_square,0,0,144.0,244.0,796.0,827.0,652.0,583.0,train
4487,26_square,0,0,800.0,611.0,772.0,622.0,-28.0,11.0,train
4488,26_square,0,0,412.0,399.0,629.0,214.0,217.0,-185.0,test
4489,26_square,0,0,263.0,155.0,795.0,756.0,532.0,601.0,train
4490,26_square,0,0,359.0,274.0,886.0,683.0,527.0,409.0,train
4491,26_square,0,0,726.0,699.0,262.0,595.0,-464.0,-104.0,train
4492,26_square,0,0,105.0,289.0,116.0,563.0,11.0,274.0,train
4493,26_square,0,0,744.0,648.0,469.0,837.0,-275.0,189.0,train
4494,26_square,0,0,519.0,736.0,655.0,876.0,136.0,140.0,train
4495,26_square,0,0,567.0,751.0,754.0,207.0,187.0,-544.0,train
4496,26_square,0,0,727.0,713.0,180.0,264.0,-547.0,-449.0,train
4497,26_square,0,0,763.0,311.0,415.0,280.0,-348.0,-31.0,train
4498,26_square,0,0,295.0,171.0,638.0,698.0,343.0,527.0,train
4499,26_square,0,0,854.0,262.0,473.0,786.0,-381.0,524.0,train
4500,14_square,0,0,199.0,416.0,569.0,460.0,370.0,44.0,train
4501,14_square,0,0,180.0,339.0,259.0,560.0,79.0,221.0,train
4502,14_square,0,0,563.0,270.0,533.0,686.0,-30.0,416.0,train
4503,14_square,0,0,512.0,506.0,592.0,382.0,80.0,-124.0,train
4504,14_square,0,0,205.0,317.0,261.0,454.0,56.0,137.0,train
4505,14_square,0,0,705.0,469.0,609.0,268.0,-96.0,-201.0,train
4506,14_square,0,0,512.0,578.0,716.0,279.0,204.0,-299.0,train
4507,14_square,0,0,309.0,709.0,383.0,362.0,74.0,-347.0,train
4508,14_square,0,0,252.0,335.0,546.0,802.0,294.0,467.0,test
4509,14_square,0,0,488.0,808.0,475.0,636.0,-13.0,-172.0,train
4510,14_square,0,0,147.0,559.0,678.0,828.0,531.0,269.0,train
4511,14_square,0,0,729.0,806.0,432.0,697.0,-297.0,-109.0,train
4512,14_square,0,0,766.0,201.0,121.0,825.0,-645.0,624.0,train
4513,14_square,0,0,274.0,631.0,476.0,783.0,202.0,152.0,test
4514,14_square,0,0,190.0,392.0,583.0,429.0,393.0,37.0,train
4515,14_square,0,0,643.0,628.0,760.0,593.0,117.0,-35.0,train
4516,14_square,0,0,806.0,764.0,283.0,607.0,-523.0,-157.0,train
4517,14_square,0,0,148.0,164.0,697.0,752.0,549.0,588.0,train
4518,14_square,0,0,142.0,466.0,505.0,634.0,363.0,168.0,val
4519,14_square,0,0,707.0,868.0,139.0,544.0,-568.0,-324.0,train
4520,14_square,0,0,537.0,418.0,629.0,654.0,92.0,236.0,train
4521,14_square,0,0,113.0,626.0,148.0,204.0,35.0,-422.0,test
4522,14_square,0,0,327.0,394.0,885.0,496.0,558.0,102.0,test
4523,14_square,0,0,360.0,887.0,796.0,489.0,436.0,-398.0,train
4524,14_square,0,0,487.0,809.0,295.0,589.0,-192.0,-220.0,train
4525,14_square,0,0,831.0,528.0,687.0,333.0,-144.0,-195.0,val
4526,14_square,0,0,490.0,888.0,229.0,543.0,-261.0,-345.0,train
4527,14_square,0,0,726.0,609.0,728.0,286.0,2.0,-323.0,train
4528,14_square,0,0,889.0,447.0,687.0,384.0,-202.0,-63.0,train
4529,14_square,0,0,604.0,676.0,411.0,530.0,-193.0,-146.0,train
4530,14_square,0,0,391.0,545.0,524.0,275.0,133.0,-270.0,train
4531,14_square,0,0,317.0,870.0,787.0,597.0,470.0,-273.0,test
4532,14_square,0,0,459.0,184.0,324.0,802.0,-135.0,618.0,train
4533,14_square,0,0,215.0,192.0,386.0,681.0,171.0,489.0,train
4534,14_square,0,0,502.0,260.0,622.0,437.0,120.0,177.0,train
4535,14_square,0,0,868.0,447.0,123.0,699.0,-745.0,252.0,train
4536,14_square,0,0,418.0,344.0,791.0,897.0,373.0,553.0,train
4537,14_square,0,0,353.0,411.0,620.0,754.0,267.0,343.0,train
4538,14_square,0,0,876.0,228.0,286.0,400.0,-590.0,172.0,train
4539,14_square,0,0,772.0,858.0,502.0,162.0,-270.0,-696.0,train
4540,14_square,0,0,790.0,764.0,421.0,439.0,-369.0,-325.0,train
4541,14_square,0,0,270.0,618.0,545.0,587.0,275.0,-31.0,val
4542,14_square,0,0,312.0,574.0,107.0,596.0,-205.0,22.0,train
4543,14_square,0,0,787.0,458.0,745.0,509.0,-42.0,51.0,val
4544,14_square,0,0,250.0,575.0,639.0,204.0,389.0,-371.0,train
4545,14_square,0,0,632.0,879.0,438.0,588.0,-194.0,-291.0,val
4546,14_square,0,0,326.0,185.0,442.0,840.0,116.0,655.0,test
4547,14_square,0,0,551.0,223.0,105.0,532.0,-446.0,309.0,test
4548,14_square,0,0,169.0,195.0,806.0,454.0,637.0,259.0,train
4549,14_square,0,0,539.0,512.0,156.0,443.0,-383.0,-69.0,val
4550,14_square,0,0,641.0,715.0,289.0,539.0,-352.0,-176.0,train
4551,14_square,0,0,533.0,480.0,807.0,724.0,274.0,244.0,train
4552,14_square,0,0,407.0,115.0,340.0,860.0,-67.0,745.0,train
4553,14_square,0,0,467.0,281.0,129.0,823.0,-338.0,542.0,train
4554,14_square,0,0,831.0,115.0,263.0,823.0,-568.0,708.0,train
4555,14_square,0,0,787.0,633.0,554.0,216.0,-233.0,-417.0,train
4556,14_square,0,0,894.0,324.0,881.0,264.0,-13.0,-60.0,train
4557,14_square,0,0,150.0,564.0,645.0,628.0,495.0,64.0,train
4558,14_square,0,0,884.0,777.0,267.0,137.0,-617.0,-640.0,train
4559,14_square,0,0,554.0,295.0,332.0,212.0,-222.0,-83.0,train
4560,14_square,0,0,259.0,139.0,860.0,474.0,601.0,335.0,train
4561,14_square,0,0,443.0,619.0,692.0,640.0,249.0,21.0,train
4562,14_square,0,0,234.0,681.0,132.0,122.0,-102.0,-559.0,train
4563,14_square,0,0,562.0,374.0,230.0,129.0,-332.0,-245.0,train
4564,14_square,0,0,538.0,685.0,629.0,444.0,91.0,-241.0,train
4565,14_square,0,0,281.0,477.0,606.0,772.0,325.0,295.0,val
4566,14_square,0,0,777.0,645.0,471.0,865.0,-306.0,220.0,train
4567,14_square,0,0,778.0,109.0,345.0,582.0,-433.0,473.0,train
4568,14_square,0,0,669.0,732.0,281.0,886.0,-388.0,154.0,train
4569,14_square,0,0,448.0,180.0,216.0,626.0,-232.0,446.0,train
4570,14_square,0,0,163.0,708.0,478.0,452.0,315.0,-256.0,train
4571,14_square,0,0,242.0,444.0,434.0,606.0,192.0,162.0,val
4572,14_square,0,0,330.0,526.0,450.0,133.0,120.0,-393.0,train
4573,14_square,0,0,826.0,435.0,356.0,602.0,-470.0,167.0,train
4574,14_square,0,0,225.0,496.0,167.0,443.0,-58.0,-53.0,train
4575,14_square,0,0,568.0,344.0,292.0,639.0,-276.0,295.0,train
4576,14_square,0,0,434.0,568.0,897.0,584.0,463.0,16.0,train
4577,14_square,0,0,144.0,482.0,165.0,877.0,21.0,395.0,train
4578,14_square,0,0,195.0,406.0,322.0,146.0,127.0,-260.0,train
4579,14_square,0,0,774.0,632.0,709.0,173.0,-65.0,-459.0,train
4580,14_square,0,0,761.0,326.0,650.0,603.0,-111.0,277.0,train
4581,14_square,0,0,429.0,631.0,171.0,403.0,-258.0,-228.0,val
4582,14_square,0,0,748.0,499.0,188.0,249.0,-560.0,-250.0,train
4583,14_square,0,0,286.0,141.0,862.0,628.0,576.0,487.0,train
4584,14_square,0,0,613.0,579.0,595.0,204.0,-18.0,-375.0,train
4585,14_square,0,0,346.0,871.0,449.0,704.0,103.0,-167.0,train
4586,14_square,0,0,608.0,335.0,562.0,659.0,-46.0,324.0,train
4587,14_square,0,0,663.0,711.0,733.0,381.0,70.0,-330.0,train
4588,14_square,0,0,458.0,557.0,561.0,813.0,103.0,256.0,train
4589,14_square,0,0,104.0,794.0,145.0,632.0,41.0,-162.0,train
4590,14_square,0,0,788.0,317.0,729.0,639.0,-59.0,322.0,train
4591,14_square,0,0,763.0,387.0,131.0,166.0,-632.0,-221.0,train
4592,14_square,0,0,644.0,535.0,431.0,855.0,-213.0,320.0,train
4593,14_square,0,0,806.0,834.0,599.0,601.0,-207.0,-233.0,train
4594,14_square,0,0,313.0,305.0,715.0,802.0,402.0,497.0,test
4595,14_square,0,0,865.0,419.0,863.0,612.0,-2.0,193.0,train
4596,14_square,0,0,876.0,776.0,473.0,137.0,-403.0,-639.0,train
4597,14_square,0,0,572.0,704.0,742.0,258.0,170.0,-446.0,train
4598,14_square,0,0,167.0,886.0,290.0,607.0,123.0,-279.0,train
4599,14_square,0,0,898.0,861.0,194.0,727.0,-704.0,-134.0,test
4600,14_square,0,0,386.0,307.0,470.0,325.0,84.0,18.0,val
4601,14_square,0,0,319.0,814.0,601.0,675.0,282.0,-139.0,train
4602,14_square,0,0,567.0,179.0,399.0,636.0,-168.0,457.0,train
4603,14_square,0,0,346.0,104.0,879.0,106.0,533.0,2.0,test
4604,14_square,0,0,549.0,470.0,340.0,567.0,-209.0,97.0,train
4605,14_square,0,0,707.0,233.0,146.0,180.0,-561.0,-53.0,val
4606,14_square,0,0,454.0,847.0,714.0,886.0,260.0,39.0,train
4607,14_square,0,0,224.0,474.0,213.0,683.0,-11.0,209.0,train
4608,14_square,0,0,598.0,686.0,115.0,828.0,-483.0,142.0,val
4609,14_square,0,0,851.0,501.0,798.0,432.0,-53.0,-69.0,train
4610,14_square,0,0,567.0,126.0,634.0,213.0,67.0,87.0,train
4611,14_square,0,0,355.0,215.0,869.0,447.0,514.0,232.0,train
4612,14_square,0,0,890.0,896.0,187.0,575.0,-703.0,-321.0,train
4613,14_square,0,0,490.0,363.0,780.0,778.0,290.0,415.0,train
4614,14_square,0,0,812.0,848.0,190.0,440.0,-622.0,-408.0,train
4615,14_square,0,0,594.0,332.0,558.0,779.0,-36.0,447.0,train
4616,14_square,0,0,688.0,112.0,723.0,310.0,35.0,198.0,test
4617,14_square,0,0,215.0,315.0,457.0,807.0,242.0,492.0,train
4618,14_square,0,0,765.0,877.0,431.0,530.0,-334.0,-347.0,train
4619,14_square,0,0,682.0,621.0,731.0,439.0,49.0,-182.0,val
4620,14_square,0,0,763.0,398.0,359.0,456.0,-404.0,58.0,train
4621,14_square,0,0,514.0,176.0,836.0,731.0,322.0,555.0,train
4622,14_square,0,0,200.0,862.0,835.0,158.0,635.0,-704.0,train
4623,14_square,0,0,883.0,207.0,379.0,207.0,-504.0,0.0,train
4624,14_square,0,0,424.0,303.0,584.0,159.0,160.0,-144.0,val
4625,14_square,0,0,597.0,578.0,227.0,557.0,-370.0,-21.0,val
4626,14_square,0,0,319.0,892.0,819.0,269.0,500.0,-623.0,train
4627,14_square,0,0,136.0,609.0,758.0,875.0,622.0,266.0,val
4628,14_square,0,0,347.0,138.0,502.0,258.0,155.0,120.0,train
4629,14_square,0,0,446.0,266.0,503.0,536.0,57.0,270.0,test
4630,14_square,0,0,477.0,417.0,297.0,599.0,-180.0,182.0,train
4631,14_square,0,0,334.0,484.0,381.0,693.0,47.0,209.0,train
4632,14_square,0,0,763.0,314.0,850.0,563.0,87.0,249.0,train
4633,14_square,0,0,711.0,226.0,566.0,190.0,-145.0,-36.0,train
4634,14_square,0,0,878.0,668.0,353.0,496.0,-525.0,-172.0,val
4635,14_square,0,0,791.0,790.0,824.0,515.0,33.0,-275.0,train
4636,14_square,0,0,266.0,888.0,766.0,269.0,500.0,-619.0,train
4637,14_square,0,0,840.0,523.0,556.0,522.0,-284.0,-1.0,train
4638,14_square,0,0,349.0,380.0,181.0,178.0,-168.0,-202.0,train
4639,14_square,0,0,375.0,807.0,269.0,499.0,-106.0,-308.0,train
4640,14_square,0,0,713.0,193.0,392.0,432.0,-321.0,239.0,train
4641,14_square,0,0,536.0,327.0,133.0,465.0,-403.0,138.0,train
4642,14_square,0,0,800.0,741.0,152.0,250.0,-648.0,-491.0,train
4643,14_square,0,0,412.0,146.0,820.0,237.0,408.0,91.0,train
4644,14_square,0,0,289.0,438.0,691.0,166.0,402.0,-272.0,train
4645,14_square,0,0,860.0,171.0,490.0,177.0,-370.0,6.0,train
4646,14_square,0,0,820.0,229.0,691.0,894.0,-129.0,665.0,train
4647,14_square,0,0,828.0,811.0,277.0,191.0,-551.0,-620.0,train
4648,14_square,0,0,198.0,753.0,237.0,891.0,39.0,138.0,train
4649,14_square,0,0,683.0,778.0,116.0,160.0,-567.0,-618.0,train
4650,14_square,0,0,198.0,608.0,109.0,834.0,-89.0,226.0,train
4651,14_square,0,0,721.0,448.0,201.0,779.0,-520.0,331.0,train
4652,14_square,0,0,691.0,441.0,445.0,126.0,-246.0,-315.0,train
4653,14_square,0,0,494.0,572.0,487.0,723.0,-7.0,151.0,val
4654,14_square,0,0,834.0,678.0,740.0,737.0,-94.0,59.0,train
4655,14_square,0,0,249.0,446.0,206.0,412.0,-43.0,-34.0,train
4656,14_square,0,0,145.0,207.0,332.0,422.0,187.0,215.0,train
4657,14_square,0,0,454.0,870.0,520.0,327.0,66.0,-543.0,train
4658,14_square,0,0,558.0,427.0,761.0,224.0,203.0,-203.0,val
4659,14_square,0,0,710.0,858.0,701.0,609.0,-9.0,-249.0,val
4660,14_square,0,0,435.0,581.0,229.0,340.0,-206.0,-241.0,train
4661,14_square,0,0,420.0,160.0,167.0,462.0,-253.0,302.0,train
4662,14_square,0,0,497.0,574.0,418.0,464.0,-79.0,-110.0,train
4663,14_square,0,0,649.0,732.0,644.0,598.0,-5.0,-134.0,train
4664,14_square,0,0,201.0,562.0,610.0,625.0,409.0,63.0,val
4665,14_square,0,0,232.0,521.0,868.0,509.0,636.0,-12.0,train
4666,14_square,0,0,182.0,331.0,839.0,839.0,657.0,508.0,train
4667,14_square,0,0,523.0,653.0,381.0,371.0,-142.0,-282.0,val
4668,14_square,0,0,145.0,113.0,776.0,227.0,631.0,114.0,train
4669,14_square,0,0,242.0,535.0,895.0,262.0,653.0,-273.0,train
4670,14_square,0,0,180.0,618.0,730.0,617.0,550.0,-1.0,train
4671,14_square,0,0,893.0,500.0,624.0,886.0,-269.0,386.0,val
4672,14_square,0,0,200.0,724.0,508.0,314.0,308.0,-410.0,train
4673,14_square,0,0,449.0,218.0,584.0,543.0,135.0,325.0,test
4674,14_square,0,0,204.0,598.0,683.0,355.0,479.0,-243.0,train
4675,14_square,0,0,102.0,525.0,855.0,775.0,753.0,250.0,test
4676,14_square,0,0,251.0,108.0,611.0,747.0,360.0,639.0,val
4677,14_square,0,0,757.0,751.0,774.0,183.0,17.0,-568.0,test
4678,14_square,0,0,587.0,656.0,652.0,180.0,65.0,-476.0,train
4679,14_square,0,0,805.0,712.0,786.0,593.0,-19.0,-119.0,train
4680,14_square,0,0,220.0,231.0,267.0,752.0,47.0,521.0,train
4681,14_square,0,0,241.0,695.0,530.0,298.0,289.0,-397.0,train
4682,14_square,0,0,314.0,806.0,457.0,503.0,143.0,-303.0,train
4683,14_square,0,0,438.0,503.0,295.0,386.0,-143.0,-117.0,train
4684,14_square,0,0,441.0,124.0,868.0,281.0,427.0,157.0,val
4685,14_square,0,0,806.0,396.0,233.0,777.0,-573.0,381.0,train
4686,14_square,0,0,591.0,312.0,370.0,601.0,-221.0,289.0,train
4687,14_square,0,0,281.0,710.0,428.0,682.0,147.0,-28.0,train
4688,14_square,0,0,735.0,359.0,606.0,230.0,-129.0,-129.0,test
4689,14_square,0,0,403.0,809.0,125.0,252.0,-278.0,-557.0,val
4690,14_square,0,0,113.0,598.0,387.0,463.0,274.0,-135.0,test
4691,14_square,0,0,771.0,618.0,363.0,454.0,-408.0,-164.0,train
4692,14_square,0,0,290.0,735.0,758.0,162.0,468.0,-573.0,train
4693,14_square,0,0,647.0,899.0,846.0,243.0,199.0,-656.0,train
4694,14_square,0,0,744.0,624.0,820.0,802.0,76.0,178.0,train
4695,14_square,0,0,698.0,729.0,262.0,623.0,-436.0,-106.0,train
4696,14_square,0,0,203.0,678.0,759.0,736.0,556.0,58.0,train
4697,14_square,0,0,241.0,638.0,789.0,538.0,548.0,-100.0,train
4698,14_square,0,0,336.0,144.0,470.0,687.0,134.0,543.0,train
4699,14_square,0,0,856.0,589.0,836.0,732.0,-20.0,143.0,test
4700,14_square,0,0,108.0,582.0,177.0,641.0,69.0,59.0,train
4701,14_square,0,0,282.0,710.0,510.0,412.0,228.0,-298.0,train
4702,14_square,0,0,465.0,584.0,665.0,521.0,200.0,-63.0,train
4703,14_square,0,0,758.0,565.0,608.0,842.0,-150.0,277.0,train
4704,14_square,0,0,433.0,193.0,811.0,764.0,378.0,571.0,train
4705,14_square,0,0,892.0,311.0,853.0,227.0,-39.0,-84.0,train
4706,14_square,0,0,878.0,221.0,451.0,276.0,-427.0,55.0,train
4707,14_square,0,0,418.0,177.0,408.0,572.0,-10.0,395.0,val
4708,14_square,0,0,850.0,785.0,424.0,341.0,-426.0,-444.0,train
4709,14_square,0,0,406.0,769.0,271.0,739.0,-135.0,-30.0,train
4710,14_square,0,0,511.0,161.0,543.0,842.0,32.0,681.0,train
4711,14_square,0,0,155.0,885.0,462.0,213.0,307.0,-672.0,train
4712,14_square,0,0,802.0,505.0,154.0,132.0,-648.0,-373.0,train
4713,14_square,0,0,148.0,312.0,662.0,197.0,514.0,-115.0,test
4714,14_square,0,0,532.0,508.0,117.0,406.0,-415.0,-102.0,train
4715,14_square,0,0,627.0,232.0,600.0,113.0,-27.0,-119.0,train
4716,14_square,0,0,258.0,509.0,564.0,844.0,306.0,335.0,train
4717,14_square,0,0,712.0,272.0,748.0,621.0,36.0,349.0,train
4718,14_square,0,0,839.0,465.0,507.0,841.0,-332.0,376.0,train
4719,14_square,0,0,807.0,780.0,324.0,867.0,-483.0,87.0,train
4720,14_square,0,0,574.0,496.0,688.0,862.0,114.0,366.0,train
4721,14_square,0,0,829.0,192.0,726.0,504.0,-103.0,312.0,val
4722,14_square,0,0,750.0,525.0,655.0,392.0,-95.0,-133.0,train
4723,14_square,0,0,506.0,489.0,559.0,625.0,53.0,136.0,train
4724,14_square,0,0,770.0,189.0,161.0,514.0,-609.0,325.0,train
4725,14_square,0,0,544.0,835.0,301.0,850.0,-243.0,15.0,test
4726,14_square,0,0,785.0,285.0,279.0,456.0,-506.0,171.0,train
4727,14_square,0,0,305.0,302.0,850.0,816.0,545.0,514.0,train
4728,14_square,0,0,726.0,515.0,899.0,223.0,173.0,-292.0,train
4729,14_square,0,0,384.0,595.0,800.0,198.0,416.0,-397.0,train
4730,14_square,0,0,225.0,141.0,314.0,828.0,89.0,687.0,train
4731,14_square,0,0,890.0,522.0,293.0,399.0,-597.0,-123.0,test
4732,14_square,0,0,780.0,137.0,623.0,754.0,-157.0,617.0,train
4733,14_square,0,0,584.0,165.0,143.0,722.0,-441.0,557.0,val
4734,14_square,0,0,392.0,836.0,476.0,649.0,84.0,-187.0,train
4735,14_square,0,0,210.0,546.0,721.0,649.0,511.0,103.0,train
4736,14_square,0,0,153.0,666.0,853.0,113.0,700.0,-553.0,train
4737,14_square,0,0,422.0,713.0,685.0,868.0,263.0,155.0,train
4738,14_square,0,0,787.0,264.0,720.0,166.0,-67.0,-98.0,val
4739,14_square,0,0,438.0,547.0,794.0,307.0,356.0,-240.0,test
4740,14_square,0,0,437.0,892.0,861.0,868.0,424.0,-24.0,train
4741,14_square,0,0,645.0,104.0,117.0,333.0,-528.0,229.0,train
4742,14_square,0,0,790.0,652.0,758.0,347.0,-32.0,-305.0,train
4743,14_square,0,0,304.0,210.0,487.0,687.0,183.0,477.0,train
4744,14_square,0,0,826.0,446.0,344.0,371.0,-482.0,-75.0,train
4745,14_square,0,0,712.0,442.0,455.0,655.0,-257.0,213.0,test
4746,14_square,0,0,403.0,530.0,304.0,357.0,-99.0,-173.0,train
4747,14_square,0,0,434.0,567.0,156.0,616.0,-278.0,49.0,train
4748,14_square,0,0,671.0,198.0,739.0,674.0,68.0,476.0,train
4749,14_square,0,0,584.0,566.0,721.0,445.0,137.0,-121.0,train
4750,14_square,0,0,736.0,566.0,410.0,735.0,-326.0,169.0,train
4751,14_square,0,0,812.0,423.0,529.0,794.0,-283.0,371.0,train
4752,14_square,0,0,453.0,552.0,358.0,280.0,-95.0,-272.0,train
4753,14_square,0,0,314.0,749.0,551.0,308.0,237.0,-441.0,train
4754,14_square,0,0,713.0,878.0,758.0,335.0,45.0,-543.0,val
4755,14_square,0,0,877.0,648.0,460.0,664.0,-417.0,16.0,train
4756,14_square,0,0,522.0,396.0,581.0,242.0,59.0,-154.0,train
4757,14_square,0,0,490.0,371.0,117.0,509.0,-373.0,138.0,train
4758,14_square,0,0,513.0,755.0,841.0,459.0,328.0,-296.0,train
4759,14_square,0,0,310.0,548.0,282.0,666.0,-28.0,118.0,train
4760,14_square,0,0,798.0,615.0,244.0,686.0,-554.0,71.0,train
4761,14_square,0,0,377.0,224.0,551.0,595.0,174.0,371.0,train
4762,14_square,0,0,870.0,342.0,147.0,116.0,-723.0,-226.0,val
4763,14_square,0,0,671.0,250.0,685.0,873.0,14.0,623.0,train
4764,14_square,0,0,394.0,186.0,754.0,612.0,360.0,426.0,train
4765,14_square,0,0,209.0,699.0,767.0,519.0,558.0,-180.0,train
4766,14_square,0,0,328.0,165.0,400.0,588.0,72.0,423.0,train
4767,14_square,0,0,368.0,341.0,264.0,617.0,-104.0,276.0,train
4768,14_square,0,0,492.0,742.0,544.0,265.0,52.0,-477.0,train
4769,14_square,0,0,230.0,398.0,330.0,167.0,100.0,-231.0,train
4770,14_square,0,0,626.0,893.0,236.0,672.0,-390.0,-221.0,test
4771,14_square,0,0,181.0,655.0,458.0,650.0,277.0,-5.0,train
4772,14_square,0,0,281.0,753.0,589.0,859.0,308.0,106.0,train
4773,14_square,0,0,578.0,509.0,533.0,379.0,-45.0,-130.0,test
4774,14_square,0,0,258.0,859.0,639.0,294.0,381.0,-565.0,train
4775,14_square,0,0,359.0,463.0,406.0,731.0,47.0,268.0,val
4776,14_square,0,0,699.0,557.0,668.0,222.0,-31.0,-335.0,train
4777,14_square,0,0,101.0,494.0,382.0,169.0,281.0,-325.0,val
4778,14_square,0,0,251.0,838.0,267.0,871.0,16.0,33.0,train
4779,14_square,0,0,494.0,433.0,852.0,190.0,358.0,-243.0,train
4780,14_square,0,0,648.0,385.0,211.0,527.0,-437.0,142.0,train
4781,14_square,0,0,141.0,320.0,332.0,402.0,191.0,82.0,test
4782,14_square,0,0,600.0,210.0,491.0,262.0,-109.0,52.0,train
4783,14_square,0,0,324.0,372.0,751.0,628.0,427.0,256.0,train
4784,14_square,0,0,887.0,646.0,847.0,704.0,-40.0,58.0,train
4785,14_square,0,0,828.0,776.0,789.0,488.0,-39.0,-288.0,test
4786,14_square,0,0,177.0,122.0,167.0,272.0,-10.0,150.0,test
4787,14_square,0,0,158.0,292.0,404.0,688.0,246.0,396.0,train
4788,14_square,0,0,378.0,441.0,490.0,477.0,112.0,36.0,train
4789,14_square,0,0,320.0,867.0,886.0,460.0,566.0,-407.0,train
4790,14_square,0,0,791.0,893.0,347.0,546.0,-444.0,-347.0,train
4791,14_square,0,0,711.0,239.0,317.0,258.0,-394.0,19.0,train
4792,14_square,0,0,805.0,638.0,259.0,481.0,-546.0,-157.0,train
4793,14_square,0,0,348.0,624.0,653.0,677.0,305.0,53.0,train
4794,14_square,0,0,682.0,680.0,279.0,287.0,-403.0,-393.0,train
4795,14_square,0,0,637.0,131.0,116.0,698.0,-521.0,567.0,train
4796,14_square,0,0,424.0,653.0,164.0,138.0,-260.0,-515.0,train
4797,14_square,0,0,267.0,141.0,683.0,682.0,416.0,541.0,train
4798,14_square,0,0,263.0,724.0,171.0,261.0,-92.0,-463.0,train
4799,14_square,0,0,358.0,389.0,324.0,189.0,-34.0,-200.0,train
4800,14_square,0,0,313.0,352.0,870.0,645.0,557.0,293.0,test
4801,14_square,0,0,189.0,771.0,508.0,635.0,319.0,-136.0,train
4802,14_square,0,0,492.0,801.0,853.0,778.0,361.0,-23.0,train
4803,14_square,0,0,447.0,854.0,520.0,591.0,73.0,-263.0,test
4804,14_square,0,0,132.0,359.0,195.0,497.0,63.0,138.0,test
4805,14_square,0,0,591.0,847.0,823.0,243.0,232.0,-604.0,train
4806,14_square,0,0,547.0,740.0,714.0,381.0,167.0,-359.0,train
4807,14_square,0,0,760.0,304.0,324.0,651.0,-436.0,347.0,train
4808,14_square,0,0,300.0,438.0,646.0,447.0,346.0,9.0,train
4809,14_square,0,0,130.0,707.0,361.0,322.0,231.0,-385.0,train
4810,14_square,0,0,617.0,695.0,792.0,365.0,175.0,-330.0,train
4811,14_square,0,0,357.0,216.0,705.0,737.0,348.0,521.0,train
4812,14_square,0,0,280.0,434.0,854.0,853.0,574.0,419.0,train
4813,14_square,0,0,280.0,485.0,112.0,598.0,-168.0,113.0,train
4814,14_square,0,0,225.0,116.0,253.0,255.0,28.0,139.0,train
4815,14_square,0,0,404.0,780.0,353.0,245.0,-51.0,-535.0,val
4816,14_square,0,0,350.0,101.0,534.0,621.0,184.0,520.0,train
4817,14_square,0,0,232.0,357.0,145.0,470.0,-87.0,113.0,train
4818,14_square,0,0,263.0,451.0,597.0,368.0,334.0,-83.0,train
4819,14_square,0,0,193.0,419.0,512.0,870.0,319.0,451.0,train
4820,14_square,0,0,326.0,256.0,679.0,229.0,353.0,-27.0,train
4821,14_square,0,0,356.0,506.0,879.0,441.0,523.0,-65.0,train
4822,14_square,0,0,369.0,608.0,808.0,109.0,439.0,-499.0,train
4823,14_square,0,0,339.0,771.0,825.0,550.0,486.0,-221.0,train
4824,14_square,0,0,228.0,664.0,586.0,194.0,358.0,-470.0,train
4825,14_square,0,0,335.0,767.0,140.0,713.0,-195.0,-54.0,train
4826,14_square,0,0,181.0,342.0,427.0,150.0,246.0,-192.0,train
4827,14_square,0,0,778.0,178.0,244.0,737.0,-534.0,559.0,train
4828,14_square,0,0,580.0,476.0,228.0,484.0,-352.0,8.0,test
4829,14_square,0,0,517.0,589.0,531.0,558.0,14.0,-31.0,train
4830,14_square,0,0,631.0,618.0,621.0,798.0,-10.0,180.0,test
4831,14_square,0,0,873.0,214.0,297.0,454.0,-576.0,240.0,test
4832,14_square,0,0,357.0,854.0,818.0,697.0,461.0,-157.0,train
4833,14_square,0,0,209.0,310.0,556.0,264.0,347.0,-46.0,train
4834,14_square,0,0,153.0,539.0,806.0,321.0,653.0,-218.0,train
4835,14_square,0,0,715.0,767.0,468.0,750.0,-247.0,-17.0,train
4836,14_square,0,0,269.0,734.0,387.0,165.0,118.0,-569.0,train
4837,14_square,0,0,610.0,202.0,211.0,785.0,-399.0,583.0,test
4838,14_square,0,0,563.0,781.0,641.0,453.0,78.0,-328.0,train
4839,14_square,0,0,487.0,216.0,668.0,364.0,181.0,148.0,test
4840,14_square,0,0,536.0,883.0,707.0,511.0,171.0,-372.0,val
4841,14_square,0,0,263.0,698.0,702.0,177.0,439.0,-521.0,train
4842,14_square,0,0,792.0,852.0,111.0,339.0,-681.0,-513.0,train
4843,14_square,0,0,349.0,642.0,371.0,899.0,22.0,257.0,train
4844,14_square,0,0,755.0,179.0,628.0,663.0,-127.0,484.0,train
4845,14_square,0,0,491.0,701.0,746.0,182.0,255.0,-519.0,train
4846,14_square,0,0,770.0,655.0,349.0,364.0,-421.0,-291.0,train
4847,14_square,0,0,403.0,507.0,695.0,707.0,292.0,200.0,train
4848,14_square,0,0,229.0,858.0,136.0,335.0,-93.0,-523.0,train
4849,14_square,0,0,650.0,438.0,611.0,857.0,-39.0,419.0,train
4850,14_square,0,0,185.0,645.0,579.0,502.0,394.0,-143.0,train
4851,14_square,0,0,159.0,161.0,413.0,830.0,254.0,669.0,train
4852,14_square,0,0,816.0,824.0,830.0,813.0,14.0,-11.0,train
4853,14_square,0,0,759.0,182.0,210.0,560.0,-549.0,378.0,train
4854,14_square,0,0,544.0,543.0,426.0,796.0,-118.0,253.0,train
4855,14_square,0,0,794.0,474.0,250.0,566.0,-544.0,92.0,train
4856,14_square,0,0,157.0,586.0,307.0,192.0,150.0,-394.0,train
4857,14_square,0,0,760.0,280.0,166.0,750.0,-594.0,470.0,train
4858,14_square,0,0,673.0,849.0,126.0,708.0,-547.0,-141.0,train
4859,14_square,0,0,726.0,192.0,163.0,649.0,-563.0,457.0,train
4860,14_square,0,0,202.0,300.0,240.0,360.0,38.0,60.0,test
4861,14_square,0,0,675.0,232.0,674.0,303.0,-1.0,71.0,val
4862,14_square,0,0,528.0,415.0,605.0,334.0,77.0,-81.0,train
4863,14_square,0,0,408.0,731.0,412.0,812.0,4.0,81.0,train
4864,14_square,0,0,397.0,814.0,765.0,108.0,368.0,-706.0,train
4865,14_square,0,0,528.0,361.0,870.0,468.0,342.0,107.0,train
4866,14_square,0,0,101.0,558.0,294.0,199.0,193.0,-359.0,val
4867,14_square,0,0,666.0,503.0,623.0,682.0,-43.0,179.0,val
4868,14_square,0,0,610.0,898.0,434.0,584.0,-176.0,-314.0,val
4869,14_square,0,0,387.0,353.0,880.0,801.0,493.0,448.0,val
4870,14_square,0,0,448.0,163.0,108.0,896.0,-340.0,733.0,train
4871,14_square,0,0,503.0,411.0,636.0,556.0,133.0,145.0,train
4872,14_square,0,0,790.0,105.0,628.0,688.0,-162.0,583.0,train
4873,14_square,0,0,621.0,533.0,715.0,784.0,94.0,251.0,train
4874,14_square,0,0,355.0,444.0,463.0,666.0,108.0,222.0,train
4875,14_square,0,0,771.0,697.0,587.0,439.0,-184.0,-258.0,train
4876,14_square,0,0,107.0,883.0,556.0,150.0,449.0,-733.0,train
4877,14_square,0,0,567.0,728.0,520.0,112.0,-47.0,-616.0,train
4878,14_square,0,0,177.0,245.0,446.0,755.0,269.0,510.0,train
4879,14_square,0,0,397.0,334.0,767.0,221.0,370.0,-113.0,train
4880,14_square,0,0,245.0,817.0,385.0,720.0,140.0,-97.0,train
4881,14_square,0,0,260.0,324.0,609.0,792.0,349.0,468.0,train
4882,14_square,0,0,317.0,722.0,430.0,446.0,113.0,-276.0,train
4883,14_square,0,0,866.0,807.0,802.0,655.0,-64.0,-152.0,train
4884,14_square,0,0,362.0,256.0,748.0,454.0,386.0,198.0,train
4885,14_square,0,0,560.0,154.0,385.0,120.0,-175.0,-34.0,train
4886,14_square,0,0,875.0,179.0,586.0,807.0,-289.0,628.0,train
4887,14_square,0,0,460.0,166.0,231.0,596.0,-229.0,430.0,train
4888,14_square,0,0,642.0,470.0,114.0,891.0,-528.0,421.0,train
4889,14_square,0,0,561.0,548.0,504.0,157.0,-57.0,-391.0,val
4890,14_square,0,0,143.0,398.0,676.0,866.0,533.0,468.0,val
4891,14_square,0,0,428.0,308.0,892.0,778.0,464.0,470.0,train
4892,14_square,0,0,713.0,449.0,430.0,354.0,-283.0,-95.0,test
4893,14_square,0,0,675.0,214.0,492.0,434.0,-183.0,220.0,val
4894,14_square,0,0,720.0,732.0,876.0,522.0,156.0,-210.0,train
4895,14_square,0,0,116.0,640.0,640.0,312.0,524.0,-328.0,train
4896,14_square,0,0,667.0,495.0,301.0,293.0,-366.0,-202.0,train
4897,14_square,0,0,187.0,360.0,389.0,478.0,202.0,118.0,train
4898,14_square,0,0,499.0,111.0,663.0,700.0,164.0,589.0,train
4899,14_square,0,0,520.0,540.0,273.0,712.0,-247.0,172.0,train
4900,14_square,0,0,302.0,538.0,829.0,406.0,527.0,-132.0,train
4901,14_square,0,0,869.0,609.0,517.0,806.0,-352.0,197.0,train
4902,14_square,0,0,409.0,871.0,435.0,309.0,26.0,-562.0,val
4903,14_square,0,0,307.0,460.0,585.0,733.0,278.0,273.0,train
4904,14_square,0,0,287.0,341.0,899.0,258.0,612.0,-83.0,train
4905,14_square,0,0,767.0,533.0,864.0,899.0,97.0,366.0,train
4906,14_square,0,0,696.0,423.0,274.0,792.0,-422.0,369.0,test
4907,14_square,0,0,735.0,364.0,861.0,527.0,126.0,163.0,train
4908,14_square,0,0,409.0,438.0,663.0,427.0,254.0,-11.0,train
4909,14_square,0,0,641.0,100.0,367.0,480.0,-274.0,380.0,train
4910,14_square,0,0,857.0,814.0,357.0,221.0,-500.0,-593.0,train
4911,14_square,0,0,626.0,239.0,383.0,528.0,-243.0,289.0,train
4912,14_square,0,0,775.0,150.0,819.0,528.0,44.0,378.0,train
4913,14_square,0,0,846.0,833.0,283.0,607.0,-563.0,-226.0,test
4914,14_square,0,0,678.0,205.0,575.0,171.0,-103.0,-34.0,train
4915,14_square,0,0,470.0,862.0,459.0,721.0,-11.0,-141.0,train
4916,14_square,0,0,731.0,528.0,269.0,750.0,-462.0,222.0,train
4917,14_square,0,0,823.0,239.0,813.0,693.0,-10.0,454.0,train
4918,14_square,0,0,600.0,131.0,349.0,398.0,-251.0,267.0,train
4919,14_square,0,0,869.0,186.0,137.0,674.0,-732.0,488.0,train
4920,14_square,0,0,765.0,731.0,486.0,804.0,-279.0,73.0,train
4921,14_square,0,0,679.0,815.0,166.0,560.0,-513.0,-255.0,train
4922,14_square,0,0,660.0,613.0,244.0,368.0,-416.0,-245.0,train
4923,14_square,0,0,714.0,224.0,195.0,855.0,-519.0,631.0,train
4924,14_square,0,0,656.0,637.0,286.0,175.0,-370.0,-462.0,train
4925,14_square,0,0,470.0,186.0,181.0,497.0,-289.0,311.0,train
4926,14_square,0,0,407.0,225.0,781.0,116.0,374.0,-109.0,train
4927,14_square,0,0,826.0,183.0,893.0,891.0,67.0,708.0,train
4928,14_square,0,0,225.0,300.0,275.0,577.0,50.0,277.0,train
4929,14_square,0,0,422.0,869.0,381.0,798.0,-41.0,-71.0,train
4930,14_square,0,0,620.0,535.0,684.0,734.0,64.0,199.0,train
4931,14_square,0,0,285.0,130.0,730.0,803.0,445.0,673.0,train
4932,14_square,0,0,503.0,460.0,491.0,103.0,-12.0,-357.0,train
4933,14_square,0,0,277.0,407.0,758.0,489.0,481.0,82.0,train
4934,14_square,0,0,114.0,617.0,700.0,586.0,586.0,-31.0,val
4935,14_square,0,0,119.0,362.0,216.0,332.0,97.0,-30.0,train
4936,14_square,0,0,371.0,124.0,356.0,293.0,-15.0,169.0,train
4937,14_square,0,0,159.0,623.0,713.0,261.0,554.0,-362.0,train
4938,14_square,0,0,135.0,655.0,676.0,676.0,541.0,21.0,train
4939,14_square,0,0,694.0,241.0,518.0,636.0,-176.0,395.0,train
4940,14_square,0,0,493.0,344.0,328.0,161.0,-165.0,-183.0,train
4941,14_square,0,0,143.0,799.0,444.0,826.0,301.0,27.0,train
4942,14_square,0,0,113.0,754.0,224.0,108.0,111.0,-646.0,train
4943,14_square,0,0,692.0,220.0,836.0,373.0,144.0,153.0,test
4944,14_square,0,0,644.0,875.0,339.0,146.0,-305.0,-729.0,train
4945,14_square,0,0,275.0,677.0,130.0,663.0,-145.0,-14.0,train
4946,14_square,0,0,451.0,706.0,315.0,228.0,-136.0,-478.0,train
4947,14_square,0,0,887.0,460.0,853.0,569.0,-34.0,109.0,train
4948,14_square,0,0,483.0,110.0,439.0,325.0,-44.0,215.0,train
4949,14_square,0,0,706.0,188.0,768.0,124.0,62.0,-64.0,train
4950,14_square,0,0,539.0,595.0,294.0,125.0,-245.0,-470.0,train
4951,14_square,0,0,490.0,646.0,722.0,375.0,232.0,-271.0,train
4952,14_square,0,0,290.0,219.0,110.0,530.0,-180.0,311.0,train
4953,14_square,0,0,264.0,324.0,631.0,606.0,367.0,282.0,train
4954,14_square,0,0,157.0,599.0,776.0,525.0,619.0,-74.0,train
4955,14_square,0,0,259.0,797.0,133.0,394.0,-126.0,-403.0,train
4956,14_square,0,0,127.0,167.0,673.0,110.0,546.0,-57.0,train
4957,14_square,0,0,386.0,199.0,457.0,343.0,71.0,144.0,train
4958,14_square,0,0,310.0,622.0,445.0,346.0,135.0,-276.0,train
4959,14_square,0,0,655.0,242.0,199.0,624.0,-456.0,382.0,val
4960,14_square,0,0,563.0,701.0,408.0,139.0,-155.0,-562.0,train
4961,14_square,0,0,805.0,165.0,580.0,240.0,-225.0,75.0,val
4962,14_square,0,0,710.0,164.0,651.0,122.0,-59.0,-42.0,train
4963,14_square,0,0,889.0,793.0,355.0,567.0,-534.0,-226.0,train
4964,14_square,0,0,567.0,866.0,218.0,112.0,-349.0,-754.0,train
4965,14_square,0,0,758.0,155.0,331.0,775.0,-427.0,620.0,train
4966,14_square,0,0,387.0,802.0,148.0,549.0,-239.0,-253.0,train
4967,14_square,0,0,452.0,752.0,171.0,429.0,-281.0,-323.0,train
4968,14_square,0,0,830.0,679.0,341.0,505.0,-489.0,-174.0,train
4969,14_square,0,0,511.0,474.0,181.0,401.0,-330.0,-73.0,train
4970,14_square,0,0,865.0,691.0,764.0,691.0,-101.0,0.0,train
4971,14_square,0,0,491.0,577.0,536.0,107.0,45.0,-470.0,train
4972,14_square,0,0,337.0,728.0,353.0,546.0,16.0,-182.0,train
4973,14_square,0,0,297.0,609.0,203.0,325.0,-94.0,-284.0,train
4974,14_square,0,0,262.0,451.0,212.0,330.0,-50.0,-121.0,val
4975,14_square,0,0,671.0,287.0,729.0,807.0,58.0,520.0,val
4976,14_square,0,0,403.0,281.0,445.0,593.0,42.0,312.0,train
4977,14_square,0,0,122.0,532.0,751.0,889.0,629.0,357.0,train
4978,14_square,0,0,644.0,670.0,551.0,649.0,-93.0,-21.0,train
4979,14_square,0,0,562.0,377.0,249.0,293.0,-313.0,-84.0,train
4980,14_square,0,0,774.0,363.0,150.0,808.0,-624.0,445.0,train
4981,14_square,0,0,820.0,548.0,192.0,443.0,-628.0,-105.0,train
4982,14_square,0,0,101.0,423.0,462.0,614.0,361.0,191.0,val
4983,14_square,0,0,498.0,609.0,728.0,101.0,230.0,-508.0,train
4984,14_square,0,0,842.0,216.0,432.0,553.0,-410.0,337.0,train
4985,14_square,0,0,759.0,249.0,210.0,674.0,-549.0,425.0,train
4986,14_square,0,0,713.0,216.0,417.0,393.0,-296.0,177.0,train
4987,14_square,0,0,151.0,574.0,696.0,233.0,545.0,-341.0,train
4988,14_square,0,0,336.0,739.0,466.0,678.0,130.0,-61.0,train
4989,14_square,0,0,546.0,226.0,619.0,203.0,73.0,-23.0,train
4990,14_square,0,0,844.0,386.0,882.0,875.0,38.0,489.0,train
4991,14_square,0,0,364.0,386.0,567.0,465.0,203.0,79.0,train
4992,14_square,0,0,521.0,895.0,588.0,498.0,67.0,-397.0,train
4993,14_square,0,0,472.0,174.0,863.0,751.0,391.0,577.0,test
4994,14_square,0,0,156.0,267.0,544.0,886.0,388.0,619.0,test
4995,14_square,0,0,356.0,285.0,399.0,113.0,43.0,-172.0,val
4996,14_square,0,0,645.0,429.0,270.0,810.0,-375.0,381.0,test
4997,14_square,0,0,262.0,225.0,369.0,710.0,107.0,485.0,train
4998,14_square,0,0,501.0,784.0,715.0,169.0,214.0,-615.0,train
4999,14_square,0,0,798.0,523.0,605.0,339.0,-193.0,-184.0,train
5000,17_square,0,0,786.0,144.0,838.0,155.0,52.0,11.0,train
5001,17_square,0,0,487.0,354.0,728.0,654.0,241.0,300.0,train
5002,17_square,0,0,721.0,679.0,322.0,178.0,-399.0,-501.0,train
5003,17_square,0,0,313.0,410.0,524.0,348.0,211.0,-62.0,train
5004,17_square,0,0,684.0,400.0,222.0,804.0,-462.0,404.0,train
5005,17_square,0,0,682.0,522.0,801.0,442.0,119.0,-80.0,train
5006,17_square,0,0,688.0,807.0,257.0,668.0,-431.0,-139.0,train
5007,17_square,0,0,525.0,333.0,800.0,820.0,275.0,487.0,train
5008,17_square,0,0,144.0,581.0,389.0,731.0,245.0,150.0,train
5009,17_square,0,0,854.0,661.0,856.0,854.0,2.0,193.0,train
5010,17_square,0,0,524.0,330.0,179.0,261.0,-345.0,-69.0,train
5011,17_square,0,0,877.0,582.0,202.0,153.0,-675.0,-429.0,train
5012,17_square,0,0,888.0,176.0,517.0,261.0,-371.0,85.0,train
5013,17_square,0,0,359.0,128.0,888.0,274.0,529.0,146.0,train
5014,17_square,0,0,762.0,174.0,845.0,261.0,83.0,87.0,test
5015,17_square,0,0,690.0,261.0,391.0,573.0,-299.0,312.0,test
5016,17_square,0,0,486.0,489.0,872.0,367.0,386.0,-122.0,train
5017,17_square,0,0,367.0,111.0,727.0,356.0,360.0,245.0,train
5018,17_square,0,0,179.0,612.0,108.0,412.0,-71.0,-200.0,test
5019,17_square,0,0,121.0,198.0,465.0,822.0,344.0,624.0,train
5020,17_square,0,0,882.0,425.0,512.0,736.0,-370.0,311.0,train
5021,17_square,0,0,253.0,835.0,230.0,847.0,-23.0,12.0,train
5022,17_square,0,0,543.0,711.0,579.0,875.0,36.0,164.0,train
5023,17_square,0,0,562.0,278.0,394.0,472.0,-168.0,194.0,train
5024,17_square,0,0,877.0,418.0,312.0,772.0,-565.0,354.0,train
5025,17_square,0,0,306.0,232.0,579.0,157.0,273.0,-75.0,train
5026,17_square,0,0,152.0,267.0,554.0,160.0,402.0,-107.0,train
5027,17_square,0,0,716.0,382.0,387.0,401.0,-329.0,19.0,train
5028,17_square,0,0,855.0,560.0,156.0,810.0,-699.0,250.0,test
5029,17_square,0,0,238.0,349.0,438.0,155.0,200.0,-194.0,train
5030,17_square,0,0,836.0,206.0,488.0,205.0,-348.0,-1.0,train
5031,17_square,0,0,343.0,494.0,255.0,273.0,-88.0,-221.0,test
5032,17_square,0,0,499.0,603.0,576.0,605.0,77.0,2.0,train
5033,17_square,0,0,880.0,164.0,100.0,438.0,-780.0,274.0,train
5034,17_square,0,0,616.0,472.0,268.0,587.0,-348.0,115.0,test
5035,17_square,0,0,358.0,379.0,604.0,198.0,246.0,-181.0,train
5036,17_square,0,0,431.0,169.0,322.0,699.0,-109.0,530.0,train
5037,17_square,0,0,478.0,882.0,470.0,348.0,-8.0,-534.0,train
5038,17_square,0,0,394.0,128.0,252.0,194.0,-142.0,66.0,train
5039,17_square,0,0,151.0,126.0,169.0,421.0,18.0,295.0,train
5040,17_square,0,0,753.0,317.0,478.0,151.0,-275.0,-166.0,train
5041,17_square,0,0,631.0,408.0,445.0,829.0,-186.0,421.0,train
5042,17_square,0,0,603.0,602.0,725.0,596.0,122.0,-6.0,train
5043,17_square,0,0,713.0,538.0,269.0,138.0,-444.0,-400.0,val
5044,17_square,0,0,761.0,777.0,113.0,549.0,-648.0,-228.0,test
5045,17_square,0,0,253.0,816.0,235.0,592.0,-18.0,-224.0,val
5046,17_square,0,0,142.0,443.0,574.0,192.0,432.0,-251.0,train
5047,17_square,0,0,441.0,332.0,716.0,704.0,275.0,372.0,train
5048,17_square,0,0,552.0,660.0,795.0,547.0,243.0,-113.0,train
5049,17_square,0,0,832.0,859.0,722.0,294.0,-110.0,-565.0,train
5050,17_square,0,0,794.0,163.0,612.0,323.0,-182.0,160.0,train
5051,17_square,0,0,513.0,580.0,779.0,753.0,266.0,173.0,train
5052,17_square,0,0,248.0,799.0,556.0,410.0,308.0,-389.0,val
5053,17_square,0,0,831.0,228.0,881.0,577.0,50.0,349.0,train
5054,17_square,0,0,107.0,401.0,330.0,424.0,223.0,23.0,train
5055,17_square,0,0,306.0,855.0,155.0,497.0,-151.0,-358.0,train
5056,17_square,0,0,830.0,435.0,257.0,776.0,-573.0,341.0,train
5057,17_square,0,0,254.0,214.0,430.0,809.0,176.0,595.0,val
5058,17_square,0,0,443.0,593.0,900.0,513.0,457.0,-80.0,train
5059,17_square,0,0,686.0,605.0,430.0,607.0,-256.0,2.0,train
5060,17_square,0,0,322.0,424.0,607.0,355.0,285.0,-69.0,train
5061,17_square,0,0,740.0,897.0,206.0,244.0,-534.0,-653.0,val
5062,17_square,0,0,891.0,517.0,633.0,390.0,-258.0,-127.0,train
5063,17_square,0,0,121.0,300.0,865.0,411.0,744.0,111.0,train
5064,17_square,0,0,607.0,545.0,300.0,402.0,-307.0,-143.0,val
5065,17_square,0,0,749.0,603.0,834.0,815.0,85.0,212.0,train
5066,17_square,0,0,107.0,805.0,240.0,157.0,133.0,-648.0,train
5067,17_square,0,0,846.0,895.0,211.0,417.0,-635.0,-478.0,train
5068,17_square,0,0,397.0,890.0,465.0,726.0,68.0,-164.0,train
5069,17_square,0,0,400.0,327.0,240.0,380.0,-160.0,53.0,train
5070,17_square,0,0,294.0,168.0,758.0,618.0,464.0,450.0,train
5071,17_square,0,0,574.0,687.0,196.0,110.0,-378.0,-577.0,test
5072,17_square,0,0,562.0,598.0,812.0,472.0,250.0,-126.0,train
5073,17_square,0,0,176.0,432.0,326.0,667.0,150.0,235.0,train
5074,17_square,0,0,696.0,194.0,622.0,733.0,-74.0,539.0,train
5075,17_square,0,0,388.0,185.0,222.0,898.0,-166.0,713.0,train
5076,17_square,0,0,461.0,789.0,738.0,883.0,277.0,94.0,train
5077,17_square,0,0,465.0,374.0,389.0,169.0,-76.0,-205.0,train
5078,17_square,0,0,181.0,797.0,701.0,515.0,520.0,-282.0,train
5079,17_square,0,0,548.0,735.0,211.0,350.0,-337.0,-385.0,train
5080,17_square,0,0,626.0,249.0,785.0,418.0,159.0,169.0,train
5081,17_square,0,0,288.0,477.0,184.0,155.0,-104.0,-322.0,train
5082,17_square,0,0,141.0,473.0,117.0,212.0,-24.0,-261.0,train
5083,17_square,0,0,571.0,586.0,650.0,417.0,79.0,-169.0,train
5084,17_square,0,0,900.0,351.0,566.0,112.0,-334.0,-239.0,train
5085,17_square,0,0,765.0,664.0,769.0,270.0,4.0,-394.0,val
5086,17_square,0,0,348.0,507.0,726.0,388.0,378.0,-119.0,train
5087,17_square,0,0,886.0,879.0,784.0,708.0,-102.0,-171.0,train
5088,17_square,0,0,636.0,782.0,436.0,839.0,-200.0,57.0,train
5089,17_square,0,0,374.0,449.0,368.0,142.0,-6.0,-307.0,train
5090,17_square,0,0,380.0,168.0,679.0,216.0,299.0,48.0,train
5091,17_square,0,0,138.0,347.0,326.0,541.0,188.0,194.0,train
5092,17_square,0,0,511.0,614.0,539.0,664.0,28.0,50.0,test
5093,17_square,0,0,643.0,227.0,280.0,885.0,-363.0,658.0,train
5094,17_square,0,0,467.0,820.0,884.0,115.0,417.0,-705.0,train
5095,17_square,0,0,110.0,101.0,231.0,597.0,121.0,496.0,train
5096,17_square,0,0,684.0,416.0,654.0,669.0,-30.0,253.0,train
5097,17_square,0,0,889.0,886.0,312.0,543.0,-577.0,-343.0,test
5098,17_square,0,0,706.0,689.0,884.0,561.0,178.0,-128.0,train
5099,17_square,0,0,778.0,216.0,738.0,132.0,-40.0,-84.0,train
5100,17_square,0,0,582.0,411.0,468.0,683.0,-114.0,272.0,train
5101,17_square,0,0,479.0,223.0,248.0,880.0,-231.0,657.0,train
5102,17_square,0,0,814.0,334.0,316.0,383.0,-498.0,49.0,train
5103,17_square,0,0,335.0,582.0,426.0,884.0,91.0,302.0,train
5104,17_square,0,0,530.0,746.0,748.0,379.0,218.0,-367.0,train
5105,17_square,0,0,771.0,235.0,378.0,379.0,-393.0,144.0,train
5106,17_square,0,0,331.0,126.0,841.0,240.0,510.0,114.0,val
5107,17_square,0,0,886.0,467.0,338.0,416.0,-548.0,-51.0,train
5108,17_square,0,0,753.0,875.0,492.0,704.0,-261.0,-171.0,train
5109,17_square,0,0,742.0,688.0,277.0,886.0,-465.0,198.0,train
5110,17_square,0,0,289.0,382.0,446.0,205.0,157.0,-177.0,train
5111,17_square,0,0,222.0,709.0,142.0,779.0,-80.0,70.0,train
5112,17_square,0,0,357.0,222.0,830.0,520.0,473.0,298.0,val
5113,17_square,0,0,794.0,580.0,150.0,588.0,-644.0,8.0,train
5114,17_square,0,0,610.0,871.0,882.0,266.0,272.0,-605.0,train
5115,17_square,0,0,494.0,663.0,543.0,589.0,49.0,-74.0,train
5116,17_square,0,0,119.0,895.0,166.0,649.0,47.0,-246.0,train
5117,17_square,0,0,543.0,891.0,593.0,291.0,50.0,-600.0,train
5118,17_square,0,0,386.0,767.0,586.0,423.0,200.0,-344.0,train
5119,17_square,0,0,698.0,756.0,541.0,755.0,-157.0,-1.0,train
5120,17_square,0,0,720.0,663.0,815.0,721.0,95.0,58.0,train
5121,17_square,0,0,375.0,810.0,467.0,795.0,92.0,-15.0,train
5122,17_square,0,0,432.0,625.0,450.0,585.0,18.0,-40.0,train
5123,17_square,0,0,573.0,815.0,101.0,761.0,-472.0,-54.0,train
5124,17_square,0,0,555.0,201.0,495.0,772.0,-60.0,571.0,train
5125,17_square,0,0,238.0,696.0,607.0,442.0,369.0,-254.0,train
5126,17_square,0,0,599.0,242.0,781.0,802.0,182.0,560.0,test
5127,17_square,0,0,627.0,311.0,564.0,380.0,-63.0,69.0,train
5128,17_square,0,0,770.0,856.0,183.0,149.0,-587.0,-707.0,train
5129,17_square,0,0,626.0,455.0,682.0,290.0,56.0,-165.0,train
5130,17_square,0,0,796.0,367.0,695.0,300.0,-101.0,-67.0,train
5131,17_square,0,0,306.0,218.0,421.0,768.0,115.0,550.0,val
5132,17_square,0,0,165.0,131.0,870.0,150.0,705.0,19.0,train
5133,17_square,0,0,799.0,667.0,264.0,150.0,-535.0,-517.0,train
5134,17_square,0,0,895.0,716.0,620.0,884.0,-275.0,168.0,train
5135,17_square,0,0,309.0,579.0,284.0,793.0,-25.0,214.0,train
5136,17_square,0,0,861.0,743.0,801.0,445.0,-60.0,-298.0,train
5137,17_square,0,0,703.0,446.0,342.0,417.0,-361.0,-29.0,train
5138,17_square,0,0,577.0,308.0,203.0,872.0,-374.0,564.0,train
5139,17_square,0,0,432.0,408.0,247.0,155.0,-185.0,-253.0,train
5140,17_square,0,0,321.0,282.0,518.0,230.0,197.0,-52.0,train
5141,17_square,0,0,408.0,304.0,564.0,121.0,156.0,-183.0,test
5142,17_square,0,0,331.0,289.0,234.0,563.0,-97.0,274.0,train
5143,17_square,0,0,433.0,140.0,523.0,245.0,90.0,105.0,train
5144,17_square,0,0,741.0,615.0,266.0,611.0,-475.0,-4.0,train
5145,17_square,0,0,759.0,259.0,593.0,640.0,-166.0,381.0,train
5146,17_square,0,0,493.0,464.0,740.0,399.0,247.0,-65.0,train
5147,17_square,0,0,611.0,658.0,286.0,522.0,-325.0,-136.0,test
5148,17_square,0,0,890.0,225.0,641.0,266.0,-249.0,41.0,train
5149,17_square,0,0,733.0,490.0,626.0,653.0,-107.0,163.0,train
5150,17_square,0,0,245.0,742.0,304.0,652.0,59.0,-90.0,test
5151,17_square,0,0,620.0,492.0,313.0,269.0,-307.0,-223.0,val
5152,17_square,0,0,417.0,530.0,251.0,709.0,-166.0,179.0,train
5153,17_square,0,0,137.0,708.0,869.0,393.0,732.0,-315.0,val
5154,17_square,0,0,634.0,356.0,451.0,407.0,-183.0,51.0,train
5155,17_square,0,0,427.0,470.0,734.0,868.0,307.0,398.0,val
5156,17_square,0,0,783.0,327.0,114.0,671.0,-669.0,344.0,train
5157,17_square,0,0,572.0,865.0,649.0,305.0,77.0,-560.0,train
5158,17_square,0,0,279.0,658.0,291.0,689.0,12.0,31.0,test
5159,17_square,0,0,660.0,653.0,864.0,764.0,204.0,111.0,train
5160,17_square,0,0,443.0,769.0,492.0,897.0,49.0,128.0,train
5161,17_square,0,0,437.0,553.0,225.0,273.0,-212.0,-280.0,train
5162,17_square,0,0,759.0,543.0,157.0,473.0,-602.0,-70.0,train
5163,17_square,0,0,789.0,183.0,839.0,120.0,50.0,-63.0,test
5164,17_square,0,0,470.0,583.0,196.0,762.0,-274.0,179.0,val
5165,17_square,0,0,307.0,363.0,277.0,430.0,-30.0,67.0,train
5166,17_square,0,0,822.0,837.0,736.0,237.0,-86.0,-600.0,val
5167,17_square,0,0,810.0,870.0,525.0,367.0,-285.0,-503.0,test
5168,17_square,0,0,154.0,558.0,157.0,399.0,3.0,-159.0,train
5169,17_square,0,0,147.0,270.0,448.0,892.0,301.0,622.0,val
5170,17_square,0,0,742.0,893.0,843.0,488.0,101.0,-405.0,train
5171,17_square,0,0,816.0,664.0,508.0,538.0,-308.0,-126.0,train
5172,17_square,0,0,407.0,298.0,537.0,469.0,130.0,171.0,val
5173,17_square,0,0,609.0,427.0,236.0,336.0,-373.0,-91.0,train
5174,17_square,0,0,609.0,160.0,421.0,783.0,-188.0,623.0,train
5175,17_square,0,0,753.0,473.0,758.0,899.0,5.0,426.0,train
5176,17_square,0,0,860.0,258.0,518.0,204.0,-342.0,-54.0,train
5177,17_square,0,0,719.0,448.0,151.0,238.0,-568.0,-210.0,train
5178,17_square,0,0,569.0,668.0,541.0,365.0,-28.0,-303.0,test
5179,17_square,0,0,493.0,608.0,452.0,508.0,-41.0,-100.0,train
5180,17_square,0,0,468.0,322.0,306.0,381.0,-162.0,59.0,test
5181,17_square,0,0,656.0,750.0,747.0,560.0,91.0,-190.0,train
5182,17_square,0,0,124.0,162.0,253.0,516.0,129.0,354.0,train
5183,17_square,0,0,448.0,432.0,340.0,327.0,-108.0,-105.0,train
5184,17_square,0,0,127.0,685.0,702.0,473.0,575.0,-212.0,train
5185,17_square,0,0,790.0,330.0,699.0,749.0,-91.0,419.0,train
5186,17_square,0,0,709.0,130.0,269.0,870.0,-440.0,740.0,train
5187,17_square,0,0,879.0,322.0,400.0,198.0,-479.0,-124.0,train
5188,17_square,0,0,747.0,367.0,349.0,775.0,-398.0,408.0,train
5189,17_square,0,0,364.0,744.0,726.0,430.0,362.0,-314.0,train
5190,17_square,0,0,644.0,349.0,572.0,585.0,-72.0,236.0,train
5191,17_square,0,0,232.0,897.0,715.0,473.0,483.0,-424.0,train
5192,17_square,0,0,872.0,807.0,109.0,448.0,-763.0,-359.0,train
5193,17_square,0,0,438.0,823.0,616.0,181.0,178.0,-642.0,train
5194,17_square,0,0,492.0,775.0,135.0,762.0,-357.0,-13.0,val
5195,17_square,0,0,436.0,168.0,457.0,392.0,21.0,224.0,train
5196,17_square,0,0,683.0,675.0,376.0,732.0,-307.0,57.0,train
5197,17_square,0,0,305.0,388.0,895.0,576.0,590.0,188.0,train
5198,17_square,0,0,168.0,545.0,637.0,731.0,469.0,186.0,test
5199,17_square,0,0,562.0,750.0,619.0,887.0,57.0,137.0,train
5200,17_square,0,0,559.0,585.0,592.0,147.0,33.0,-438.0,test
5201,17_square,0,0,813.0,478.0,606.0,142.0,-207.0,-336.0,train
5202,17_square,0,0,624.0,500.0,869.0,178.0,245.0,-322.0,train
5203,17_square,0,0,501.0,580.0,704.0,875.0,203.0,295.0,train
5204,17_square,0,0,649.0,497.0,859.0,693.0,210.0,196.0,train
5205,17_square,0,0,766.0,815.0,321.0,827.0,-445.0,12.0,train
5206,17_square,0,0,807.0,475.0,744.0,173.0,-63.0,-302.0,train
5207,17_square,0,0,478.0,505.0,844.0,226.0,366.0,-279.0,train
5208,17_square,0,0,221.0,316.0,334.0,840.0,113.0,524.0,train
5209,17_square,0,0,619.0,111.0,751.0,831.0,132.0,720.0,val
5210,17_square,0,0,394.0,605.0,206.0,390.0,-188.0,-215.0,train
5211,17_square,0,0,482.0,810.0,335.0,206.0,-147.0,-604.0,train
5212,17_square,0,0,749.0,428.0,183.0,403.0,-566.0,-25.0,train
5213,17_square,0,0,164.0,144.0,102.0,388.0,-62.0,244.0,train
5214,17_square,0,0,775.0,438.0,421.0,515.0,-354.0,77.0,train
5215,17_square,0,0,711.0,368.0,855.0,860.0,144.0,492.0,train
5216,17_square,0,0,354.0,713.0,500.0,392.0,146.0,-321.0,train
5217,17_square,0,0,716.0,647.0,706.0,805.0,-10.0,158.0,train
5218,17_square,0,0,120.0,577.0,824.0,599.0,704.0,22.0,train
5219,17_square,0,0,241.0,223.0,594.0,723.0,353.0,500.0,train
5220,17_square,0,0,832.0,185.0,802.0,400.0,-30.0,215.0,train
5221,17_square,0,0,682.0,292.0,502.0,377.0,-180.0,85.0,train
5222,17_square,0,0,565.0,483.0,104.0,781.0,-461.0,298.0,train
5223,17_square,0,0,607.0,117.0,662.0,199.0,55.0,82.0,train
5224,17_square,0,0,755.0,390.0,824.0,105.0,69.0,-285.0,train
5225,17_square,0,0,260.0,486.0,486.0,883.0,226.0,397.0,train
5226,17_square,0,0,248.0,344.0,603.0,894.0,355.0,550.0,train
5227,17_square,0,0,316.0,347.0,452.0,801.0,136.0,454.0,val
5228,17_square,0,0,893.0,732.0,713.0,181.0,-180.0,-551.0,train
5229,17_square,0,0,330.0,577.0,662.0,499.0,332.0,-78.0,train
5230,17_square,0,0,622.0,204.0,205.0,177.0,-417.0,-27.0,train
5231,17_square,0,0,217.0,494.0,519.0,125.0,302.0,-369.0,train
5232,17_square,0,0,385.0,807.0,784.0,648.0,399.0,-159.0,train
5233,17_square,0,0,690.0,169.0,167.0,458.0,-523.0,289.0,train
5234,17_square,0,0,110.0,452.0,344.0,529.0,234.0,77.0,train
5235,17_square,0,0,554.0,583.0,255.0,462.0,-299.0,-121.0,train
5236,17_square,0,0,309.0,897.0,651.0,833.0,342.0,-64.0,train
5237,17_square,0,0,256.0,338.0,362.0,768.0,106.0,430.0,train
5238,17_square,0,0,120.0,398.0,420.0,550.0,300.0,152.0,train
5239,17_square,0,0,751.0,796.0,282.0,899.0,-469.0,103.0,train
5240,17_square,0,0,623.0,688.0,751.0,140.0,128.0,-548.0,train
5241,17_square,0,0,846.0,380.0,359.0,216.0,-487.0,-164.0,train
5242,17_square,0,0,710.0,381.0,796.0,431.0,86.0,50.0,val
5243,17_square,0,0,164.0,610.0,806.0,305.0,642.0,-305.0,train
5244,17_square,0,0,229.0,108.0,528.0,886.0,299.0,778.0,train
5245,17_square,0,0,339.0,255.0,639.0,541.0,300.0,286.0,train
5246,17_square,0,0,414.0,197.0,228.0,178.0,-186.0,-19.0,train
5247,17_square,0,0,524.0,582.0,143.0,344.0,-381.0,-238.0,train
5248,17_square,0,0,256.0,151.0,649.0,453.0,393.0,302.0,train
5249,17_square,0,0,490.0,213.0,173.0,463.0,-317.0,250.0,train
5250,17_square,0,0,531.0,502.0,788.0,864.0,257.0,362.0,train
5251,17_square,0,0,358.0,323.0,442.0,200.0,84.0,-123.0,train
5252,17_square,0,0,183.0,865.0,210.0,714.0,27.0,-151.0,train
5253,17_square,0,0,853.0,609.0,550.0,308.0,-303.0,-301.0,train
5254,17_square,0,0,680.0,385.0,317.0,411.0,-363.0,26.0,train
5255,17_square,0,0,175.0,542.0,788.0,551.0,613.0,9.0,train
5256,17_square,0,0,833.0,125.0,547.0,707.0,-286.0,582.0,train
5257,17_square,0,0,436.0,568.0,418.0,485.0,-18.0,-83.0,train
5258,17_square,0,0,875.0,714.0,662.0,202.0,-213.0,-512.0,train
5259,17_square,0,0,805.0,796.0,846.0,662.0,41.0,-134.0,train
5260,17_square,0,0,789.0,682.0,855.0,782.0,66.0,100.0,train
5261,17_square,0,0,481.0,418.0,486.0,228.0,5.0,-190.0,train
5262,17_square,0,0,561.0,874.0,567.0,151.0,6.0,-723.0,train
5263,17_square,0,0,208.0,835.0,289.0,316.0,81.0,-519.0,train
5264,17_square,0,0,282.0,193.0,267.0,384.0,-15.0,191.0,train
5265,17_square,0,0,340.0,631.0,116.0,559.0,-224.0,-72.0,train
5266,17_square,0,0,157.0,536.0,596.0,434.0,439.0,-102.0,train
5267,17_square,0,0,403.0,732.0,201.0,307.0,-202.0,-425.0,train
5268,17_square,0,0,667.0,881.0,569.0,648.0,-98.0,-233.0,val
5269,17_square,0,0,577.0,104.0,444.0,449.0,-133.0,345.0,train
5270,17_square,0,0,474.0,167.0,891.0,686.0,417.0,519.0,train
5271,17_square,0,0,888.0,456.0,261.0,647.0,-627.0,191.0,train
5272,17_square,0,0,487.0,241.0,804.0,745.0,317.0,504.0,val
5273,17_square,0,0,408.0,424.0,631.0,753.0,223.0,329.0,train
5274,17_square,0,0,756.0,204.0,389.0,507.0,-367.0,303.0,train
5275,17_square,0,0,752.0,364.0,744.0,563.0,-8.0,199.0,train
5276,17_square,0,0,711.0,397.0,851.0,539.0,140.0,142.0,train
5277,17_square,0,0,278.0,416.0,674.0,291.0,396.0,-125.0,train
5278,17_square,0,0,324.0,472.0,747.0,133.0,423.0,-339.0,train
5279,17_square,0,0,269.0,562.0,451.0,118.0,182.0,-444.0,train
5280,17_square,0,0,394.0,140.0,436.0,373.0,42.0,233.0,train
5281,17_square,0,0,423.0,803.0,281.0,617.0,-142.0,-186.0,train
5282,17_square,0,0,398.0,704.0,565.0,649.0,167.0,-55.0,train
5283,17_square,0,0,395.0,651.0,802.0,503.0,407.0,-148.0,train
5284,17_square,0,0,273.0,667.0,203.0,721.0,-70.0,54.0,train
5285,17_square,0,0,582.0,553.0,449.0,782.0,-133.0,229.0,train
5286,17_square,0,0,227.0,148.0,305.0,307.0,78.0,159.0,train
5287,17_square,0,0,735.0,744.0,149.0,603.0,-586.0,-141.0,train
5288,17_square,0,0,561.0,296.0,381.0,581.0,-180.0,285.0,val
5289,17_square,0,0,662.0,396.0,898.0,269.0,236.0,-127.0,train
5290,17_square,0,0,336.0,857.0,242.0,288.0,-94.0,-569.0,train
5291,17_square,0,0,433.0,447.0,562.0,225.0,129.0,-222.0,test
5292,17_square,0,0,274.0,818.0,816.0,371.0,542.0,-447.0,train
5293,17_square,0,0,854.0,626.0,238.0,445.0,-616.0,-181.0,train
5294,17_square,0,0,472.0,278.0,385.0,568.0,-87.0,290.0,train
5295,17_square,0,0,369.0,255.0,331.0,740.0,-38.0,485.0,train
5296,17_square,0,0,649.0,197.0,615.0,634.0,-34.0,437.0,train
5297,17_square,0,0,472.0,286.0,863.0,464.0,391.0,178.0,train
5298,17_square,0,0,450.0,123.0,860.0,281.0,410.0,158.0,train
5299,17_square,0,0,747.0,809.0,852.0,616.0,105.0,-193.0,train
5300,17_square,0,0,594.0,505.0,177.0,305.0,-417.0,-200.0,train
5301,17_square,0,0,577.0,126.0,761.0,359.0,184.0,233.0,train
5302,17_square,0,0,765.0,770.0,591.0,757.0,-174.0,-13.0,train
5303,17_square,0,0,363.0,177.0,696.0,557.0,333.0,380.0,train
5304,17_square,0,0,662.0,445.0,774.0,891.0,112.0,446.0,train
5305,17_square,0,0,679.0,650.0,762.0,595.0,83.0,-55.0,train
5306,17_square,0,0,650.0,387.0,146.0,701.0,-504.0,314.0,train
5307,17_square,0,0,651.0,149.0,296.0,383.0,-355.0,234.0,train
5308,17_square,0,0,717.0,448.0,454.0,880.0,-263.0,432.0,train
5309,17_square,0,0,568.0,842.0,864.0,202.0,296.0,-640.0,test
5310,17_square,0,0,272.0,793.0,852.0,576.0,580.0,-217.0,train
5311,17_square,0,0,552.0,625.0,602.0,480.0,50.0,-145.0,train
5312,17_square,0,0,555.0,567.0,417.0,404.0,-138.0,-163.0,train
5313,17_square,0,0,274.0,451.0,845.0,416.0,571.0,-35.0,train
5314,17_square,0,0,327.0,238.0,826.0,299.0,499.0,61.0,train
5315,17_square,0,0,811.0,816.0,315.0,559.0,-496.0,-257.0,train
5316,17_square,0,0,441.0,618.0,450.0,807.0,9.0,189.0,train
5317,17_square,0,0,681.0,832.0,682.0,791.0,1.0,-41.0,test
5318,17_square,0,0,275.0,480.0,415.0,521.0,140.0,41.0,train
5319,17_square,0,0,770.0,235.0,617.0,512.0,-153.0,277.0,train
5320,17_square,0,0,343.0,443.0,753.0,399.0,410.0,-44.0,test
5321,17_square,0,0,166.0,199.0,791.0,560.0,625.0,361.0,train
5322,17_square,0,0,711.0,374.0,832.0,893.0,121.0,519.0,train
5323,17_square,0,0,369.0,776.0,298.0,127.0,-71.0,-649.0,train
5324,17_square,0,0,652.0,565.0,550.0,313.0,-102.0,-252.0,train
5325,17_square,0,0,274.0,202.0,900.0,163.0,626.0,-39.0,train
5326,17_square,0,0,465.0,387.0,335.0,702.0,-130.0,315.0,val
5327,17_square,0,0,301.0,502.0,726.0,541.0,425.0,39.0,train
5328,17_square,0,0,463.0,546.0,655.0,309.0,192.0,-237.0,val
5329,17_square,0,0,696.0,790.0,361.0,713.0,-335.0,-77.0,train
5330,17_square,0,0,720.0,184.0,779.0,291.0,59.0,107.0,train
5331,17_square,0,0,629.0,611.0,772.0,606.0,143.0,-5.0,train
5332,17_square,0,0,111.0,496.0,340.0,596.0,229.0,100.0,val
5333,17_square,0,0,478.0,273.0,104.0,294.0,-374.0,21.0,train
5334,17_square,0,0,657.0,199.0,768.0,826.0,111.0,627.0,train
5335,17_square,0,0,568.0,501.0,102.0,131.0,-466.0,-370.0,train
5336,17_square,0,0,803.0,477.0,761.0,557.0,-42.0,80.0,train
5337,17_square,0,0,362.0,108.0,219.0,503.0,-143.0,395.0,val
5338,17_square,0,0,674.0,783.0,840.0,241.0,166.0,-542.0,train
5339,17_square,0,0,805.0,269.0,423.0,644.0,-382.0,375.0,val
5340,17_square,0,0,495.0,743.0,137.0,282.0,-358.0,-461.0,train
5341,17_square,0,0,679.0,779.0,794.0,897.0,115.0,118.0,train
5342,17_square,0,0,815.0,209.0,524.0,850.0,-291.0,641.0,train
5343,17_square,0,0,391.0,256.0,469.0,714.0,78.0,458.0,train
5344,17_square,0,0,721.0,817.0,410.0,262.0,-311.0,-555.0,test
5345,17_square,0,0,876.0,824.0,637.0,587.0,-239.0,-237.0,train
5346,17_square,0,0,292.0,399.0,724.0,676.0,432.0,277.0,train
5347,17_square,0,0,788.0,719.0,707.0,672.0,-81.0,-47.0,train
5348,17_square,0,0,763.0,298.0,747.0,760.0,-16.0,462.0,train
5349,17_square,0,0,225.0,843.0,420.0,117.0,195.0,-726.0,train
5350,17_square,0,0,698.0,309.0,155.0,399.0,-543.0,90.0,train
5351,17_square,0,0,639.0,566.0,436.0,672.0,-203.0,106.0,train
5352,17_square,0,0,562.0,498.0,109.0,456.0,-453.0,-42.0,val
5353,17_square,0,0,374.0,569.0,572.0,183.0,198.0,-386.0,train
5354,17_square,0,0,492.0,496.0,836.0,176.0,344.0,-320.0,train
5355,17_square,0,0,339.0,499.0,531.0,492.0,192.0,-7.0,train
5356,17_square,0,0,255.0,854.0,543.0,330.0,288.0,-524.0,train
5357,17_square,0,0,268.0,658.0,802.0,604.0,534.0,-54.0,train
5358,17_square,0,0,310.0,886.0,720.0,496.0,410.0,-390.0,train
5359,17_square,0,0,565.0,674.0,460.0,195.0,-105.0,-479.0,train
5360,17_square,0,0,766.0,208.0,135.0,602.0,-631.0,394.0,train
5361,17_square,0,0,872.0,214.0,177.0,692.0,-695.0,478.0,test
5362,17_square,0,0,883.0,883.0,320.0,625.0,-563.0,-258.0,train
5363,17_square,0,0,565.0,843.0,828.0,784.0,263.0,-59.0,train
5364,17_square,0,0,817.0,304.0,592.0,401.0,-225.0,97.0,train
5365,17_square,0,0,575.0,840.0,134.0,243.0,-441.0,-597.0,val
5366,17_square,0,0,776.0,200.0,843.0,525.0,67.0,325.0,train
5367,17_square,0,0,190.0,694.0,830.0,143.0,640.0,-551.0,train
5368,17_square,0,0,690.0,121.0,614.0,432.0,-76.0,311.0,train
5369,17_square,0,0,246.0,428.0,609.0,828.0,363.0,400.0,train
5370,17_square,0,0,844.0,134.0,897.0,556.0,53.0,422.0,train
5371,17_square,0,0,361.0,890.0,394.0,835.0,33.0,-55.0,train
5372,17_square,0,0,807.0,387.0,235.0,803.0,-572.0,416.0,train
5373,17_square,0,0,660.0,556.0,217.0,211.0,-443.0,-345.0,val
5374,17_square,0,0,483.0,863.0,171.0,128.0,-312.0,-735.0,train
5375,17_square,0,0,733.0,211.0,822.0,807.0,89.0,596.0,val
5376,17_square,0,0,334.0,326.0,416.0,103.0,82.0,-223.0,train
5377,17_square,0,0,329.0,436.0,860.0,236.0,531.0,-200.0,val
5378,17_square,0,0,587.0,510.0,109.0,621.0,-478.0,111.0,test
5379,17_square,0,0,811.0,461.0,286.0,314.0,-525.0,-147.0,train
5380,17_square,0,0,432.0,494.0,188.0,727.0,-244.0,233.0,train
5381,17_square,0,0,279.0,365.0,437.0,792.0,158.0,427.0,train
5382,17_square,0,0,662.0,869.0,589.0,475.0,-73.0,-394.0,test
5383,17_square,0,0,633.0,658.0,629.0,107.0,-4.0,-551.0,train
5384,17_square,0,0,189.0,141.0,766.0,151.0,577.0,10.0,val
5385,17_square,0,0,897.0,892.0,485.0,265.0,-412.0,-627.0,train
5386,17_square,0,0,355.0,594.0,217.0,177.0,-138.0,-417.0,train
5387,17_square,0,0,400.0,525.0,598.0,371.0,198.0,-154.0,test
5388,17_square,0,0,561.0,775.0,257.0,436.0,-304.0,-339.0,train
5389,17_square,0,0,822.0,338.0,880.0,763.0,58.0,425.0,train
5390,17_square,0,0,373.0,352.0,754.0,632.0,381.0,280.0,train
5391,17_square,0,0,336.0,639.0,261.0,733.0,-75.0,94.0,val
5392,17_square,0,0,560.0,802.0,777.0,569.0,217.0,-233.0,train
5393,17_square,0,0,164.0,244.0,187.0,513.0,23.0,269.0,train
5394,17_square,0,0,785.0,864.0,644.0,242.0,-141.0,-622.0,train
5395,17_square,0,0,198.0,774.0,495.0,460.0,297.0,-314.0,train
5396,17_square,0,0,136.0,152.0,233.0,241.0,97.0,89.0,train
5397,17_square,0,0,621.0,303.0,346.0,465.0,-275.0,162.0,val
5398,17_square,0,0,270.0,360.0,646.0,301.0,376.0,-59.0,train
5399,17_square,0,0,678.0,394.0,117.0,291.0,-561.0,-103.0,test
5400,17_square,0,0,395.0,387.0,170.0,515.0,-225.0,128.0,train
5401,17_square,0,0,569.0,563.0,395.0,866.0,-174.0,303.0,train
5402,17_square,0,0,138.0,309.0,229.0,350.0,91.0,41.0,val
5403,17_square,0,0,385.0,898.0,223.0,318.0,-162.0,-580.0,val
5404,17_square,0,0,892.0,295.0,390.0,721.0,-502.0,426.0,train
5405,17_square,0,0,761.0,484.0,778.0,484.0,17.0,0.0,train
5406,17_square,0,0,846.0,255.0,442.0,875.0,-404.0,620.0,train
5407,17_square,0,0,874.0,250.0,528.0,498.0,-346.0,248.0,train
5408,17_square,0,0,734.0,704.0,776.0,109.0,42.0,-595.0,train
5409,17_square,0,0,877.0,408.0,806.0,363.0,-71.0,-45.0,train
5410,17_square,0,0,306.0,535.0,645.0,237.0,339.0,-298.0,train
5411,17_square,0,0,532.0,363.0,251.0,889.0,-281.0,526.0,train
5412,17_square,0,0,277.0,802.0,335.0,446.0,58.0,-356.0,train
5413,17_square,0,0,805.0,328.0,425.0,625.0,-380.0,297.0,train
5414,17_square,0,0,784.0,434.0,793.0,298.0,9.0,-136.0,test
5415,17_square,0,0,781.0,698.0,627.0,792.0,-154.0,94.0,train
5416,17_square,0,0,100.0,183.0,752.0,194.0,652.0,11.0,train
5417,17_square,0,0,307.0,174.0,240.0,375.0,-67.0,201.0,test
5418,17_square,0,0,128.0,837.0,719.0,537.0,591.0,-300.0,train
5419,17_square,0,0,277.0,502.0,147.0,317.0,-130.0,-185.0,train
5420,17_square,0,0,428.0,682.0,711.0,140.0,283.0,-542.0,train
5421,17_square,0,0,125.0,595.0,318.0,487.0,193.0,-108.0,train
5422,17_square,0,0,733.0,724.0,234.0,533.0,-499.0,-191.0,train
5423,17_square,0,0,198.0,355.0,144.0,668.0,-54.0,313.0,train
5424,17_square,0,0,329.0,273.0,834.0,177.0,505.0,-96.0,train
5425,17_square,0,0,483.0,625.0,609.0,199.0,126.0,-426.0,train
5426,17_square,0,0,521.0,759.0,276.0,547.0,-245.0,-212.0,train
5427,17_square,0,0,743.0,649.0,135.0,283.0,-608.0,-366.0,train
5428,17_square,0,0,551.0,830.0,153.0,474.0,-398.0,-356.0,test
5429,17_square,0,0,894.0,203.0,690.0,557.0,-204.0,354.0,train
5430,17_square,0,0,500.0,579.0,482.0,785.0,-18.0,206.0,val
5431,17_square,0,0,202.0,460.0,867.0,146.0,665.0,-314.0,train
5432,17_square,0,0,765.0,384.0,207.0,344.0,-558.0,-40.0,train
5433,17_square,0,0,578.0,146.0,216.0,375.0,-362.0,229.0,test
5434,17_square,0,0,395.0,621.0,558.0,495.0,163.0,-126.0,test
5435,17_square,0,0,309.0,555.0,671.0,592.0,362.0,37.0,train
5436,17_square,0,0,784.0,682.0,202.0,734.0,-582.0,52.0,train
5437,17_square,0,0,840.0,329.0,422.0,195.0,-418.0,-134.0,train
5438,17_square,0,0,880.0,385.0,812.0,565.0,-68.0,180.0,train
5439,17_square,0,0,518.0,759.0,763.0,429.0,245.0,-330.0,train
5440,17_square,0,0,567.0,513.0,441.0,307.0,-126.0,-206.0,train
5441,17_square,0,0,158.0,664.0,522.0,417.0,364.0,-247.0,train
5442,17_square,0,0,177.0,388.0,187.0,616.0,10.0,228.0,train
5443,17_square,0,0,542.0,258.0,657.0,193.0,115.0,-65.0,train
5444,17_square,0,0,141.0,527.0,844.0,211.0,703.0,-316.0,val
5445,17_square,0,0,850.0,197.0,883.0,335.0,33.0,138.0,val
5446,17_square,0,0,173.0,456.0,586.0,691.0,413.0,235.0,train
5447,17_square,0,0,649.0,372.0,704.0,891.0,55.0,519.0,train
5448,17_square,0,0,168.0,737.0,703.0,580.0,535.0,-157.0,train
5449,17_square,0,0,127.0,303.0,319.0,800.0,192.0,497.0,train
5450,17_square,0,0,363.0,616.0,421.0,864.0,58.0,248.0,test
5451,17_square,0,0,658.0,831.0,623.0,353.0,-35.0,-478.0,test
5452,17_square,0,0,555.0,544.0,482.0,650.0,-73.0,106.0,test
5453,17_square,0,0,621.0,823.0,211.0,727.0,-410.0,-96.0,train
5454,17_square,0,0,227.0,197.0,862.0,438.0,635.0,241.0,test
5455,17_square,0,0,231.0,527.0,527.0,108.0,296.0,-419.0,train
5456,17_square,0,0,155.0,893.0,862.0,357.0,707.0,-536.0,train
5457,17_square,0,0,217.0,817.0,872.0,149.0,655.0,-668.0,train
5458,17_square,0,0,136.0,111.0,620.0,305.0,484.0,194.0,train
5459,17_square,0,0,460.0,558.0,870.0,674.0,410.0,116.0,train
5460,17_square,0,0,638.0,767.0,345.0,885.0,-293.0,118.0,train
5461,17_square,0,0,254.0,527.0,878.0,781.0,624.0,254.0,train
5462,17_square,0,0,586.0,692.0,489.0,554.0,-97.0,-138.0,train
5463,17_square,0,0,763.0,421.0,163.0,753.0,-600.0,332.0,train
5464,17_square,0,0,132.0,595.0,846.0,552.0,714.0,-43.0,train
5465,17_square,0,0,163.0,461.0,173.0,900.0,10.0,439.0,test
5466,17_square,0,0,560.0,544.0,515.0,365.0,-45.0,-179.0,train
5467,17_square,0,0,502.0,210.0,794.0,690.0,292.0,480.0,train
5468,17_square,0,0,825.0,130.0,272.0,454.0,-553.0,324.0,train
5469,17_square,0,0,545.0,158.0,206.0,869.0,-339.0,711.0,train
5470,17_square,0,0,137.0,337.0,319.0,289.0,182.0,-48.0,train
5471,17_square,0,0,483.0,262.0,747.0,692.0,264.0,430.0,train
5472,17_square,0,0,664.0,723.0,301.0,164.0,-363.0,-559.0,train
5473,17_square,0,0,778.0,846.0,554.0,653.0,-224.0,-193.0,train
5474,17_square,0,0,597.0,576.0,681.0,890.0,84.0,314.0,train
5475,17_square,0,0,116.0,423.0,845.0,307.0,729.0,-116.0,train
5476,17_square,0,0,609.0,369.0,234.0,366.0,-375.0,-3.0,train
5477,17_square,0,0,855.0,164.0,123.0,548.0,-732.0,384.0,train
5478,17_square,0,0,122.0,486.0,799.0,221.0,677.0,-265.0,train
5479,17_square,0,0,597.0,482.0,877.0,578.0,280.0,96.0,train
5480,17_square,0,0,301.0,607.0,680.0,393.0,379.0,-214.0,val
5481,17_square,0,0,652.0,751.0,789.0,794.0,137.0,43.0,train
5482,17_square,0,0,441.0,528.0,708.0,228.0,267.0,-300.0,train
5483,17_square,0,0,644.0,898.0,539.0,245.0,-105.0,-653.0,test
5484,17_square,0,0,439.0,379.0,344.0,213.0,-95.0,-166.0,test
5485,17_square,0,0,190.0,697.0,797.0,544.0,607.0,-153.0,train
5486,17_square,0,0,875.0,720.0,278.0,896.0,-597.0,176.0,train
5487,17_square,0,0,791.0,553.0,119.0,789.0,-672.0,236.0,train
5488,17_square,0,0,266.0,538.0,800.0,305.0,534.0,-233.0,train
5489,17_square,0,0,579.0,198.0,461.0,377.0,-118.0,179.0,train
5490,17_square,0,0,388.0,341.0,161.0,669.0,-227.0,328.0,train
5491,17_square,0,0,268.0,306.0,264.0,693.0,-4.0,387.0,train
5492,17_square,0,0,138.0,388.0,805.0,415.0,667.0,27.0,train
5493,17_square,0,0,639.0,250.0,301.0,456.0,-338.0,206.0,train
5494,17_square,0,0,403.0,642.0,139.0,492.0,-264.0,-150.0,train
5495,17_square,0,0,849.0,835.0,208.0,463.0,-641.0,-372.0,train
5496,17_square,0,0,265.0,178.0,577.0,299.0,312.0,121.0,val
5497,17_square,0,0,835.0,327.0,748.0,532.0,-87.0,205.0,train
5498,17_square,0,0,541.0,279.0,298.0,812.0,-243.0,533.0,train
5499,17_square,0,0,237.0,362.0,481.0,314.0,244.0,-48.0,test
5500,21_square,0,0,444.0,461.0,623.0,516.0,179.0,55.0,train
5501,21_square,0,0,889.0,879.0,656.0,315.0,-233.0,-564.0,train
5502,21_square,0,0,253.0,870.0,213.0,187.0,-40.0,-683.0,train
5503,21_square,0,0,586.0,693.0,459.0,556.0,-127.0,-137.0,val
5504,21_square,0,0,108.0,660.0,241.0,762.0,133.0,102.0,val
5505,21_square,0,0,607.0,594.0,228.0,573.0,-379.0,-21.0,train
5506,21_square,0,0,667.0,414.0,358.0,292.0,-309.0,-122.0,test
5507,21_square,0,0,195.0,754.0,880.0,681.0,685.0,-73.0,train
5508,21_square,0,0,483.0,380.0,565.0,567.0,82.0,187.0,test
5509,21_square,0,0,629.0,522.0,517.0,169.0,-112.0,-353.0,train
5510,21_square,0,0,763.0,242.0,558.0,810.0,-205.0,568.0,train
5511,21_square,0,0,664.0,768.0,260.0,211.0,-404.0,-557.0,train
5512,21_square,0,0,219.0,560.0,155.0,631.0,-64.0,71.0,train
5513,21_square,0,0,119.0,658.0,176.0,851.0,57.0,193.0,train
5514,21_square,0,0,858.0,872.0,135.0,476.0,-723.0,-396.0,train
5515,21_square,0,0,460.0,384.0,628.0,369.0,168.0,-15.0,train
5516,21_square,0,0,405.0,849.0,295.0,221.0,-110.0,-628.0,train
5517,21_square,0,0,632.0,372.0,468.0,176.0,-164.0,-196.0,train
5518,21_square,0,0,868.0,636.0,888.0,648.0,20.0,12.0,test
5519,21_square,0,0,445.0,844.0,745.0,646.0,300.0,-198.0,val
5520,21_square,0,0,384.0,570.0,162.0,521.0,-222.0,-49.0,train
5521,21_square,0,0,465.0,195.0,782.0,327.0,317.0,132.0,train
5522,21_square,0,0,699.0,158.0,577.0,707.0,-122.0,549.0,train
5523,21_square,0,0,220.0,720.0,642.0,430.0,422.0,-290.0,train
5524,21_square,0,0,812.0,819.0,795.0,168.0,-17.0,-651.0,train
5525,21_square,0,0,269.0,628.0,766.0,570.0,497.0,-58.0,train
5526,21_square,0,0,641.0,687.0,350.0,828.0,-291.0,141.0,train
5527,21_square,0,0,291.0,659.0,882.0,870.0,591.0,211.0,train
5528,21_square,0,0,608.0,341.0,471.0,586.0,-137.0,245.0,train
5529,21_square,0,0,588.0,831.0,330.0,124.0,-258.0,-707.0,train
5530,21_square,0,0,806.0,471.0,628.0,372.0,-178.0,-99.0,train
5531,21_square,0,0,835.0,239.0,337.0,516.0,-498.0,277.0,val
5532,21_square,0,0,829.0,835.0,714.0,371.0,-115.0,-464.0,test
5533,21_square,0,0,164.0,663.0,133.0,238.0,-31.0,-425.0,train
5534,21_square,0,0,225.0,841.0,100.0,544.0,-125.0,-297.0,train
5535,21_square,0,0,641.0,300.0,214.0,305.0,-427.0,5.0,train
5536,21_square,0,0,102.0,523.0,434.0,231.0,332.0,-292.0,val
5537,21_square,0,0,803.0,879.0,304.0,206.0,-499.0,-673.0,train
5538,21_square,0,0,105.0,202.0,797.0,722.0,692.0,520.0,train
5539,21_square,0,0,130.0,637.0,504.0,304.0,374.0,-333.0,val
5540,21_square,0,0,885.0,471.0,180.0,823.0,-705.0,352.0,train
5541,21_square,0,0,874.0,652.0,485.0,118.0,-389.0,-534.0,train
5542,21_square,0,0,663.0,492.0,734.0,322.0,71.0,-170.0,train
5543,21_square,0,0,202.0,718.0,812.0,712.0,610.0,-6.0,train
5544,21_square,0,0,267.0,311.0,234.0,453.0,-33.0,142.0,train
5545,21_square,0,0,596.0,304.0,676.0,749.0,80.0,445.0,train
5546,21_square,0,0,525.0,831.0,703.0,446.0,178.0,-385.0,train
5547,21_square,0,0,495.0,738.0,447.0,516.0,-48.0,-222.0,train
5548,21_square,0,0,381.0,761.0,797.0,293.0,416.0,-468.0,train
5549,21_square,0,0,336.0,869.0,727.0,399.0,391.0,-470.0,train
5550,21_square,0,0,149.0,771.0,585.0,521.0,436.0,-250.0,train
5551,21_square,0,0,186.0,249.0,553.0,800.0,367.0,551.0,train
5552,21_square,0,0,802.0,448.0,875.0,900.0,73.0,452.0,train
5553,21_square,0,0,790.0,423.0,260.0,495.0,-530.0,72.0,train
5554,21_square,0,0,399.0,855.0,496.0,761.0,97.0,-94.0,train
5555,21_square,0,0,161.0,566.0,159.0,830.0,-2.0,264.0,train
5556,21_square,0,0,806.0,555.0,677.0,531.0,-129.0,-24.0,val
5557,21_square,0,0,139.0,816.0,374.0,454.0,235.0,-362.0,train
5558,21_square,0,0,629.0,883.0,156.0,490.0,-473.0,-393.0,train
5559,21_square,0,0,398.0,190.0,743.0,492.0,345.0,302.0,train
5560,21_square,0,0,314.0,783.0,455.0,534.0,141.0,-249.0,train
5561,21_square,0,0,813.0,486.0,362.0,480.0,-451.0,-6.0,train
5562,21_square,0,0,632.0,518.0,303.0,312.0,-329.0,-206.0,train
5563,21_square,0,0,105.0,541.0,801.0,372.0,696.0,-169.0,train
5564,21_square,0,0,807.0,331.0,362.0,825.0,-445.0,494.0,test
5565,21_square,0,0,651.0,630.0,771.0,677.0,120.0,47.0,train
5566,21_square,0,0,223.0,750.0,883.0,828.0,660.0,78.0,train
5567,21_square,0,0,860.0,413.0,831.0,334.0,-29.0,-79.0,train
5568,21_square,0,0,728.0,370.0,289.0,751.0,-439.0,381.0,train
5569,21_square,0,0,104.0,266.0,646.0,599.0,542.0,333.0,train
5570,21_square,0,0,305.0,625.0,564.0,524.0,259.0,-101.0,test
5571,21_square,0,0,837.0,102.0,413.0,648.0,-424.0,546.0,train
5572,21_square,0,0,405.0,866.0,838.0,446.0,433.0,-420.0,val
5573,21_square,0,0,329.0,806.0,523.0,615.0,194.0,-191.0,test
5574,21_square,0,0,394.0,475.0,122.0,891.0,-272.0,416.0,train
5575,21_square,0,0,802.0,645.0,613.0,359.0,-189.0,-286.0,train
5576,21_square,0,0,675.0,672.0,749.0,694.0,74.0,22.0,train
5577,21_square,0,0,827.0,675.0,304.0,663.0,-523.0,-12.0,train
5578,21_square,0,0,241.0,345.0,118.0,257.0,-123.0,-88.0,train
5579,21_square,0,0,318.0,838.0,203.0,331.0,-115.0,-507.0,val
5580,21_square,0,0,765.0,372.0,630.0,670.0,-135.0,298.0,train
5581,21_square,0,0,605.0,794.0,696.0,108.0,91.0,-686.0,val
5582,21_square,0,0,487.0,743.0,160.0,648.0,-327.0,-95.0,train
5583,21_square,0,0,736.0,792.0,153.0,810.0,-583.0,18.0,train
5584,21_square,0,0,657.0,456.0,432.0,313.0,-225.0,-143.0,train
5585,21_square,0,0,552.0,532.0,140.0,576.0,-412.0,44.0,train
5586,21_square,0,0,753.0,165.0,152.0,883.0,-601.0,718.0,train
5587,21_square,0,0,387.0,789.0,247.0,654.0,-140.0,-135.0,train
5588,21_square,0,0,317.0,802.0,575.0,353.0,258.0,-449.0,train
5589,21_square,0,0,773.0,209.0,283.0,591.0,-490.0,382.0,train
5590,21_square,0,0,480.0,145.0,168.0,298.0,-312.0,153.0,train
5591,21_square,0,0,840.0,518.0,713.0,666.0,-127.0,148.0,train
5592,21_square,0,0,395.0,698.0,398.0,185.0,3.0,-513.0,train
5593,21_square,0,0,647.0,815.0,253.0,688.0,-394.0,-127.0,train
5594,21_square,0,0,720.0,589.0,756.0,218.0,36.0,-371.0,train
5595,21_square,0,0,896.0,601.0,852.0,325.0,-44.0,-276.0,train
5596,21_square,0,0,648.0,792.0,728.0,856.0,80.0,64.0,train
5597,21_square,0,0,313.0,747.0,868.0,312.0,555.0,-435.0,val
5598,21_square,0,0,373.0,318.0,397.0,184.0,24.0,-134.0,train
5599,21_square,0,0,360.0,831.0,529.0,266.0,169.0,-565.0,train
5600,21_square,0,0,116.0,879.0,353.0,195.0,237.0,-684.0,train
5601,21_square,0,0,442.0,485.0,546.0,446.0,104.0,-39.0,train
5602,21_square,0,0,583.0,136.0,538.0,175.0,-45.0,39.0,val
5603,21_square,0,0,573.0,313.0,362.0,828.0,-211.0,515.0,train
5604,21_square,0,0,483.0,215.0,534.0,238.0,51.0,23.0,train
5605,21_square,0,0,829.0,338.0,502.0,381.0,-327.0,43.0,train
5606,21_square,0,0,325.0,473.0,181.0,181.0,-144.0,-292.0,train
5607,21_square,0,0,719.0,252.0,318.0,546.0,-401.0,294.0,train
5608,21_square,0,0,332.0,588.0,484.0,153.0,152.0,-435.0,train
5609,21_square,0,0,603.0,889.0,434.0,377.0,-169.0,-512.0,train
5610,21_square,0,0,679.0,258.0,555.0,757.0,-124.0,499.0,train
5611,21_square,0,0,517.0,678.0,503.0,336.0,-14.0,-342.0,train
5612,21_square,0,0,582.0,520.0,434.0,503.0,-148.0,-17.0,train
5613,21_square,0,0,345.0,649.0,732.0,656.0,387.0,7.0,val
5614,21_square,0,0,728.0,837.0,689.0,130.0,-39.0,-707.0,test
5615,21_square,0,0,385.0,400.0,618.0,666.0,233.0,266.0,val
5616,21_square,0,0,658.0,124.0,787.0,316.0,129.0,192.0,train
5617,21_square,0,0,249.0,743.0,263.0,573.0,14.0,-170.0,val
5618,21_square,0,0,355.0,592.0,648.0,347.0,293.0,-245.0,train
5619,21_square,0,0,135.0,744.0,118.0,881.0,-17.0,137.0,train
5620,21_square,0,0,701.0,401.0,695.0,468.0,-6.0,67.0,train
5621,21_square,0,0,296.0,615.0,254.0,515.0,-42.0,-100.0,val
5622,21_square,0,0,657.0,530.0,372.0,762.0,-285.0,232.0,train
5623,21_square,0,0,885.0,424.0,570.0,307.0,-315.0,-117.0,train
5624,21_square,0,0,696.0,307.0,243.0,872.0,-453.0,565.0,train
5625,21_square,0,0,569.0,261.0,395.0,857.0,-174.0,596.0,val
5626,21_square,0,0,406.0,146.0,331.0,567.0,-75.0,421.0,train
5627,21_square,0,0,567.0,702.0,129.0,328.0,-438.0,-374.0,val
5628,21_square,0,0,895.0,101.0,176.0,750.0,-719.0,649.0,train
5629,21_square,0,0,721.0,106.0,459.0,528.0,-262.0,422.0,train
5630,21_square,0,0,311.0,699.0,604.0,516.0,293.0,-183.0,train
5631,21_square,0,0,655.0,814.0,681.0,317.0,26.0,-497.0,train
5632,21_square,0,0,702.0,815.0,530.0,319.0,-172.0,-496.0,train
5633,21_square,0,0,573.0,221.0,217.0,575.0,-356.0,354.0,train
5634,21_square,0,0,319.0,819.0,772.0,666.0,453.0,-153.0,train
5635,21_square,0,0,699.0,546.0,727.0,251.0,28.0,-295.0,train
5636,21_square,0,0,731.0,694.0,849.0,457.0,118.0,-237.0,train
5637,21_square,0,0,442.0,447.0,676.0,653.0,234.0,206.0,train
5638,21_square,0,0,206.0,576.0,710.0,664.0,504.0,88.0,train
5639,21_square,0,0,607.0,345.0,257.0,564.0,-350.0,219.0,train
5640,21_square,0,0,147.0,268.0,345.0,742.0,198.0,474.0,train
5641,21_square,0,0,448.0,337.0,785.0,210.0,337.0,-127.0,train
5642,21_square,0,0,734.0,389.0,112.0,703.0,-622.0,314.0,train
5643,21_square,0,0,846.0,621.0,563.0,309.0,-283.0,-312.0,val
5644,21_square,0,0,835.0,587.0,266.0,573.0,-569.0,-14.0,train
5645,21_square,0,0,844.0,667.0,803.0,894.0,-41.0,227.0,train
5646,21_square,0,0,615.0,409.0,137.0,515.0,-478.0,106.0,train
5647,21_square,0,0,518.0,822.0,644.0,839.0,126.0,17.0,train
5648,21_square,0,0,435.0,606.0,503.0,380.0,68.0,-226.0,train
5649,21_square,0,0,297.0,657.0,239.0,846.0,-58.0,189.0,train
5650,21_square,0,0,890.0,660.0,639.0,711.0,-251.0,51.0,train
5651,21_square,0,0,779.0,210.0,280.0,511.0,-499.0,301.0,train
5652,21_square,0,0,145.0,599.0,204.0,136.0,59.0,-463.0,train
5653,21_square,0,0,752.0,740.0,102.0,864.0,-650.0,124.0,train
5654,21_square,0,0,185.0,638.0,746.0,277.0,561.0,-361.0,train
5655,21_square,0,0,584.0,114.0,828.0,496.0,244.0,382.0,train
5656,21_square,0,0,269.0,704.0,803.0,350.0,534.0,-354.0,test
5657,21_square,0,0,414.0,243.0,402.0,612.0,-12.0,369.0,train
5658,21_square,0,0,632.0,471.0,334.0,120.0,-298.0,-351.0,train
5659,21_square,0,0,786.0,855.0,429.0,183.0,-357.0,-672.0,train
5660,21_square,0,0,544.0,792.0,660.0,417.0,116.0,-375.0,train
5661,21_square,0,0,799.0,260.0,755.0,628.0,-44.0,368.0,val
5662,21_square,0,0,642.0,605.0,103.0,521.0,-539.0,-84.0,train
5663,21_square,0,0,313.0,188.0,356.0,399.0,43.0,211.0,train
5664,21_square,0,0,129.0,895.0,457.0,430.0,328.0,-465.0,train
5665,21_square,0,0,155.0,759.0,564.0,687.0,409.0,-72.0,train
5666,21_square,0,0,405.0,114.0,477.0,146.0,72.0,32.0,train
5667,21_square,0,0,758.0,753.0,468.0,591.0,-290.0,-162.0,train
5668,21_square,0,0,276.0,201.0,331.0,257.0,55.0,56.0,train
5669,21_square,0,0,580.0,729.0,286.0,721.0,-294.0,-8.0,train
5670,21_square,0,0,510.0,722.0,826.0,864.0,316.0,142.0,train
5671,21_square,0,0,199.0,593.0,397.0,447.0,198.0,-146.0,train
5672,21_square,0,0,239.0,128.0,802.0,816.0,563.0,688.0,train
5673,21_square,0,0,507.0,579.0,130.0,692.0,-377.0,113.0,train
5674,21_square,0,0,296.0,516.0,313.0,125.0,17.0,-391.0,train
5675,21_square,0,0,351.0,124.0,779.0,582.0,428.0,458.0,val
5676,21_square,0,0,324.0,686.0,797.0,612.0,473.0,-74.0,train
5677,21_square,0,0,859.0,294.0,806.0,858.0,-53.0,564.0,train
5678,21_square,0,0,578.0,405.0,303.0,599.0,-275.0,194.0,train
5679,21_square,0,0,145.0,374.0,230.0,753.0,85.0,379.0,train
5680,21_square,0,0,148.0,467.0,212.0,425.0,64.0,-42.0,val
5681,21_square,0,0,471.0,539.0,255.0,579.0,-216.0,40.0,train
5682,21_square,0,0,332.0,592.0,272.0,478.0,-60.0,-114.0,test
5683,21_square,0,0,654.0,751.0,701.0,534.0,47.0,-217.0,val
5684,21_square,0,0,478.0,163.0,815.0,480.0,337.0,317.0,train
5685,21_square,0,0,265.0,641.0,898.0,536.0,633.0,-105.0,test
5686,21_square,0,0,660.0,173.0,195.0,713.0,-465.0,540.0,train
5687,21_square,0,0,513.0,123.0,573.0,145.0,60.0,22.0,train
5688,21_square,0,0,823.0,863.0,148.0,530.0,-675.0,-333.0,train
5689,21_square,0,0,764.0,120.0,718.0,768.0,-46.0,648.0,train
5690,21_square,0,0,655.0,493.0,870.0,858.0,215.0,365.0,train
5691,21_square,0,0,375.0,832.0,226.0,436.0,-149.0,-396.0,train
5692,21_square,0,0,697.0,330.0,879.0,142.0,182.0,-188.0,train
5693,21_square,0,0,294.0,562.0,671.0,249.0,377.0,-313.0,val
5694,21_square,0,0,281.0,409.0,100.0,189.0,-181.0,-220.0,val
5695,21_square,0,0,730.0,254.0,289.0,204.0,-441.0,-50.0,test
5696,21_square,0,0,480.0,503.0,583.0,818.0,103.0,315.0,train
5697,21_square,0,0,558.0,350.0,578.0,209.0,20.0,-141.0,train
5698,21_square,0,0,318.0,689.0,611.0,848.0,293.0,159.0,train
5699,21_square,0,0,212.0,237.0,850.0,159.0,638.0,-78.0,test
5700,21_square,0,0,168.0,776.0,731.0,714.0,563.0,-62.0,train
5701,21_square,0,0,438.0,312.0,119.0,367.0,-319.0,55.0,train
5702,21_square,0,0,200.0,555.0,408.0,481.0,208.0,-74.0,train
5703,21_square,0,0,567.0,879.0,467.0,455.0,-100.0,-424.0,train
5704,21_square,0,0,378.0,367.0,723.0,629.0,345.0,262.0,train
5705,21_square,0,0,481.0,199.0,345.0,697.0,-136.0,498.0,train
5706,21_square,0,0,653.0,451.0,672.0,344.0,19.0,-107.0,train
5707,21_square,0,0,224.0,257.0,165.0,572.0,-59.0,315.0,train
5708,21_square,0,0,795.0,792.0,762.0,336.0,-33.0,-456.0,train
5709,21_square,0,0,208.0,661.0,326.0,673.0,118.0,12.0,train
5710,21_square,0,0,818.0,141.0,209.0,398.0,-609.0,257.0,test
5711,21_square,0,0,807.0,638.0,601.0,398.0,-206.0,-240.0,train
5712,21_square,0,0,152.0,168.0,736.0,412.0,584.0,244.0,test
5713,21_square,0,0,116.0,354.0,823.0,115.0,707.0,-239.0,val
5714,21_square,0,0,813.0,684.0,861.0,330.0,48.0,-354.0,test
5715,21_square,0,0,512.0,819.0,219.0,196.0,-293.0,-623.0,train
5716,21_square,0,0,860.0,888.0,197.0,197.0,-663.0,-691.0,train
5717,21_square,0,0,797.0,551.0,787.0,892.0,-10.0,341.0,train
5718,21_square,0,0,597.0,694.0,500.0,353.0,-97.0,-341.0,train
5719,21_square,0,0,216.0,744.0,373.0,891.0,157.0,147.0,train
5720,21_square,0,0,183.0,328.0,609.0,295.0,426.0,-33.0,train
5721,21_square,0,0,574.0,100.0,453.0,857.0,-121.0,757.0,train
5722,21_square,0,0,336.0,143.0,673.0,310.0,337.0,167.0,train
5723,21_square,0,0,596.0,898.0,130.0,566.0,-466.0,-332.0,train
5724,21_square,0,0,835.0,815.0,740.0,757.0,-95.0,-58.0,train
5725,21_square,0,0,837.0,362.0,770.0,845.0,-67.0,483.0,train
5726,21_square,0,0,612.0,698.0,341.0,741.0,-271.0,43.0,train
5727,21_square,0,0,887.0,175.0,347.0,468.0,-540.0,293.0,train
5728,21_square,0,0,219.0,655.0,876.0,630.0,657.0,-25.0,train
5729,21_square,0,0,564.0,700.0,593.0,671.0,29.0,-29.0,train
5730,21_square,0,0,460.0,443.0,653.0,771.0,193.0,328.0,train
5731,21_square,0,0,455.0,286.0,719.0,146.0,264.0,-140.0,val
5732,21_square,0,0,603.0,405.0,665.0,552.0,62.0,147.0,train
5733,21_square,0,0,738.0,379.0,701.0,334.0,-37.0,-45.0,train
5734,21_square,0,0,398.0,442.0,778.0,330.0,380.0,-112.0,train
5735,21_square,0,0,519.0,394.0,214.0,872.0,-305.0,478.0,test
5736,21_square,0,0,126.0,213.0,237.0,544.0,111.0,331.0,train
5737,21_square,0,0,429.0,646.0,767.0,515.0,338.0,-131.0,val
5738,21_square,0,0,386.0,493.0,825.0,139.0,439.0,-354.0,train
5739,21_square,0,0,766.0,684.0,748.0,562.0,-18.0,-122.0,train
5740,21_square,0,0,214.0,486.0,216.0,287.0,2.0,-199.0,val
5741,21_square,0,0,688.0,260.0,838.0,380.0,150.0,120.0,val
5742,21_square,0,0,747.0,486.0,534.0,898.0,-213.0,412.0,val
5743,21_square,0,0,211.0,497.0,359.0,773.0,148.0,276.0,test
5744,21_square,0,0,562.0,760.0,531.0,365.0,-31.0,-395.0,train
5745,21_square,0,0,766.0,293.0,659.0,103.0,-107.0,-190.0,train
5746,21_square,0,0,350.0,290.0,337.0,430.0,-13.0,140.0,train
5747,21_square,0,0,439.0,305.0,760.0,391.0,321.0,86.0,train
5748,21_square,0,0,625.0,815.0,239.0,671.0,-386.0,-144.0,train
5749,21_square,0,0,528.0,219.0,438.0,213.0,-90.0,-6.0,train
5750,21_square,0,0,408.0,349.0,771.0,560.0,363.0,211.0,test
5751,21_square,0,0,510.0,897.0,787.0,181.0,277.0,-716.0,train
5752,21_square,0,0,122.0,605.0,866.0,877.0,744.0,272.0,train
5753,21_square,0,0,410.0,320.0,497.0,405.0,87.0,85.0,train
5754,21_square,0,0,361.0,485.0,561.0,765.0,200.0,280.0,train
5755,21_square,0,0,645.0,490.0,316.0,223.0,-329.0,-267.0,train
5756,21_square,0,0,149.0,263.0,362.0,218.0,213.0,-45.0,test
5757,21_square,0,0,794.0,242.0,636.0,630.0,-158.0,388.0,train
5758,21_square,0,0,427.0,459.0,899.0,148.0,472.0,-311.0,train
5759,21_square,0,0,443.0,245.0,837.0,567.0,394.0,322.0,train
5760,21_square,0,0,616.0,230.0,528.0,158.0,-88.0,-72.0,train
5761,21_square,0,0,841.0,792.0,890.0,240.0,49.0,-552.0,train
5762,21_square,0,0,742.0,248.0,217.0,189.0,-525.0,-59.0,test
5763,21_square,0,0,396.0,582.0,335.0,682.0,-61.0,100.0,train
5764,21_square,0,0,742.0,186.0,480.0,590.0,-262.0,404.0,train
5765,21_square,0,0,312.0,249.0,417.0,826.0,105.0,577.0,val
5766,21_square,0,0,896.0,451.0,364.0,155.0,-532.0,-296.0,test
5767,21_square,0,0,568.0,663.0,219.0,431.0,-349.0,-232.0,val
5768,21_square,0,0,749.0,531.0,850.0,861.0,101.0,330.0,val
5769,21_square,0,0,527.0,722.0,243.0,219.0,-284.0,-503.0,val
5770,21_square,0,0,397.0,125.0,773.0,248.0,376.0,123.0,train
5771,21_square,0,0,465.0,651.0,350.0,457.0,-115.0,-194.0,train
5772,21_square,0,0,405.0,252.0,455.0,807.0,50.0,555.0,val
5773,21_square,0,0,361.0,842.0,858.0,166.0,497.0,-676.0,train
5774,21_square,0,0,538.0,718.0,274.0,527.0,-264.0,-191.0,val
5775,21_square,0,0,673.0,816.0,305.0,838.0,-368.0,22.0,val
5776,21_square,0,0,835.0,801.0,275.0,860.0,-560.0,59.0,train
5777,21_square,0,0,380.0,103.0,723.0,557.0,343.0,454.0,train
5778,21_square,0,0,163.0,803.0,734.0,383.0,571.0,-420.0,train
5779,21_square,0,0,256.0,378.0,715.0,299.0,459.0,-79.0,train
5780,21_square,0,0,149.0,376.0,588.0,803.0,439.0,427.0,train
5781,21_square,0,0,805.0,411.0,831.0,743.0,26.0,332.0,train
5782,21_square,0,0,713.0,506.0,245.0,223.0,-468.0,-283.0,train
5783,21_square,0,0,637.0,777.0,162.0,219.0,-475.0,-558.0,train
5784,21_square,0,0,751.0,652.0,445.0,471.0,-306.0,-181.0,train
5785,21_square,0,0,682.0,895.0,295.0,774.0,-387.0,-121.0,train
5786,21_square,0,0,645.0,849.0,262.0,102.0,-383.0,-747.0,train
5787,21_square,0,0,843.0,602.0,261.0,327.0,-582.0,-275.0,train
5788,21_square,0,0,357.0,705.0,332.0,510.0,-25.0,-195.0,train
5789,21_square,0,0,318.0,515.0,207.0,619.0,-111.0,104.0,train
5790,21_square,0,0,346.0,290.0,894.0,370.0,548.0,80.0,train
5791,21_square,0,0,168.0,154.0,508.0,489.0,340.0,335.0,train
5792,21_square,0,0,370.0,486.0,221.0,276.0,-149.0,-210.0,train
5793,21_square,0,0,649.0,869.0,317.0,613.0,-332.0,-256.0,train
5794,21_square,0,0,825.0,898.0,450.0,253.0,-375.0,-645.0,train
5795,21_square,0,0,641.0,172.0,611.0,268.0,-30.0,96.0,train
5796,21_square,0,0,368.0,815.0,879.0,874.0,511.0,59.0,train
5797,21_square,0,0,282.0,178.0,434.0,531.0,152.0,353.0,train
5798,21_square,0,0,406.0,460.0,593.0,106.0,187.0,-354.0,train
5799,21_square,0,0,886.0,174.0,656.0,267.0,-230.0,93.0,val
5800,21_square,0,0,607.0,552.0,900.0,273.0,293.0,-279.0,train
5801,21_square,0,0,172.0,716.0,306.0,413.0,134.0,-303.0,train
5802,21_square,0,0,221.0,343.0,343.0,349.0,122.0,6.0,train
5803,21_square,0,0,575.0,802.0,169.0,367.0,-406.0,-435.0,train
5804,21_square,0,0,106.0,572.0,871.0,830.0,765.0,258.0,train
5805,21_square,0,0,663.0,597.0,740.0,355.0,77.0,-242.0,train
5806,21_square,0,0,765.0,530.0,493.0,427.0,-272.0,-103.0,train
5807,21_square,0,0,867.0,590.0,599.0,689.0,-268.0,99.0,val
5808,21_square,0,0,794.0,316.0,841.0,144.0,47.0,-172.0,train
5809,21_square,0,0,652.0,750.0,209.0,106.0,-443.0,-644.0,train
5810,21_square,0,0,792.0,207.0,634.0,738.0,-158.0,531.0,train
5811,21_square,0,0,361.0,743.0,519.0,463.0,158.0,-280.0,train
5812,21_square,0,0,671.0,155.0,478.0,428.0,-193.0,273.0,test
5813,21_square,0,0,417.0,370.0,604.0,194.0,187.0,-176.0,train
5814,21_square,0,0,808.0,360.0,459.0,344.0,-349.0,-16.0,train
5815,21_square,0,0,516.0,664.0,573.0,607.0,57.0,-57.0,test
5816,21_square,0,0,196.0,601.0,891.0,773.0,695.0,172.0,test
5817,21_square,0,0,780.0,189.0,416.0,191.0,-364.0,2.0,train
5818,21_square,0,0,191.0,779.0,591.0,805.0,400.0,26.0,train
5819,21_square,0,0,281.0,171.0,788.0,393.0,507.0,222.0,train
5820,21_square,0,0,406.0,416.0,204.0,881.0,-202.0,465.0,train
5821,21_square,0,0,341.0,405.0,174.0,233.0,-167.0,-172.0,train
5822,21_square,0,0,865.0,587.0,797.0,162.0,-68.0,-425.0,train
5823,21_square,0,0,478.0,274.0,153.0,832.0,-325.0,558.0,train
5824,21_square,0,0,663.0,587.0,820.0,304.0,157.0,-283.0,train
5825,21_square,0,0,758.0,776.0,537.0,834.0,-221.0,58.0,train
5826,21_square,0,0,127.0,402.0,236.0,587.0,109.0,185.0,train
5827,21_square,0,0,652.0,439.0,328.0,417.0,-324.0,-22.0,train
5828,21_square,0,0,600.0,418.0,513.0,163.0,-87.0,-255.0,train
5829,21_square,0,0,615.0,812.0,611.0,883.0,-4.0,71.0,train
5830,21_square,0,0,784.0,632.0,711.0,100.0,-73.0,-532.0,val
5831,21_square,0,0,678.0,863.0,750.0,183.0,72.0,-680.0,train
5832,21_square,0,0,868.0,845.0,803.0,757.0,-65.0,-88.0,train
5833,21_square,0,0,777.0,733.0,498.0,650.0,-279.0,-83.0,train
5834,21_square,0,0,649.0,812.0,800.0,176.0,151.0,-636.0,val
5835,21_square,0,0,856.0,539.0,107.0,400.0,-749.0,-139.0,train
5836,21_square,0,0,609.0,402.0,436.0,286.0,-173.0,-116.0,train
5837,21_square,0,0,698.0,200.0,393.0,502.0,-305.0,302.0,val
5838,21_square,0,0,706.0,825.0,570.0,381.0,-136.0,-444.0,train
5839,21_square,0,0,770.0,514.0,302.0,479.0,-468.0,-35.0,test
5840,21_square,0,0,154.0,229.0,441.0,513.0,287.0,284.0,train
5841,21_square,0,0,821.0,233.0,700.0,218.0,-121.0,-15.0,train
5842,21_square,0,0,866.0,328.0,340.0,730.0,-526.0,402.0,test
5843,21_square,0,0,415.0,494.0,147.0,251.0,-268.0,-243.0,train
5844,21_square,0,0,703.0,406.0,301.0,678.0,-402.0,272.0,train
5845,21_square,0,0,211.0,849.0,582.0,900.0,371.0,51.0,train
5846,21_square,0,0,312.0,657.0,811.0,834.0,499.0,177.0,train
5847,21_square,0,0,864.0,336.0,610.0,188.0,-254.0,-148.0,train
5848,21_square,0,0,365.0,691.0,313.0,676.0,-52.0,-15.0,train
5849,21_square,0,0,152.0,679.0,124.0,130.0,-28.0,-549.0,test
5850,21_square,0,0,898.0,640.0,830.0,750.0,-68.0,110.0,train
5851,21_square,0,0,216.0,259.0,108.0,475.0,-108.0,216.0,train
5852,21_square,0,0,559.0,297.0,786.0,760.0,227.0,463.0,train
5853,21_square,0,0,513.0,831.0,365.0,724.0,-148.0,-107.0,train
5854,21_square,0,0,738.0,688.0,604.0,425.0,-134.0,-263.0,train
5855,21_square,0,0,400.0,634.0,557.0,787.0,157.0,153.0,train
5856,21_square,0,0,888.0,642.0,484.0,370.0,-404.0,-272.0,train
5857,21_square,0,0,252.0,802.0,436.0,436.0,184.0,-366.0,train
5858,21_square,0,0,179.0,406.0,199.0,233.0,20.0,-173.0,test
5859,21_square,0,0,604.0,854.0,783.0,391.0,179.0,-463.0,val
5860,21_square,0,0,374.0,650.0,415.0,574.0,41.0,-76.0,train
5861,21_square,0,0,484.0,370.0,196.0,724.0,-288.0,354.0,train
5862,21_square,0,0,884.0,456.0,749.0,774.0,-135.0,318.0,train
5863,21_square,0,0,696.0,254.0,728.0,227.0,32.0,-27.0,test
5864,21_square,0,0,495.0,342.0,640.0,315.0,145.0,-27.0,train
5865,21_square,0,0,270.0,804.0,795.0,705.0,525.0,-99.0,test
5866,21_square,0,0,738.0,138.0,841.0,428.0,103.0,290.0,train
5867,21_square,0,0,753.0,739.0,604.0,628.0,-149.0,-111.0,train
5868,21_square,0,0,236.0,474.0,339.0,881.0,103.0,407.0,train
5869,21_square,0,0,240.0,237.0,634.0,889.0,394.0,652.0,train
5870,21_square,0,0,392.0,181.0,807.0,877.0,415.0,696.0,train
5871,21_square,0,0,830.0,278.0,412.0,109.0,-418.0,-169.0,train
5872,21_square,0,0,564.0,186.0,529.0,114.0,-35.0,-72.0,train
5873,21_square,0,0,724.0,586.0,168.0,146.0,-556.0,-440.0,train
5874,21_square,0,0,560.0,377.0,385.0,661.0,-175.0,284.0,train
5875,21_square,0,0,410.0,811.0,551.0,148.0,141.0,-663.0,train
5876,21_square,0,0,122.0,132.0,408.0,392.0,286.0,260.0,train
5877,21_square,0,0,769.0,766.0,285.0,284.0,-484.0,-482.0,train
5878,21_square,0,0,567.0,185.0,102.0,821.0,-465.0,636.0,train
5879,21_square,0,0,196.0,882.0,731.0,734.0,535.0,-148.0,train
5880,21_square,0,0,725.0,121.0,606.0,472.0,-119.0,351.0,train
5881,21_square,0,0,672.0,678.0,123.0,606.0,-549.0,-72.0,test
5882,21_square,0,0,264.0,674.0,226.0,425.0,-38.0,-249.0,train
5883,21_square,0,0,561.0,740.0,300.0,214.0,-261.0,-526.0,val
5884,21_square,0,0,532.0,163.0,785.0,659.0,253.0,496.0,train
5885,21_square,0,0,370.0,406.0,369.0,420.0,-1.0,14.0,train
5886,21_square,0,0,188.0,527.0,715.0,168.0,527.0,-359.0,train
5887,21_square,0,0,195.0,597.0,146.0,624.0,-49.0,27.0,train
5888,21_square,0,0,642.0,797.0,433.0,303.0,-209.0,-494.0,test
5889,21_square,0,0,318.0,263.0,598.0,875.0,280.0,612.0,train
5890,21_square,0,0,269.0,406.0,327.0,543.0,58.0,137.0,train
5891,21_square,0,0,693.0,645.0,214.0,500.0,-479.0,-145.0,train
5892,21_square,0,0,246.0,107.0,475.0,251.0,229.0,144.0,train
5893,21_square,0,0,715.0,636.0,573.0,459.0,-142.0,-177.0,train
5894,21_square,0,0,736.0,318.0,180.0,298.0,-556.0,-20.0,train
5895,21_square,0,0,806.0,443.0,403.0,623.0,-403.0,180.0,train
5896,21_square,0,0,122.0,746.0,788.0,798.0,666.0,52.0,test
5897,21_square,0,0,594.0,734.0,134.0,156.0,-460.0,-578.0,train
5898,21_square,0,0,887.0,401.0,110.0,750.0,-777.0,349.0,train
5899,21_square,0,0,851.0,269.0,772.0,736.0,-79.0,467.0,train
5900,21_square,0,0,390.0,719.0,474.0,379.0,84.0,-340.0,test
5901,21_square,0,0,254.0,645.0,365.0,126.0,111.0,-519.0,train
5902,21_square,0,0,335.0,220.0,624.0,692.0,289.0,472.0,train
5903,21_square,0,0,368.0,332.0,827.0,408.0,459.0,76.0,train
5904,21_square,0,0,529.0,476.0,887.0,758.0,358.0,282.0,test
5905,21_square,0,0,318.0,562.0,607.0,640.0,289.0,78.0,train
5906,21_square,0,0,415.0,774.0,673.0,762.0,258.0,-12.0,train
5907,21_square,0,0,201.0,241.0,571.0,472.0,370.0,231.0,train
5908,21_square,0,0,500.0,801.0,631.0,397.0,131.0,-404.0,val
5909,21_square,0,0,819.0,756.0,557.0,888.0,-262.0,132.0,train
5910,21_square,0,0,706.0,439.0,757.0,676.0,51.0,237.0,val
5911,21_square,0,0,566.0,192.0,838.0,360.0,272.0,168.0,train
5912,21_square,0,0,185.0,753.0,328.0,890.0,143.0,137.0,train
5913,21_square,0,0,626.0,862.0,712.0,894.0,86.0,32.0,train
5914,21_square,0,0,428.0,555.0,879.0,780.0,451.0,225.0,val
5915,21_square,0,0,450.0,447.0,658.0,605.0,208.0,158.0,train
5916,21_square,0,0,623.0,871.0,261.0,226.0,-362.0,-645.0,train
5917,21_square,0,0,618.0,538.0,180.0,546.0,-438.0,8.0,train
5918,21_square,0,0,647.0,110.0,402.0,713.0,-245.0,603.0,train
5919,21_square,0,0,144.0,621.0,251.0,882.0,107.0,261.0,train
5920,21_square,0,0,715.0,672.0,850.0,169.0,135.0,-503.0,train
5921,21_square,0,0,587.0,769.0,150.0,127.0,-437.0,-642.0,test
5922,21_square,0,0,861.0,343.0,430.0,241.0,-431.0,-102.0,train
5923,21_square,0,0,747.0,356.0,707.0,797.0,-40.0,441.0,train
5924,21_square,0,0,854.0,859.0,868.0,473.0,14.0,-386.0,train
5925,21_square,0,0,875.0,335.0,188.0,882.0,-687.0,547.0,train
5926,21_square,0,0,377.0,419.0,655.0,128.0,278.0,-291.0,train
5927,21_square,0,0,144.0,802.0,297.0,379.0,153.0,-423.0,train
5928,21_square,0,0,140.0,384.0,475.0,290.0,335.0,-94.0,val
5929,21_square,0,0,797.0,177.0,271.0,347.0,-526.0,170.0,train
5930,21_square,0,0,344.0,434.0,397.0,193.0,53.0,-241.0,train
5931,21_square,0,0,313.0,531.0,330.0,417.0,17.0,-114.0,test
5932,21_square,0,0,371.0,370.0,144.0,741.0,-227.0,371.0,train
5933,21_square,0,0,126.0,180.0,672.0,235.0,546.0,55.0,train
5934,21_square,0,0,596.0,239.0,695.0,891.0,99.0,652.0,val
5935,21_square,0,0,453.0,428.0,624.0,578.0,171.0,150.0,train
5936,21_square,0,0,205.0,642.0,474.0,514.0,269.0,-128.0,train
5937,21_square,0,0,783.0,462.0,308.0,526.0,-475.0,64.0,train
5938,21_square,0,0,162.0,805.0,588.0,881.0,426.0,76.0,train
5939,21_square,0,0,626.0,342.0,356.0,253.0,-270.0,-89.0,train
5940,21_square,0,0,461.0,736.0,900.0,331.0,439.0,-405.0,train
5941,21_square,0,0,506.0,825.0,698.0,208.0,192.0,-617.0,train
5942,21_square,0,0,474.0,513.0,487.0,425.0,13.0,-88.0,train
5943,21_square,0,0,235.0,362.0,584.0,336.0,349.0,-26.0,test
5944,21_square,0,0,189.0,845.0,316.0,282.0,127.0,-563.0,train
5945,21_square,0,0,111.0,705.0,687.0,298.0,576.0,-407.0,train
5946,21_square,0,0,134.0,503.0,773.0,490.0,639.0,-13.0,train
5947,21_square,0,0,486.0,697.0,453.0,675.0,-33.0,-22.0,train
5948,21_square,0,0,781.0,864.0,731.0,673.0,-50.0,-191.0,train
5949,21_square,0,0,380.0,240.0,766.0,104.0,386.0,-136.0,train
5950,21_square,0,0,604.0,551.0,500.0,456.0,-104.0,-95.0,val
5951,21_square,0,0,270.0,532.0,647.0,367.0,377.0,-165.0,train
5952,21_square,0,0,614.0,428.0,144.0,482.0,-470.0,54.0,train
5953,21_square,0,0,570.0,323.0,199.0,685.0,-371.0,362.0,val
5954,21_square,0,0,178.0,380.0,185.0,646.0,7.0,266.0,train
5955,21_square,0,0,509.0,830.0,265.0,457.0,-244.0,-373.0,train
5956,21_square,0,0,892.0,413.0,173.0,492.0,-719.0,79.0,train
5957,21_square,0,0,810.0,493.0,578.0,567.0,-232.0,74.0,train
5958,21_square,0,0,111.0,834.0,104.0,346.0,-7.0,-488.0,test
5959,21_square,0,0,234.0,803.0,174.0,179.0,-60.0,-624.0,train
5960,21_square,0,0,639.0,833.0,756.0,200.0,117.0,-633.0,train
5961,21_square,0,0,366.0,894.0,323.0,379.0,-43.0,-515.0,train
5962,21_square,0,0,135.0,900.0,481.0,655.0,346.0,-245.0,train
5963,21_square,0,0,372.0,809.0,875.0,126.0,503.0,-683.0,train
5964,21_square,0,0,417.0,427.0,130.0,415.0,-287.0,-12.0,train
5965,21_square,0,0,440.0,748.0,552.0,469.0,112.0,-279.0,train
5966,21_square,0,0,410.0,573.0,619.0,625.0,209.0,52.0,val
5967,21_square,0,0,613.0,714.0,127.0,817.0,-486.0,103.0,train
5968,21_square,0,0,468.0,160.0,101.0,734.0,-367.0,574.0,train
5969,21_square,0,0,181.0,371.0,734.0,499.0,553.0,128.0,train
5970,21_square,0,0,846.0,351.0,775.0,287.0,-71.0,-64.0,val
5971,21_square,0,0,317.0,892.0,740.0,207.0,423.0,-685.0,train
5972,21_square,0,0,806.0,668.0,512.0,388.0,-294.0,-280.0,test
5973,21_square,0,0,569.0,657.0,357.0,392.0,-212.0,-265.0,train
5974,21_square,0,0,577.0,591.0,667.0,204.0,90.0,-387.0,train
5975,21_square,0,0,855.0,826.0,327.0,242.0,-528.0,-584.0,train
5976,21_square,0,0,122.0,141.0,641.0,381.0,519.0,240.0,train
5977,21_square,0,0,821.0,577.0,522.0,844.0,-299.0,267.0,train
5978,21_square,0,0,477.0,134.0,141.0,332.0,-336.0,198.0,train
5979,21_square,0,0,241.0,781.0,453.0,151.0,212.0,-630.0,test
5980,21_square,0,0,507.0,242.0,849.0,270.0,342.0,28.0,train
5981,21_square,0,0,249.0,836.0,516.0,691.0,267.0,-145.0,train
5982,21_square,0,0,806.0,696.0,714.0,832.0,-92.0,136.0,train
5983,21_square,0,0,594.0,851.0,683.0,577.0,89.0,-274.0,train
5984,21_square,0,0,539.0,156.0,580.0,704.0,41.0,548.0,train
5985,21_square,0,0,881.0,278.0,362.0,392.0,-519.0,114.0,train
5986,21_square,0,0,160.0,120.0,746.0,812.0,586.0,692.0,train
5987,21_square,0,0,283.0,353.0,121.0,489.0,-162.0,136.0,train
5988,21_square,0,0,624.0,545.0,304.0,269.0,-320.0,-276.0,train
5989,21_square,0,0,608.0,543.0,486.0,270.0,-122.0,-273.0,train
5990,21_square,0,0,769.0,495.0,492.0,226.0,-277.0,-269.0,train
5991,21_square,0,0,497.0,660.0,391.0,762.0,-106.0,102.0,train
5992,21_square,0,0,166.0,432.0,691.0,626.0,525.0,194.0,test
5993,21_square,0,0,301.0,860.0,809.0,861.0,508.0,1.0,train
5994,21_square,0,0,498.0,334.0,151.0,619.0,-347.0,285.0,train
5995,21_square,0,0,427.0,492.0,693.0,348.0,266.0,-144.0,test
5996,21_square,0,0,562.0,339.0,398.0,853.0,-164.0,514.0,val
5997,21_square,0,0,338.0,583.0,229.0,732.0,-109.0,149.0,train
5998,21_square,0,0,277.0,336.0,387.0,222.0,110.0,-114.0,train
5999,21_square,0,0,700.0,593.0,174.0,190.0,-526.0,-403.0,test
6000,29_square,0,0,771.0,690.0,880.0,469.0,109.0,-221.0,train
6001,29_square,0,0,610.0,340.0,362.0,704.0,-248.0,364.0,train
6002,29_square,0,0,102.0,813.0,613.0,533.0,511.0,-280.0,train
6003,29_square,0,0,529.0,806.0,527.0,893.0,-2.0,87.0,train
6004,29_square,0,0,517.0,865.0,164.0,350.0,-353.0,-515.0,train
6005,29_square,0,0,407.0,768.0,174.0,563.0,-233.0,-205.0,train
6006,29_square,0,0,660.0,144.0,752.0,503.0,92.0,359.0,train
6007,29_square,0,0,824.0,138.0,536.0,259.0,-288.0,121.0,train
6008,29_square,0,0,587.0,788.0,150.0,386.0,-437.0,-402.0,train
6009,29_square,0,0,843.0,207.0,508.0,301.0,-335.0,94.0,train
6010,29_square,0,0,891.0,360.0,422.0,703.0,-469.0,343.0,train
6011,29_square,0,0,272.0,707.0,396.0,588.0,124.0,-119.0,test
6012,29_square,0,0,372.0,693.0,305.0,776.0,-67.0,83.0,train
6013,29_square,0,0,376.0,885.0,545.0,759.0,169.0,-126.0,test
6014,29_square,0,0,606.0,792.0,315.0,350.0,-291.0,-442.0,train
6015,29_square,0,0,873.0,849.0,100.0,566.0,-773.0,-283.0,train
6016,29_square,0,0,272.0,271.0,134.0,175.0,-138.0,-96.0,train
6017,29_square,0,0,881.0,674.0,675.0,110.0,-206.0,-564.0,train
6018,29_square,0,0,548.0,538.0,313.0,216.0,-235.0,-322.0,train
6019,29_square,0,0,758.0,251.0,269.0,822.0,-489.0,571.0,train
6020,29_square,0,0,783.0,129.0,177.0,153.0,-606.0,24.0,train
6021,29_square,0,0,609.0,859.0,271.0,286.0,-338.0,-573.0,train
6022,29_square,0,0,583.0,830.0,242.0,277.0,-341.0,-553.0,train
6023,29_square,0,0,765.0,208.0,794.0,835.0,29.0,627.0,train
6024,29_square,0,0,859.0,182.0,689.0,435.0,-170.0,253.0,train
6025,29_square,0,0,822.0,553.0,615.0,344.0,-207.0,-209.0,val
6026,29_square,0,0,289.0,800.0,318.0,276.0,29.0,-524.0,train
6027,29_square,0,0,170.0,427.0,648.0,574.0,478.0,147.0,test
6028,29_square,0,0,137.0,836.0,165.0,816.0,28.0,-20.0,val
6029,29_square,0,0,547.0,783.0,564.0,614.0,17.0,-169.0,train
6030,29_square,0,0,490.0,590.0,814.0,548.0,324.0,-42.0,train
6031,29_square,0,0,596.0,443.0,135.0,767.0,-461.0,324.0,train
6032,29_square,0,0,374.0,269.0,720.0,560.0,346.0,291.0,train
6033,29_square,0,0,788.0,707.0,292.0,192.0,-496.0,-515.0,train
6034,29_square,0,0,802.0,319.0,183.0,646.0,-619.0,327.0,train
6035,29_square,0,0,158.0,360.0,537.0,170.0,379.0,-190.0,train
6036,29_square,0,0,168.0,359.0,129.0,488.0,-39.0,129.0,train
6037,29_square,0,0,525.0,759.0,539.0,598.0,14.0,-161.0,train
6038,29_square,0,0,566.0,605.0,543.0,645.0,-23.0,40.0,train
6039,29_square,0,0,273.0,761.0,498.0,533.0,225.0,-228.0,test
6040,29_square,0,0,614.0,827.0,391.0,720.0,-223.0,-107.0,train
6041,29_square,0,0,872.0,513.0,151.0,794.0,-721.0,281.0,train
6042,29_square,0,0,543.0,180.0,192.0,812.0,-351.0,632.0,train
6043,29_square,0,0,470.0,746.0,423.0,238.0,-47.0,-508.0,train
6044,29_square,0,0,618.0,335.0,149.0,361.0,-469.0,26.0,val
6045,29_square,0,0,377.0,275.0,598.0,225.0,221.0,-50.0,train
6046,29_square,0,0,586.0,189.0,762.0,381.0,176.0,192.0,test
6047,29_square,0,0,634.0,617.0,341.0,748.0,-293.0,131.0,train
6048,29_square,0,0,705.0,602.0,598.0,312.0,-107.0,-290.0,train
6049,29_square,0,0,217.0,706.0,423.0,604.0,206.0,-102.0,train
6050,29_square,0,0,255.0,807.0,497.0,841.0,242.0,34.0,train
6051,29_square,0,0,781.0,187.0,418.0,512.0,-363.0,325.0,train
6052,29_square,0,0,405.0,457.0,783.0,743.0,378.0,286.0,train
6053,29_square,0,0,580.0,615.0,513.0,874.0,-67.0,259.0,val
6054,29_square,0,0,758.0,736.0,629.0,596.0,-129.0,-140.0,train
6055,29_square,0,0,126.0,505.0,332.0,221.0,206.0,-284.0,test
6056,29_square,0,0,784.0,421.0,489.0,421.0,-295.0,0.0,train
6057,29_square,0,0,589.0,270.0,711.0,216.0,122.0,-54.0,train
6058,29_square,0,0,316.0,462.0,499.0,606.0,183.0,144.0,train
6059,29_square,0,0,311.0,578.0,668.0,555.0,357.0,-23.0,test
6060,29_square,0,0,207.0,307.0,715.0,392.0,508.0,85.0,train
6061,29_square,0,0,318.0,616.0,384.0,522.0,66.0,-94.0,train
6062,29_square,0,0,266.0,416.0,441.0,156.0,175.0,-260.0,train
6063,29_square,0,0,135.0,465.0,672.0,536.0,537.0,71.0,train
6064,29_square,0,0,693.0,730.0,246.0,793.0,-447.0,63.0,train
6065,29_square,0,0,792.0,812.0,574.0,464.0,-218.0,-348.0,train
6066,29_square,0,0,826.0,675.0,781.0,650.0,-45.0,-25.0,train
6067,29_square,0,0,448.0,511.0,190.0,321.0,-258.0,-190.0,train
6068,29_square,0,0,431.0,145.0,709.0,572.0,278.0,427.0,train
6069,29_square,0,0,747.0,257.0,214.0,390.0,-533.0,133.0,test
6070,29_square,0,0,150.0,378.0,376.0,694.0,226.0,316.0,train
6071,29_square,0,0,371.0,589.0,480.0,235.0,109.0,-354.0,train
6072,29_square,0,0,356.0,145.0,528.0,510.0,172.0,365.0,test
6073,29_square,0,0,604.0,444.0,605.0,477.0,1.0,33.0,train
6074,29_square,0,0,811.0,543.0,809.0,105.0,-2.0,-438.0,train
6075,29_square,0,0,142.0,805.0,803.0,222.0,661.0,-583.0,test
6076,29_square,0,0,158.0,185.0,130.0,148.0,-28.0,-37.0,train
6077,29_square,0,0,874.0,333.0,342.0,669.0,-532.0,336.0,test
6078,29_square,0,0,334.0,876.0,197.0,129.0,-137.0,-747.0,train
6079,29_square,0,0,156.0,742.0,169.0,543.0,13.0,-199.0,train
6080,29_square,0,0,787.0,541.0,647.0,654.0,-140.0,113.0,train
6081,29_square,0,0,679.0,888.0,751.0,792.0,72.0,-96.0,val
6082,29_square,0,0,145.0,158.0,357.0,154.0,212.0,-4.0,train
6083,29_square,0,0,718.0,344.0,709.0,891.0,-9.0,547.0,train
6084,29_square,0,0,435.0,639.0,112.0,406.0,-323.0,-233.0,train
6085,29_square,0,0,215.0,417.0,778.0,537.0,563.0,120.0,train
6086,29_square,0,0,132.0,307.0,311.0,300.0,179.0,-7.0,train
6087,29_square,0,0,340.0,720.0,169.0,200.0,-171.0,-520.0,train
6088,29_square,0,0,375.0,519.0,656.0,764.0,281.0,245.0,train
6089,29_square,0,0,628.0,414.0,758.0,642.0,130.0,228.0,train
6090,29_square,0,0,832.0,630.0,684.0,424.0,-148.0,-206.0,test
6091,29_square,0,0,248.0,464.0,190.0,290.0,-58.0,-174.0,train
6092,29_square,0,0,552.0,881.0,174.0,374.0,-378.0,-507.0,train
6093,29_square,0,0,775.0,740.0,460.0,215.0,-315.0,-525.0,test
6094,29_square,0,0,499.0,309.0,238.0,434.0,-261.0,125.0,train
6095,29_square,0,0,804.0,737.0,673.0,574.0,-131.0,-163.0,train
6096,29_square,0,0,290.0,189.0,435.0,284.0,145.0,95.0,train
6097,29_square,0,0,747.0,393.0,572.0,322.0,-175.0,-71.0,test
6098,29_square,0,0,541.0,168.0,792.0,134.0,251.0,-34.0,val
6099,29_square,0,0,235.0,510.0,182.0,830.0,-53.0,320.0,train
6100,29_square,0,0,589.0,144.0,611.0,359.0,22.0,215.0,train
6101,29_square,0,0,214.0,890.0,530.0,639.0,316.0,-251.0,train
6102,29_square,0,0,144.0,478.0,747.0,425.0,603.0,-53.0,train
6103,29_square,0,0,792.0,882.0,636.0,517.0,-156.0,-365.0,train
6104,29_square,0,0,563.0,458.0,452.0,874.0,-111.0,416.0,val
6105,29_square,0,0,713.0,781.0,633.0,713.0,-80.0,-68.0,train
6106,29_square,0,0,565.0,893.0,485.0,627.0,-80.0,-266.0,train
6107,29_square,0,0,770.0,590.0,617.0,493.0,-153.0,-97.0,val
6108,29_square,0,0,688.0,888.0,109.0,463.0,-579.0,-425.0,train
6109,29_square,0,0,111.0,872.0,636.0,182.0,525.0,-690.0,train
6110,29_square,0,0,285.0,164.0,517.0,565.0,232.0,401.0,train
6111,29_square,0,0,226.0,877.0,448.0,375.0,222.0,-502.0,train
6112,29_square,0,0,702.0,728.0,709.0,738.0,7.0,10.0,train
6113,29_square,0,0,770.0,765.0,872.0,201.0,102.0,-564.0,train
6114,29_square,0,0,166.0,797.0,203.0,717.0,37.0,-80.0,test
6115,29_square,0,0,680.0,399.0,340.0,817.0,-340.0,418.0,train
6116,29_square,0,0,798.0,630.0,539.0,210.0,-259.0,-420.0,val
6117,29_square,0,0,405.0,470.0,450.0,236.0,45.0,-234.0,train
6118,29_square,0,0,899.0,556.0,757.0,100.0,-142.0,-456.0,val
6119,29_square,0,0,270.0,552.0,348.0,353.0,78.0,-199.0,train
6120,29_square,0,0,476.0,377.0,165.0,670.0,-311.0,293.0,train
6121,29_square,0,0,500.0,845.0,116.0,433.0,-384.0,-412.0,train
6122,29_square,0,0,506.0,499.0,808.0,414.0,302.0,-85.0,train
6123,29_square,0,0,251.0,617.0,194.0,286.0,-57.0,-331.0,train
6124,29_square,0,0,553.0,729.0,584.0,109.0,31.0,-620.0,train
6125,29_square,0,0,707.0,429.0,638.0,677.0,-69.0,248.0,train
6126,29_square,0,0,881.0,593.0,469.0,760.0,-412.0,167.0,train
6127,29_square,0,0,662.0,407.0,405.0,869.0,-257.0,462.0,train
6128,29_square,0,0,452.0,519.0,580.0,251.0,128.0,-268.0,test
6129,29_square,0,0,441.0,498.0,764.0,645.0,323.0,147.0,train
6130,29_square,0,0,863.0,804.0,573.0,294.0,-290.0,-510.0,train
6131,29_square,0,0,295.0,408.0,229.0,724.0,-66.0,316.0,val
6132,29_square,0,0,343.0,213.0,521.0,125.0,178.0,-88.0,train
6133,29_square,0,0,546.0,545.0,319.0,526.0,-227.0,-19.0,train
6134,29_square,0,0,808.0,320.0,262.0,686.0,-546.0,366.0,train
6135,29_square,0,0,323.0,532.0,294.0,622.0,-29.0,90.0,train
6136,29_square,0,0,132.0,703.0,267.0,544.0,135.0,-159.0,train
6137,29_square,0,0,847.0,847.0,900.0,677.0,53.0,-170.0,train
6138,29_square,0,0,557.0,304.0,141.0,542.0,-416.0,238.0,train
6139,29_square,0,0,322.0,545.0,822.0,513.0,500.0,-32.0,val
6140,29_square,0,0,712.0,333.0,673.0,893.0,-39.0,560.0,train
6141,29_square,0,0,811.0,842.0,875.0,130.0,64.0,-712.0,val
6142,29_square,0,0,737.0,593.0,384.0,829.0,-353.0,236.0,train
6143,29_square,0,0,576.0,614.0,520.0,616.0,-56.0,2.0,val
6144,29_square,0,0,530.0,604.0,507.0,179.0,-23.0,-425.0,train
6145,29_square,0,0,815.0,205.0,405.0,760.0,-410.0,555.0,train
6146,29_square,0,0,546.0,370.0,647.0,729.0,101.0,359.0,train
6147,29_square,0,0,850.0,641.0,841.0,472.0,-9.0,-169.0,train
6148,29_square,0,0,626.0,859.0,652.0,297.0,26.0,-562.0,train
6149,29_square,0,0,227.0,733.0,631.0,435.0,404.0,-298.0,train
6150,29_square,0,0,448.0,181.0,688.0,806.0,240.0,625.0,train
6151,29_square,0,0,853.0,280.0,317.0,563.0,-536.0,283.0,train
6152,29_square,0,0,111.0,808.0,875.0,506.0,764.0,-302.0,val
6153,29_square,0,0,837.0,790.0,568.0,145.0,-269.0,-645.0,val
6154,29_square,0,0,300.0,218.0,692.0,810.0,392.0,592.0,train
6155,29_square,0,0,807.0,701.0,645.0,136.0,-162.0,-565.0,train
6156,29_square,0,0,606.0,524.0,513.0,310.0,-93.0,-214.0,train
6157,29_square,0,0,811.0,529.0,482.0,155.0,-329.0,-374.0,train
6158,29_square,0,0,788.0,554.0,534.0,100.0,-254.0,-454.0,train
6159,29_square,0,0,283.0,413.0,714.0,287.0,431.0,-126.0,train
6160,29_square,0,0,497.0,589.0,440.0,400.0,-57.0,-189.0,test
6161,29_square,0,0,888.0,138.0,402.0,283.0,-486.0,145.0,train
6162,29_square,0,0,337.0,737.0,497.0,346.0,160.0,-391.0,train
6163,29_square,0,0,212.0,342.0,434.0,397.0,222.0,55.0,train
6164,29_square,0,0,874.0,791.0,782.0,117.0,-92.0,-674.0,train
6165,29_square,0,0,291.0,661.0,588.0,646.0,297.0,-15.0,test
6166,29_square,0,0,447.0,866.0,595.0,219.0,148.0,-647.0,train
6167,29_square,0,0,335.0,535.0,626.0,406.0,291.0,-129.0,train
6168,29_square,0,0,367.0,870.0,588.0,502.0,221.0,-368.0,train
6169,29_square,0,0,520.0,325.0,342.0,319.0,-178.0,-6.0,train
6170,29_square,0,0,313.0,859.0,254.0,472.0,-59.0,-387.0,val
6171,29_square,0,0,693.0,604.0,350.0,404.0,-343.0,-200.0,train
6172,29_square,0,0,749.0,810.0,324.0,537.0,-425.0,-273.0,train
6173,29_square,0,0,867.0,355.0,573.0,747.0,-294.0,392.0,test
6174,29_square,0,0,178.0,521.0,536.0,614.0,358.0,93.0,train
6175,29_square,0,0,690.0,465.0,671.0,250.0,-19.0,-215.0,val
6176,29_square,0,0,195.0,170.0,159.0,894.0,-36.0,724.0,train
6177,29_square,0,0,512.0,138.0,678.0,749.0,166.0,611.0,train
6178,29_square,0,0,754.0,501.0,321.0,862.0,-433.0,361.0,train
6179,29_square,0,0,458.0,847.0,880.0,360.0,422.0,-487.0,train
6180,29_square,0,0,568.0,632.0,765.0,490.0,197.0,-142.0,train
6181,29_square,0,0,555.0,645.0,835.0,345.0,280.0,-300.0,train
6182,29_square,0,0,477.0,237.0,583.0,105.0,106.0,-132.0,train
6183,29_square,0,0,473.0,551.0,112.0,655.0,-361.0,104.0,train
6184,29_square,0,0,834.0,144.0,602.0,690.0,-232.0,546.0,train
6185,29_square,0,0,478.0,459.0,741.0,749.0,263.0,290.0,test
6186,29_square,0,0,839.0,328.0,101.0,503.0,-738.0,175.0,val
6187,29_square,0,0,301.0,190.0,274.0,851.0,-27.0,661.0,train
6188,29_square,0,0,744.0,687.0,250.0,574.0,-494.0,-113.0,train
6189,29_square,0,0,381.0,514.0,209.0,802.0,-172.0,288.0,train
6190,29_square,0,0,640.0,277.0,571.0,402.0,-69.0,125.0,train
6191,29_square,0,0,283.0,622.0,310.0,227.0,27.0,-395.0,train
6192,29_square,0,0,111.0,739.0,333.0,381.0,222.0,-358.0,train
6193,29_square,0,0,319.0,681.0,541.0,301.0,222.0,-380.0,train
6194,29_square,0,0,620.0,830.0,803.0,200.0,183.0,-630.0,train
6195,29_square,0,0,376.0,528.0,684.0,627.0,308.0,99.0,train
6196,29_square,0,0,449.0,191.0,783.0,470.0,334.0,279.0,train
6197,29_square,0,0,109.0,509.0,149.0,802.0,40.0,293.0,train
6198,29_square,0,0,344.0,147.0,468.0,575.0,124.0,428.0,train
6199,29_square,0,0,721.0,381.0,634.0,618.0,-87.0,237.0,train
6200,29_square,0,0,775.0,897.0,591.0,407.0,-184.0,-490.0,train
6201,29_square,0,0,858.0,247.0,670.0,447.0,-188.0,200.0,train
6202,29_square,0,0,338.0,466.0,632.0,504.0,294.0,38.0,val
6203,29_square,0,0,779.0,787.0,106.0,326.0,-673.0,-461.0,train
6204,29_square,0,0,791.0,605.0,743.0,820.0,-48.0,215.0,train
6205,29_square,0,0,206.0,167.0,657.0,793.0,451.0,626.0,train
6206,29_square,0,0,689.0,673.0,409.0,676.0,-280.0,3.0,val
6207,29_square,0,0,502.0,182.0,396.0,522.0,-106.0,340.0,train
6208,29_square,0,0,859.0,281.0,502.0,342.0,-357.0,61.0,train
6209,29_square,0,0,346.0,199.0,161.0,332.0,-185.0,133.0,train
6210,29_square,0,0,517.0,622.0,413.0,351.0,-104.0,-271.0,train
6211,29_square,0,0,592.0,490.0,547.0,567.0,-45.0,77.0,train
6212,29_square,0,0,899.0,513.0,516.0,818.0,-383.0,305.0,train
6213,29_square,0,0,398.0,751.0,568.0,593.0,170.0,-158.0,train
6214,29_square,0,0,447.0,295.0,844.0,593.0,397.0,298.0,train
6215,29_square,0,0,254.0,388.0,543.0,380.0,289.0,-8.0,val
6216,29_square,0,0,882.0,533.0,890.0,290.0,8.0,-243.0,test
6217,29_square,0,0,633.0,849.0,734.0,140.0,101.0,-709.0,train
6218,29_square,0,0,145.0,739.0,837.0,580.0,692.0,-159.0,train
6219,29_square,0,0,512.0,759.0,548.0,222.0,36.0,-537.0,test
6220,29_square,0,0,113.0,723.0,151.0,494.0,38.0,-229.0,train
6221,29_square,0,0,765.0,164.0,616.0,403.0,-149.0,239.0,train
6222,29_square,0,0,788.0,502.0,528.0,822.0,-260.0,320.0,train
6223,29_square,0,0,725.0,316.0,277.0,737.0,-448.0,421.0,train
6224,29_square,0,0,692.0,837.0,757.0,372.0,65.0,-465.0,train
6225,29_square,0,0,879.0,892.0,271.0,151.0,-608.0,-741.0,train
6226,29_square,0,0,832.0,384.0,100.0,687.0,-732.0,303.0,test
6227,29_square,0,0,420.0,701.0,249.0,683.0,-171.0,-18.0,train
6228,29_square,0,0,268.0,553.0,678.0,439.0,410.0,-114.0,train
6229,29_square,0,0,325.0,524.0,295.0,735.0,-30.0,211.0,train
6230,29_square,0,0,406.0,450.0,206.0,584.0,-200.0,134.0,train
6231,29_square,0,0,828.0,118.0,492.0,670.0,-336.0,552.0,train
6232,29_square,0,0,335.0,671.0,266.0,703.0,-69.0,32.0,train
6233,29_square,0,0,183.0,116.0,721.0,496.0,538.0,380.0,train
6234,29_square,0,0,582.0,439.0,553.0,427.0,-29.0,-12.0,train
6235,29_square,0,0,473.0,711.0,196.0,680.0,-277.0,-31.0,train
6236,29_square,0,0,202.0,337.0,708.0,102.0,506.0,-235.0,train
6237,29_square,0,0,304.0,385.0,398.0,207.0,94.0,-178.0,train
6238,29_square,0,0,660.0,891.0,685.0,234.0,25.0,-657.0,train
6239,29_square,0,0,339.0,486.0,279.0,106.0,-60.0,-380.0,test
6240,29_square,0,0,166.0,559.0,799.0,830.0,633.0,271.0,train
6241,29_square,0,0,503.0,892.0,273.0,827.0,-230.0,-65.0,train
6242,29_square,0,0,174.0,681.0,163.0,823.0,-11.0,142.0,train
6243,29_square,0,0,605.0,233.0,221.0,538.0,-384.0,305.0,train
6244,29_square,0,0,507.0,671.0,514.0,396.0,7.0,-275.0,train
6245,29_square,0,0,100.0,593.0,661.0,591.0,561.0,-2.0,train
6246,29_square,0,0,869.0,209.0,262.0,497.0,-607.0,288.0,train
6247,29_square,0,0,301.0,308.0,864.0,792.0,563.0,484.0,train
6248,29_square,0,0,227.0,294.0,181.0,784.0,-46.0,490.0,train
6249,29_square,0,0,774.0,707.0,668.0,645.0,-106.0,-62.0,train
6250,29_square,0,0,458.0,677.0,461.0,320.0,3.0,-357.0,train
6251,29_square,0,0,425.0,531.0,780.0,415.0,355.0,-116.0,train
6252,29_square,0,0,555.0,386.0,205.0,871.0,-350.0,485.0,test
6253,29_square,0,0,652.0,249.0,303.0,157.0,-349.0,-92.0,train
6254,29_square,0,0,636.0,204.0,238.0,567.0,-398.0,363.0,train
6255,29_square,0,0,776.0,249.0,190.0,276.0,-586.0,27.0,train
6256,29_square,0,0,200.0,445.0,447.0,505.0,247.0,60.0,train
6257,29_square,0,0,281.0,469.0,432.0,732.0,151.0,263.0,train
6258,29_square,0,0,474.0,765.0,879.0,541.0,405.0,-224.0,train
6259,29_square,0,0,612.0,399.0,765.0,493.0,153.0,94.0,train
6260,29_square,0,0,351.0,213.0,245.0,280.0,-106.0,67.0,train
6261,29_square,0,0,789.0,414.0,308.0,472.0,-481.0,58.0,test
6262,29_square,0,0,427.0,714.0,157.0,333.0,-270.0,-381.0,test
6263,29_square,0,0,656.0,682.0,795.0,289.0,139.0,-393.0,train
6264,29_square,0,0,837.0,537.0,384.0,452.0,-453.0,-85.0,train
6265,29_square,0,0,900.0,398.0,721.0,396.0,-179.0,-2.0,train
6266,29_square,0,0,824.0,500.0,412.0,859.0,-412.0,359.0,test
6267,29_square,0,0,515.0,415.0,619.0,121.0,104.0,-294.0,train
6268,29_square,0,0,283.0,213.0,271.0,148.0,-12.0,-65.0,train
6269,29_square,0,0,464.0,351.0,288.0,861.0,-176.0,510.0,train
6270,29_square,0,0,387.0,296.0,548.0,318.0,161.0,22.0,train
6271,29_square,0,0,610.0,630.0,695.0,476.0,85.0,-154.0,train
6272,29_square,0,0,145.0,425.0,610.0,174.0,465.0,-251.0,train
6273,29_square,0,0,418.0,869.0,602.0,657.0,184.0,-212.0,test
6274,29_square,0,0,239.0,423.0,213.0,866.0,-26.0,443.0,train
6275,29_square,0,0,493.0,684.0,539.0,179.0,46.0,-505.0,val
6276,29_square,0,0,681.0,175.0,157.0,222.0,-524.0,47.0,val
6277,29_square,0,0,525.0,460.0,272.0,644.0,-253.0,184.0,test
6278,29_square,0,0,424.0,382.0,138.0,354.0,-286.0,-28.0,train
6279,29_square,0,0,478.0,836.0,885.0,593.0,407.0,-243.0,test
6280,29_square,0,0,107.0,446.0,647.0,493.0,540.0,47.0,train
6281,29_square,0,0,644.0,594.0,829.0,685.0,185.0,91.0,train
6282,29_square,0,0,497.0,115.0,751.0,797.0,254.0,682.0,train
6283,29_square,0,0,160.0,221.0,445.0,703.0,285.0,482.0,train
6284,29_square,0,0,760.0,248.0,315.0,107.0,-445.0,-141.0,train
6285,29_square,0,0,785.0,753.0,271.0,292.0,-514.0,-461.0,train
6286,29_square,0,0,213.0,858.0,127.0,150.0,-86.0,-708.0,train
6287,29_square,0,0,153.0,577.0,261.0,821.0,108.0,244.0,train
6288,29_square,0,0,378.0,600.0,808.0,819.0,430.0,219.0,train
6289,29_square,0,0,248.0,189.0,872.0,854.0,624.0,665.0,train
6290,29_square,0,0,122.0,378.0,831.0,295.0,709.0,-83.0,train
6291,29_square,0,0,850.0,842.0,147.0,567.0,-703.0,-275.0,train
6292,29_square,0,0,701.0,232.0,184.0,567.0,-517.0,335.0,train
6293,29_square,0,0,719.0,608.0,608.0,131.0,-111.0,-477.0,test
6294,29_square,0,0,486.0,253.0,145.0,276.0,-341.0,23.0,train
6295,29_square,0,0,526.0,259.0,435.0,716.0,-91.0,457.0,test
6296,29_square,0,0,122.0,802.0,842.0,458.0,720.0,-344.0,train
6297,29_square,0,0,430.0,841.0,400.0,795.0,-30.0,-46.0,train
6298,29_square,0,0,715.0,744.0,658.0,419.0,-57.0,-325.0,train
6299,29_square,0,0,439.0,401.0,228.0,357.0,-211.0,-44.0,train
6300,29_square,0,0,272.0,710.0,730.0,202.0,458.0,-508.0,test
6301,29_square,0,0,895.0,177.0,283.0,140.0,-612.0,-37.0,test
6302,29_square,0,0,800.0,443.0,234.0,828.0,-566.0,385.0,train
6303,29_square,0,0,833.0,223.0,542.0,764.0,-291.0,541.0,test
6304,29_square,0,0,443.0,168.0,183.0,479.0,-260.0,311.0,train
6305,29_square,0,0,597.0,140.0,392.0,717.0,-205.0,577.0,test
6306,29_square,0,0,530.0,131.0,200.0,104.0,-330.0,-27.0,train
6307,29_square,0,0,528.0,244.0,438.0,393.0,-90.0,149.0,train
6308,29_square,0,0,765.0,816.0,326.0,782.0,-439.0,-34.0,train
6309,29_square,0,0,732.0,312.0,335.0,510.0,-397.0,198.0,train
6310,29_square,0,0,543.0,395.0,790.0,431.0,247.0,36.0,train
6311,29_square,0,0,659.0,864.0,278.0,555.0,-381.0,-309.0,train
6312,29_square,0,0,847.0,346.0,550.0,881.0,-297.0,535.0,train
6313,29_square,0,0,461.0,434.0,230.0,649.0,-231.0,215.0,train
6314,29_square,0,0,482.0,267.0,554.0,772.0,72.0,505.0,train
6315,29_square,0,0,606.0,694.0,721.0,300.0,115.0,-394.0,train
6316,29_square,0,0,729.0,325.0,522.0,867.0,-207.0,542.0,train
6317,29_square,0,0,758.0,719.0,183.0,176.0,-575.0,-543.0,train
6318,29_square,0,0,695.0,393.0,348.0,300.0,-347.0,-93.0,train
6319,29_square,0,0,457.0,119.0,457.0,360.0,0.0,241.0,train
6320,29_square,0,0,722.0,810.0,277.0,859.0,-445.0,49.0,train
6321,29_square,0,0,163.0,384.0,585.0,619.0,422.0,235.0,val
6322,29_square,0,0,294.0,605.0,112.0,411.0,-182.0,-194.0,val
6323,29_square,0,0,472.0,569.0,434.0,649.0,-38.0,80.0,train
6324,29_square,0,0,580.0,881.0,660.0,865.0,80.0,-16.0,train
6325,29_square,0,0,286.0,799.0,427.0,749.0,141.0,-50.0,train
6326,29_square,0,0,527.0,829.0,107.0,229.0,-420.0,-600.0,train
6327,29_square,0,0,688.0,400.0,238.0,323.0,-450.0,-77.0,train
6328,29_square,0,0,477.0,728.0,118.0,858.0,-359.0,130.0,test
6329,29_square,0,0,623.0,538.0,608.0,241.0,-15.0,-297.0,train
6330,29_square,0,0,817.0,114.0,687.0,745.0,-130.0,631.0,train
6331,29_square,0,0,777.0,248.0,343.0,758.0,-434.0,510.0,train
6332,29_square,0,0,428.0,426.0,534.0,158.0,106.0,-268.0,test
6333,29_square,0,0,528.0,418.0,803.0,607.0,275.0,189.0,val
6334,29_square,0,0,652.0,892.0,508.0,832.0,-144.0,-60.0,train
6335,29_square,0,0,835.0,185.0,275.0,564.0,-560.0,379.0,val
6336,29_square,0,0,860.0,796.0,332.0,888.0,-528.0,92.0,train
6337,29_square,0,0,889.0,887.0,258.0,316.0,-631.0,-571.0,train
6338,29_square,0,0,176.0,173.0,346.0,707.0,170.0,534.0,train
6339,29_square,0,0,256.0,652.0,742.0,870.0,486.0,218.0,val
6340,29_square,0,0,297.0,443.0,873.0,745.0,576.0,302.0,val
6341,29_square,0,0,204.0,167.0,446.0,820.0,242.0,653.0,train
6342,29_square,0,0,413.0,297.0,468.0,706.0,55.0,409.0,train
6343,29_square,0,0,564.0,850.0,137.0,840.0,-427.0,-10.0,train
6344,29_square,0,0,242.0,335.0,553.0,862.0,311.0,527.0,train
6345,29_square,0,0,859.0,204.0,223.0,333.0,-636.0,129.0,train
6346,29_square,0,0,426.0,391.0,518.0,366.0,92.0,-25.0,train
6347,29_square,0,0,826.0,801.0,411.0,151.0,-415.0,-650.0,train
6348,29_square,0,0,853.0,321.0,837.0,692.0,-16.0,371.0,train
6349,29_square,0,0,196.0,290.0,680.0,790.0,484.0,500.0,test
6350,29_square,0,0,458.0,673.0,549.0,580.0,91.0,-93.0,train
6351,29_square,0,0,652.0,769.0,651.0,522.0,-1.0,-247.0,test
6352,29_square,0,0,547.0,722.0,628.0,791.0,81.0,69.0,train
6353,29_square,0,0,671.0,810.0,249.0,728.0,-422.0,-82.0,val
6354,29_square,0,0,195.0,239.0,455.0,868.0,260.0,629.0,train
6355,29_square,0,0,474.0,611.0,563.0,234.0,89.0,-377.0,train
6356,29_square,0,0,698.0,323.0,180.0,511.0,-518.0,188.0,train
6357,29_square,0,0,731.0,764.0,752.0,579.0,21.0,-185.0,val
6358,29_square,0,0,550.0,316.0,614.0,587.0,64.0,271.0,val
6359,29_square,0,0,380.0,656.0,432.0,364.0,52.0,-292.0,val
6360,29_square,0,0,125.0,431.0,736.0,412.0,611.0,-19.0,test
6361,29_square,0,0,162.0,433.0,519.0,303.0,357.0,-130.0,train
6362,29_square,0,0,120.0,649.0,881.0,267.0,761.0,-382.0,val
6363,29_square,0,0,892.0,657.0,569.0,596.0,-323.0,-61.0,train
6364,29_square,0,0,755.0,216.0,218.0,346.0,-537.0,130.0,test
6365,29_square,0,0,604.0,799.0,430.0,751.0,-174.0,-48.0,train
6366,29_square,0,0,399.0,107.0,237.0,124.0,-162.0,17.0,val
6367,29_square,0,0,500.0,610.0,507.0,465.0,7.0,-145.0,train
6368,29_square,0,0,555.0,175.0,485.0,277.0,-70.0,102.0,train
6369,29_square,0,0,409.0,737.0,570.0,773.0,161.0,36.0,train
6370,29_square,0,0,723.0,875.0,492.0,893.0,-231.0,18.0,train
6371,29_square,0,0,676.0,651.0,413.0,382.0,-263.0,-269.0,test
6372,29_square,0,0,228.0,350.0,169.0,419.0,-59.0,69.0,train
6373,29_square,0,0,630.0,604.0,324.0,129.0,-306.0,-475.0,train
6374,29_square,0,0,197.0,638.0,803.0,242.0,606.0,-396.0,train
6375,29_square,0,0,620.0,871.0,848.0,169.0,228.0,-702.0,train
6376,29_square,0,0,636.0,231.0,890.0,307.0,254.0,76.0,train
6377,29_square,0,0,337.0,220.0,687.0,106.0,350.0,-114.0,val
6378,29_square,0,0,389.0,398.0,481.0,735.0,92.0,337.0,val
6379,29_square,0,0,190.0,814.0,581.0,748.0,391.0,-66.0,train
6380,29_square,0,0,577.0,765.0,520.0,308.0,-57.0,-457.0,val
6381,29_square,0,0,607.0,541.0,580.0,550.0,-27.0,9.0,train
6382,29_square,0,0,481.0,527.0,183.0,765.0,-298.0,238.0,test
6383,29_square,0,0,197.0,470.0,576.0,308.0,379.0,-162.0,train
6384,29_square,0,0,857.0,716.0,734.0,883.0,-123.0,167.0,train
6385,29_square,0,0,153.0,682.0,704.0,696.0,551.0,14.0,train
6386,29_square,0,0,711.0,616.0,811.0,577.0,100.0,-39.0,train
6387,29_square,0,0,766.0,434.0,679.0,798.0,-87.0,364.0,train
6388,29_square,0,0,567.0,594.0,159.0,280.0,-408.0,-314.0,train
6389,29_square,0,0,408.0,644.0,126.0,628.0,-282.0,-16.0,train
6390,29_square,0,0,893.0,451.0,518.0,171.0,-375.0,-280.0,train
6391,29_square,0,0,685.0,835.0,362.0,324.0,-323.0,-511.0,test
6392,29_square,0,0,334.0,279.0,147.0,681.0,-187.0,402.0,train
6393,29_square,0,0,889.0,218.0,235.0,155.0,-654.0,-63.0,train
6394,29_square,0,0,605.0,320.0,277.0,357.0,-328.0,37.0,train
6395,29_square,0,0,471.0,115.0,570.0,636.0,99.0,521.0,train
6396,29_square,0,0,757.0,135.0,461.0,124.0,-296.0,-11.0,val
6397,29_square,0,0,723.0,176.0,592.0,457.0,-131.0,281.0,train
6398,29_square,0,0,602.0,264.0,199.0,106.0,-403.0,-158.0,val
6399,29_square,0,0,745.0,561.0,116.0,562.0,-629.0,1.0,train
6400,29_square,0,0,345.0,721.0,168.0,498.0,-177.0,-223.0,train
6401,29_square,0,0,618.0,265.0,843.0,408.0,225.0,143.0,train
6402,29_square,0,0,186.0,216.0,478.0,239.0,292.0,23.0,test
6403,29_square,0,0,101.0,561.0,604.0,607.0,503.0,46.0,train
6404,29_square,0,0,576.0,504.0,709.0,151.0,133.0,-353.0,train
6405,29_square,0,0,384.0,760.0,896.0,735.0,512.0,-25.0,train
6406,29_square,0,0,341.0,695.0,763.0,812.0,422.0,117.0,test
6407,29_square,0,0,308.0,216.0,223.0,253.0,-85.0,37.0,train
6408,29_square,0,0,897.0,776.0,398.0,213.0,-499.0,-563.0,train
6409,29_square,0,0,271.0,192.0,140.0,378.0,-131.0,186.0,test
6410,29_square,0,0,860.0,545.0,390.0,570.0,-470.0,25.0,train
6411,29_square,0,0,599.0,392.0,777.0,856.0,178.0,464.0,train
6412,29_square,0,0,142.0,706.0,250.0,367.0,108.0,-339.0,train
6413,29_square,0,0,746.0,285.0,141.0,325.0,-605.0,40.0,train
6414,29_square,0,0,705.0,815.0,339.0,722.0,-366.0,-93.0,train
6415,29_square,0,0,750.0,509.0,654.0,306.0,-96.0,-203.0,train
6416,29_square,0,0,313.0,122.0,847.0,442.0,534.0,320.0,test
6417,29_square,0,0,670.0,470.0,523.0,394.0,-147.0,-76.0,val
6418,29_square,0,0,566.0,800.0,536.0,285.0,-30.0,-515.0,train
6419,29_square,0,0,116.0,545.0,545.0,186.0,429.0,-359.0,test
6420,29_square,0,0,609.0,843.0,447.0,592.0,-162.0,-251.0,test
6421,29_square,0,0,859.0,758.0,426.0,674.0,-433.0,-84.0,train
6422,29_square,0,0,672.0,223.0,547.0,835.0,-125.0,612.0,test
6423,29_square,0,0,215.0,801.0,272.0,294.0,57.0,-507.0,train
6424,29_square,0,0,131.0,583.0,607.0,556.0,476.0,-27.0,train
6425,29_square,0,0,289.0,687.0,673.0,410.0,384.0,-277.0,train
6426,29_square,0,0,127.0,742.0,830.0,194.0,703.0,-548.0,train
6427,29_square,0,0,319.0,349.0,205.0,845.0,-114.0,496.0,train
6428,29_square,0,0,455.0,754.0,767.0,442.0,312.0,-312.0,train
6429,29_square,0,0,864.0,803.0,511.0,668.0,-353.0,-135.0,test
6430,29_square,0,0,895.0,427.0,127.0,185.0,-768.0,-242.0,train
6431,29_square,0,0,298.0,847.0,602.0,753.0,304.0,-94.0,train
6432,29_square,0,0,528.0,756.0,487.0,670.0,-41.0,-86.0,train
6433,29_square,0,0,204.0,746.0,228.0,402.0,24.0,-344.0,test
6434,29_square,0,0,616.0,350.0,274.0,563.0,-342.0,213.0,train
6435,29_square,0,0,313.0,174.0,853.0,592.0,540.0,418.0,train
6436,29_square,0,0,306.0,548.0,851.0,142.0,545.0,-406.0,train
6437,29_square,0,0,117.0,585.0,540.0,619.0,423.0,34.0,train
6438,29_square,0,0,207.0,198.0,549.0,465.0,342.0,267.0,train
6439,29_square,0,0,213.0,197.0,272.0,788.0,59.0,591.0,train
6440,29_square,0,0,805.0,320.0,249.0,292.0,-556.0,-28.0,train
6441,29_square,0,0,561.0,770.0,640.0,468.0,79.0,-302.0,val
6442,29_square,0,0,416.0,136.0,673.0,116.0,257.0,-20.0,train
6443,29_square,0,0,838.0,421.0,283.0,687.0,-555.0,266.0,train
6444,29_square,0,0,655.0,498.0,115.0,779.0,-540.0,281.0,train
6445,29_square,0,0,800.0,663.0,822.0,660.0,22.0,-3.0,train
6446,29_square,0,0,548.0,720.0,122.0,376.0,-426.0,-344.0,train
6447,29_square,0,0,265.0,598.0,196.0,467.0,-69.0,-131.0,val
6448,29_square,0,0,143.0,624.0,877.0,402.0,734.0,-222.0,train
6449,29_square,0,0,678.0,449.0,718.0,238.0,40.0,-211.0,train
6450,29_square,0,0,279.0,132.0,335.0,812.0,56.0,680.0,train
6451,29_square,0,0,227.0,345.0,356.0,375.0,129.0,30.0,train
6452,29_square,0,0,693.0,878.0,446.0,891.0,-247.0,13.0,val
6453,29_square,0,0,360.0,865.0,494.0,636.0,134.0,-229.0,test
6454,29_square,0,0,380.0,288.0,399.0,412.0,19.0,124.0,train
6455,29_square,0,0,176.0,283.0,510.0,892.0,334.0,609.0,val
6456,29_square,0,0,275.0,781.0,335.0,783.0,60.0,2.0,train
6457,29_square,0,0,431.0,216.0,720.0,396.0,289.0,180.0,test
6458,29_square,0,0,181.0,601.0,543.0,384.0,362.0,-217.0,train
6459,29_square,0,0,628.0,371.0,142.0,766.0,-486.0,395.0,test
6460,29_square,0,0,792.0,319.0,115.0,511.0,-677.0,192.0,train
6461,29_square,0,0,854.0,348.0,198.0,506.0,-656.0,158.0,train
6462,29_square,0,0,736.0,109.0,811.0,610.0,75.0,501.0,val
6463,29_square,0,0,168.0,158.0,466.0,849.0,298.0,691.0,train
6464,29_square,0,0,187.0,563.0,426.0,181.0,239.0,-382.0,test
6465,29_square,0,0,519.0,882.0,483.0,553.0,-36.0,-329.0,train
6466,29_square,0,0,544.0,861.0,597.0,726.0,53.0,-135.0,train
6467,29_square,0,0,213.0,248.0,290.0,565.0,77.0,317.0,train
6468,29_square,0,0,551.0,168.0,761.0,679.0,210.0,511.0,train
6469,29_square,0,0,654.0,401.0,882.0,624.0,228.0,223.0,train
6470,29_square,0,0,673.0,484.0,851.0,887.0,178.0,403.0,train
6471,29_square,0,0,473.0,130.0,126.0,820.0,-347.0,690.0,train
6472,29_square,0,0,820.0,828.0,853.0,367.0,33.0,-461.0,test
6473,29_square,0,0,311.0,686.0,100.0,132.0,-211.0,-554.0,train
6474,29_square,0,0,797.0,362.0,703.0,322.0,-94.0,-40.0,train
6475,29_square,0,0,206.0,314.0,785.0,500.0,579.0,186.0,train
6476,29_square,0,0,270.0,519.0,108.0,282.0,-162.0,-237.0,train
6477,29_square,0,0,187.0,506.0,591.0,837.0,404.0,331.0,train
6478,29_square,0,0,186.0,542.0,721.0,394.0,535.0,-148.0,test
6479,29_square,0,0,600.0,564.0,745.0,233.0,145.0,-331.0,train
6480,29_square,0,0,795.0,621.0,434.0,220.0,-361.0,-401.0,train
6481,29_square,0,0,338.0,326.0,221.0,226.0,-117.0,-100.0,train
6482,29_square,0,0,295.0,511.0,396.0,866.0,101.0,355.0,train
6483,29_square,0,0,558.0,670.0,568.0,474.0,10.0,-196.0,train
6484,29_square,0,0,850.0,128.0,155.0,608.0,-695.0,480.0,train
6485,29_square,0,0,587.0,190.0,190.0,112.0,-397.0,-78.0,train
6486,29_square,0,0,594.0,237.0,543.0,561.0,-51.0,324.0,train
6487,29_square,0,0,232.0,201.0,207.0,437.0,-25.0,236.0,train
6488,29_square,0,0,504.0,417.0,203.0,207.0,-301.0,-210.0,train
6489,29_square,0,0,540.0,774.0,728.0,538.0,188.0,-236.0,train
6490,29_square,0,0,487.0,828.0,226.0,411.0,-261.0,-417.0,train
6491,29_square,0,0,685.0,217.0,733.0,717.0,48.0,500.0,train
6492,29_square,0,0,421.0,697.0,588.0,562.0,167.0,-135.0,train
6493,29_square,0,0,101.0,887.0,350.0,528.0,249.0,-359.0,train
6494,29_square,0,0,607.0,650.0,271.0,150.0,-336.0,-500.0,train
6495,29_square,0,0,490.0,169.0,683.0,396.0,193.0,227.0,train
6496,29_square,0,0,443.0,675.0,727.0,604.0,284.0,-71.0,train
6497,29_square,0,0,697.0,294.0,859.0,457.0,162.0,163.0,train
6498,29_square,0,0,636.0,391.0,447.0,805.0,-189.0,414.0,val
6499,29_square,0,0,643.0,523.0,307.0,321.0,-336.0,-202.0,val
6500,28_square,0,0,172.0,601.0,225.0,167.0,53.0,-434.0,train
6501,28_square,0,0,518.0,442.0,473.0,425.0,-45.0,-17.0,train
6502,28_square,0,0,802.0,326.0,502.0,272.0,-300.0,-54.0,train
6503,28_square,0,0,246.0,210.0,758.0,762.0,512.0,552.0,train
6504,28_square,0,0,272.0,793.0,863.0,740.0,591.0,-53.0,val
6505,28_square,0,0,837.0,373.0,201.0,179.0,-636.0,-194.0,test
6506,28_square,0,0,810.0,744.0,111.0,190.0,-699.0,-554.0,train
6507,28_square,0,0,341.0,487.0,254.0,722.0,-87.0,235.0,train
6508,28_square,0,0,220.0,617.0,203.0,216.0,-17.0,-401.0,train
6509,28_square,0,0,467.0,896.0,433.0,681.0,-34.0,-215.0,train
6510,28_square,0,0,636.0,730.0,309.0,513.0,-327.0,-217.0,train
6511,28_square,0,0,693.0,707.0,471.0,670.0,-222.0,-37.0,train
6512,28_square,0,0,483.0,887.0,438.0,595.0,-45.0,-292.0,train
6513,28_square,0,0,417.0,173.0,200.0,566.0,-217.0,393.0,train
6514,28_square,0,0,892.0,610.0,429.0,318.0,-463.0,-292.0,train
6515,28_square,0,0,423.0,304.0,130.0,847.0,-293.0,543.0,train
6516,28_square,0,0,655.0,419.0,245.0,643.0,-410.0,224.0,train
6517,28_square,0,0,736.0,340.0,176.0,159.0,-560.0,-181.0,train
6518,28_square,0,0,868.0,462.0,437.0,807.0,-431.0,345.0,train
6519,28_square,0,0,490.0,323.0,585.0,526.0,95.0,203.0,train
6520,28_square,0,0,182.0,132.0,758.0,147.0,576.0,15.0,train
6521,28_square,0,0,554.0,869.0,869.0,475.0,315.0,-394.0,train
6522,28_square,0,0,747.0,391.0,501.0,572.0,-246.0,181.0,train
6523,28_square,0,0,128.0,750.0,206.0,756.0,78.0,6.0,val
6524,28_square,0,0,824.0,155.0,206.0,409.0,-618.0,254.0,train
6525,28_square,0,0,682.0,895.0,629.0,203.0,-53.0,-692.0,train
6526,28_square,0,0,707.0,344.0,883.0,355.0,176.0,11.0,test
6527,28_square,0,0,633.0,762.0,656.0,219.0,23.0,-543.0,train
6528,28_square,0,0,444.0,715.0,614.0,179.0,170.0,-536.0,train
6529,28_square,0,0,324.0,103.0,270.0,320.0,-54.0,217.0,train
6530,28_square,0,0,293.0,408.0,734.0,193.0,441.0,-215.0,train
6531,28_square,0,0,451.0,514.0,749.0,697.0,298.0,183.0,train
6532,28_square,0,0,459.0,315.0,404.0,251.0,-55.0,-64.0,train
6533,28_square,0,0,118.0,675.0,335.0,756.0,217.0,81.0,val
6534,28_square,0,0,167.0,604.0,416.0,262.0,249.0,-342.0,train
6535,28_square,0,0,717.0,642.0,737.0,338.0,20.0,-304.0,test
6536,28_square,0,0,774.0,819.0,374.0,565.0,-400.0,-254.0,train
6537,28_square,0,0,831.0,779.0,839.0,418.0,8.0,-361.0,train
6538,28_square,0,0,894.0,251.0,544.0,741.0,-350.0,490.0,train
6539,28_square,0,0,468.0,183.0,888.0,707.0,420.0,524.0,train
6540,28_square,0,0,421.0,195.0,676.0,829.0,255.0,634.0,train
6541,28_square,0,0,269.0,311.0,549.0,525.0,280.0,214.0,val
6542,28_square,0,0,704.0,555.0,422.0,374.0,-282.0,-181.0,train
6543,28_square,0,0,796.0,243.0,541.0,560.0,-255.0,317.0,test
6544,28_square,0,0,479.0,221.0,796.0,330.0,317.0,109.0,train
6545,28_square,0,0,445.0,618.0,629.0,550.0,184.0,-68.0,train
6546,28_square,0,0,577.0,545.0,431.0,215.0,-146.0,-330.0,train
6547,28_square,0,0,368.0,401.0,251.0,705.0,-117.0,304.0,train
6548,28_square,0,0,506.0,199.0,410.0,538.0,-96.0,339.0,train
6549,28_square,0,0,296.0,758.0,675.0,447.0,379.0,-311.0,train
6550,28_square,0,0,842.0,670.0,868.0,818.0,26.0,148.0,test
6551,28_square,0,0,645.0,230.0,628.0,297.0,-17.0,67.0,train
6552,28_square,0,0,303.0,332.0,111.0,564.0,-192.0,232.0,train
6553,28_square,0,0,584.0,274.0,179.0,539.0,-405.0,265.0,val
6554,28_square,0,0,833.0,365.0,106.0,632.0,-727.0,267.0,train
6555,28_square,0,0,890.0,552.0,895.0,602.0,5.0,50.0,train
6556,28_square,0,0,898.0,596.0,864.0,669.0,-34.0,73.0,train
6557,28_square,0,0,174.0,538.0,295.0,272.0,121.0,-266.0,train
6558,28_square,0,0,838.0,871.0,376.0,564.0,-462.0,-307.0,train
6559,28_square,0,0,501.0,379.0,645.0,562.0,144.0,183.0,train
6560,28_square,0,0,531.0,606.0,702.0,372.0,171.0,-234.0,train
6561,28_square,0,0,471.0,433.0,488.0,497.0,17.0,64.0,test
6562,28_square,0,0,189.0,829.0,654.0,617.0,465.0,-212.0,train
6563,28_square,0,0,289.0,571.0,609.0,839.0,320.0,268.0,train
6564,28_square,0,0,199.0,665.0,856.0,374.0,657.0,-291.0,train
6565,28_square,0,0,425.0,128.0,477.0,188.0,52.0,60.0,val
6566,28_square,0,0,812.0,231.0,364.0,600.0,-448.0,369.0,train
6567,28_square,0,0,452.0,512.0,703.0,372.0,251.0,-140.0,train
6568,28_square,0,0,888.0,461.0,637.0,191.0,-251.0,-270.0,train
6569,28_square,0,0,626.0,212.0,338.0,416.0,-288.0,204.0,train
6570,28_square,0,0,236.0,322.0,462.0,691.0,226.0,369.0,train
6571,28_square,0,0,744.0,545.0,587.0,100.0,-157.0,-445.0,train
6572,28_square,0,0,127.0,797.0,304.0,681.0,177.0,-116.0,train
6573,28_square,0,0,582.0,620.0,872.0,546.0,290.0,-74.0,test
6574,28_square,0,0,900.0,427.0,555.0,427.0,-345.0,0.0,train
6575,28_square,0,0,890.0,219.0,102.0,512.0,-788.0,293.0,train
6576,28_square,0,0,531.0,375.0,896.0,700.0,365.0,325.0,train
6577,28_square,0,0,128.0,617.0,249.0,399.0,121.0,-218.0,train
6578,28_square,0,0,736.0,871.0,251.0,855.0,-485.0,-16.0,train
6579,28_square,0,0,218.0,755.0,549.0,725.0,331.0,-30.0,train
6580,28_square,0,0,364.0,507.0,405.0,871.0,41.0,364.0,train
6581,28_square,0,0,544.0,785.0,631.0,560.0,87.0,-225.0,train
6582,28_square,0,0,273.0,842.0,797.0,301.0,524.0,-541.0,train
6583,28_square,0,0,379.0,714.0,543.0,866.0,164.0,152.0,train
6584,28_square,0,0,164.0,192.0,852.0,315.0,688.0,123.0,train
6585,28_square,0,0,325.0,152.0,720.0,343.0,395.0,191.0,train
6586,28_square,0,0,709.0,573.0,476.0,577.0,-233.0,4.0,train
6587,28_square,0,0,818.0,369.0,893.0,671.0,75.0,302.0,train
6588,28_square,0,0,417.0,829.0,566.0,723.0,149.0,-106.0,train
6589,28_square,0,0,757.0,268.0,854.0,621.0,97.0,353.0,train
6590,28_square,0,0,878.0,273.0,224.0,603.0,-654.0,330.0,train
6591,28_square,0,0,470.0,545.0,791.0,577.0,321.0,32.0,train
6592,28_square,0,0,184.0,122.0,430.0,445.0,246.0,323.0,train
6593,28_square,0,0,749.0,328.0,428.0,130.0,-321.0,-198.0,train
6594,28_square,0,0,824.0,190.0,247.0,761.0,-577.0,571.0,train
6595,28_square,0,0,330.0,619.0,520.0,285.0,190.0,-334.0,val
6596,28_square,0,0,704.0,152.0,729.0,334.0,25.0,182.0,train
6597,28_square,0,0,109.0,559.0,361.0,569.0,252.0,10.0,train
6598,28_square,0,0,710.0,559.0,742.0,804.0,32.0,245.0,train
6599,28_square,0,0,415.0,288.0,588.0,558.0,173.0,270.0,test
6600,28_square,0,0,765.0,776.0,719.0,719.0,-46.0,-57.0,test
6601,28_square,0,0,778.0,658.0,728.0,718.0,-50.0,60.0,train
6602,28_square,0,0,439.0,675.0,436.0,316.0,-3.0,-359.0,val
6603,28_square,0,0,106.0,198.0,656.0,726.0,550.0,528.0,train
6604,28_square,0,0,836.0,112.0,284.0,700.0,-552.0,588.0,train
6605,28_square,0,0,190.0,551.0,307.0,863.0,117.0,312.0,train
6606,28_square,0,0,826.0,714.0,672.0,283.0,-154.0,-431.0,test
6607,28_square,0,0,230.0,195.0,413.0,750.0,183.0,555.0,train
6608,28_square,0,0,812.0,407.0,665.0,573.0,-147.0,166.0,train
6609,28_square,0,0,577.0,724.0,683.0,350.0,106.0,-374.0,train
6610,28_square,0,0,390.0,170.0,767.0,491.0,377.0,321.0,train
6611,28_square,0,0,242.0,562.0,857.0,404.0,615.0,-158.0,train
6612,28_square,0,0,596.0,712.0,296.0,675.0,-300.0,-37.0,train
6613,28_square,0,0,872.0,641.0,819.0,795.0,-53.0,154.0,train
6614,28_square,0,0,798.0,620.0,579.0,438.0,-219.0,-182.0,val
6615,28_square,0,0,622.0,563.0,596.0,485.0,-26.0,-78.0,train
6616,28_square,0,0,616.0,101.0,365.0,771.0,-251.0,670.0,train
6617,28_square,0,0,704.0,797.0,391.0,225.0,-313.0,-572.0,train
6618,28_square,0,0,826.0,661.0,772.0,135.0,-54.0,-526.0,train
6619,28_square,0,0,685.0,800.0,578.0,704.0,-107.0,-96.0,test
6620,28_square,0,0,586.0,469.0,356.0,747.0,-230.0,278.0,train
6621,28_square,0,0,566.0,129.0,352.0,881.0,-214.0,752.0,train
6622,28_square,0,0,734.0,238.0,410.0,689.0,-324.0,451.0,test
6623,28_square,0,0,477.0,268.0,102.0,899.0,-375.0,631.0,test
6624,28_square,0,0,597.0,350.0,564.0,166.0,-33.0,-184.0,train
6625,28_square,0,0,717.0,809.0,552.0,244.0,-165.0,-565.0,train
6626,28_square,0,0,398.0,274.0,439.0,321.0,41.0,47.0,train
6627,28_square,0,0,753.0,590.0,398.0,547.0,-355.0,-43.0,train
6628,28_square,0,0,722.0,302.0,236.0,330.0,-486.0,28.0,test
6629,28_square,0,0,288.0,572.0,453.0,660.0,165.0,88.0,train
6630,28_square,0,0,290.0,142.0,563.0,382.0,273.0,240.0,train
6631,28_square,0,0,475.0,211.0,735.0,206.0,260.0,-5.0,train
6632,28_square,0,0,732.0,730.0,752.0,835.0,20.0,105.0,val
6633,28_square,0,0,174.0,570.0,326.0,858.0,152.0,288.0,train
6634,28_square,0,0,396.0,800.0,170.0,867.0,-226.0,67.0,train
6635,28_square,0,0,163.0,278.0,776.0,610.0,613.0,332.0,train
6636,28_square,0,0,349.0,895.0,507.0,727.0,158.0,-168.0,train
6637,28_square,0,0,278.0,210.0,586.0,138.0,308.0,-72.0,train
6638,28_square,0,0,288.0,221.0,209.0,147.0,-79.0,-74.0,val
6639,28_square,0,0,868.0,851.0,813.0,471.0,-55.0,-380.0,train
6640,28_square,0,0,524.0,470.0,174.0,537.0,-350.0,67.0,train
6641,28_square,0,0,801.0,377.0,215.0,701.0,-586.0,324.0,train
6642,28_square,0,0,479.0,158.0,370.0,695.0,-109.0,537.0,test
6643,28_square,0,0,513.0,684.0,106.0,496.0,-407.0,-188.0,train
6644,28_square,0,0,160.0,857.0,598.0,633.0,438.0,-224.0,train
6645,28_square,0,0,801.0,752.0,514.0,884.0,-287.0,132.0,train
6646,28_square,0,0,775.0,348.0,788.0,470.0,13.0,122.0,train
6647,28_square,0,0,767.0,882.0,667.0,881.0,-100.0,-1.0,train
6648,28_square,0,0,459.0,624.0,674.0,577.0,215.0,-47.0,train
6649,28_square,0,0,680.0,807.0,606.0,138.0,-74.0,-669.0,train
6650,28_square,0,0,146.0,734.0,567.0,174.0,421.0,-560.0,train
6651,28_square,0,0,819.0,838.0,802.0,162.0,-17.0,-676.0,train
6652,28_square,0,0,338.0,324.0,597.0,741.0,259.0,417.0,train
6653,28_square,0,0,240.0,510.0,531.0,632.0,291.0,122.0,train
6654,28_square,0,0,312.0,442.0,836.0,807.0,524.0,365.0,train
6655,28_square,0,0,859.0,809.0,822.0,878.0,-37.0,69.0,train
6656,28_square,0,0,730.0,812.0,245.0,333.0,-485.0,-479.0,val
6657,28_square,0,0,762.0,348.0,271.0,321.0,-491.0,-27.0,val
6658,28_square,0,0,618.0,468.0,429.0,888.0,-189.0,420.0,train
6659,28_square,0,0,745.0,894.0,506.0,491.0,-239.0,-403.0,train
6660,28_square,0,0,834.0,209.0,404.0,416.0,-430.0,207.0,train
6661,28_square,0,0,222.0,118.0,342.0,815.0,120.0,697.0,test
6662,28_square,0,0,225.0,390.0,487.0,399.0,262.0,9.0,train
6663,28_square,0,0,357.0,552.0,319.0,593.0,-38.0,41.0,val
6664,28_square,0,0,260.0,320.0,737.0,452.0,477.0,132.0,train
6665,28_square,0,0,595.0,534.0,888.0,858.0,293.0,324.0,val
6666,28_square,0,0,615.0,651.0,396.0,172.0,-219.0,-479.0,val
6667,28_square,0,0,521.0,492.0,248.0,594.0,-273.0,102.0,train
6668,28_square,0,0,217.0,826.0,636.0,157.0,419.0,-669.0,train
6669,28_square,0,0,773.0,679.0,807.0,104.0,34.0,-575.0,val
6670,28_square,0,0,421.0,431.0,267.0,115.0,-154.0,-316.0,train
6671,28_square,0,0,545.0,744.0,281.0,806.0,-264.0,62.0,train
6672,28_square,0,0,218.0,838.0,333.0,302.0,115.0,-536.0,train
6673,28_square,0,0,870.0,377.0,649.0,484.0,-221.0,107.0,train
6674,28_square,0,0,326.0,371.0,687.0,812.0,361.0,441.0,train
6675,28_square,0,0,472.0,477.0,858.0,275.0,386.0,-202.0,train
6676,28_square,0,0,605.0,161.0,878.0,680.0,273.0,519.0,train
6677,28_square,0,0,816.0,863.0,720.0,316.0,-96.0,-547.0,test
6678,28_square,0,0,773.0,469.0,698.0,607.0,-75.0,138.0,train
6679,28_square,0,0,766.0,671.0,675.0,897.0,-91.0,226.0,train
6680,28_square,0,0,295.0,438.0,399.0,712.0,104.0,274.0,train
6681,28_square,0,0,120.0,806.0,661.0,258.0,541.0,-548.0,train
6682,28_square,0,0,653.0,350.0,798.0,498.0,145.0,148.0,train
6683,28_square,0,0,599.0,179.0,533.0,579.0,-66.0,400.0,train
6684,28_square,0,0,551.0,652.0,288.0,304.0,-263.0,-348.0,train
6685,28_square,0,0,844.0,816.0,156.0,205.0,-688.0,-611.0,train
6686,28_square,0,0,265.0,824.0,590.0,297.0,325.0,-527.0,train
6687,28_square,0,0,733.0,583.0,412.0,398.0,-321.0,-185.0,train
6688,28_square,0,0,800.0,836.0,683.0,895.0,-117.0,59.0,train
6689,28_square,0,0,699.0,328.0,296.0,706.0,-403.0,378.0,train
6690,28_square,0,0,859.0,166.0,894.0,578.0,35.0,412.0,train
6691,28_square,0,0,847.0,767.0,458.0,801.0,-389.0,34.0,val
6692,28_square,0,0,886.0,299.0,456.0,431.0,-430.0,132.0,test
6693,28_square,0,0,523.0,517.0,570.0,316.0,47.0,-201.0,train
6694,28_square,0,0,808.0,700.0,331.0,241.0,-477.0,-459.0,train
6695,28_square,0,0,774.0,115.0,410.0,543.0,-364.0,428.0,train
6696,28_square,0,0,746.0,168.0,290.0,787.0,-456.0,619.0,train
6697,28_square,0,0,459.0,108.0,496.0,108.0,37.0,0.0,train
6698,28_square,0,0,730.0,814.0,315.0,252.0,-415.0,-562.0,train
6699,28_square,0,0,349.0,844.0,131.0,385.0,-218.0,-459.0,train
6700,28_square,0,0,108.0,112.0,401.0,355.0,293.0,243.0,train
6701,28_square,0,0,326.0,384.0,590.0,348.0,264.0,-36.0,train
6702,28_square,0,0,348.0,704.0,761.0,525.0,413.0,-179.0,test
6703,28_square,0,0,841.0,440.0,513.0,296.0,-328.0,-144.0,train
6704,28_square,0,0,363.0,566.0,123.0,794.0,-240.0,228.0,train
6705,28_square,0,0,182.0,511.0,192.0,317.0,10.0,-194.0,train
6706,28_square,0,0,517.0,387.0,288.0,886.0,-229.0,499.0,train
6707,28_square,0,0,489.0,673.0,222.0,307.0,-267.0,-366.0,train
6708,28_square,0,0,552.0,127.0,246.0,587.0,-306.0,460.0,train
6709,28_square,0,0,208.0,559.0,879.0,571.0,671.0,12.0,train
6710,28_square,0,0,386.0,725.0,784.0,696.0,398.0,-29.0,train
6711,28_square,0,0,694.0,293.0,290.0,638.0,-404.0,345.0,train
6712,28_square,0,0,462.0,510.0,647.0,161.0,185.0,-349.0,train
6713,28_square,0,0,272.0,604.0,396.0,749.0,124.0,145.0,train
6714,28_square,0,0,181.0,279.0,189.0,575.0,8.0,296.0,train
6715,28_square,0,0,892.0,665.0,710.0,234.0,-182.0,-431.0,train
6716,28_square,0,0,279.0,678.0,701.0,836.0,422.0,158.0,train
6717,28_square,0,0,244.0,388.0,172.0,254.0,-72.0,-134.0,train
6718,28_square,0,0,116.0,629.0,618.0,593.0,502.0,-36.0,train
6719,28_square,0,0,381.0,799.0,736.0,372.0,355.0,-427.0,train
6720,28_square,0,0,836.0,452.0,863.0,503.0,27.0,51.0,train
6721,28_square,0,0,477.0,369.0,234.0,494.0,-243.0,125.0,train
6722,28_square,0,0,596.0,788.0,783.0,704.0,187.0,-84.0,val
6723,28_square,0,0,458.0,626.0,311.0,725.0,-147.0,99.0,train
6724,28_square,0,0,149.0,334.0,547.0,148.0,398.0,-186.0,train
6725,28_square,0,0,246.0,773.0,494.0,476.0,248.0,-297.0,train
6726,28_square,0,0,833.0,141.0,166.0,269.0,-667.0,128.0,train
6727,28_square,0,0,369.0,139.0,114.0,580.0,-255.0,441.0,train
6728,28_square,0,0,535.0,660.0,653.0,594.0,118.0,-66.0,train
6729,28_square,0,0,670.0,493.0,776.0,241.0,106.0,-252.0,train
6730,28_square,0,0,449.0,736.0,239.0,843.0,-210.0,107.0,train
6731,28_square,0,0,183.0,611.0,705.0,375.0,522.0,-236.0,train
6732,28_square,0,0,335.0,245.0,129.0,746.0,-206.0,501.0,train
6733,28_square,0,0,131.0,102.0,698.0,259.0,567.0,157.0,train
6734,28_square,0,0,856.0,357.0,294.0,648.0,-562.0,291.0,val
6735,28_square,0,0,675.0,819.0,631.0,789.0,-44.0,-30.0,val
6736,28_square,0,0,122.0,655.0,540.0,565.0,418.0,-90.0,train
6737,28_square,0,0,871.0,352.0,201.0,307.0,-670.0,-45.0,train
6738,28_square,0,0,355.0,347.0,615.0,726.0,260.0,379.0,val
6739,28_square,0,0,133.0,825.0,810.0,632.0,677.0,-193.0,train
6740,28_square,0,0,820.0,372.0,486.0,417.0,-334.0,45.0,train
6741,28_square,0,0,783.0,659.0,315.0,770.0,-468.0,111.0,train
6742,28_square,0,0,338.0,689.0,467.0,793.0,129.0,104.0,train
6743,28_square,0,0,412.0,759.0,777.0,502.0,365.0,-257.0,test
6744,28_square,0,0,795.0,433.0,858.0,127.0,63.0,-306.0,train
6745,28_square,0,0,753.0,864.0,377.0,427.0,-376.0,-437.0,test
6746,28_square,0,0,878.0,648.0,477.0,755.0,-401.0,107.0,train
6747,28_square,0,0,893.0,185.0,504.0,769.0,-389.0,584.0,train
6748,28_square,0,0,753.0,486.0,823.0,699.0,70.0,213.0,train
6749,28_square,0,0,694.0,605.0,154.0,273.0,-540.0,-332.0,train
6750,28_square,0,0,218.0,609.0,571.0,305.0,353.0,-304.0,train
6751,28_square,0,0,249.0,474.0,887.0,543.0,638.0,69.0,test
6752,28_square,0,0,702.0,461.0,655.0,496.0,-47.0,35.0,train
6753,28_square,0,0,718.0,190.0,700.0,363.0,-18.0,173.0,train
6754,28_square,0,0,721.0,751.0,488.0,663.0,-233.0,-88.0,train
6755,28_square,0,0,105.0,314.0,516.0,887.0,411.0,573.0,train
6756,28_square,0,0,344.0,114.0,191.0,117.0,-153.0,3.0,train
6757,28_square,0,0,847.0,631.0,584.0,650.0,-263.0,19.0,train
6758,28_square,0,0,189.0,173.0,800.0,619.0,611.0,446.0,test
6759,28_square,0,0,482.0,854.0,832.0,185.0,350.0,-669.0,train
6760,28_square,0,0,235.0,290.0,285.0,239.0,50.0,-51.0,train
6761,28_square,0,0,404.0,329.0,714.0,154.0,310.0,-175.0,train
6762,28_square,0,0,678.0,464.0,226.0,450.0,-452.0,-14.0,train
6763,28_square,0,0,778.0,729.0,601.0,762.0,-177.0,33.0,train
6764,28_square,0,0,774.0,487.0,201.0,269.0,-573.0,-218.0,train
6765,28_square,0,0,477.0,323.0,339.0,373.0,-138.0,50.0,val
6766,28_square,0,0,648.0,165.0,870.0,409.0,222.0,244.0,train
6767,28_square,0,0,858.0,863.0,387.0,301.0,-471.0,-562.0,train
6768,28_square,0,0,264.0,829.0,272.0,315.0,8.0,-514.0,train
6769,28_square,0,0,194.0,298.0,600.0,678.0,406.0,380.0,train
6770,28_square,0,0,803.0,547.0,815.0,814.0,12.0,267.0,train
6771,28_square,0,0,496.0,177.0,880.0,247.0,384.0,70.0,train
6772,28_square,0,0,558.0,125.0,107.0,645.0,-451.0,520.0,test
6773,28_square,0,0,351.0,378.0,749.0,363.0,398.0,-15.0,train
6774,28_square,0,0,662.0,364.0,213.0,764.0,-449.0,400.0,train
6775,28_square,0,0,806.0,800.0,247.0,350.0,-559.0,-450.0,val
6776,28_square,0,0,791.0,474.0,898.0,527.0,107.0,53.0,train
6777,28_square,0,0,821.0,251.0,490.0,389.0,-331.0,138.0,train
6778,28_square,0,0,656.0,496.0,501.0,746.0,-155.0,250.0,test
6779,28_square,0,0,301.0,473.0,803.0,612.0,502.0,139.0,train
6780,28_square,0,0,732.0,304.0,639.0,440.0,-93.0,136.0,train
6781,28_square,0,0,799.0,651.0,316.0,249.0,-483.0,-402.0,train
6782,28_square,0,0,669.0,589.0,682.0,430.0,13.0,-159.0,train
6783,28_square,0,0,300.0,315.0,454.0,276.0,154.0,-39.0,train
6784,28_square,0,0,129.0,578.0,180.0,367.0,51.0,-211.0,train
6785,28_square,0,0,637.0,463.0,559.0,479.0,-78.0,16.0,train
6786,28_square,0,0,178.0,262.0,265.0,192.0,87.0,-70.0,train
6787,28_square,0,0,405.0,580.0,812.0,822.0,407.0,242.0,train
6788,28_square,0,0,509.0,533.0,830.0,522.0,321.0,-11.0,train
6789,28_square,0,0,774.0,278.0,822.0,555.0,48.0,277.0,train
6790,28_square,0,0,109.0,560.0,436.0,768.0,327.0,208.0,test
6791,28_square,0,0,620.0,848.0,706.0,803.0,86.0,-45.0,test
6792,28_square,0,0,758.0,302.0,574.0,248.0,-184.0,-54.0,train
6793,28_square,0,0,133.0,545.0,451.0,838.0,318.0,293.0,train
6794,28_square,0,0,556.0,530.0,268.0,683.0,-288.0,153.0,train
6795,28_square,0,0,127.0,287.0,474.0,532.0,347.0,245.0,train
6796,28_square,0,0,357.0,761.0,195.0,119.0,-162.0,-642.0,train
6797,28_square,0,0,695.0,608.0,241.0,734.0,-454.0,126.0,train
6798,28_square,0,0,666.0,895.0,737.0,508.0,71.0,-387.0,val
6799,28_square,0,0,435.0,276.0,357.0,377.0,-78.0,101.0,val
6800,28_square,0,0,763.0,248.0,686.0,184.0,-77.0,-64.0,test
6801,28_square,0,0,839.0,783.0,255.0,273.0,-584.0,-510.0,train
6802,28_square,0,0,869.0,186.0,172.0,525.0,-697.0,339.0,train
6803,28_square,0,0,461.0,771.0,260.0,504.0,-201.0,-267.0,test
6804,28_square,0,0,891.0,108.0,746.0,210.0,-145.0,102.0,test
6805,28_square,0,0,439.0,841.0,416.0,555.0,-23.0,-286.0,train
6806,28_square,0,0,109.0,414.0,763.0,485.0,654.0,71.0,val
6807,28_square,0,0,284.0,603.0,432.0,759.0,148.0,156.0,train
6808,28_square,0,0,163.0,123.0,607.0,865.0,444.0,742.0,val
6809,28_square,0,0,728.0,113.0,246.0,490.0,-482.0,377.0,train
6810,28_square,0,0,254.0,703.0,733.0,268.0,479.0,-435.0,train
6811,28_square,0,0,149.0,762.0,236.0,236.0,87.0,-526.0,train
6812,28_square,0,0,773.0,296.0,496.0,219.0,-277.0,-77.0,train
6813,28_square,0,0,329.0,523.0,588.0,612.0,259.0,89.0,test
6814,28_square,0,0,494.0,146.0,108.0,634.0,-386.0,488.0,train
6815,28_square,0,0,131.0,890.0,363.0,120.0,232.0,-770.0,train
6816,28_square,0,0,838.0,381.0,807.0,194.0,-31.0,-187.0,test
6817,28_square,0,0,232.0,798.0,267.0,771.0,35.0,-27.0,train
6818,28_square,0,0,474.0,242.0,580.0,248.0,106.0,6.0,test
6819,28_square,0,0,141.0,340.0,299.0,694.0,158.0,354.0,train
6820,28_square,0,0,153.0,336.0,553.0,248.0,400.0,-88.0,train
6821,28_square,0,0,663.0,143.0,200.0,895.0,-463.0,752.0,train
6822,28_square,0,0,746.0,851.0,844.0,251.0,98.0,-600.0,train
6823,28_square,0,0,230.0,708.0,847.0,795.0,617.0,87.0,test
6824,28_square,0,0,773.0,841.0,703.0,310.0,-70.0,-531.0,test
6825,28_square,0,0,782.0,285.0,700.0,450.0,-82.0,165.0,train
6826,28_square,0,0,706.0,106.0,654.0,565.0,-52.0,459.0,train
6827,28_square,0,0,728.0,297.0,664.0,648.0,-64.0,351.0,train
6828,28_square,0,0,206.0,388.0,759.0,171.0,553.0,-217.0,train
6829,28_square,0,0,684.0,523.0,320.0,684.0,-364.0,161.0,train
6830,28_square,0,0,635.0,285.0,761.0,623.0,126.0,338.0,train
6831,28_square,0,0,303.0,835.0,668.0,611.0,365.0,-224.0,train
6832,28_square,0,0,127.0,641.0,689.0,637.0,562.0,-4.0,train
6833,28_square,0,0,704.0,389.0,513.0,345.0,-191.0,-44.0,train
6834,28_square,0,0,260.0,115.0,543.0,249.0,283.0,134.0,train
6835,28_square,0,0,103.0,779.0,445.0,503.0,342.0,-276.0,train
6836,28_square,0,0,727.0,878.0,111.0,204.0,-616.0,-674.0,train
6837,28_square,0,0,635.0,112.0,636.0,536.0,1.0,424.0,test
6838,28_square,0,0,132.0,270.0,328.0,898.0,196.0,628.0,test
6839,28_square,0,0,495.0,722.0,234.0,151.0,-261.0,-571.0,train
6840,28_square,0,0,584.0,662.0,596.0,358.0,12.0,-304.0,train
6841,28_square,0,0,130.0,899.0,514.0,797.0,384.0,-102.0,train
6842,28_square,0,0,883.0,165.0,704.0,458.0,-179.0,293.0,val
6843,28_square,0,0,339.0,283.0,804.0,422.0,465.0,139.0,train
6844,28_square,0,0,838.0,427.0,475.0,130.0,-363.0,-297.0,train
6845,28_square,0,0,322.0,407.0,577.0,656.0,255.0,249.0,train
6846,28_square,0,0,636.0,874.0,422.0,488.0,-214.0,-386.0,val
6847,28_square,0,0,210.0,377.0,812.0,808.0,602.0,431.0,train
6848,28_square,0,0,805.0,239.0,375.0,616.0,-430.0,377.0,train
6849,28_square,0,0,652.0,130.0,197.0,802.0,-455.0,672.0,train
6850,28_square,0,0,615.0,300.0,271.0,821.0,-344.0,521.0,train
6851,28_square,0,0,429.0,518.0,743.0,298.0,314.0,-220.0,train
6852,28_square,0,0,227.0,110.0,449.0,714.0,222.0,604.0,test
6853,28_square,0,0,144.0,522.0,667.0,349.0,523.0,-173.0,train
6854,28_square,0,0,869.0,264.0,763.0,105.0,-106.0,-159.0,train
6855,28_square,0,0,361.0,492.0,103.0,271.0,-258.0,-221.0,train
6856,28_square,0,0,623.0,466.0,670.0,427.0,47.0,-39.0,train
6857,28_square,0,0,148.0,371.0,366.0,535.0,218.0,164.0,train
6858,28_square,0,0,470.0,440.0,201.0,678.0,-269.0,238.0,train
6859,28_square,0,0,565.0,342.0,510.0,307.0,-55.0,-35.0,train
6860,28_square,0,0,511.0,463.0,277.0,508.0,-234.0,45.0,test
6861,28_square,0,0,167.0,360.0,254.0,234.0,87.0,-126.0,val
6862,28_square,0,0,442.0,579.0,509.0,113.0,67.0,-466.0,train
6863,28_square,0,0,242.0,249.0,867.0,779.0,625.0,530.0,train
6864,28_square,0,0,310.0,312.0,801.0,780.0,491.0,468.0,train
6865,28_square,0,0,874.0,424.0,310.0,307.0,-564.0,-117.0,train
6866,28_square,0,0,489.0,112.0,298.0,231.0,-191.0,119.0,train
6867,28_square,0,0,516.0,295.0,513.0,533.0,-3.0,238.0,train
6868,28_square,0,0,563.0,353.0,804.0,327.0,241.0,-26.0,test
6869,28_square,0,0,843.0,506.0,807.0,541.0,-36.0,35.0,train
6870,28_square,0,0,717.0,874.0,872.0,246.0,155.0,-628.0,train
6871,28_square,0,0,489.0,857.0,484.0,820.0,-5.0,-37.0,train
6872,28_square,0,0,692.0,653.0,253.0,858.0,-439.0,205.0,train
6873,28_square,0,0,627.0,228.0,837.0,249.0,210.0,21.0,train
6874,28_square,0,0,108.0,772.0,325.0,774.0,217.0,2.0,train
6875,28_square,0,0,292.0,564.0,735.0,231.0,443.0,-333.0,train
6876,28_square,0,0,400.0,470.0,863.0,623.0,463.0,153.0,train
6877,28_square,0,0,148.0,816.0,223.0,394.0,75.0,-422.0,train
6878,28_square,0,0,581.0,190.0,509.0,622.0,-72.0,432.0,train
6879,28_square,0,0,314.0,270.0,799.0,407.0,485.0,137.0,train
6880,28_square,0,0,110.0,358.0,111.0,716.0,1.0,358.0,val
6881,28_square,0,0,772.0,398.0,890.0,709.0,118.0,311.0,train
6882,28_square,0,0,229.0,310.0,599.0,814.0,370.0,504.0,train
6883,28_square,0,0,739.0,421.0,579.0,618.0,-160.0,197.0,train
6884,28_square,0,0,410.0,572.0,329.0,235.0,-81.0,-337.0,val
6885,28_square,0,0,700.0,204.0,610.0,393.0,-90.0,189.0,train
6886,28_square,0,0,828.0,809.0,706.0,674.0,-122.0,-135.0,train
6887,28_square,0,0,682.0,777.0,304.0,582.0,-378.0,-195.0,train
6888,28_square,0,0,695.0,517.0,271.0,813.0,-424.0,296.0,train
6889,28_square,0,0,300.0,246.0,698.0,344.0,398.0,98.0,train
6890,28_square,0,0,655.0,208.0,213.0,509.0,-442.0,301.0,train
6891,28_square,0,0,292.0,119.0,457.0,408.0,165.0,289.0,train
6892,28_square,0,0,112.0,580.0,646.0,215.0,534.0,-365.0,val
6893,28_square,0,0,195.0,126.0,310.0,662.0,115.0,536.0,test
6894,28_square,0,0,220.0,339.0,420.0,466.0,200.0,127.0,train
6895,28_square,0,0,500.0,823.0,839.0,690.0,339.0,-133.0,train
6896,28_square,0,0,277.0,330.0,709.0,696.0,432.0,366.0,train
6897,28_square,0,0,664.0,513.0,224.0,218.0,-440.0,-295.0,train
6898,28_square,0,0,320.0,489.0,645.0,275.0,325.0,-214.0,train
6899,28_square,0,0,593.0,566.0,301.0,849.0,-292.0,283.0,val
6900,28_square,0,0,166.0,674.0,793.0,412.0,627.0,-262.0,train
6901,28_square,0,0,585.0,888.0,454.0,787.0,-131.0,-101.0,train
6902,28_square,0,0,477.0,705.0,897.0,367.0,420.0,-338.0,test
6903,28_square,0,0,734.0,130.0,420.0,701.0,-314.0,571.0,train
6904,28_square,0,0,240.0,256.0,385.0,844.0,145.0,588.0,train
6905,28_square,0,0,872.0,165.0,508.0,493.0,-364.0,328.0,train
6906,28_square,0,0,897.0,625.0,704.0,830.0,-193.0,205.0,train
6907,28_square,0,0,757.0,216.0,381.0,130.0,-376.0,-86.0,test
6908,28_square,0,0,852.0,288.0,145.0,563.0,-707.0,275.0,train
6909,28_square,0,0,604.0,718.0,464.0,490.0,-140.0,-228.0,train
6910,28_square,0,0,101.0,179.0,196.0,617.0,95.0,438.0,val
6911,28_square,0,0,407.0,190.0,245.0,696.0,-162.0,506.0,test
6912,28_square,0,0,110.0,462.0,761.0,825.0,651.0,363.0,train
6913,28_square,0,0,222.0,714.0,159.0,577.0,-63.0,-137.0,val
6914,28_square,0,0,755.0,736.0,343.0,263.0,-412.0,-473.0,train
6915,28_square,0,0,500.0,167.0,130.0,322.0,-370.0,155.0,train
6916,28_square,0,0,404.0,554.0,798.0,601.0,394.0,47.0,test
6917,28_square,0,0,837.0,795.0,373.0,549.0,-464.0,-246.0,train
6918,28_square,0,0,469.0,704.0,344.0,700.0,-125.0,-4.0,train
6919,28_square,0,0,277.0,329.0,568.0,853.0,291.0,524.0,train
6920,28_square,0,0,609.0,796.0,501.0,175.0,-108.0,-621.0,val
6921,28_square,0,0,800.0,593.0,593.0,161.0,-207.0,-432.0,train
6922,28_square,0,0,262.0,813.0,130.0,521.0,-132.0,-292.0,train
6923,28_square,0,0,295.0,480.0,456.0,847.0,161.0,367.0,train
6924,28_square,0,0,523.0,450.0,719.0,670.0,196.0,220.0,train
6925,28_square,0,0,632.0,175.0,473.0,526.0,-159.0,351.0,train
6926,28_square,0,0,785.0,419.0,658.0,667.0,-127.0,248.0,val
6927,28_square,0,0,565.0,523.0,494.0,680.0,-71.0,157.0,train
6928,28_square,0,0,377.0,153.0,333.0,308.0,-44.0,155.0,train
6929,28_square,0,0,364.0,756.0,393.0,267.0,29.0,-489.0,train
6930,28_square,0,0,667.0,517.0,753.0,399.0,86.0,-118.0,train
6931,28_square,0,0,417.0,686.0,330.0,373.0,-87.0,-313.0,train
6932,28_square,0,0,666.0,797.0,584.0,867.0,-82.0,70.0,train
6933,28_square,0,0,467.0,149.0,773.0,503.0,306.0,354.0,train
6934,28_square,0,0,290.0,256.0,479.0,481.0,189.0,225.0,val
6935,28_square,0,0,396.0,391.0,352.0,481.0,-44.0,90.0,train
6936,28_square,0,0,111.0,640.0,105.0,113.0,-6.0,-527.0,train
6937,28_square,0,0,596.0,757.0,848.0,159.0,252.0,-598.0,train
6938,28_square,0,0,198.0,329.0,725.0,466.0,527.0,137.0,train
6939,28_square,0,0,255.0,433.0,812.0,377.0,557.0,-56.0,train
6940,28_square,0,0,259.0,617.0,685.0,280.0,426.0,-337.0,train
6941,28_square,0,0,536.0,896.0,193.0,752.0,-343.0,-144.0,train
6942,28_square,0,0,287.0,614.0,704.0,557.0,417.0,-57.0,train
6943,28_square,0,0,898.0,506.0,592.0,569.0,-306.0,63.0,train
6944,28_square,0,0,428.0,612.0,192.0,194.0,-236.0,-418.0,train
6945,28_square,0,0,679.0,255.0,211.0,663.0,-468.0,408.0,train
6946,28_square,0,0,160.0,262.0,616.0,499.0,456.0,237.0,train
6947,28_square,0,0,565.0,176.0,127.0,751.0,-438.0,575.0,train
6948,28_square,0,0,146.0,763.0,115.0,804.0,-31.0,41.0,train
6949,28_square,0,0,331.0,490.0,663.0,547.0,332.0,57.0,train
6950,28_square,0,0,853.0,280.0,204.0,704.0,-649.0,424.0,val
6951,28_square,0,0,839.0,474.0,735.0,527.0,-104.0,53.0,train
6952,28_square,0,0,556.0,273.0,353.0,718.0,-203.0,445.0,train
6953,28_square,0,0,126.0,447.0,463.0,556.0,337.0,109.0,train
6954,28_square,0,0,468.0,751.0,312.0,836.0,-156.0,85.0,train
6955,28_square,0,0,505.0,245.0,120.0,460.0,-385.0,215.0,train
6956,28_square,0,0,416.0,509.0,144.0,368.0,-272.0,-141.0,train
6957,28_square,0,0,680.0,160.0,112.0,689.0,-568.0,529.0,val
6958,28_square,0,0,227.0,678.0,195.0,275.0,-32.0,-403.0,test
6959,28_square,0,0,667.0,719.0,499.0,272.0,-168.0,-447.0,test
6960,28_square,0,0,807.0,170.0,533.0,819.0,-274.0,649.0,train
6961,28_square,0,0,548.0,896.0,363.0,366.0,-185.0,-530.0,train
6962,28_square,0,0,262.0,102.0,616.0,457.0,354.0,355.0,train
6963,28_square,0,0,754.0,760.0,872.0,284.0,118.0,-476.0,train
6964,28_square,0,0,280.0,531.0,729.0,155.0,449.0,-376.0,train
6965,28_square,0,0,825.0,859.0,729.0,498.0,-96.0,-361.0,val
6966,28_square,0,0,327.0,121.0,633.0,585.0,306.0,464.0,train
6967,28_square,0,0,747.0,266.0,526.0,160.0,-221.0,-106.0,train
6968,28_square,0,0,165.0,789.0,463.0,308.0,298.0,-481.0,train
6969,28_square,0,0,541.0,665.0,221.0,428.0,-320.0,-237.0,train
6970,28_square,0,0,228.0,432.0,590.0,516.0,362.0,84.0,train
6971,28_square,0,0,270.0,667.0,264.0,275.0,-6.0,-392.0,train
6972,28_square,0,0,756.0,295.0,251.0,325.0,-505.0,30.0,train
6973,28_square,0,0,155.0,662.0,112.0,478.0,-43.0,-184.0,val
6974,28_square,0,0,811.0,487.0,127.0,896.0,-684.0,409.0,test
6975,28_square,0,0,361.0,617.0,128.0,138.0,-233.0,-479.0,train
6976,28_square,0,0,238.0,320.0,438.0,325.0,200.0,5.0,train
6977,28_square,0,0,815.0,332.0,318.0,549.0,-497.0,217.0,train
6978,28_square,0,0,851.0,624.0,653.0,467.0,-198.0,-157.0,train
6979,28_square,0,0,369.0,296.0,184.0,142.0,-185.0,-154.0,train
6980,28_square,0,0,646.0,715.0,275.0,237.0,-371.0,-478.0,train
6981,28_square,0,0,317.0,339.0,755.0,365.0,438.0,26.0,train
6982,28_square,0,0,171.0,623.0,801.0,304.0,630.0,-319.0,train
6983,28_square,0,0,417.0,221.0,213.0,104.0,-204.0,-117.0,train
6984,28_square,0,0,646.0,505.0,717.0,119.0,71.0,-386.0,test
6985,28_square,0,0,896.0,304.0,391.0,166.0,-505.0,-138.0,val
6986,28_square,0,0,698.0,727.0,581.0,352.0,-117.0,-375.0,train
6987,28_square,0,0,548.0,788.0,719.0,342.0,171.0,-446.0,train
6988,28_square,0,0,118.0,740.0,748.0,836.0,630.0,96.0,train
6989,28_square,0,0,454.0,581.0,871.0,460.0,417.0,-121.0,train
6990,28_square,0,0,697.0,555.0,697.0,378.0,0.0,-177.0,train
6991,28_square,0,0,762.0,858.0,100.0,267.0,-662.0,-591.0,train
6992,28_square,0,0,269.0,744.0,437.0,445.0,168.0,-299.0,train
6993,28_square,0,0,556.0,692.0,295.0,752.0,-261.0,60.0,train
6994,28_square,0,0,846.0,688.0,273.0,830.0,-573.0,142.0,train
6995,28_square,0,0,619.0,548.0,386.0,429.0,-233.0,-119.0,train
6996,28_square,0,0,519.0,324.0,692.0,403.0,173.0,79.0,train
6997,28_square,0,0,640.0,424.0,675.0,275.0,35.0,-149.0,train
6998,28_square,0,0,708.0,347.0,893.0,672.0,185.0,325.0,train
6999,28_square,0,0,514.0,764.0,681.0,135.0,167.0,-629.0,train
7000,20_square,0,0,737.0,728.0,144.0,732.0,-593.0,4.0,train
7001,20_square,0,0,559.0,374.0,779.0,755.0,220.0,381.0,train
7002,20_square,0,0,664.0,169.0,190.0,657.0,-474.0,488.0,train
7003,20_square,0,0,455.0,347.0,894.0,275.0,439.0,-72.0,train
7004,20_square,0,0,317.0,243.0,630.0,219.0,313.0,-24.0,train
7005,20_square,0,0,602.0,798.0,180.0,650.0,-422.0,-148.0,train
7006,20_square,0,0,899.0,709.0,759.0,292.0,-140.0,-417.0,train
7007,20_square,0,0,842.0,880.0,854.0,891.0,12.0,11.0,train
7008,20_square,0,0,661.0,128.0,836.0,661.0,175.0,533.0,train
7009,20_square,0,0,659.0,397.0,214.0,329.0,-445.0,-68.0,train
7010,20_square,0,0,435.0,814.0,549.0,110.0,114.0,-704.0,train
7011,20_square,0,0,486.0,120.0,472.0,877.0,-14.0,757.0,train
7012,20_square,0,0,738.0,317.0,605.0,870.0,-133.0,553.0,test
7013,20_square,0,0,624.0,429.0,280.0,831.0,-344.0,402.0,train
7014,20_square,0,0,764.0,818.0,257.0,302.0,-507.0,-516.0,train
7015,20_square,0,0,418.0,735.0,367.0,564.0,-51.0,-171.0,train
7016,20_square,0,0,436.0,188.0,304.0,595.0,-132.0,407.0,train
7017,20_square,0,0,629.0,172.0,128.0,513.0,-501.0,341.0,train
7018,20_square,0,0,401.0,888.0,549.0,393.0,148.0,-495.0,train
7019,20_square,0,0,250.0,244.0,322.0,360.0,72.0,116.0,train
7020,20_square,0,0,101.0,253.0,529.0,801.0,428.0,548.0,test
7021,20_square,0,0,725.0,719.0,683.0,129.0,-42.0,-590.0,val
7022,20_square,0,0,772.0,194.0,581.0,252.0,-191.0,58.0,train
7023,20_square,0,0,271.0,346.0,399.0,747.0,128.0,401.0,train
7024,20_square,0,0,577.0,530.0,412.0,111.0,-165.0,-419.0,test
7025,20_square,0,0,338.0,259.0,751.0,892.0,413.0,633.0,val
7026,20_square,0,0,287.0,759.0,417.0,766.0,130.0,7.0,val
7027,20_square,0,0,834.0,774.0,337.0,794.0,-497.0,20.0,train
7028,20_square,0,0,563.0,168.0,553.0,386.0,-10.0,218.0,train
7029,20_square,0,0,579.0,687.0,445.0,691.0,-134.0,4.0,train
7030,20_square,0,0,473.0,881.0,225.0,493.0,-248.0,-388.0,val
7031,20_square,0,0,787.0,664.0,185.0,136.0,-602.0,-528.0,train
7032,20_square,0,0,321.0,162.0,223.0,788.0,-98.0,626.0,train
7033,20_square,0,0,806.0,448.0,523.0,571.0,-283.0,123.0,train
7034,20_square,0,0,313.0,324.0,636.0,352.0,323.0,28.0,val
7035,20_square,0,0,650.0,540.0,466.0,257.0,-184.0,-283.0,train
7036,20_square,0,0,224.0,479.0,885.0,584.0,661.0,105.0,val
7037,20_square,0,0,645.0,888.0,489.0,560.0,-156.0,-328.0,train
7038,20_square,0,0,704.0,164.0,214.0,756.0,-490.0,592.0,train
7039,20_square,0,0,468.0,369.0,786.0,376.0,318.0,7.0,train
7040,20_square,0,0,758.0,353.0,730.0,175.0,-28.0,-178.0,train
7041,20_square,0,0,389.0,144.0,717.0,510.0,328.0,366.0,train
7042,20_square,0,0,605.0,149.0,472.0,241.0,-133.0,92.0,train
7043,20_square,0,0,379.0,494.0,622.0,514.0,243.0,20.0,train
7044,20_square,0,0,821.0,720.0,271.0,748.0,-550.0,28.0,train
7045,20_square,0,0,682.0,327.0,130.0,784.0,-552.0,457.0,train
7046,20_square,0,0,152.0,693.0,101.0,589.0,-51.0,-104.0,train
7047,20_square,0,0,771.0,510.0,210.0,305.0,-561.0,-205.0,train
7048,20_square,0,0,570.0,834.0,520.0,175.0,-50.0,-659.0,train
7049,20_square,0,0,886.0,489.0,496.0,319.0,-390.0,-170.0,train
7050,20_square,0,0,455.0,380.0,295.0,885.0,-160.0,505.0,test
7051,20_square,0,0,504.0,690.0,239.0,240.0,-265.0,-450.0,train
7052,20_square,0,0,143.0,290.0,607.0,775.0,464.0,485.0,train
7053,20_square,0,0,121.0,804.0,229.0,426.0,108.0,-378.0,train
7054,20_square,0,0,455.0,541.0,770.0,205.0,315.0,-336.0,train
7055,20_square,0,0,169.0,554.0,687.0,673.0,518.0,119.0,train
7056,20_square,0,0,783.0,579.0,848.0,199.0,65.0,-380.0,train
7057,20_square,0,0,389.0,263.0,260.0,442.0,-129.0,179.0,train
7058,20_square,0,0,473.0,626.0,753.0,712.0,280.0,86.0,val
7059,20_square,0,0,541.0,288.0,824.0,745.0,283.0,457.0,test
7060,20_square,0,0,352.0,657.0,228.0,253.0,-124.0,-404.0,train
7061,20_square,0,0,669.0,546.0,512.0,245.0,-157.0,-301.0,train
7062,20_square,0,0,611.0,823.0,378.0,780.0,-233.0,-43.0,train
7063,20_square,0,0,266.0,104.0,821.0,566.0,555.0,462.0,train
7064,20_square,0,0,392.0,417.0,192.0,112.0,-200.0,-305.0,train
7065,20_square,0,0,630.0,482.0,625.0,253.0,-5.0,-229.0,test
7066,20_square,0,0,622.0,319.0,382.0,728.0,-240.0,409.0,val
7067,20_square,0,0,218.0,717.0,576.0,878.0,358.0,161.0,train
7068,20_square,0,0,800.0,402.0,749.0,577.0,-51.0,175.0,train
7069,20_square,0,0,500.0,796.0,735.0,264.0,235.0,-532.0,val
7070,20_square,0,0,854.0,593.0,327.0,123.0,-527.0,-470.0,train
7071,20_square,0,0,575.0,580.0,225.0,161.0,-350.0,-419.0,train
7072,20_square,0,0,561.0,416.0,564.0,277.0,3.0,-139.0,train
7073,20_square,0,0,231.0,351.0,131.0,750.0,-100.0,399.0,train
7074,20_square,0,0,628.0,269.0,167.0,720.0,-461.0,451.0,train
7075,20_square,0,0,442.0,242.0,287.0,823.0,-155.0,581.0,train
7076,20_square,0,0,152.0,851.0,231.0,693.0,79.0,-158.0,train
7077,20_square,0,0,307.0,312.0,270.0,165.0,-37.0,-147.0,train
7078,20_square,0,0,518.0,600.0,498.0,592.0,-20.0,-8.0,train
7079,20_square,0,0,450.0,429.0,648.0,604.0,198.0,175.0,train
7080,20_square,0,0,550.0,324.0,144.0,160.0,-406.0,-164.0,train
7081,20_square,0,0,686.0,681.0,192.0,563.0,-494.0,-118.0,train
7082,20_square,0,0,246.0,359.0,201.0,715.0,-45.0,356.0,train
7083,20_square,0,0,156.0,658.0,207.0,496.0,51.0,-162.0,train
7084,20_square,0,0,180.0,202.0,708.0,703.0,528.0,501.0,test
7085,20_square,0,0,122.0,873.0,733.0,588.0,611.0,-285.0,train
7086,20_square,0,0,335.0,439.0,698.0,702.0,363.0,263.0,val
7087,20_square,0,0,820.0,803.0,698.0,154.0,-122.0,-649.0,train
7088,20_square,0,0,727.0,450.0,448.0,594.0,-279.0,144.0,test
7089,20_square,0,0,732.0,633.0,826.0,530.0,94.0,-103.0,val
7090,20_square,0,0,415.0,206.0,562.0,782.0,147.0,576.0,train
7091,20_square,0,0,884.0,250.0,353.0,846.0,-531.0,596.0,train
7092,20_square,0,0,575.0,634.0,619.0,378.0,44.0,-256.0,train
7093,20_square,0,0,617.0,822.0,332.0,336.0,-285.0,-486.0,test
7094,20_square,0,0,578.0,864.0,213.0,768.0,-365.0,-96.0,train
7095,20_square,0,0,560.0,618.0,264.0,732.0,-296.0,114.0,train
7096,20_square,0,0,213.0,719.0,598.0,673.0,385.0,-46.0,val
7097,20_square,0,0,632.0,466.0,191.0,351.0,-441.0,-115.0,train
7098,20_square,0,0,765.0,545.0,895.0,170.0,130.0,-375.0,test
7099,20_square,0,0,143.0,372.0,889.0,122.0,746.0,-250.0,train
7100,20_square,0,0,496.0,629.0,885.0,511.0,389.0,-118.0,train
7101,20_square,0,0,595.0,637.0,295.0,260.0,-300.0,-377.0,test
7102,20_square,0,0,607.0,852.0,834.0,425.0,227.0,-427.0,train
7103,20_square,0,0,801.0,510.0,440.0,142.0,-361.0,-368.0,train
7104,20_square,0,0,315.0,494.0,733.0,870.0,418.0,376.0,train
7105,20_square,0,0,372.0,220.0,449.0,745.0,77.0,525.0,val
7106,20_square,0,0,286.0,122.0,765.0,276.0,479.0,154.0,train
7107,20_square,0,0,464.0,383.0,735.0,350.0,271.0,-33.0,train
7108,20_square,0,0,101.0,638.0,448.0,561.0,347.0,-77.0,train
7109,20_square,0,0,190.0,799.0,430.0,623.0,240.0,-176.0,test
7110,20_square,0,0,355.0,454.0,176.0,399.0,-179.0,-55.0,train
7111,20_square,0,0,523.0,743.0,510.0,859.0,-13.0,116.0,val
7112,20_square,0,0,440.0,553.0,281.0,200.0,-159.0,-353.0,train
7113,20_square,0,0,436.0,836.0,604.0,413.0,168.0,-423.0,train
7114,20_square,0,0,874.0,842.0,701.0,393.0,-173.0,-449.0,train
7115,20_square,0,0,185.0,160.0,469.0,246.0,284.0,86.0,train
7116,20_square,0,0,643.0,159.0,220.0,254.0,-423.0,95.0,train
7117,20_square,0,0,367.0,278.0,677.0,237.0,310.0,-41.0,test
7118,20_square,0,0,826.0,791.0,419.0,555.0,-407.0,-236.0,train
7119,20_square,0,0,579.0,606.0,577.0,224.0,-2.0,-382.0,test
7120,20_square,0,0,403.0,577.0,846.0,611.0,443.0,34.0,train
7121,20_square,0,0,620.0,576.0,795.0,501.0,175.0,-75.0,train
7122,20_square,0,0,139.0,580.0,161.0,206.0,22.0,-374.0,train
7123,20_square,0,0,612.0,312.0,887.0,194.0,275.0,-118.0,train
7124,20_square,0,0,502.0,661.0,113.0,865.0,-389.0,204.0,train
7125,20_square,0,0,505.0,450.0,695.0,210.0,190.0,-240.0,train
7126,20_square,0,0,344.0,867.0,517.0,896.0,173.0,29.0,train
7127,20_square,0,0,460.0,766.0,470.0,417.0,10.0,-349.0,train
7128,20_square,0,0,450.0,365.0,878.0,435.0,428.0,70.0,train
7129,20_square,0,0,334.0,515.0,770.0,661.0,436.0,146.0,train
7130,20_square,0,0,347.0,656.0,664.0,552.0,317.0,-104.0,train
7131,20_square,0,0,725.0,105.0,658.0,785.0,-67.0,680.0,train
7132,20_square,0,0,177.0,495.0,373.0,701.0,196.0,206.0,train
7133,20_square,0,0,163.0,572.0,594.0,393.0,431.0,-179.0,train
7134,20_square,0,0,422.0,835.0,782.0,804.0,360.0,-31.0,train
7135,20_square,0,0,612.0,657.0,305.0,435.0,-307.0,-222.0,train
7136,20_square,0,0,590.0,506.0,279.0,244.0,-311.0,-262.0,test
7137,20_square,0,0,546.0,513.0,243.0,574.0,-303.0,61.0,train
7138,20_square,0,0,724.0,827.0,888.0,469.0,164.0,-358.0,train
7139,20_square,0,0,236.0,591.0,324.0,472.0,88.0,-119.0,val
7140,20_square,0,0,751.0,327.0,895.0,698.0,144.0,371.0,train
7141,20_square,0,0,193.0,181.0,831.0,226.0,638.0,45.0,test
7142,20_square,0,0,849.0,611.0,297.0,833.0,-552.0,222.0,test
7143,20_square,0,0,806.0,779.0,587.0,362.0,-219.0,-417.0,train
7144,20_square,0,0,331.0,152.0,236.0,735.0,-95.0,583.0,train
7145,20_square,0,0,597.0,704.0,296.0,197.0,-301.0,-507.0,train
7146,20_square,0,0,447.0,205.0,289.0,661.0,-158.0,456.0,test
7147,20_square,0,0,730.0,627.0,310.0,125.0,-420.0,-502.0,train
7148,20_square,0,0,336.0,454.0,788.0,327.0,452.0,-127.0,train
7149,20_square,0,0,607.0,898.0,697.0,435.0,90.0,-463.0,train
7150,20_square,0,0,142.0,245.0,413.0,602.0,271.0,357.0,train
7151,20_square,0,0,433.0,316.0,410.0,804.0,-23.0,488.0,train
7152,20_square,0,0,179.0,810.0,740.0,598.0,561.0,-212.0,train
7153,20_square,0,0,595.0,774.0,347.0,722.0,-248.0,-52.0,train
7154,20_square,0,0,539.0,257.0,786.0,691.0,247.0,434.0,test
7155,20_square,0,0,661.0,652.0,169.0,115.0,-492.0,-537.0,test
7156,20_square,0,0,435.0,644.0,308.0,453.0,-127.0,-191.0,train
7157,20_square,0,0,406.0,576.0,367.0,565.0,-39.0,-11.0,train
7158,20_square,0,0,476.0,515.0,340.0,214.0,-136.0,-301.0,test
7159,20_square,0,0,398.0,667.0,797.0,150.0,399.0,-517.0,train
7160,20_square,0,0,224.0,470.0,740.0,709.0,516.0,239.0,train
7161,20_square,0,0,621.0,686.0,539.0,674.0,-82.0,-12.0,train
7162,20_square,0,0,701.0,544.0,578.0,460.0,-123.0,-84.0,train
7163,20_square,0,0,860.0,830.0,636.0,129.0,-224.0,-701.0,train
7164,20_square,0,0,815.0,435.0,661.0,399.0,-154.0,-36.0,val
7165,20_square,0,0,261.0,518.0,393.0,451.0,132.0,-67.0,train
7166,20_square,0,0,470.0,274.0,185.0,150.0,-285.0,-124.0,train
7167,20_square,0,0,333.0,592.0,362.0,162.0,29.0,-430.0,train
7168,20_square,0,0,564.0,638.0,865.0,692.0,301.0,54.0,train
7169,20_square,0,0,177.0,487.0,562.0,537.0,385.0,50.0,train
7170,20_square,0,0,257.0,722.0,430.0,413.0,173.0,-309.0,train
7171,20_square,0,0,150.0,711.0,691.0,598.0,541.0,-113.0,train
7172,20_square,0,0,703.0,246.0,776.0,657.0,73.0,411.0,val
7173,20_square,0,0,296.0,393.0,686.0,224.0,390.0,-169.0,train
7174,20_square,0,0,800.0,220.0,769.0,469.0,-31.0,249.0,train
7175,20_square,0,0,635.0,266.0,350.0,181.0,-285.0,-85.0,train
7176,20_square,0,0,736.0,687.0,396.0,339.0,-340.0,-348.0,train
7177,20_square,0,0,287.0,833.0,424.0,783.0,137.0,-50.0,train
7178,20_square,0,0,172.0,432.0,389.0,689.0,217.0,257.0,test
7179,20_square,0,0,461.0,491.0,120.0,251.0,-341.0,-240.0,train
7180,20_square,0,0,453.0,885.0,760.0,684.0,307.0,-201.0,train
7181,20_square,0,0,826.0,230.0,204.0,720.0,-622.0,490.0,train
7182,20_square,0,0,193.0,501.0,445.0,899.0,252.0,398.0,train
7183,20_square,0,0,718.0,656.0,720.0,586.0,2.0,-70.0,train
7184,20_square,0,0,479.0,401.0,211.0,100.0,-268.0,-301.0,train
7185,20_square,0,0,624.0,536.0,288.0,432.0,-336.0,-104.0,train
7186,20_square,0,0,643.0,458.0,588.0,438.0,-55.0,-20.0,train
7187,20_square,0,0,123.0,405.0,113.0,600.0,-10.0,195.0,train
7188,20_square,0,0,300.0,843.0,582.0,741.0,282.0,-102.0,train
7189,20_square,0,0,898.0,339.0,692.0,419.0,-206.0,80.0,train
7190,20_square,0,0,524.0,785.0,308.0,316.0,-216.0,-469.0,train
7191,20_square,0,0,302.0,144.0,428.0,254.0,126.0,110.0,val
7192,20_square,0,0,807.0,303.0,862.0,757.0,55.0,454.0,train
7193,20_square,0,0,876.0,156.0,823.0,254.0,-53.0,98.0,val
7194,20_square,0,0,540.0,237.0,603.0,291.0,63.0,54.0,test
7195,20_square,0,0,437.0,497.0,530.0,161.0,93.0,-336.0,train
7196,20_square,0,0,249.0,707.0,113.0,508.0,-136.0,-199.0,train
7197,20_square,0,0,300.0,483.0,395.0,527.0,95.0,44.0,train
7198,20_square,0,0,143.0,354.0,403.0,615.0,260.0,261.0,train
7199,20_square,0,0,769.0,548.0,786.0,727.0,17.0,179.0,train
7200,20_square,0,0,658.0,821.0,584.0,650.0,-74.0,-171.0,train
7201,20_square,0,0,158.0,881.0,523.0,353.0,365.0,-528.0,train
7202,20_square,0,0,197.0,151.0,231.0,579.0,34.0,428.0,train
7203,20_square,0,0,795.0,402.0,138.0,735.0,-657.0,333.0,train
7204,20_square,0,0,776.0,887.0,565.0,898.0,-211.0,11.0,train
7205,20_square,0,0,761.0,679.0,875.0,838.0,114.0,159.0,train
7206,20_square,0,0,755.0,721.0,377.0,480.0,-378.0,-241.0,train
7207,20_square,0,0,691.0,228.0,131.0,601.0,-560.0,373.0,train
7208,20_square,0,0,375.0,477.0,263.0,374.0,-112.0,-103.0,test
7209,20_square,0,0,380.0,316.0,672.0,865.0,292.0,549.0,train
7210,20_square,0,0,443.0,218.0,311.0,704.0,-132.0,486.0,val
7211,20_square,0,0,148.0,699.0,270.0,791.0,122.0,92.0,train
7212,20_square,0,0,467.0,708.0,267.0,896.0,-200.0,188.0,train
7213,20_square,0,0,124.0,411.0,292.0,690.0,168.0,279.0,train
7214,20_square,0,0,287.0,820.0,403.0,750.0,116.0,-70.0,val
7215,20_square,0,0,460.0,128.0,264.0,420.0,-196.0,292.0,train
7216,20_square,0,0,551.0,824.0,865.0,168.0,314.0,-656.0,train
7217,20_square,0,0,537.0,302.0,147.0,886.0,-390.0,584.0,val
7218,20_square,0,0,244.0,572.0,334.0,878.0,90.0,306.0,train
7219,20_square,0,0,167.0,358.0,340.0,162.0,173.0,-196.0,test
7220,20_square,0,0,676.0,445.0,185.0,168.0,-491.0,-277.0,train
7221,20_square,0,0,241.0,232.0,283.0,221.0,42.0,-11.0,train
7222,20_square,0,0,590.0,550.0,714.0,178.0,124.0,-372.0,train
7223,20_square,0,0,536.0,803.0,499.0,240.0,-37.0,-563.0,train
7224,20_square,0,0,357.0,694.0,442.0,788.0,85.0,94.0,train
7225,20_square,0,0,446.0,790.0,410.0,452.0,-36.0,-338.0,train
7226,20_square,0,0,540.0,592.0,243.0,610.0,-297.0,18.0,train
7227,20_square,0,0,484.0,743.0,438.0,474.0,-46.0,-269.0,train
7228,20_square,0,0,851.0,863.0,875.0,587.0,24.0,-276.0,val
7229,20_square,0,0,562.0,110.0,817.0,624.0,255.0,514.0,train
7230,20_square,0,0,416.0,141.0,340.0,785.0,-76.0,644.0,train
7231,20_square,0,0,359.0,870.0,390.0,691.0,31.0,-179.0,test
7232,20_square,0,0,584.0,172.0,221.0,721.0,-363.0,549.0,train
7233,20_square,0,0,601.0,841.0,877.0,523.0,276.0,-318.0,train
7234,20_square,0,0,423.0,806.0,574.0,614.0,151.0,-192.0,train
7235,20_square,0,0,351.0,667.0,718.0,830.0,367.0,163.0,val
7236,20_square,0,0,832.0,412.0,691.0,521.0,-141.0,109.0,train
7237,20_square,0,0,829.0,527.0,137.0,686.0,-692.0,159.0,train
7238,20_square,0,0,885.0,379.0,845.0,542.0,-40.0,163.0,val
7239,20_square,0,0,333.0,708.0,478.0,745.0,145.0,37.0,train
7240,20_square,0,0,722.0,442.0,873.0,418.0,151.0,-24.0,train
7241,20_square,0,0,530.0,500.0,207.0,276.0,-323.0,-224.0,train
7242,20_square,0,0,182.0,668.0,432.0,288.0,250.0,-380.0,train
7243,20_square,0,0,842.0,218.0,601.0,729.0,-241.0,511.0,val
7244,20_square,0,0,505.0,304.0,401.0,316.0,-104.0,12.0,train
7245,20_square,0,0,864.0,619.0,327.0,384.0,-537.0,-235.0,train
7246,20_square,0,0,244.0,746.0,645.0,295.0,401.0,-451.0,train
7247,20_square,0,0,800.0,370.0,375.0,703.0,-425.0,333.0,train
7248,20_square,0,0,207.0,370.0,346.0,432.0,139.0,62.0,train
7249,20_square,0,0,287.0,755.0,313.0,124.0,26.0,-631.0,train
7250,20_square,0,0,847.0,531.0,264.0,771.0,-583.0,240.0,train
7251,20_square,0,0,703.0,504.0,783.0,223.0,80.0,-281.0,train
7252,20_square,0,0,868.0,824.0,888.0,113.0,20.0,-711.0,train
7253,20_square,0,0,146.0,487.0,324.0,130.0,178.0,-357.0,train
7254,20_square,0,0,349.0,677.0,528.0,698.0,179.0,21.0,train
7255,20_square,0,0,250.0,831.0,730.0,530.0,480.0,-301.0,train
7256,20_square,0,0,347.0,304.0,517.0,270.0,170.0,-34.0,train
7257,20_square,0,0,887.0,740.0,768.0,174.0,-119.0,-566.0,train
7258,20_square,0,0,344.0,220.0,509.0,267.0,165.0,47.0,train
7259,20_square,0,0,254.0,815.0,646.0,636.0,392.0,-179.0,train
7260,20_square,0,0,496.0,765.0,836.0,540.0,340.0,-225.0,train
7261,20_square,0,0,206.0,335.0,210.0,680.0,4.0,345.0,train
7262,20_square,0,0,807.0,789.0,356.0,102.0,-451.0,-687.0,train
7263,20_square,0,0,198.0,758.0,891.0,324.0,693.0,-434.0,test
7264,20_square,0,0,232.0,369.0,202.0,676.0,-30.0,307.0,train
7265,20_square,0,0,888.0,502.0,686.0,630.0,-202.0,128.0,train
7266,20_square,0,0,559.0,730.0,651.0,719.0,92.0,-11.0,train
7267,20_square,0,0,509.0,110.0,843.0,112.0,334.0,2.0,train
7268,20_square,0,0,769.0,136.0,589.0,787.0,-180.0,651.0,train
7269,20_square,0,0,195.0,598.0,112.0,538.0,-83.0,-60.0,train
7270,20_square,0,0,832.0,617.0,117.0,271.0,-715.0,-346.0,train
7271,20_square,0,0,422.0,549.0,143.0,383.0,-279.0,-166.0,train
7272,20_square,0,0,461.0,346.0,752.0,807.0,291.0,461.0,train
7273,20_square,0,0,214.0,804.0,230.0,709.0,16.0,-95.0,train
7274,20_square,0,0,699.0,769.0,706.0,425.0,7.0,-344.0,train
7275,20_square,0,0,181.0,161.0,710.0,392.0,529.0,231.0,train
7276,20_square,0,0,812.0,165.0,589.0,513.0,-223.0,348.0,train
7277,20_square,0,0,577.0,615.0,318.0,268.0,-259.0,-347.0,test
7278,20_square,0,0,788.0,844.0,325.0,555.0,-463.0,-289.0,train
7279,20_square,0,0,164.0,375.0,437.0,290.0,273.0,-85.0,train
7280,20_square,0,0,201.0,409.0,691.0,505.0,490.0,96.0,train
7281,20_square,0,0,662.0,535.0,340.0,758.0,-322.0,223.0,train
7282,20_square,0,0,500.0,212.0,149.0,244.0,-351.0,32.0,train
7283,20_square,0,0,410.0,477.0,229.0,136.0,-181.0,-341.0,train
7284,20_square,0,0,207.0,510.0,488.0,481.0,281.0,-29.0,train
7285,20_square,0,0,203.0,606.0,781.0,789.0,578.0,183.0,train
7286,20_square,0,0,620.0,842.0,284.0,696.0,-336.0,-146.0,train
7287,20_square,0,0,800.0,129.0,236.0,268.0,-564.0,139.0,train
7288,20_square,0,0,318.0,698.0,623.0,292.0,305.0,-406.0,train
7289,20_square,0,0,829.0,703.0,106.0,330.0,-723.0,-373.0,train
7290,20_square,0,0,570.0,530.0,306.0,671.0,-264.0,141.0,train
7291,20_square,0,0,266.0,643.0,618.0,337.0,352.0,-306.0,test
7292,20_square,0,0,296.0,267.0,173.0,311.0,-123.0,44.0,train
7293,20_square,0,0,239.0,237.0,719.0,134.0,480.0,-103.0,train
7294,20_square,0,0,506.0,358.0,590.0,895.0,84.0,537.0,train
7295,20_square,0,0,330.0,313.0,491.0,173.0,161.0,-140.0,train
7296,20_square,0,0,145.0,204.0,176.0,604.0,31.0,400.0,train
7297,20_square,0,0,325.0,478.0,348.0,347.0,23.0,-131.0,train
7298,20_square,0,0,421.0,205.0,678.0,345.0,257.0,140.0,train
7299,20_square,0,0,467.0,302.0,134.0,334.0,-333.0,32.0,train
7300,20_square,0,0,551.0,811.0,302.0,868.0,-249.0,57.0,train
7301,20_square,0,0,618.0,345.0,396.0,546.0,-222.0,201.0,val
7302,20_square,0,0,116.0,881.0,622.0,318.0,506.0,-563.0,train
7303,20_square,0,0,122.0,299.0,370.0,277.0,248.0,-22.0,train
7304,20_square,0,0,501.0,578.0,802.0,760.0,301.0,182.0,test
7305,20_square,0,0,273.0,411.0,223.0,888.0,-50.0,477.0,train
7306,20_square,0,0,839.0,731.0,696.0,334.0,-143.0,-397.0,val
7307,20_square,0,0,860.0,202.0,367.0,294.0,-493.0,92.0,test
7308,20_square,0,0,767.0,400.0,316.0,537.0,-451.0,137.0,test
7309,20_square,0,0,857.0,604.0,332.0,362.0,-525.0,-242.0,train
7310,20_square,0,0,217.0,533.0,479.0,167.0,262.0,-366.0,train
7311,20_square,0,0,143.0,236.0,103.0,594.0,-40.0,358.0,train
7312,20_square,0,0,627.0,156.0,191.0,178.0,-436.0,22.0,train
7313,20_square,0,0,194.0,172.0,695.0,272.0,501.0,100.0,train
7314,20_square,0,0,390.0,531.0,718.0,683.0,328.0,152.0,train
7315,20_square,0,0,387.0,703.0,769.0,772.0,382.0,69.0,train
7316,20_square,0,0,423.0,195.0,419.0,357.0,-4.0,162.0,train
7317,20_square,0,0,403.0,495.0,542.0,392.0,139.0,-103.0,train
7318,20_square,0,0,860.0,752.0,849.0,850.0,-11.0,98.0,test
7319,20_square,0,0,556.0,561.0,556.0,709.0,0.0,148.0,train
7320,20_square,0,0,677.0,551.0,637.0,624.0,-40.0,73.0,train
7321,20_square,0,0,374.0,188.0,805.0,214.0,431.0,26.0,val
7322,20_square,0,0,667.0,452.0,844.0,875.0,177.0,423.0,test
7323,20_square,0,0,615.0,242.0,258.0,275.0,-357.0,33.0,val
7324,20_square,0,0,779.0,542.0,228.0,234.0,-551.0,-308.0,train
7325,20_square,0,0,192.0,549.0,328.0,500.0,136.0,-49.0,train
7326,20_square,0,0,556.0,841.0,329.0,104.0,-227.0,-737.0,val
7327,20_square,0,0,317.0,445.0,415.0,558.0,98.0,113.0,train
7328,20_square,0,0,237.0,274.0,732.0,721.0,495.0,447.0,val
7329,20_square,0,0,200.0,900.0,642.0,127.0,442.0,-773.0,train
7330,20_square,0,0,438.0,422.0,646.0,422.0,208.0,0.0,val
7331,20_square,0,0,195.0,163.0,663.0,149.0,468.0,-14.0,train
7332,20_square,0,0,106.0,328.0,230.0,202.0,124.0,-126.0,train
7333,20_square,0,0,821.0,532.0,234.0,819.0,-587.0,287.0,train
7334,20_square,0,0,551.0,642.0,688.0,524.0,137.0,-118.0,train
7335,20_square,0,0,121.0,108.0,175.0,357.0,54.0,249.0,train
7336,20_square,0,0,421.0,742.0,291.0,897.0,-130.0,155.0,train
7337,20_square,0,0,197.0,256.0,793.0,752.0,596.0,496.0,train
7338,20_square,0,0,877.0,449.0,343.0,276.0,-534.0,-173.0,train
7339,20_square,0,0,515.0,644.0,745.0,499.0,230.0,-145.0,train
7340,20_square,0,0,759.0,472.0,377.0,751.0,-382.0,279.0,train
7341,20_square,0,0,841.0,338.0,722.0,790.0,-119.0,452.0,train
7342,20_square,0,0,645.0,843.0,639.0,607.0,-6.0,-236.0,test
7343,20_square,0,0,600.0,375.0,153.0,697.0,-447.0,322.0,train
7344,20_square,0,0,311.0,121.0,483.0,687.0,172.0,566.0,train
7345,20_square,0,0,200.0,323.0,466.0,129.0,266.0,-194.0,test
7346,20_square,0,0,237.0,578.0,838.0,167.0,601.0,-411.0,train
7347,20_square,0,0,876.0,770.0,367.0,485.0,-509.0,-285.0,train
7348,20_square,0,0,847.0,643.0,560.0,786.0,-287.0,143.0,test
7349,20_square,0,0,215.0,413.0,318.0,699.0,103.0,286.0,train
7350,20_square,0,0,879.0,897.0,824.0,539.0,-55.0,-358.0,train
7351,20_square,0,0,172.0,762.0,745.0,426.0,573.0,-336.0,train
7352,20_square,0,0,481.0,302.0,715.0,115.0,234.0,-187.0,train
7353,20_square,0,0,314.0,612.0,735.0,266.0,421.0,-346.0,train
7354,20_square,0,0,866.0,370.0,652.0,384.0,-214.0,14.0,train
7355,20_square,0,0,596.0,712.0,512.0,144.0,-84.0,-568.0,train
7356,20_square,0,0,591.0,767.0,295.0,271.0,-296.0,-496.0,train
7357,20_square,0,0,190.0,811.0,174.0,314.0,-16.0,-497.0,train
7358,20_square,0,0,362.0,246.0,295.0,780.0,-67.0,534.0,train
7359,20_square,0,0,468.0,319.0,194.0,767.0,-274.0,448.0,train
7360,20_square,0,0,206.0,216.0,342.0,649.0,136.0,433.0,train
7361,20_square,0,0,569.0,240.0,262.0,784.0,-307.0,544.0,train
7362,20_square,0,0,872.0,614.0,517.0,538.0,-355.0,-76.0,test
7363,20_square,0,0,889.0,594.0,317.0,109.0,-572.0,-485.0,val
7364,20_square,0,0,823.0,291.0,290.0,251.0,-533.0,-40.0,train
7365,20_square,0,0,314.0,573.0,710.0,145.0,396.0,-428.0,train
7366,20_square,0,0,510.0,707.0,546.0,312.0,36.0,-395.0,test
7367,20_square,0,0,122.0,459.0,541.0,118.0,419.0,-341.0,train
7368,20_square,0,0,383.0,259.0,751.0,844.0,368.0,585.0,train
7369,20_square,0,0,251.0,768.0,882.0,513.0,631.0,-255.0,train
7370,20_square,0,0,431.0,410.0,487.0,313.0,56.0,-97.0,train
7371,20_square,0,0,159.0,338.0,515.0,285.0,356.0,-53.0,train
7372,20_square,0,0,711.0,590.0,274.0,811.0,-437.0,221.0,train
7373,20_square,0,0,874.0,739.0,140.0,201.0,-734.0,-538.0,train
7374,20_square,0,0,245.0,149.0,591.0,884.0,346.0,735.0,train
7375,20_square,0,0,580.0,863.0,737.0,566.0,157.0,-297.0,train
7376,20_square,0,0,345.0,407.0,100.0,842.0,-245.0,435.0,train
7377,20_square,0,0,613.0,257.0,429.0,162.0,-184.0,-95.0,train
7378,20_square,0,0,426.0,712.0,474.0,431.0,48.0,-281.0,train
7379,20_square,0,0,249.0,500.0,681.0,431.0,432.0,-69.0,train
7380,20_square,0,0,261.0,193.0,746.0,630.0,485.0,437.0,train
7381,20_square,0,0,580.0,299.0,655.0,569.0,75.0,270.0,train
7382,20_square,0,0,853.0,464.0,118.0,566.0,-735.0,102.0,train
7383,20_square,0,0,383.0,602.0,572.0,310.0,189.0,-292.0,val
7384,20_square,0,0,112.0,361.0,465.0,190.0,353.0,-171.0,train
7385,20_square,0,0,288.0,869.0,879.0,380.0,591.0,-489.0,train
7386,20_square,0,0,350.0,700.0,152.0,630.0,-198.0,-70.0,test
7387,20_square,0,0,471.0,455.0,642.0,552.0,171.0,97.0,train
7388,20_square,0,0,790.0,386.0,157.0,486.0,-633.0,100.0,train
7389,20_square,0,0,296.0,151.0,840.0,739.0,544.0,588.0,train
7390,20_square,0,0,327.0,712.0,135.0,826.0,-192.0,114.0,train
7391,20_square,0,0,591.0,790.0,771.0,355.0,180.0,-435.0,test
7392,20_square,0,0,430.0,182.0,143.0,101.0,-287.0,-81.0,train
7393,20_square,0,0,740.0,389.0,319.0,371.0,-421.0,-18.0,train
7394,20_square,0,0,860.0,505.0,146.0,524.0,-714.0,19.0,train
7395,20_square,0,0,259.0,151.0,665.0,640.0,406.0,489.0,train
7396,20_square,0,0,395.0,207.0,115.0,495.0,-280.0,288.0,train
7397,20_square,0,0,288.0,782.0,683.0,823.0,395.0,41.0,train
7398,20_square,0,0,199.0,809.0,356.0,892.0,157.0,83.0,train
7399,20_square,0,0,757.0,319.0,171.0,433.0,-586.0,114.0,train
7400,20_square,0,0,839.0,314.0,196.0,575.0,-643.0,261.0,train
7401,20_square,0,0,382.0,876.0,458.0,706.0,76.0,-170.0,train
7402,20_square,0,0,695.0,850.0,333.0,702.0,-362.0,-148.0,train
7403,20_square,0,0,619.0,205.0,795.0,281.0,176.0,76.0,train
7404,20_square,0,0,227.0,623.0,589.0,649.0,362.0,26.0,train
7405,20_square,0,0,331.0,342.0,271.0,446.0,-60.0,104.0,train
7406,20_square,0,0,791.0,446.0,108.0,406.0,-683.0,-40.0,train
7407,20_square,0,0,792.0,586.0,706.0,304.0,-86.0,-282.0,train
7408,20_square,0,0,458.0,650.0,437.0,109.0,-21.0,-541.0,test
7409,20_square,0,0,374.0,511.0,418.0,195.0,44.0,-316.0,train
7410,20_square,0,0,892.0,715.0,192.0,887.0,-700.0,172.0,train
7411,20_square,0,0,237.0,474.0,134.0,899.0,-103.0,425.0,train
7412,20_square,0,0,532.0,504.0,711.0,256.0,179.0,-248.0,train
7413,20_square,0,0,246.0,476.0,696.0,586.0,450.0,110.0,train
7414,20_square,0,0,163.0,780.0,664.0,415.0,501.0,-365.0,train
7415,20_square,0,0,240.0,899.0,735.0,190.0,495.0,-709.0,train
7416,20_square,0,0,550.0,763.0,329.0,604.0,-221.0,-159.0,train
7417,20_square,0,0,749.0,771.0,226.0,693.0,-523.0,-78.0,train
7418,20_square,0,0,432.0,444.0,183.0,140.0,-249.0,-304.0,train
7419,20_square,0,0,219.0,492.0,488.0,251.0,269.0,-241.0,train
7420,20_square,0,0,343.0,572.0,793.0,653.0,450.0,81.0,train
7421,20_square,0,0,165.0,574.0,711.0,182.0,546.0,-392.0,train
7422,20_square,0,0,455.0,334.0,247.0,496.0,-208.0,162.0,test
7423,20_square,0,0,779.0,510.0,503.0,824.0,-276.0,314.0,test
7424,20_square,0,0,503.0,869.0,337.0,444.0,-166.0,-425.0,train
7425,20_square,0,0,216.0,139.0,120.0,114.0,-96.0,-25.0,train
7426,20_square,0,0,544.0,848.0,382.0,183.0,-162.0,-665.0,train
7427,20_square,0,0,213.0,750.0,784.0,316.0,571.0,-434.0,train
7428,20_square,0,0,446.0,266.0,662.0,104.0,216.0,-162.0,train
7429,20_square,0,0,469.0,647.0,359.0,171.0,-110.0,-476.0,train
7430,20_square,0,0,667.0,409.0,625.0,729.0,-42.0,320.0,train
7431,20_square,0,0,305.0,496.0,610.0,268.0,305.0,-228.0,train
7432,20_square,0,0,118.0,210.0,607.0,252.0,489.0,42.0,train
7433,20_square,0,0,182.0,181.0,814.0,526.0,632.0,345.0,train
7434,20_square,0,0,629.0,154.0,121.0,106.0,-508.0,-48.0,train
7435,20_square,0,0,532.0,196.0,131.0,651.0,-401.0,455.0,train
7436,20_square,0,0,538.0,216.0,759.0,264.0,221.0,48.0,train
7437,20_square,0,0,304.0,719.0,499.0,524.0,195.0,-195.0,train
7438,20_square,0,0,872.0,872.0,600.0,342.0,-272.0,-530.0,val
7439,20_square,0,0,511.0,303.0,833.0,733.0,322.0,430.0,test
7440,20_square,0,0,583.0,440.0,387.0,113.0,-196.0,-327.0,train
7441,20_square,0,0,813.0,292.0,331.0,693.0,-482.0,401.0,train
7442,20_square,0,0,500.0,359.0,475.0,194.0,-25.0,-165.0,train
7443,20_square,0,0,224.0,708.0,785.0,364.0,561.0,-344.0,val
7444,20_square,0,0,116.0,876.0,502.0,236.0,386.0,-640.0,test
7445,20_square,0,0,788.0,817.0,828.0,830.0,40.0,13.0,train
7446,20_square,0,0,228.0,665.0,105.0,578.0,-123.0,-87.0,train
7447,20_square,0,0,151.0,624.0,489.0,521.0,338.0,-103.0,train
7448,20_square,0,0,108.0,728.0,427.0,407.0,319.0,-321.0,train
7449,20_square,0,0,305.0,549.0,746.0,280.0,441.0,-269.0,test
7450,20_square,0,0,306.0,405.0,303.0,777.0,-3.0,372.0,train
7451,20_square,0,0,585.0,806.0,826.0,265.0,241.0,-541.0,train
7452,20_square,0,0,236.0,500.0,793.0,378.0,557.0,-122.0,train
7453,20_square,0,0,505.0,593.0,430.0,787.0,-75.0,194.0,train
7454,20_square,0,0,256.0,727.0,834.0,751.0,578.0,24.0,train
7455,20_square,0,0,224.0,605.0,237.0,582.0,13.0,-23.0,train
7456,20_square,0,0,568.0,502.0,827.0,636.0,259.0,134.0,train
7457,20_square,0,0,146.0,387.0,261.0,664.0,115.0,277.0,train
7458,20_square,0,0,156.0,742.0,565.0,446.0,409.0,-296.0,train
7459,20_square,0,0,793.0,625.0,518.0,444.0,-275.0,-181.0,train
7460,20_square,0,0,779.0,206.0,321.0,406.0,-458.0,200.0,train
7461,20_square,0,0,754.0,559.0,144.0,327.0,-610.0,-232.0,train
7462,20_square,0,0,474.0,378.0,367.0,283.0,-107.0,-95.0,test
7463,20_square,0,0,419.0,461.0,879.0,129.0,460.0,-332.0,train
7464,20_square,0,0,863.0,321.0,365.0,440.0,-498.0,119.0,val
7465,20_square,0,0,212.0,288.0,436.0,225.0,224.0,-63.0,train
7466,20_square,0,0,857.0,390.0,569.0,704.0,-288.0,314.0,train
7467,20_square,0,0,462.0,244.0,814.0,353.0,352.0,109.0,train
7468,20_square,0,0,181.0,831.0,135.0,711.0,-46.0,-120.0,train
7469,20_square,0,0,131.0,406.0,415.0,698.0,284.0,292.0,test
7470,20_square,0,0,785.0,366.0,486.0,550.0,-299.0,184.0,train
7471,20_square,0,0,205.0,884.0,743.0,877.0,538.0,-7.0,train
7472,20_square,0,0,828.0,529.0,129.0,134.0,-699.0,-395.0,val
7473,20_square,0,0,450.0,758.0,797.0,640.0,347.0,-118.0,train
7474,20_square,0,0,522.0,614.0,717.0,533.0,195.0,-81.0,val
7475,20_square,0,0,494.0,273.0,545.0,599.0,51.0,326.0,train
7476,20_square,0,0,779.0,402.0,242.0,833.0,-537.0,431.0,train
7477,20_square,0,0,464.0,777.0,289.0,446.0,-175.0,-331.0,train
7478,20_square,0,0,162.0,437.0,792.0,510.0,630.0,73.0,train
7479,20_square,0,0,456.0,800.0,551.0,436.0,95.0,-364.0,train
7480,20_square,0,0,552.0,581.0,300.0,878.0,-252.0,297.0,train
7481,20_square,0,0,220.0,343.0,779.0,731.0,559.0,388.0,train
7482,20_square,0,0,130.0,235.0,542.0,125.0,412.0,-110.0,train
7483,20_square,0,0,789.0,268.0,152.0,471.0,-637.0,203.0,val
7484,20_square,0,0,889.0,613.0,209.0,608.0,-680.0,-5.0,train
7485,20_square,0,0,511.0,892.0,406.0,563.0,-105.0,-329.0,train
7486,20_square,0,0,588.0,803.0,140.0,423.0,-448.0,-380.0,train
7487,20_square,0,0,800.0,640.0,443.0,699.0,-357.0,59.0,train
7488,20_square,0,0,735.0,373.0,882.0,505.0,147.0,132.0,val
7489,20_square,0,0,126.0,456.0,338.0,348.0,212.0,-108.0,train
7490,20_square,0,0,176.0,486.0,304.0,603.0,128.0,117.0,train
7491,20_square,0,0,829.0,662.0,638.0,566.0,-191.0,-96.0,train
7492,20_square,0,0,507.0,369.0,657.0,315.0,150.0,-54.0,train
7493,20_square,0,0,446.0,716.0,268.0,274.0,-178.0,-442.0,test
7494,20_square,0,0,849.0,868.0,787.0,444.0,-62.0,-424.0,train
7495,20_square,0,0,401.0,574.0,834.0,320.0,433.0,-254.0,val
7496,20_square,0,0,525.0,199.0,309.0,609.0,-216.0,410.0,train
7497,20_square,0,0,618.0,579.0,295.0,206.0,-323.0,-373.0,train
7498,20_square,0,0,332.0,310.0,277.0,492.0,-55.0,182.0,train
7499,20_square,0,0,837.0,183.0,155.0,866.0,-682.0,683.0,train
7500,16_square,0,0,206.0,655.0,744.0,241.0,538.0,-414.0,train
7501,16_square,0,0,877.0,290.0,215.0,685.0,-662.0,395.0,train
7502,16_square,0,0,583.0,300.0,168.0,358.0,-415.0,58.0,val
7503,16_square,0,0,102.0,488.0,411.0,583.0,309.0,95.0,train
7504,16_square,0,0,509.0,808.0,668.0,404.0,159.0,-404.0,train
7505,16_square,0,0,512.0,809.0,214.0,660.0,-298.0,-149.0,val
7506,16_square,0,0,875.0,421.0,205.0,387.0,-670.0,-34.0,train
7507,16_square,0,0,826.0,798.0,401.0,589.0,-425.0,-209.0,train
7508,16_square,0,0,783.0,727.0,448.0,634.0,-335.0,-93.0,test
7509,16_square,0,0,265.0,201.0,131.0,407.0,-134.0,206.0,train
7510,16_square,0,0,443.0,178.0,710.0,196.0,267.0,18.0,test
7511,16_square,0,0,820.0,516.0,373.0,156.0,-447.0,-360.0,train
7512,16_square,0,0,235.0,715.0,158.0,790.0,-77.0,75.0,train
7513,16_square,0,0,894.0,505.0,846.0,870.0,-48.0,365.0,train
7514,16_square,0,0,389.0,256.0,293.0,226.0,-96.0,-30.0,val
7515,16_square,0,0,771.0,575.0,233.0,533.0,-538.0,-42.0,train
7516,16_square,0,0,156.0,779.0,677.0,226.0,521.0,-553.0,test
7517,16_square,0,0,491.0,308.0,531.0,757.0,40.0,449.0,train
7518,16_square,0,0,422.0,858.0,739.0,280.0,317.0,-578.0,test
7519,16_square,0,0,221.0,357.0,280.0,844.0,59.0,487.0,train
7520,16_square,0,0,666.0,302.0,352.0,633.0,-314.0,331.0,train
7521,16_square,0,0,265.0,881.0,249.0,362.0,-16.0,-519.0,val
7522,16_square,0,0,675.0,779.0,642.0,683.0,-33.0,-96.0,train
7523,16_square,0,0,649.0,485.0,872.0,627.0,223.0,142.0,train
7524,16_square,0,0,598.0,156.0,332.0,627.0,-266.0,471.0,train
7525,16_square,0,0,404.0,763.0,854.0,254.0,450.0,-509.0,train
7526,16_square,0,0,854.0,809.0,761.0,243.0,-93.0,-566.0,train
7527,16_square,0,0,871.0,866.0,206.0,126.0,-665.0,-740.0,test
7528,16_square,0,0,356.0,202.0,710.0,609.0,354.0,407.0,train
7529,16_square,0,0,417.0,280.0,666.0,583.0,249.0,303.0,train
7530,16_square,0,0,765.0,740.0,806.0,153.0,41.0,-587.0,test
7531,16_square,0,0,363.0,520.0,649.0,499.0,286.0,-21.0,train
7532,16_square,0,0,219.0,444.0,177.0,133.0,-42.0,-311.0,train
7533,16_square,0,0,492.0,576.0,898.0,813.0,406.0,237.0,train
7534,16_square,0,0,116.0,783.0,447.0,128.0,331.0,-655.0,train
7535,16_square,0,0,862.0,250.0,559.0,878.0,-303.0,628.0,val
7536,16_square,0,0,731.0,229.0,323.0,412.0,-408.0,183.0,train
7537,16_square,0,0,333.0,371.0,501.0,572.0,168.0,201.0,train
7538,16_square,0,0,536.0,836.0,627.0,314.0,91.0,-522.0,train
7539,16_square,0,0,392.0,816.0,637.0,114.0,245.0,-702.0,train
7540,16_square,0,0,854.0,726.0,320.0,176.0,-534.0,-550.0,val
7541,16_square,0,0,718.0,549.0,616.0,859.0,-102.0,310.0,train
7542,16_square,0,0,139.0,115.0,515.0,138.0,376.0,23.0,train
7543,16_square,0,0,512.0,318.0,699.0,450.0,187.0,132.0,train
7544,16_square,0,0,315.0,653.0,385.0,247.0,70.0,-406.0,train
7545,16_square,0,0,692.0,149.0,530.0,893.0,-162.0,744.0,train
7546,16_square,0,0,167.0,880.0,630.0,879.0,463.0,-1.0,train
7547,16_square,0,0,535.0,339.0,473.0,420.0,-62.0,81.0,train
7548,16_square,0,0,106.0,795.0,557.0,516.0,451.0,-279.0,train
7549,16_square,0,0,582.0,717.0,583.0,873.0,1.0,156.0,train
7550,16_square,0,0,180.0,598.0,668.0,895.0,488.0,297.0,train
7551,16_square,0,0,887.0,376.0,125.0,252.0,-762.0,-124.0,val
7552,16_square,0,0,321.0,195.0,874.0,803.0,553.0,608.0,train
7553,16_square,0,0,120.0,343.0,576.0,760.0,456.0,417.0,train
7554,16_square,0,0,858.0,172.0,820.0,525.0,-38.0,353.0,val
7555,16_square,0,0,310.0,674.0,745.0,757.0,435.0,83.0,train
7556,16_square,0,0,714.0,668.0,349.0,395.0,-365.0,-273.0,train
7557,16_square,0,0,197.0,876.0,271.0,306.0,74.0,-570.0,train
7558,16_square,0,0,704.0,567.0,113.0,208.0,-591.0,-359.0,train
7559,16_square,0,0,301.0,265.0,260.0,230.0,-41.0,-35.0,train
7560,16_square,0,0,301.0,709.0,501.0,727.0,200.0,18.0,train
7561,16_square,0,0,824.0,708.0,226.0,499.0,-598.0,-209.0,train
7562,16_square,0,0,623.0,401.0,624.0,794.0,1.0,393.0,train
7563,16_square,0,0,757.0,322.0,156.0,360.0,-601.0,38.0,train
7564,16_square,0,0,629.0,745.0,295.0,897.0,-334.0,152.0,train
7565,16_square,0,0,301.0,754.0,824.0,370.0,523.0,-384.0,test
7566,16_square,0,0,666.0,481.0,821.0,894.0,155.0,413.0,train
7567,16_square,0,0,689.0,456.0,428.0,247.0,-261.0,-209.0,train
7568,16_square,0,0,312.0,354.0,301.0,469.0,-11.0,115.0,val
7569,16_square,0,0,342.0,697.0,584.0,727.0,242.0,30.0,train
7570,16_square,0,0,823.0,331.0,163.0,865.0,-660.0,534.0,train
7571,16_square,0,0,226.0,157.0,120.0,308.0,-106.0,151.0,val
7572,16_square,0,0,574.0,622.0,662.0,455.0,88.0,-167.0,train
7573,16_square,0,0,410.0,884.0,314.0,456.0,-96.0,-428.0,train
7574,16_square,0,0,850.0,765.0,319.0,378.0,-531.0,-387.0,train
7575,16_square,0,0,264.0,702.0,799.0,264.0,535.0,-438.0,train
7576,16_square,0,0,623.0,446.0,852.0,825.0,229.0,379.0,train
7577,16_square,0,0,535.0,580.0,885.0,524.0,350.0,-56.0,train
7578,16_square,0,0,602.0,579.0,578.0,798.0,-24.0,219.0,train
7579,16_square,0,0,416.0,882.0,549.0,851.0,133.0,-31.0,train
7580,16_square,0,0,577.0,217.0,334.0,851.0,-243.0,634.0,train
7581,16_square,0,0,710.0,821.0,350.0,293.0,-360.0,-528.0,train
7582,16_square,0,0,451.0,764.0,653.0,334.0,202.0,-430.0,train
7583,16_square,0,0,652.0,328.0,735.0,156.0,83.0,-172.0,train
7584,16_square,0,0,874.0,756.0,304.0,822.0,-570.0,66.0,test
7585,16_square,0,0,286.0,498.0,637.0,504.0,351.0,6.0,train
7586,16_square,0,0,467.0,320.0,724.0,501.0,257.0,181.0,train
7587,16_square,0,0,408.0,444.0,481.0,794.0,73.0,350.0,train
7588,16_square,0,0,891.0,280.0,604.0,526.0,-287.0,246.0,val
7589,16_square,0,0,290.0,725.0,830.0,489.0,540.0,-236.0,train
7590,16_square,0,0,839.0,240.0,843.0,647.0,4.0,407.0,test
7591,16_square,0,0,588.0,566.0,120.0,793.0,-468.0,227.0,train
7592,16_square,0,0,877.0,437.0,780.0,254.0,-97.0,-183.0,train
7593,16_square,0,0,595.0,150.0,406.0,145.0,-189.0,-5.0,train
7594,16_square,0,0,584.0,633.0,777.0,593.0,193.0,-40.0,train
7595,16_square,0,0,127.0,436.0,866.0,272.0,739.0,-164.0,train
7596,16_square,0,0,350.0,538.0,113.0,896.0,-237.0,358.0,train
7597,16_square,0,0,475.0,847.0,451.0,467.0,-24.0,-380.0,train
7598,16_square,0,0,398.0,398.0,570.0,741.0,172.0,343.0,train
7599,16_square,0,0,322.0,244.0,468.0,744.0,146.0,500.0,train
7600,16_square,0,0,591.0,750.0,144.0,343.0,-447.0,-407.0,train
7601,16_square,0,0,334.0,795.0,791.0,128.0,457.0,-667.0,train
7602,16_square,0,0,263.0,676.0,481.0,533.0,218.0,-143.0,val
7603,16_square,0,0,202.0,492.0,395.0,535.0,193.0,43.0,train
7604,16_square,0,0,882.0,612.0,183.0,835.0,-699.0,223.0,val
7605,16_square,0,0,466.0,153.0,231.0,316.0,-235.0,163.0,train
7606,16_square,0,0,558.0,360.0,460.0,539.0,-98.0,179.0,train
7607,16_square,0,0,402.0,594.0,441.0,401.0,39.0,-193.0,train
7608,16_square,0,0,349.0,575.0,189.0,563.0,-160.0,-12.0,test
7609,16_square,0,0,144.0,590.0,484.0,377.0,340.0,-213.0,train
7610,16_square,0,0,542.0,806.0,435.0,446.0,-107.0,-360.0,train
7611,16_square,0,0,371.0,186.0,699.0,149.0,328.0,-37.0,train
7612,16_square,0,0,871.0,517.0,385.0,276.0,-486.0,-241.0,train
7613,16_square,0,0,190.0,373.0,173.0,133.0,-17.0,-240.0,train
7614,16_square,0,0,896.0,559.0,580.0,254.0,-316.0,-305.0,train
7615,16_square,0,0,349.0,290.0,656.0,635.0,307.0,345.0,train
7616,16_square,0,0,603.0,567.0,526.0,460.0,-77.0,-107.0,train
7617,16_square,0,0,235.0,227.0,504.0,101.0,269.0,-126.0,test
7618,16_square,0,0,597.0,455.0,888.0,451.0,291.0,-4.0,train
7619,16_square,0,0,371.0,258.0,742.0,718.0,371.0,460.0,test
7620,16_square,0,0,147.0,203.0,224.0,251.0,77.0,48.0,train
7621,16_square,0,0,132.0,649.0,731.0,139.0,599.0,-510.0,train
7622,16_square,0,0,546.0,826.0,387.0,805.0,-159.0,-21.0,train
7623,16_square,0,0,287.0,579.0,835.0,561.0,548.0,-18.0,train
7624,16_square,0,0,450.0,654.0,772.0,634.0,322.0,-20.0,train
7625,16_square,0,0,378.0,118.0,149.0,539.0,-229.0,421.0,val
7626,16_square,0,0,672.0,834.0,480.0,629.0,-192.0,-205.0,val
7627,16_square,0,0,448.0,760.0,109.0,862.0,-339.0,102.0,train
7628,16_square,0,0,367.0,180.0,550.0,495.0,183.0,315.0,val
7629,16_square,0,0,137.0,153.0,215.0,526.0,78.0,373.0,train
7630,16_square,0,0,519.0,636.0,864.0,387.0,345.0,-249.0,train
7631,16_square,0,0,659.0,870.0,670.0,114.0,11.0,-756.0,train
7632,16_square,0,0,440.0,253.0,750.0,756.0,310.0,503.0,train
7633,16_square,0,0,821.0,725.0,842.0,480.0,21.0,-245.0,train
7634,16_square,0,0,123.0,457.0,238.0,218.0,115.0,-239.0,val
7635,16_square,0,0,354.0,185.0,405.0,658.0,51.0,473.0,train
7636,16_square,0,0,129.0,611.0,175.0,663.0,46.0,52.0,test
7637,16_square,0,0,475.0,691.0,849.0,482.0,374.0,-209.0,train
7638,16_square,0,0,491.0,791.0,284.0,197.0,-207.0,-594.0,train
7639,16_square,0,0,458.0,680.0,654.0,561.0,196.0,-119.0,test
7640,16_square,0,0,619.0,264.0,753.0,415.0,134.0,151.0,train
7641,16_square,0,0,635.0,219.0,456.0,248.0,-179.0,29.0,train
7642,16_square,0,0,224.0,873.0,390.0,548.0,166.0,-325.0,train
7643,16_square,0,0,294.0,489.0,887.0,880.0,593.0,391.0,train
7644,16_square,0,0,751.0,769.0,440.0,166.0,-311.0,-603.0,train
7645,16_square,0,0,497.0,226.0,221.0,304.0,-276.0,78.0,train
7646,16_square,0,0,566.0,276.0,279.0,419.0,-287.0,143.0,train
7647,16_square,0,0,208.0,124.0,866.0,634.0,658.0,510.0,train
7648,16_square,0,0,737.0,540.0,592.0,704.0,-145.0,164.0,train
7649,16_square,0,0,747.0,498.0,795.0,240.0,48.0,-258.0,val
7650,16_square,0,0,474.0,396.0,598.0,872.0,124.0,476.0,test
7651,16_square,0,0,810.0,600.0,652.0,528.0,-158.0,-72.0,train
7652,16_square,0,0,742.0,557.0,354.0,754.0,-388.0,197.0,train
7653,16_square,0,0,863.0,706.0,704.0,175.0,-159.0,-531.0,train
7654,16_square,0,0,189.0,891.0,254.0,347.0,65.0,-544.0,train
7655,16_square,0,0,138.0,312.0,421.0,870.0,283.0,558.0,test
7656,16_square,0,0,391.0,755.0,366.0,812.0,-25.0,57.0,test
7657,16_square,0,0,453.0,186.0,193.0,242.0,-260.0,56.0,train
7658,16_square,0,0,461.0,713.0,523.0,708.0,62.0,-5.0,train
7659,16_square,0,0,308.0,819.0,679.0,387.0,371.0,-432.0,train
7660,16_square,0,0,671.0,192.0,537.0,497.0,-134.0,305.0,val
7661,16_square,0,0,529.0,669.0,784.0,876.0,255.0,207.0,train
7662,16_square,0,0,651.0,619.0,226.0,368.0,-425.0,-251.0,train
7663,16_square,0,0,763.0,445.0,827.0,328.0,64.0,-117.0,train
7664,16_square,0,0,468.0,705.0,709.0,575.0,241.0,-130.0,train
7665,16_square,0,0,417.0,594.0,863.0,447.0,446.0,-147.0,train
7666,16_square,0,0,724.0,380.0,408.0,263.0,-316.0,-117.0,train
7667,16_square,0,0,320.0,189.0,764.0,494.0,444.0,305.0,train
7668,16_square,0,0,118.0,465.0,477.0,716.0,359.0,251.0,train
7669,16_square,0,0,568.0,582.0,333.0,403.0,-235.0,-179.0,val
7670,16_square,0,0,422.0,574.0,273.0,381.0,-149.0,-193.0,train
7671,16_square,0,0,752.0,702.0,298.0,356.0,-454.0,-346.0,train
7672,16_square,0,0,611.0,598.0,600.0,565.0,-11.0,-33.0,train
7673,16_square,0,0,471.0,416.0,473.0,627.0,2.0,211.0,train
7674,16_square,0,0,114.0,595.0,141.0,491.0,27.0,-104.0,train
7675,16_square,0,0,282.0,635.0,649.0,121.0,367.0,-514.0,val
7676,16_square,0,0,679.0,594.0,667.0,685.0,-12.0,91.0,train
7677,16_square,0,0,380.0,675.0,376.0,701.0,-4.0,26.0,test
7678,16_square,0,0,814.0,143.0,260.0,863.0,-554.0,720.0,test
7679,16_square,0,0,274.0,728.0,818.0,156.0,544.0,-572.0,train
7680,16_square,0,0,610.0,488.0,622.0,372.0,12.0,-116.0,train
7681,16_square,0,0,796.0,371.0,861.0,183.0,65.0,-188.0,train
7682,16_square,0,0,568.0,374.0,238.0,522.0,-330.0,148.0,train
7683,16_square,0,0,514.0,740.0,827.0,855.0,313.0,115.0,train
7684,16_square,0,0,450.0,399.0,338.0,318.0,-112.0,-81.0,train
7685,16_square,0,0,317.0,632.0,853.0,294.0,536.0,-338.0,train
7686,16_square,0,0,485.0,222.0,515.0,298.0,30.0,76.0,test
7687,16_square,0,0,364.0,897.0,206.0,831.0,-158.0,-66.0,val
7688,16_square,0,0,764.0,809.0,490.0,839.0,-274.0,30.0,train
7689,16_square,0,0,353.0,715.0,521.0,689.0,168.0,-26.0,train
7690,16_square,0,0,156.0,437.0,202.0,121.0,46.0,-316.0,val
7691,16_square,0,0,591.0,314.0,742.0,307.0,151.0,-7.0,train
7692,16_square,0,0,469.0,391.0,196.0,413.0,-273.0,22.0,test
7693,16_square,0,0,215.0,321.0,561.0,110.0,346.0,-211.0,train
7694,16_square,0,0,162.0,682.0,351.0,168.0,189.0,-514.0,train
7695,16_square,0,0,815.0,716.0,712.0,387.0,-103.0,-329.0,train
7696,16_square,0,0,842.0,359.0,464.0,392.0,-378.0,33.0,train
7697,16_square,0,0,733.0,150.0,628.0,562.0,-105.0,412.0,test
7698,16_square,0,0,125.0,716.0,892.0,210.0,767.0,-506.0,train
7699,16_square,0,0,722.0,792.0,348.0,307.0,-374.0,-485.0,test
7700,16_square,0,0,463.0,833.0,736.0,871.0,273.0,38.0,val
7701,16_square,0,0,550.0,393.0,369.0,543.0,-181.0,150.0,train
7702,16_square,0,0,670.0,294.0,739.0,615.0,69.0,321.0,train
7703,16_square,0,0,420.0,474.0,811.0,851.0,391.0,377.0,val
7704,16_square,0,0,743.0,239.0,436.0,720.0,-307.0,481.0,train
7705,16_square,0,0,740.0,723.0,725.0,507.0,-15.0,-216.0,train
7706,16_square,0,0,491.0,540.0,478.0,646.0,-13.0,106.0,train
7707,16_square,0,0,490.0,667.0,566.0,464.0,76.0,-203.0,train
7708,16_square,0,0,544.0,343.0,319.0,178.0,-225.0,-165.0,test
7709,16_square,0,0,356.0,723.0,362.0,638.0,6.0,-85.0,test
7710,16_square,0,0,472.0,888.0,787.0,608.0,315.0,-280.0,train
7711,16_square,0,0,823.0,703.0,259.0,780.0,-564.0,77.0,train
7712,16_square,0,0,323.0,771.0,452.0,322.0,129.0,-449.0,train
7713,16_square,0,0,190.0,480.0,600.0,693.0,410.0,213.0,val
7714,16_square,0,0,522.0,242.0,309.0,835.0,-213.0,593.0,train
7715,16_square,0,0,748.0,566.0,784.0,543.0,36.0,-23.0,train
7716,16_square,0,0,346.0,880.0,108.0,368.0,-238.0,-512.0,train
7717,16_square,0,0,657.0,664.0,593.0,364.0,-64.0,-300.0,train
7718,16_square,0,0,650.0,717.0,594.0,457.0,-56.0,-260.0,train
7719,16_square,0,0,386.0,568.0,519.0,651.0,133.0,83.0,train
7720,16_square,0,0,735.0,442.0,487.0,196.0,-248.0,-246.0,train
7721,16_square,0,0,309.0,675.0,708.0,662.0,399.0,-13.0,train
7722,16_square,0,0,469.0,174.0,465.0,220.0,-4.0,46.0,train
7723,16_square,0,0,699.0,855.0,158.0,400.0,-541.0,-455.0,test
7724,16_square,0,0,566.0,355.0,876.0,267.0,310.0,-88.0,val
7725,16_square,0,0,751.0,832.0,730.0,451.0,-21.0,-381.0,train
7726,16_square,0,0,806.0,310.0,207.0,464.0,-599.0,154.0,train
7727,16_square,0,0,100.0,546.0,592.0,520.0,492.0,-26.0,train
7728,16_square,0,0,331.0,342.0,739.0,767.0,408.0,425.0,train
7729,16_square,0,0,112.0,541.0,723.0,370.0,611.0,-171.0,train
7730,16_square,0,0,900.0,591.0,734.0,182.0,-166.0,-409.0,train
7731,16_square,0,0,508.0,530.0,328.0,583.0,-180.0,53.0,train
7732,16_square,0,0,715.0,579.0,562.0,860.0,-153.0,281.0,train
7733,16_square,0,0,219.0,562.0,155.0,640.0,-64.0,78.0,test
7734,16_square,0,0,870.0,404.0,883.0,815.0,13.0,411.0,val
7735,16_square,0,0,402.0,296.0,323.0,244.0,-79.0,-52.0,train
7736,16_square,0,0,743.0,572.0,799.0,296.0,56.0,-276.0,train
7737,16_square,0,0,889.0,522.0,849.0,296.0,-40.0,-226.0,train
7738,16_square,0,0,286.0,160.0,127.0,326.0,-159.0,166.0,train
7739,16_square,0,0,459.0,190.0,590.0,181.0,131.0,-9.0,train
7740,16_square,0,0,830.0,356.0,113.0,730.0,-717.0,374.0,train
7741,16_square,0,0,698.0,476.0,530.0,851.0,-168.0,375.0,train
7742,16_square,0,0,717.0,523.0,454.0,123.0,-263.0,-400.0,train
7743,16_square,0,0,226.0,548.0,636.0,492.0,410.0,-56.0,train
7744,16_square,0,0,213.0,895.0,156.0,786.0,-57.0,-109.0,train
7745,16_square,0,0,785.0,232.0,469.0,304.0,-316.0,72.0,train
7746,16_square,0,0,606.0,345.0,612.0,647.0,6.0,302.0,train
7747,16_square,0,0,338.0,406.0,711.0,545.0,373.0,139.0,train
7748,16_square,0,0,674.0,680.0,137.0,422.0,-537.0,-258.0,train
7749,16_square,0,0,486.0,868.0,528.0,176.0,42.0,-692.0,train
7750,16_square,0,0,486.0,454.0,587.0,632.0,101.0,178.0,train
7751,16_square,0,0,521.0,105.0,699.0,320.0,178.0,215.0,train
7752,16_square,0,0,176.0,278.0,618.0,321.0,442.0,43.0,train
7753,16_square,0,0,291.0,718.0,833.0,767.0,542.0,49.0,train
7754,16_square,0,0,407.0,449.0,804.0,520.0,397.0,71.0,train
7755,16_square,0,0,639.0,892.0,827.0,139.0,188.0,-753.0,train
7756,16_square,0,0,111.0,704.0,253.0,521.0,142.0,-183.0,train
7757,16_square,0,0,512.0,721.0,546.0,728.0,34.0,7.0,train
7758,16_square,0,0,846.0,537.0,676.0,874.0,-170.0,337.0,train
7759,16_square,0,0,126.0,586.0,832.0,280.0,706.0,-306.0,train
7760,16_square,0,0,422.0,117.0,609.0,576.0,187.0,459.0,train
7761,16_square,0,0,277.0,770.0,474.0,363.0,197.0,-407.0,train
7762,16_square,0,0,876.0,193.0,725.0,166.0,-151.0,-27.0,train
7763,16_square,0,0,241.0,721.0,656.0,628.0,415.0,-93.0,train
7764,16_square,0,0,823.0,133.0,348.0,164.0,-475.0,31.0,val
7765,16_square,0,0,775.0,249.0,534.0,209.0,-241.0,-40.0,train
7766,16_square,0,0,845.0,614.0,183.0,453.0,-662.0,-161.0,train
7767,16_square,0,0,845.0,174.0,386.0,859.0,-459.0,685.0,train
7768,16_square,0,0,130.0,829.0,353.0,125.0,223.0,-704.0,test
7769,16_square,0,0,764.0,645.0,359.0,433.0,-405.0,-212.0,train
7770,16_square,0,0,276.0,251.0,203.0,337.0,-73.0,86.0,train
7771,16_square,0,0,248.0,176.0,740.0,229.0,492.0,53.0,test
7772,16_square,0,0,854.0,813.0,129.0,840.0,-725.0,27.0,train
7773,16_square,0,0,486.0,644.0,244.0,698.0,-242.0,54.0,train
7774,16_square,0,0,134.0,743.0,318.0,514.0,184.0,-229.0,train
7775,16_square,0,0,735.0,150.0,682.0,179.0,-53.0,29.0,train
7776,16_square,0,0,286.0,482.0,256.0,787.0,-30.0,305.0,train
7777,16_square,0,0,206.0,185.0,284.0,883.0,78.0,698.0,train
7778,16_square,0,0,236.0,690.0,253.0,189.0,17.0,-501.0,train
7779,16_square,0,0,786.0,392.0,566.0,720.0,-220.0,328.0,train
7780,16_square,0,0,209.0,496.0,297.0,339.0,88.0,-157.0,train
7781,16_square,0,0,640.0,382.0,221.0,876.0,-419.0,494.0,train
7782,16_square,0,0,795.0,525.0,528.0,836.0,-267.0,311.0,train
7783,16_square,0,0,440.0,668.0,736.0,406.0,296.0,-262.0,test
7784,16_square,0,0,476.0,251.0,871.0,248.0,395.0,-3.0,train
7785,16_square,0,0,116.0,783.0,291.0,816.0,175.0,33.0,train
7786,16_square,0,0,427.0,524.0,149.0,744.0,-278.0,220.0,train
7787,16_square,0,0,175.0,574.0,417.0,544.0,242.0,-30.0,train
7788,16_square,0,0,576.0,108.0,835.0,856.0,259.0,748.0,train
7789,16_square,0,0,311.0,865.0,534.0,568.0,223.0,-297.0,val
7790,16_square,0,0,353.0,829.0,889.0,884.0,536.0,55.0,train
7791,16_square,0,0,188.0,502.0,765.0,186.0,577.0,-316.0,train
7792,16_square,0,0,797.0,749.0,541.0,126.0,-256.0,-623.0,train
7793,16_square,0,0,831.0,543.0,231.0,721.0,-600.0,178.0,train
7794,16_square,0,0,419.0,616.0,227.0,792.0,-192.0,176.0,train
7795,16_square,0,0,374.0,599.0,573.0,474.0,199.0,-125.0,train
7796,16_square,0,0,236.0,854.0,137.0,155.0,-99.0,-699.0,train
7797,16_square,0,0,194.0,617.0,806.0,892.0,612.0,275.0,train
7798,16_square,0,0,356.0,785.0,265.0,750.0,-91.0,-35.0,train
7799,16_square,0,0,834.0,770.0,804.0,401.0,-30.0,-369.0,train
7800,16_square,0,0,334.0,371.0,365.0,339.0,31.0,-32.0,train
7801,16_square,0,0,190.0,879.0,407.0,238.0,217.0,-641.0,train
7802,16_square,0,0,345.0,622.0,667.0,438.0,322.0,-184.0,val
7803,16_square,0,0,378.0,425.0,393.0,671.0,15.0,246.0,train
7804,16_square,0,0,838.0,884.0,341.0,628.0,-497.0,-256.0,train
7805,16_square,0,0,523.0,117.0,453.0,769.0,-70.0,652.0,train
7806,16_square,0,0,668.0,226.0,799.0,109.0,131.0,-117.0,train
7807,16_square,0,0,290.0,878.0,214.0,740.0,-76.0,-138.0,train
7808,16_square,0,0,391.0,357.0,819.0,245.0,428.0,-112.0,train
7809,16_square,0,0,703.0,364.0,771.0,283.0,68.0,-81.0,train
7810,16_square,0,0,748.0,898.0,562.0,292.0,-186.0,-606.0,train
7811,16_square,0,0,645.0,121.0,161.0,165.0,-484.0,44.0,train
7812,16_square,0,0,167.0,169.0,405.0,356.0,238.0,187.0,train
7813,16_square,0,0,574.0,334.0,150.0,355.0,-424.0,21.0,train
7814,16_square,0,0,842.0,652.0,172.0,375.0,-670.0,-277.0,train
7815,16_square,0,0,265.0,784.0,375.0,398.0,110.0,-386.0,train
7816,16_square,0,0,361.0,133.0,544.0,298.0,183.0,165.0,train
7817,16_square,0,0,582.0,587.0,879.0,655.0,297.0,68.0,train
7818,16_square,0,0,686.0,273.0,838.0,682.0,152.0,409.0,val
7819,16_square,0,0,592.0,881.0,608.0,651.0,16.0,-230.0,train
7820,16_square,0,0,313.0,480.0,118.0,133.0,-195.0,-347.0,train
7821,16_square,0,0,665.0,260.0,712.0,310.0,47.0,50.0,train
7822,16_square,0,0,489.0,216.0,217.0,401.0,-272.0,185.0,train
7823,16_square,0,0,661.0,855.0,777.0,575.0,116.0,-280.0,train
7824,16_square,0,0,477.0,467.0,696.0,182.0,219.0,-285.0,train
7825,16_square,0,0,893.0,460.0,276.0,807.0,-617.0,347.0,test
7826,16_square,0,0,811.0,601.0,594.0,230.0,-217.0,-371.0,train
7827,16_square,0,0,768.0,175.0,382.0,395.0,-386.0,220.0,train
7828,16_square,0,0,465.0,193.0,825.0,637.0,360.0,444.0,train
7829,16_square,0,0,546.0,477.0,425.0,616.0,-121.0,139.0,train
7830,16_square,0,0,337.0,877.0,827.0,577.0,490.0,-300.0,train
7831,16_square,0,0,598.0,727.0,191.0,232.0,-407.0,-495.0,val
7832,16_square,0,0,138.0,182.0,166.0,514.0,28.0,332.0,train
7833,16_square,0,0,418.0,197.0,111.0,653.0,-307.0,456.0,train
7834,16_square,0,0,105.0,226.0,586.0,693.0,481.0,467.0,val
7835,16_square,0,0,714.0,755.0,213.0,691.0,-501.0,-64.0,train
7836,16_square,0,0,805.0,655.0,286.0,808.0,-519.0,153.0,train
7837,16_square,0,0,789.0,893.0,717.0,262.0,-72.0,-631.0,val
7838,16_square,0,0,893.0,281.0,563.0,490.0,-330.0,209.0,train
7839,16_square,0,0,250.0,723.0,311.0,706.0,61.0,-17.0,train
7840,16_square,0,0,650.0,835.0,426.0,155.0,-224.0,-680.0,val
7841,16_square,0,0,436.0,113.0,152.0,435.0,-284.0,322.0,train
7842,16_square,0,0,372.0,486.0,354.0,665.0,-18.0,179.0,train
7843,16_square,0,0,382.0,620.0,152.0,694.0,-230.0,74.0,train
7844,16_square,0,0,528.0,636.0,414.0,275.0,-114.0,-361.0,train
7845,16_square,0,0,371.0,627.0,226.0,708.0,-145.0,81.0,train
7846,16_square,0,0,888.0,416.0,570.0,137.0,-318.0,-279.0,val
7847,16_square,0,0,241.0,686.0,479.0,255.0,238.0,-431.0,test
7848,16_square,0,0,717.0,745.0,421.0,183.0,-296.0,-562.0,train
7849,16_square,0,0,683.0,262.0,559.0,251.0,-124.0,-11.0,train
7850,16_square,0,0,778.0,581.0,374.0,519.0,-404.0,-62.0,train
7851,16_square,0,0,427.0,830.0,779.0,560.0,352.0,-270.0,train
7852,16_square,0,0,605.0,640.0,779.0,448.0,174.0,-192.0,test
7853,16_square,0,0,304.0,227.0,709.0,216.0,405.0,-11.0,train
7854,16_square,0,0,203.0,317.0,682.0,264.0,479.0,-53.0,train
7855,16_square,0,0,424.0,518.0,232.0,454.0,-192.0,-64.0,train
7856,16_square,0,0,786.0,837.0,388.0,214.0,-398.0,-623.0,train
7857,16_square,0,0,838.0,514.0,271.0,849.0,-567.0,335.0,train
7858,16_square,0,0,326.0,245.0,302.0,642.0,-24.0,397.0,train
7859,16_square,0,0,338.0,787.0,741.0,882.0,403.0,95.0,train
7860,16_square,0,0,847.0,351.0,494.0,502.0,-353.0,151.0,test
7861,16_square,0,0,257.0,680.0,510.0,343.0,253.0,-337.0,train
7862,16_square,0,0,651.0,462.0,371.0,256.0,-280.0,-206.0,train
7863,16_square,0,0,657.0,372.0,152.0,144.0,-505.0,-228.0,train
7864,16_square,0,0,685.0,744.0,299.0,819.0,-386.0,75.0,train
7865,16_square,0,0,264.0,638.0,207.0,843.0,-57.0,205.0,train
7866,16_square,0,0,783.0,275.0,117.0,542.0,-666.0,267.0,train
7867,16_square,0,0,772.0,316.0,589.0,243.0,-183.0,-73.0,train
7868,16_square,0,0,245.0,411.0,842.0,357.0,597.0,-54.0,train
7869,16_square,0,0,240.0,712.0,310.0,836.0,70.0,124.0,train
7870,16_square,0,0,581.0,172.0,271.0,259.0,-310.0,87.0,train
7871,16_square,0,0,894.0,822.0,559.0,852.0,-335.0,30.0,val
7872,16_square,0,0,296.0,538.0,464.0,307.0,168.0,-231.0,val
7873,16_square,0,0,835.0,313.0,211.0,187.0,-624.0,-126.0,train
7874,16_square,0,0,289.0,341.0,321.0,601.0,32.0,260.0,train
7875,16_square,0,0,204.0,631.0,472.0,419.0,268.0,-212.0,test
7876,16_square,0,0,121.0,224.0,562.0,681.0,441.0,457.0,train
7877,16_square,0,0,864.0,535.0,298.0,385.0,-566.0,-150.0,val
7878,16_square,0,0,554.0,655.0,471.0,431.0,-83.0,-224.0,train
7879,16_square,0,0,602.0,264.0,898.0,221.0,296.0,-43.0,train
7880,16_square,0,0,563.0,585.0,149.0,542.0,-414.0,-43.0,train
7881,16_square,0,0,657.0,657.0,482.0,125.0,-175.0,-532.0,test
7882,16_square,0,0,369.0,177.0,746.0,427.0,377.0,250.0,train
7883,16_square,0,0,407.0,252.0,152.0,421.0,-255.0,169.0,train
7884,16_square,0,0,368.0,287.0,530.0,303.0,162.0,16.0,train
7885,16_square,0,0,388.0,606.0,564.0,751.0,176.0,145.0,val
7886,16_square,0,0,394.0,175.0,876.0,488.0,482.0,313.0,val
7887,16_square,0,0,310.0,695.0,427.0,886.0,117.0,191.0,train
7888,16_square,0,0,382.0,813.0,572.0,795.0,190.0,-18.0,train
7889,16_square,0,0,398.0,760.0,847.0,293.0,449.0,-467.0,test
7890,16_square,0,0,129.0,406.0,279.0,498.0,150.0,92.0,train
7891,16_square,0,0,486.0,449.0,405.0,764.0,-81.0,315.0,train
7892,16_square,0,0,251.0,833.0,796.0,616.0,545.0,-217.0,train
7893,16_square,0,0,606.0,727.0,777.0,152.0,171.0,-575.0,train
7894,16_square,0,0,557.0,884.0,300.0,862.0,-257.0,-22.0,train
7895,16_square,0,0,350.0,700.0,176.0,441.0,-174.0,-259.0,train
7896,16_square,0,0,170.0,547.0,448.0,448.0,278.0,-99.0,train
7897,16_square,0,0,645.0,166.0,806.0,888.0,161.0,722.0,train
7898,16_square,0,0,693.0,673.0,100.0,197.0,-593.0,-476.0,train
7899,16_square,0,0,365.0,255.0,620.0,747.0,255.0,492.0,train
7900,16_square,0,0,330.0,318.0,657.0,327.0,327.0,9.0,val
7901,16_square,0,0,229.0,166.0,131.0,420.0,-98.0,254.0,train
7902,16_square,0,0,288.0,318.0,371.0,415.0,83.0,97.0,train
7903,16_square,0,0,807.0,674.0,871.0,711.0,64.0,37.0,test
7904,16_square,0,0,526.0,256.0,619.0,561.0,93.0,305.0,train
7905,16_square,0,0,583.0,295.0,573.0,886.0,-10.0,591.0,train
7906,16_square,0,0,468.0,265.0,758.0,348.0,290.0,83.0,train
7907,16_square,0,0,613.0,764.0,795.0,882.0,182.0,118.0,val
7908,16_square,0,0,448.0,112.0,275.0,741.0,-173.0,629.0,train
7909,16_square,0,0,532.0,202.0,340.0,634.0,-192.0,432.0,train
7910,16_square,0,0,254.0,470.0,859.0,269.0,605.0,-201.0,train
7911,16_square,0,0,670.0,723.0,388.0,763.0,-282.0,40.0,train
7912,16_square,0,0,782.0,295.0,185.0,553.0,-597.0,258.0,train
7913,16_square,0,0,306.0,296.0,356.0,751.0,50.0,455.0,train
7914,16_square,0,0,829.0,262.0,474.0,400.0,-355.0,138.0,val
7915,16_square,0,0,458.0,149.0,186.0,105.0,-272.0,-44.0,train
7916,16_square,0,0,128.0,422.0,355.0,680.0,227.0,258.0,train
7917,16_square,0,0,813.0,742.0,286.0,452.0,-527.0,-290.0,train
7918,16_square,0,0,748.0,749.0,206.0,791.0,-542.0,42.0,train
7919,16_square,0,0,825.0,555.0,598.0,794.0,-227.0,239.0,train
7920,16_square,0,0,743.0,554.0,119.0,780.0,-624.0,226.0,train
7921,16_square,0,0,430.0,894.0,116.0,490.0,-314.0,-404.0,train
7922,16_square,0,0,696.0,316.0,237.0,226.0,-459.0,-90.0,test
7923,16_square,0,0,521.0,402.0,281.0,146.0,-240.0,-256.0,train
7924,16_square,0,0,225.0,373.0,219.0,701.0,-6.0,328.0,train
7925,16_square,0,0,609.0,600.0,802.0,206.0,193.0,-394.0,train
7926,16_square,0,0,134.0,349.0,488.0,160.0,354.0,-189.0,test
7927,16_square,0,0,162.0,266.0,651.0,424.0,489.0,158.0,train
7928,16_square,0,0,563.0,597.0,621.0,317.0,58.0,-280.0,train
7929,16_square,0,0,472.0,645.0,239.0,403.0,-233.0,-242.0,train
7930,16_square,0,0,786.0,215.0,254.0,878.0,-532.0,663.0,train
7931,16_square,0,0,485.0,291.0,178.0,827.0,-307.0,536.0,train
7932,16_square,0,0,652.0,456.0,836.0,305.0,184.0,-151.0,val
7933,16_square,0,0,628.0,169.0,409.0,168.0,-219.0,-1.0,train
7934,16_square,0,0,475.0,313.0,220.0,484.0,-255.0,171.0,train
7935,16_square,0,0,263.0,454.0,500.0,566.0,237.0,112.0,test
7936,16_square,0,0,320.0,625.0,455.0,330.0,135.0,-295.0,train
7937,16_square,0,0,254.0,467.0,568.0,624.0,314.0,157.0,train
7938,16_square,0,0,482.0,733.0,670.0,146.0,188.0,-587.0,train
7939,16_square,0,0,595.0,237.0,202.0,697.0,-393.0,460.0,train
7940,16_square,0,0,694.0,781.0,407.0,474.0,-287.0,-307.0,train
7941,16_square,0,0,641.0,588.0,335.0,606.0,-306.0,18.0,train
7942,16_square,0,0,492.0,771.0,366.0,181.0,-126.0,-590.0,train
7943,16_square,0,0,821.0,856.0,895.0,848.0,74.0,-8.0,train
7944,16_square,0,0,820.0,252.0,505.0,489.0,-315.0,237.0,train
7945,16_square,0,0,786.0,372.0,585.0,354.0,-201.0,-18.0,test
7946,16_square,0,0,729.0,427.0,520.0,554.0,-209.0,127.0,train
7947,16_square,0,0,361.0,881.0,430.0,647.0,69.0,-234.0,test
7948,16_square,0,0,819.0,613.0,181.0,305.0,-638.0,-308.0,train
7949,16_square,0,0,455.0,264.0,265.0,137.0,-190.0,-127.0,train
7950,16_square,0,0,638.0,378.0,193.0,892.0,-445.0,514.0,train
7951,16_square,0,0,892.0,779.0,766.0,347.0,-126.0,-432.0,train
7952,16_square,0,0,813.0,692.0,241.0,608.0,-572.0,-84.0,train
7953,16_square,0,0,396.0,233.0,600.0,251.0,204.0,18.0,train
7954,16_square,0,0,821.0,325.0,398.0,713.0,-423.0,388.0,train
7955,16_square,0,0,600.0,370.0,857.0,441.0,257.0,71.0,train
7956,16_square,0,0,776.0,840.0,268.0,293.0,-508.0,-547.0,train
7957,16_square,0,0,540.0,651.0,377.0,538.0,-163.0,-113.0,train
7958,16_square,0,0,681.0,275.0,547.0,572.0,-134.0,297.0,train
7959,16_square,0,0,599.0,768.0,433.0,744.0,-166.0,-24.0,train
7960,16_square,0,0,418.0,774.0,707.0,383.0,289.0,-391.0,train
7961,16_square,0,0,267.0,663.0,502.0,217.0,235.0,-446.0,train
7962,16_square,0,0,897.0,238.0,334.0,876.0,-563.0,638.0,train
7963,16_square,0,0,423.0,331.0,534.0,179.0,111.0,-152.0,train
7964,16_square,0,0,635.0,614.0,319.0,836.0,-316.0,222.0,train
7965,16_square,0,0,900.0,629.0,876.0,488.0,-24.0,-141.0,train
7966,16_square,0,0,194.0,280.0,174.0,418.0,-20.0,138.0,val
7967,16_square,0,0,461.0,507.0,695.0,564.0,234.0,57.0,train
7968,16_square,0,0,687.0,602.0,712.0,409.0,25.0,-193.0,val
7969,16_square,0,0,221.0,146.0,640.0,419.0,419.0,273.0,train
7970,16_square,0,0,556.0,525.0,738.0,342.0,182.0,-183.0,train
7971,16_square,0,0,831.0,534.0,867.0,170.0,36.0,-364.0,train
7972,16_square,0,0,404.0,522.0,533.0,497.0,129.0,-25.0,val
7973,16_square,0,0,653.0,878.0,158.0,896.0,-495.0,18.0,train
7974,16_square,0,0,279.0,814.0,347.0,303.0,68.0,-511.0,train
7975,16_square,0,0,580.0,209.0,657.0,624.0,77.0,415.0,train
7976,16_square,0,0,840.0,892.0,499.0,579.0,-341.0,-313.0,val
7977,16_square,0,0,789.0,614.0,154.0,575.0,-635.0,-39.0,test
7978,16_square,0,0,670.0,866.0,198.0,237.0,-472.0,-629.0,train
7979,16_square,0,0,668.0,437.0,830.0,371.0,162.0,-66.0,train
7980,16_square,0,0,177.0,291.0,161.0,798.0,-16.0,507.0,train
7981,16_square,0,0,736.0,157.0,497.0,339.0,-239.0,182.0,train
7982,16_square,0,0,344.0,328.0,544.0,351.0,200.0,23.0,train
7983,16_square,0,0,884.0,878.0,775.0,549.0,-109.0,-329.0,train
7984,16_square,0,0,477.0,331.0,838.0,610.0,361.0,279.0,train
7985,16_square,0,0,470.0,151.0,814.0,589.0,344.0,438.0,test
7986,16_square,0,0,349.0,250.0,845.0,349.0,496.0,99.0,train
7987,16_square,0,0,169.0,457.0,176.0,714.0,7.0,257.0,train
7988,16_square,0,0,322.0,892.0,775.0,341.0,453.0,-551.0,train
7989,16_square,0,0,518.0,246.0,482.0,386.0,-36.0,140.0,train
7990,16_square,0,0,330.0,701.0,607.0,224.0,277.0,-477.0,train
7991,16_square,0,0,241.0,115.0,408.0,512.0,167.0,397.0,train
7992,16_square,0,0,528.0,754.0,558.0,522.0,30.0,-232.0,train
7993,16_square,0,0,196.0,709.0,790.0,879.0,594.0,170.0,train
7994,16_square,0,0,521.0,847.0,338.0,900.0,-183.0,53.0,train
7995,16_square,0,0,732.0,734.0,457.0,605.0,-275.0,-129.0,train
7996,16_square,0,0,350.0,324.0,725.0,660.0,375.0,336.0,train
7997,16_square,0,0,105.0,276.0,462.0,802.0,357.0,526.0,train
7998,16_square,0,0,478.0,190.0,828.0,756.0,350.0,566.0,train
7999,16_square,0,0,130.0,179.0,292.0,625.0,162.0,446.0,train
8000,11_square,0,0,262.0,304.0,662.0,210.0,400.0,-94.0,train
8001,11_square,0,0,395.0,854.0,100.0,475.0,-295.0,-379.0,train
8002,11_square,0,0,321.0,400.0,498.0,125.0,177.0,-275.0,train
8003,11_square,0,0,857.0,645.0,709.0,652.0,-148.0,7.0,train
8004,11_square,0,0,878.0,573.0,849.0,587.0,-29.0,14.0,train
8005,11_square,0,0,568.0,608.0,413.0,184.0,-155.0,-424.0,val
8006,11_square,0,0,848.0,717.0,707.0,212.0,-141.0,-505.0,train
8007,11_square,0,0,475.0,720.0,707.0,583.0,232.0,-137.0,train
8008,11_square,0,0,818.0,380.0,779.0,273.0,-39.0,-107.0,train
8009,11_square,0,0,320.0,396.0,253.0,246.0,-67.0,-150.0,test
8010,11_square,0,0,234.0,251.0,162.0,656.0,-72.0,405.0,train
8011,11_square,0,0,254.0,408.0,557.0,591.0,303.0,183.0,train
8012,11_square,0,0,409.0,864.0,422.0,377.0,13.0,-487.0,train
8013,11_square,0,0,625.0,175.0,807.0,713.0,182.0,538.0,train
8014,11_square,0,0,685.0,706.0,358.0,428.0,-327.0,-278.0,train
8015,11_square,0,0,460.0,498.0,315.0,603.0,-145.0,105.0,val
8016,11_square,0,0,610.0,779.0,440.0,815.0,-170.0,36.0,train
8017,11_square,0,0,581.0,564.0,446.0,251.0,-135.0,-313.0,train
8018,11_square,0,0,694.0,371.0,766.0,132.0,72.0,-239.0,train
8019,11_square,0,0,605.0,661.0,639.0,250.0,34.0,-411.0,train
8020,11_square,0,0,399.0,654.0,383.0,774.0,-16.0,120.0,val
8021,11_square,0,0,446.0,823.0,668.0,113.0,222.0,-710.0,train
8022,11_square,0,0,843.0,744.0,469.0,563.0,-374.0,-181.0,train
8023,11_square,0,0,216.0,110.0,838.0,344.0,622.0,234.0,train
8024,11_square,0,0,881.0,214.0,156.0,546.0,-725.0,332.0,val
8025,11_square,0,0,740.0,390.0,341.0,850.0,-399.0,460.0,test
8026,11_square,0,0,794.0,118.0,582.0,793.0,-212.0,675.0,train
8027,11_square,0,0,618.0,336.0,781.0,421.0,163.0,85.0,train
8028,11_square,0,0,855.0,503.0,150.0,732.0,-705.0,229.0,train
8029,11_square,0,0,143.0,890.0,524.0,614.0,381.0,-276.0,train
8030,11_square,0,0,516.0,374.0,667.0,878.0,151.0,504.0,train
8031,11_square,0,0,221.0,705.0,213.0,540.0,-8.0,-165.0,train
8032,11_square,0,0,582.0,408.0,873.0,603.0,291.0,195.0,train
8033,11_square,0,0,468.0,438.0,473.0,242.0,5.0,-196.0,val
8034,11_square,0,0,761.0,564.0,245.0,397.0,-516.0,-167.0,train
8035,11_square,0,0,346.0,767.0,481.0,750.0,135.0,-17.0,train
8036,11_square,0,0,891.0,621.0,364.0,140.0,-527.0,-481.0,train
8037,11_square,0,0,331.0,145.0,630.0,616.0,299.0,471.0,train
8038,11_square,0,0,499.0,175.0,382.0,218.0,-117.0,43.0,train
8039,11_square,0,0,107.0,887.0,101.0,673.0,-6.0,-214.0,val
8040,11_square,0,0,688.0,653.0,424.0,124.0,-264.0,-529.0,train
8041,11_square,0,0,399.0,109.0,630.0,368.0,231.0,259.0,train
8042,11_square,0,0,587.0,471.0,872.0,380.0,285.0,-91.0,train
8043,11_square,0,0,261.0,869.0,376.0,817.0,115.0,-52.0,val
8044,11_square,0,0,788.0,886.0,714.0,753.0,-74.0,-133.0,train
8045,11_square,0,0,121.0,433.0,678.0,747.0,557.0,314.0,val
8046,11_square,0,0,518.0,601.0,723.0,633.0,205.0,32.0,test
8047,11_square,0,0,607.0,717.0,214.0,188.0,-393.0,-529.0,train
8048,11_square,0,0,224.0,521.0,202.0,438.0,-22.0,-83.0,train
8049,11_square,0,0,240.0,829.0,747.0,629.0,507.0,-200.0,train
8050,11_square,0,0,252.0,579.0,512.0,787.0,260.0,208.0,test
8051,11_square,0,0,727.0,750.0,760.0,552.0,33.0,-198.0,train
8052,11_square,0,0,551.0,193.0,226.0,685.0,-325.0,492.0,train
8053,11_square,0,0,891.0,256.0,564.0,178.0,-327.0,-78.0,train
8054,11_square,0,0,809.0,866.0,418.0,366.0,-391.0,-500.0,train
8055,11_square,0,0,373.0,725.0,561.0,230.0,188.0,-495.0,train
8056,11_square,0,0,491.0,826.0,131.0,215.0,-360.0,-611.0,train
8057,11_square,0,0,816.0,590.0,222.0,111.0,-594.0,-479.0,test
8058,11_square,0,0,892.0,115.0,597.0,817.0,-295.0,702.0,train
8059,11_square,0,0,496.0,146.0,895.0,162.0,399.0,16.0,train
8060,11_square,0,0,851.0,757.0,871.0,406.0,20.0,-351.0,train
8061,11_square,0,0,817.0,640.0,282.0,524.0,-535.0,-116.0,test
8062,11_square,0,0,645.0,461.0,249.0,612.0,-396.0,151.0,train
8063,11_square,0,0,677.0,720.0,743.0,820.0,66.0,100.0,val
8064,11_square,0,0,664.0,416.0,471.0,272.0,-193.0,-144.0,train
8065,11_square,0,0,751.0,843.0,656.0,350.0,-95.0,-493.0,train
8066,11_square,0,0,869.0,549.0,114.0,875.0,-755.0,326.0,train
8067,11_square,0,0,571.0,316.0,615.0,274.0,44.0,-42.0,train
8068,11_square,0,0,692.0,228.0,563.0,766.0,-129.0,538.0,train
8069,11_square,0,0,267.0,581.0,227.0,236.0,-40.0,-345.0,train
8070,11_square,0,0,464.0,708.0,160.0,453.0,-304.0,-255.0,test
8071,11_square,0,0,569.0,804.0,441.0,392.0,-128.0,-412.0,train
8072,11_square,0,0,352.0,368.0,477.0,245.0,125.0,-123.0,train
8073,11_square,0,0,835.0,478.0,887.0,200.0,52.0,-278.0,train
8074,11_square,0,0,527.0,864.0,147.0,302.0,-380.0,-562.0,train
8075,11_square,0,0,812.0,231.0,278.0,870.0,-534.0,639.0,train
8076,11_square,0,0,252.0,633.0,443.0,264.0,191.0,-369.0,train
8077,11_square,0,0,530.0,596.0,826.0,845.0,296.0,249.0,train
8078,11_square,0,0,818.0,157.0,297.0,232.0,-521.0,75.0,train
8079,11_square,0,0,208.0,151.0,863.0,577.0,655.0,426.0,train
8080,11_square,0,0,779.0,646.0,426.0,484.0,-353.0,-162.0,train
8081,11_square,0,0,154.0,614.0,345.0,589.0,191.0,-25.0,train
8082,11_square,0,0,426.0,478.0,713.0,254.0,287.0,-224.0,train
8083,11_square,0,0,228.0,345.0,697.0,367.0,469.0,22.0,train
8084,11_square,0,0,185.0,215.0,396.0,475.0,211.0,260.0,train
8085,11_square,0,0,637.0,256.0,406.0,874.0,-231.0,618.0,train
8086,11_square,0,0,335.0,672.0,878.0,868.0,543.0,196.0,train
8087,11_square,0,0,619.0,858.0,738.0,685.0,119.0,-173.0,train
8088,11_square,0,0,876.0,360.0,363.0,688.0,-513.0,328.0,train
8089,11_square,0,0,524.0,196.0,594.0,205.0,70.0,9.0,val
8090,11_square,0,0,854.0,192.0,795.0,158.0,-59.0,-34.0,test
8091,11_square,0,0,780.0,437.0,174.0,755.0,-606.0,318.0,train
8092,11_square,0,0,865.0,456.0,464.0,384.0,-401.0,-72.0,val
8093,11_square,0,0,599.0,826.0,568.0,620.0,-31.0,-206.0,train
8094,11_square,0,0,146.0,226.0,137.0,247.0,-9.0,21.0,train
8095,11_square,0,0,522.0,338.0,616.0,743.0,94.0,405.0,train
8096,11_square,0,0,365.0,432.0,119.0,115.0,-246.0,-317.0,train
8097,11_square,0,0,520.0,286.0,857.0,550.0,337.0,264.0,train
8098,11_square,0,0,754.0,753.0,767.0,820.0,13.0,67.0,test
8099,11_square,0,0,582.0,343.0,818.0,417.0,236.0,74.0,train
8100,11_square,0,0,736.0,733.0,827.0,271.0,91.0,-462.0,train
8101,11_square,0,0,890.0,553.0,532.0,677.0,-358.0,124.0,train
8102,11_square,0,0,541.0,667.0,358.0,667.0,-183.0,0.0,train
8103,11_square,0,0,251.0,708.0,306.0,430.0,55.0,-278.0,train
8104,11_square,0,0,198.0,819.0,454.0,817.0,256.0,-2.0,train
8105,11_square,0,0,276.0,483.0,433.0,343.0,157.0,-140.0,train
8106,11_square,0,0,602.0,460.0,803.0,801.0,201.0,341.0,train
8107,11_square,0,0,216.0,859.0,415.0,846.0,199.0,-13.0,val
8108,11_square,0,0,882.0,415.0,878.0,870.0,-4.0,455.0,train
8109,11_square,0,0,138.0,756.0,546.0,196.0,408.0,-560.0,train
8110,11_square,0,0,702.0,618.0,244.0,467.0,-458.0,-151.0,train
8111,11_square,0,0,600.0,370.0,650.0,841.0,50.0,471.0,train
8112,11_square,0,0,589.0,835.0,527.0,222.0,-62.0,-613.0,train
8113,11_square,0,0,878.0,566.0,588.0,549.0,-290.0,-17.0,train
8114,11_square,0,0,196.0,101.0,289.0,721.0,93.0,620.0,train
8115,11_square,0,0,842.0,412.0,235.0,388.0,-607.0,-24.0,val
8116,11_square,0,0,123.0,712.0,160.0,724.0,37.0,12.0,train
8117,11_square,0,0,404.0,257.0,211.0,533.0,-193.0,276.0,train
8118,11_square,0,0,254.0,130.0,150.0,683.0,-104.0,553.0,test
8119,11_square,0,0,322.0,542.0,338.0,814.0,16.0,272.0,test
8120,11_square,0,0,293.0,354.0,775.0,799.0,482.0,445.0,train
8121,11_square,0,0,426.0,865.0,801.0,860.0,375.0,-5.0,train
8122,11_square,0,0,450.0,227.0,433.0,783.0,-17.0,556.0,train
8123,11_square,0,0,509.0,266.0,861.0,402.0,352.0,136.0,train
8124,11_square,0,0,603.0,362.0,522.0,102.0,-81.0,-260.0,train
8125,11_square,0,0,128.0,542.0,358.0,356.0,230.0,-186.0,test
8126,11_square,0,0,195.0,115.0,832.0,784.0,637.0,669.0,train
8127,11_square,0,0,205.0,151.0,872.0,262.0,667.0,111.0,train
8128,11_square,0,0,545.0,817.0,356.0,275.0,-189.0,-542.0,train
8129,11_square,0,0,706.0,120.0,871.0,686.0,165.0,566.0,train
8130,11_square,0,0,397.0,521.0,429.0,546.0,32.0,25.0,train
8131,11_square,0,0,464.0,206.0,350.0,716.0,-114.0,510.0,train
8132,11_square,0,0,510.0,659.0,309.0,743.0,-201.0,84.0,train
8133,11_square,0,0,409.0,125.0,887.0,279.0,478.0,154.0,train
8134,11_square,0,0,433.0,732.0,478.0,427.0,45.0,-305.0,test
8135,11_square,0,0,168.0,414.0,211.0,116.0,43.0,-298.0,train
8136,11_square,0,0,696.0,348.0,714.0,208.0,18.0,-140.0,train
8137,11_square,0,0,449.0,501.0,140.0,435.0,-309.0,-66.0,train
8138,11_square,0,0,847.0,753.0,585.0,184.0,-262.0,-569.0,test
8139,11_square,0,0,440.0,118.0,736.0,484.0,296.0,366.0,train
8140,11_square,0,0,260.0,833.0,302.0,841.0,42.0,8.0,train
8141,11_square,0,0,790.0,146.0,809.0,399.0,19.0,253.0,val
8142,11_square,0,0,881.0,791.0,755.0,840.0,-126.0,49.0,val
8143,11_square,0,0,135.0,248.0,636.0,664.0,501.0,416.0,train
8144,11_square,0,0,684.0,777.0,420.0,299.0,-264.0,-478.0,train
8145,11_square,0,0,825.0,301.0,843.0,776.0,18.0,475.0,train
8146,11_square,0,0,310.0,698.0,216.0,483.0,-94.0,-215.0,train
8147,11_square,0,0,159.0,311.0,653.0,819.0,494.0,508.0,train
8148,11_square,0,0,547.0,846.0,715.0,641.0,168.0,-205.0,train
8149,11_square,0,0,369.0,674.0,147.0,608.0,-222.0,-66.0,train
8150,11_square,0,0,721.0,707.0,261.0,342.0,-460.0,-365.0,train
8151,11_square,0,0,427.0,865.0,869.0,101.0,442.0,-764.0,train
8152,11_square,0,0,166.0,845.0,553.0,796.0,387.0,-49.0,train
8153,11_square,0,0,680.0,718.0,121.0,284.0,-559.0,-434.0,train
8154,11_square,0,0,358.0,431.0,251.0,163.0,-107.0,-268.0,train
8155,11_square,0,0,208.0,385.0,389.0,425.0,181.0,40.0,val
8156,11_square,0,0,221.0,849.0,377.0,610.0,156.0,-239.0,train
8157,11_square,0,0,707.0,730.0,240.0,223.0,-467.0,-507.0,train
8158,11_square,0,0,157.0,523.0,892.0,826.0,735.0,303.0,train
8159,11_square,0,0,738.0,600.0,332.0,257.0,-406.0,-343.0,train
8160,11_square,0,0,397.0,124.0,287.0,183.0,-110.0,59.0,train
8161,11_square,0,0,761.0,632.0,104.0,264.0,-657.0,-368.0,test
8162,11_square,0,0,173.0,564.0,388.0,749.0,215.0,185.0,train
8163,11_square,0,0,830.0,885.0,671.0,295.0,-159.0,-590.0,train
8164,11_square,0,0,468.0,834.0,263.0,601.0,-205.0,-233.0,train
8165,11_square,0,0,840.0,381.0,788.0,736.0,-52.0,355.0,train
8166,11_square,0,0,359.0,424.0,466.0,502.0,107.0,78.0,train
8167,11_square,0,0,748.0,390.0,128.0,823.0,-620.0,433.0,train
8168,11_square,0,0,339.0,353.0,884.0,435.0,545.0,82.0,test
8169,11_square,0,0,770.0,698.0,731.0,804.0,-39.0,106.0,train
8170,11_square,0,0,238.0,764.0,567.0,711.0,329.0,-53.0,test
8171,11_square,0,0,731.0,834.0,808.0,512.0,77.0,-322.0,train
8172,11_square,0,0,130.0,123.0,360.0,747.0,230.0,624.0,train
8173,11_square,0,0,748.0,483.0,635.0,667.0,-113.0,184.0,train
8174,11_square,0,0,548.0,141.0,735.0,586.0,187.0,445.0,train
8175,11_square,0,0,569.0,189.0,389.0,271.0,-180.0,82.0,test
8176,11_square,0,0,270.0,688.0,725.0,444.0,455.0,-244.0,train
8177,11_square,0,0,197.0,864.0,864.0,626.0,667.0,-238.0,train
8178,11_square,0,0,885.0,488.0,241.0,892.0,-644.0,404.0,train
8179,11_square,0,0,508.0,604.0,425.0,352.0,-83.0,-252.0,test
8180,11_square,0,0,247.0,129.0,125.0,505.0,-122.0,376.0,train
8181,11_square,0,0,103.0,278.0,600.0,691.0,497.0,413.0,val
8182,11_square,0,0,252.0,456.0,552.0,815.0,300.0,359.0,train
8183,11_square,0,0,799.0,756.0,141.0,334.0,-658.0,-422.0,train
8184,11_square,0,0,886.0,851.0,817.0,716.0,-69.0,-135.0,train
8185,11_square,0,0,355.0,855.0,168.0,356.0,-187.0,-499.0,train
8186,11_square,0,0,387.0,516.0,486.0,400.0,99.0,-116.0,train
8187,11_square,0,0,327.0,193.0,573.0,261.0,246.0,68.0,val
8188,11_square,0,0,768.0,425.0,661.0,354.0,-107.0,-71.0,train
8189,11_square,0,0,716.0,555.0,405.0,208.0,-311.0,-347.0,train
8190,11_square,0,0,591.0,381.0,662.0,205.0,71.0,-176.0,train
8191,11_square,0,0,512.0,693.0,306.0,680.0,-206.0,-13.0,train
8192,11_square,0,0,225.0,776.0,338.0,884.0,113.0,108.0,test
8193,11_square,0,0,146.0,585.0,354.0,671.0,208.0,86.0,train
8194,11_square,0,0,616.0,101.0,665.0,703.0,49.0,602.0,test
8195,11_square,0,0,499.0,151.0,683.0,106.0,184.0,-45.0,train
8196,11_square,0,0,308.0,490.0,673.0,777.0,365.0,287.0,train
8197,11_square,0,0,831.0,363.0,440.0,807.0,-391.0,444.0,train
8198,11_square,0,0,531.0,435.0,794.0,720.0,263.0,285.0,train
8199,11_square,0,0,439.0,760.0,836.0,502.0,397.0,-258.0,val
8200,11_square,0,0,404.0,618.0,125.0,361.0,-279.0,-257.0,train
8201,11_square,0,0,560.0,875.0,576.0,423.0,16.0,-452.0,train
8202,11_square,0,0,768.0,294.0,606.0,408.0,-162.0,114.0,train
8203,11_square,0,0,708.0,424.0,295.0,442.0,-413.0,18.0,val
8204,11_square,0,0,537.0,727.0,495.0,107.0,-42.0,-620.0,train
8205,11_square,0,0,412.0,653.0,392.0,564.0,-20.0,-89.0,train
8206,11_square,0,0,630.0,541.0,626.0,320.0,-4.0,-221.0,train
8207,11_square,0,0,247.0,409.0,751.0,255.0,504.0,-154.0,test
8208,11_square,0,0,814.0,777.0,500.0,256.0,-314.0,-521.0,train
8209,11_square,0,0,241.0,435.0,668.0,310.0,427.0,-125.0,val
8210,11_square,0,0,186.0,281.0,459.0,843.0,273.0,562.0,train
8211,11_square,0,0,742.0,557.0,350.0,481.0,-392.0,-76.0,val
8212,11_square,0,0,141.0,157.0,676.0,239.0,535.0,82.0,train
8213,11_square,0,0,277.0,861.0,701.0,189.0,424.0,-672.0,val
8214,11_square,0,0,343.0,107.0,443.0,595.0,100.0,488.0,train
8215,11_square,0,0,516.0,536.0,295.0,780.0,-221.0,244.0,train
8216,11_square,0,0,420.0,338.0,895.0,577.0,475.0,239.0,train
8217,11_square,0,0,476.0,891.0,848.0,346.0,372.0,-545.0,train
8218,11_square,0,0,515.0,108.0,856.0,388.0,341.0,280.0,train
8219,11_square,0,0,126.0,296.0,797.0,169.0,671.0,-127.0,train
8220,11_square,0,0,150.0,119.0,378.0,177.0,228.0,58.0,train
8221,11_square,0,0,358.0,476.0,408.0,849.0,50.0,373.0,train
8222,11_square,0,0,145.0,407.0,166.0,849.0,21.0,442.0,train
8223,11_square,0,0,864.0,232.0,550.0,389.0,-314.0,157.0,test
8224,11_square,0,0,215.0,715.0,246.0,109.0,31.0,-606.0,train
8225,11_square,0,0,548.0,598.0,244.0,751.0,-304.0,153.0,test
8226,11_square,0,0,863.0,265.0,608.0,375.0,-255.0,110.0,train
8227,11_square,0,0,393.0,866.0,789.0,727.0,396.0,-139.0,train
8228,11_square,0,0,588.0,230.0,716.0,898.0,128.0,668.0,train
8229,11_square,0,0,704.0,396.0,416.0,745.0,-288.0,349.0,train
8230,11_square,0,0,418.0,746.0,331.0,235.0,-87.0,-511.0,val
8231,11_square,0,0,182.0,154.0,170.0,861.0,-12.0,707.0,test
8232,11_square,0,0,122.0,288.0,282.0,550.0,160.0,262.0,test
8233,11_square,0,0,829.0,401.0,638.0,648.0,-191.0,247.0,val
8234,11_square,0,0,375.0,796.0,578.0,778.0,203.0,-18.0,train
8235,11_square,0,0,750.0,318.0,212.0,362.0,-538.0,44.0,train
8236,11_square,0,0,691.0,334.0,827.0,293.0,136.0,-41.0,test
8237,11_square,0,0,784.0,887.0,728.0,251.0,-56.0,-636.0,test
8238,11_square,0,0,597.0,778.0,495.0,336.0,-102.0,-442.0,train
8239,11_square,0,0,485.0,245.0,673.0,698.0,188.0,453.0,train
8240,11_square,0,0,377.0,629.0,144.0,761.0,-233.0,132.0,test
8241,11_square,0,0,774.0,390.0,252.0,281.0,-522.0,-109.0,train
8242,11_square,0,0,602.0,178.0,585.0,781.0,-17.0,603.0,train
8243,11_square,0,0,191.0,638.0,629.0,178.0,438.0,-460.0,train
8244,11_square,0,0,231.0,447.0,466.0,610.0,235.0,163.0,train
8245,11_square,0,0,232.0,690.0,655.0,701.0,423.0,11.0,val
8246,11_square,0,0,628.0,900.0,866.0,332.0,238.0,-568.0,train
8247,11_square,0,0,684.0,372.0,737.0,557.0,53.0,185.0,train
8248,11_square,0,0,491.0,374.0,675.0,164.0,184.0,-210.0,train
8249,11_square,0,0,454.0,582.0,129.0,799.0,-325.0,217.0,train
8250,11_square,0,0,789.0,888.0,704.0,266.0,-85.0,-622.0,train
8251,11_square,0,0,802.0,619.0,811.0,223.0,9.0,-396.0,train
8252,11_square,0,0,800.0,332.0,550.0,530.0,-250.0,198.0,test
8253,11_square,0,0,546.0,461.0,170.0,456.0,-376.0,-5.0,val
8254,11_square,0,0,608.0,396.0,622.0,849.0,14.0,453.0,train
8255,11_square,0,0,377.0,423.0,210.0,341.0,-167.0,-82.0,test
8256,11_square,0,0,569.0,358.0,739.0,581.0,170.0,223.0,test
8257,11_square,0,0,209.0,123.0,480.0,700.0,271.0,577.0,train
8258,11_square,0,0,542.0,420.0,447.0,145.0,-95.0,-275.0,train
8259,11_square,0,0,226.0,643.0,114.0,431.0,-112.0,-212.0,train
8260,11_square,0,0,581.0,358.0,688.0,175.0,107.0,-183.0,train
8261,11_square,0,0,745.0,690.0,455.0,182.0,-290.0,-508.0,train
8262,11_square,0,0,812.0,747.0,714.0,476.0,-98.0,-271.0,train
8263,11_square,0,0,273.0,575.0,866.0,346.0,593.0,-229.0,train
8264,11_square,0,0,249.0,749.0,626.0,421.0,377.0,-328.0,train
8265,11_square,0,0,228.0,688.0,495.0,880.0,267.0,192.0,train
8266,11_square,0,0,673.0,155.0,120.0,791.0,-553.0,636.0,train
8267,11_square,0,0,243.0,617.0,861.0,166.0,618.0,-451.0,train
8268,11_square,0,0,587.0,193.0,474.0,819.0,-113.0,626.0,train
8269,11_square,0,0,573.0,485.0,762.0,271.0,189.0,-214.0,train
8270,11_square,0,0,454.0,238.0,122.0,652.0,-332.0,414.0,train
8271,11_square,0,0,417.0,834.0,589.0,786.0,172.0,-48.0,train
8272,11_square,0,0,378.0,473.0,304.0,616.0,-74.0,143.0,train
8273,11_square,0,0,204.0,498.0,801.0,666.0,597.0,168.0,train
8274,11_square,0,0,237.0,350.0,459.0,649.0,222.0,299.0,train
8275,11_square,0,0,255.0,888.0,793.0,835.0,538.0,-53.0,test
8276,11_square,0,0,202.0,815.0,541.0,860.0,339.0,45.0,train
8277,11_square,0,0,566.0,788.0,318.0,640.0,-248.0,-148.0,test
8278,11_square,0,0,641.0,563.0,589.0,437.0,-52.0,-126.0,val
8279,11_square,0,0,372.0,774.0,315.0,524.0,-57.0,-250.0,train
8280,11_square,0,0,794.0,895.0,259.0,267.0,-535.0,-628.0,test
8281,11_square,0,0,583.0,396.0,574.0,185.0,-9.0,-211.0,train
8282,11_square,0,0,576.0,352.0,561.0,515.0,-15.0,163.0,train
8283,11_square,0,0,138.0,618.0,796.0,100.0,658.0,-518.0,train
8284,11_square,0,0,795.0,422.0,873.0,637.0,78.0,215.0,train
8285,11_square,0,0,234.0,291.0,513.0,707.0,279.0,416.0,train
8286,11_square,0,0,516.0,791.0,494.0,410.0,-22.0,-381.0,test
8287,11_square,0,0,146.0,252.0,171.0,261.0,25.0,9.0,train
8288,11_square,0,0,722.0,382.0,852.0,347.0,130.0,-35.0,train
8289,11_square,0,0,800.0,536.0,300.0,704.0,-500.0,168.0,train
8290,11_square,0,0,611.0,499.0,604.0,721.0,-7.0,222.0,test
8291,11_square,0,0,278.0,723.0,319.0,662.0,41.0,-61.0,train
8292,11_square,0,0,724.0,518.0,441.0,334.0,-283.0,-184.0,train
8293,11_square,0,0,218.0,426.0,293.0,799.0,75.0,373.0,train
8294,11_square,0,0,195.0,369.0,676.0,605.0,481.0,236.0,train
8295,11_square,0,0,110.0,270.0,189.0,665.0,79.0,395.0,train
8296,11_square,0,0,785.0,649.0,568.0,857.0,-217.0,208.0,test
8297,11_square,0,0,345.0,123.0,204.0,531.0,-141.0,408.0,val
8298,11_square,0,0,282.0,171.0,562.0,714.0,280.0,543.0,test
8299,11_square,0,0,538.0,687.0,454.0,256.0,-84.0,-431.0,train
8300,11_square,0,0,633.0,743.0,107.0,528.0,-526.0,-215.0,val
8301,11_square,0,0,750.0,195.0,221.0,507.0,-529.0,312.0,val
8302,11_square,0,0,558.0,798.0,329.0,188.0,-229.0,-610.0,train
8303,11_square,0,0,199.0,157.0,468.0,699.0,269.0,542.0,val
8304,11_square,0,0,550.0,553.0,386.0,777.0,-164.0,224.0,train
8305,11_square,0,0,556.0,462.0,854.0,131.0,298.0,-331.0,train
8306,11_square,0,0,451.0,312.0,710.0,110.0,259.0,-202.0,train
8307,11_square,0,0,157.0,295.0,779.0,794.0,622.0,499.0,train
8308,11_square,0,0,716.0,496.0,432.0,459.0,-284.0,-37.0,train
8309,11_square,0,0,849.0,196.0,773.0,606.0,-76.0,410.0,train
8310,11_square,0,0,539.0,356.0,403.0,325.0,-136.0,-31.0,train
8311,11_square,0,0,501.0,120.0,417.0,571.0,-84.0,451.0,train
8312,11_square,0,0,298.0,699.0,867.0,867.0,569.0,168.0,test
8313,11_square,0,0,216.0,527.0,138.0,686.0,-78.0,159.0,train
8314,11_square,0,0,362.0,782.0,203.0,537.0,-159.0,-245.0,train
8315,11_square,0,0,604.0,470.0,376.0,523.0,-228.0,53.0,train
8316,11_square,0,0,824.0,354.0,357.0,792.0,-467.0,438.0,train
8317,11_square,0,0,513.0,657.0,763.0,808.0,250.0,151.0,train
8318,11_square,0,0,402.0,700.0,342.0,501.0,-60.0,-199.0,train
8319,11_square,0,0,183.0,211.0,827.0,599.0,644.0,388.0,train
8320,11_square,0,0,644.0,899.0,822.0,501.0,178.0,-398.0,train
8321,11_square,0,0,632.0,774.0,173.0,276.0,-459.0,-498.0,train
8322,11_square,0,0,278.0,747.0,505.0,389.0,227.0,-358.0,train
8323,11_square,0,0,452.0,236.0,817.0,627.0,365.0,391.0,train
8324,11_square,0,0,768.0,900.0,689.0,203.0,-79.0,-697.0,train
8325,11_square,0,0,145.0,445.0,200.0,388.0,55.0,-57.0,train
8326,11_square,0,0,157.0,486.0,412.0,207.0,255.0,-279.0,train
8327,11_square,0,0,463.0,461.0,248.0,661.0,-215.0,200.0,train
8328,11_square,0,0,677.0,123.0,680.0,802.0,3.0,679.0,test
8329,11_square,0,0,617.0,529.0,838.0,456.0,221.0,-73.0,val
8330,11_square,0,0,183.0,103.0,249.0,498.0,66.0,395.0,train
8331,11_square,0,0,293.0,413.0,594.0,366.0,301.0,-47.0,train
8332,11_square,0,0,539.0,122.0,115.0,355.0,-424.0,233.0,train
8333,11_square,0,0,484.0,123.0,885.0,748.0,401.0,625.0,train
8334,11_square,0,0,237.0,633.0,288.0,786.0,51.0,153.0,train
8335,11_square,0,0,458.0,873.0,294.0,470.0,-164.0,-403.0,test
8336,11_square,0,0,259.0,774.0,282.0,453.0,23.0,-321.0,train
8337,11_square,0,0,467.0,455.0,312.0,196.0,-155.0,-259.0,train
8338,11_square,0,0,749.0,437.0,690.0,571.0,-59.0,134.0,train
8339,11_square,0,0,459.0,720.0,101.0,416.0,-358.0,-304.0,train
8340,11_square,0,0,765.0,701.0,341.0,361.0,-424.0,-340.0,train
8341,11_square,0,0,146.0,284.0,361.0,467.0,215.0,183.0,train
8342,11_square,0,0,804.0,284.0,541.0,713.0,-263.0,429.0,train
8343,11_square,0,0,194.0,500.0,453.0,432.0,259.0,-68.0,train
8344,11_square,0,0,590.0,494.0,547.0,385.0,-43.0,-109.0,val
8345,11_square,0,0,828.0,724.0,707.0,676.0,-121.0,-48.0,train
8346,11_square,0,0,538.0,486.0,564.0,654.0,26.0,168.0,train
8347,11_square,0,0,701.0,793.0,742.0,391.0,41.0,-402.0,val
8348,11_square,0,0,719.0,870.0,789.0,544.0,70.0,-326.0,train
8349,11_square,0,0,667.0,117.0,144.0,112.0,-523.0,-5.0,train
8350,11_square,0,0,690.0,854.0,250.0,747.0,-440.0,-107.0,train
8351,11_square,0,0,884.0,814.0,404.0,872.0,-480.0,58.0,train
8352,11_square,0,0,477.0,889.0,234.0,810.0,-243.0,-79.0,train
8353,11_square,0,0,553.0,681.0,163.0,647.0,-390.0,-34.0,test
8354,11_square,0,0,464.0,585.0,190.0,415.0,-274.0,-170.0,train
8355,11_square,0,0,554.0,660.0,898.0,542.0,344.0,-118.0,train
8356,11_square,0,0,105.0,745.0,263.0,868.0,158.0,123.0,train
8357,11_square,0,0,583.0,393.0,431.0,831.0,-152.0,438.0,train
8358,11_square,0,0,396.0,339.0,601.0,499.0,205.0,160.0,train
8359,11_square,0,0,633.0,884.0,743.0,371.0,110.0,-513.0,test
8360,11_square,0,0,427.0,290.0,596.0,118.0,169.0,-172.0,train
8361,11_square,0,0,305.0,543.0,300.0,873.0,-5.0,330.0,test
8362,11_square,0,0,106.0,200.0,554.0,285.0,448.0,85.0,train
8363,11_square,0,0,150.0,843.0,333.0,666.0,183.0,-177.0,train
8364,11_square,0,0,546.0,639.0,694.0,860.0,148.0,221.0,train
8365,11_square,0,0,418.0,589.0,609.0,256.0,191.0,-333.0,train
8366,11_square,0,0,335.0,209.0,242.0,395.0,-93.0,186.0,train
8367,11_square,0,0,209.0,291.0,710.0,354.0,501.0,63.0,test
8368,11_square,0,0,407.0,258.0,566.0,288.0,159.0,30.0,train
8369,11_square,0,0,362.0,307.0,499.0,698.0,137.0,391.0,train
8370,11_square,0,0,407.0,335.0,877.0,207.0,470.0,-128.0,val
8371,11_square,0,0,390.0,858.0,740.0,560.0,350.0,-298.0,train
8372,11_square,0,0,471.0,660.0,434.0,708.0,-37.0,48.0,train
8373,11_square,0,0,423.0,682.0,611.0,524.0,188.0,-158.0,train
8374,11_square,0,0,373.0,360.0,869.0,826.0,496.0,466.0,train
8375,11_square,0,0,313.0,557.0,161.0,648.0,-152.0,91.0,val
8376,11_square,0,0,251.0,263.0,373.0,571.0,122.0,308.0,train
8377,11_square,0,0,165.0,785.0,749.0,446.0,584.0,-339.0,train
8378,11_square,0,0,681.0,475.0,483.0,878.0,-198.0,403.0,train
8379,11_square,0,0,423.0,470.0,115.0,168.0,-308.0,-302.0,train
8380,11_square,0,0,719.0,251.0,158.0,157.0,-561.0,-94.0,train
8381,11_square,0,0,216.0,745.0,726.0,722.0,510.0,-23.0,train
8382,11_square,0,0,773.0,285.0,383.0,839.0,-390.0,554.0,val
8383,11_square,0,0,262.0,863.0,844.0,105.0,582.0,-758.0,val
8384,11_square,0,0,691.0,749.0,812.0,598.0,121.0,-151.0,test
8385,11_square,0,0,870.0,815.0,799.0,384.0,-71.0,-431.0,train
8386,11_square,0,0,138.0,858.0,118.0,511.0,-20.0,-347.0,train
8387,11_square,0,0,271.0,858.0,197.0,695.0,-74.0,-163.0,train
8388,11_square,0,0,791.0,250.0,640.0,735.0,-151.0,485.0,train
8389,11_square,0,0,705.0,284.0,644.0,619.0,-61.0,335.0,train
8390,11_square,0,0,462.0,815.0,831.0,572.0,369.0,-243.0,train
8391,11_square,0,0,269.0,718.0,220.0,845.0,-49.0,127.0,train
8392,11_square,0,0,656.0,345.0,138.0,241.0,-518.0,-104.0,train
8393,11_square,0,0,147.0,621.0,318.0,681.0,171.0,60.0,train
8394,11_square,0,0,821.0,617.0,853.0,267.0,32.0,-350.0,train
8395,11_square,0,0,610.0,496.0,226.0,776.0,-384.0,280.0,train
8396,11_square,0,0,326.0,851.0,883.0,591.0,557.0,-260.0,train
8397,11_square,0,0,106.0,864.0,757.0,832.0,651.0,-32.0,train
8398,11_square,0,0,812.0,680.0,229.0,846.0,-583.0,166.0,train
8399,11_square,0,0,478.0,124.0,209.0,807.0,-269.0,683.0,train
8400,11_square,0,0,875.0,725.0,410.0,462.0,-465.0,-263.0,train
8401,11_square,0,0,603.0,558.0,805.0,212.0,202.0,-346.0,train
8402,11_square,0,0,832.0,256.0,342.0,476.0,-490.0,220.0,train
8403,11_square,0,0,640.0,334.0,444.0,425.0,-196.0,91.0,train
8404,11_square,0,0,755.0,727.0,404.0,662.0,-351.0,-65.0,val
8405,11_square,0,0,513.0,124.0,170.0,760.0,-343.0,636.0,test
8406,11_square,0,0,858.0,686.0,213.0,692.0,-645.0,6.0,train
8407,11_square,0,0,837.0,287.0,488.0,265.0,-349.0,-22.0,train
8408,11_square,0,0,155.0,869.0,253.0,730.0,98.0,-139.0,train
8409,11_square,0,0,443.0,296.0,314.0,324.0,-129.0,28.0,train
8410,11_square,0,0,117.0,227.0,211.0,338.0,94.0,111.0,train
8411,11_square,0,0,530.0,819.0,162.0,299.0,-368.0,-520.0,train
8412,11_square,0,0,298.0,227.0,503.0,115.0,205.0,-112.0,train
8413,11_square,0,0,583.0,525.0,813.0,189.0,230.0,-336.0,train
8414,11_square,0,0,838.0,379.0,496.0,222.0,-342.0,-157.0,train
8415,11_square,0,0,110.0,468.0,141.0,794.0,31.0,326.0,train
8416,11_square,0,0,470.0,899.0,870.0,847.0,400.0,-52.0,train
8417,11_square,0,0,602.0,669.0,134.0,380.0,-468.0,-289.0,train
8418,11_square,0,0,217.0,413.0,339.0,623.0,122.0,210.0,test
8419,11_square,0,0,256.0,471.0,604.0,668.0,348.0,197.0,test
8420,11_square,0,0,304.0,203.0,730.0,282.0,426.0,79.0,test
8421,11_square,0,0,286.0,798.0,738.0,592.0,452.0,-206.0,train
8422,11_square,0,0,272.0,705.0,255.0,786.0,-17.0,81.0,test
8423,11_square,0,0,333.0,119.0,870.0,840.0,537.0,721.0,train
8424,11_square,0,0,480.0,124.0,194.0,871.0,-286.0,747.0,val
8425,11_square,0,0,651.0,786.0,556.0,225.0,-95.0,-561.0,train
8426,11_square,0,0,482.0,585.0,822.0,677.0,340.0,92.0,train
8427,11_square,0,0,757.0,531.0,290.0,545.0,-467.0,14.0,train
8428,11_square,0,0,356.0,637.0,381.0,729.0,25.0,92.0,train
8429,11_square,0,0,847.0,120.0,827.0,524.0,-20.0,404.0,train
8430,11_square,0,0,160.0,349.0,793.0,871.0,633.0,522.0,train
8431,11_square,0,0,233.0,118.0,240.0,629.0,7.0,511.0,train
8432,11_square,0,0,364.0,755.0,883.0,641.0,519.0,-114.0,train
8433,11_square,0,0,240.0,221.0,455.0,539.0,215.0,318.0,train
8434,11_square,0,0,811.0,492.0,865.0,509.0,54.0,17.0,val
8435,11_square,0,0,882.0,641.0,553.0,527.0,-329.0,-114.0,train
8436,11_square,0,0,664.0,237.0,735.0,900.0,71.0,663.0,val
8437,11_square,0,0,336.0,759.0,447.0,185.0,111.0,-574.0,test
8438,11_square,0,0,699.0,236.0,466.0,387.0,-233.0,151.0,train
8439,11_square,0,0,764.0,188.0,155.0,699.0,-609.0,511.0,test
8440,11_square,0,0,429.0,523.0,644.0,842.0,215.0,319.0,train
8441,11_square,0,0,847.0,594.0,448.0,212.0,-399.0,-382.0,train
8442,11_square,0,0,892.0,482.0,859.0,277.0,-33.0,-205.0,val
8443,11_square,0,0,531.0,129.0,236.0,615.0,-295.0,486.0,train
8444,11_square,0,0,489.0,891.0,102.0,121.0,-387.0,-770.0,test
8445,11_square,0,0,193.0,636.0,449.0,569.0,256.0,-67.0,train
8446,11_square,0,0,220.0,465.0,171.0,495.0,-49.0,30.0,train
8447,11_square,0,0,122.0,878.0,788.0,833.0,666.0,-45.0,train
8448,11_square,0,0,761.0,388.0,537.0,882.0,-224.0,494.0,train
8449,11_square,0,0,366.0,829.0,849.0,429.0,483.0,-400.0,train
8450,11_square,0,0,122.0,410.0,199.0,316.0,77.0,-94.0,train
8451,11_square,0,0,389.0,430.0,562.0,215.0,173.0,-215.0,train
8452,11_square,0,0,200.0,533.0,596.0,661.0,396.0,128.0,train
8453,11_square,0,0,685.0,577.0,325.0,424.0,-360.0,-153.0,train
8454,11_square,0,0,320.0,852.0,330.0,426.0,10.0,-426.0,train
8455,11_square,0,0,806.0,657.0,371.0,899.0,-435.0,242.0,train
8456,11_square,0,0,803.0,857.0,609.0,423.0,-194.0,-434.0,train
8457,11_square,0,0,198.0,825.0,270.0,557.0,72.0,-268.0,train
8458,11_square,0,0,728.0,600.0,657.0,804.0,-71.0,204.0,train
8459,11_square,0,0,297.0,249.0,809.0,624.0,512.0,375.0,train
8460,11_square,0,0,189.0,841.0,200.0,506.0,11.0,-335.0,train
8461,11_square,0,0,630.0,750.0,768.0,837.0,138.0,87.0,train
8462,11_square,0,0,318.0,887.0,859.0,161.0,541.0,-726.0,train
8463,11_square,0,0,153.0,255.0,758.0,701.0,605.0,446.0,train
8464,11_square,0,0,355.0,393.0,266.0,802.0,-89.0,409.0,val
8465,11_square,0,0,326.0,119.0,804.0,451.0,478.0,332.0,train
8466,11_square,0,0,231.0,667.0,827.0,296.0,596.0,-371.0,train
8467,11_square,0,0,365.0,440.0,668.0,893.0,303.0,453.0,train
8468,11_square,0,0,709.0,731.0,704.0,131.0,-5.0,-600.0,train
8469,11_square,0,0,247.0,141.0,493.0,167.0,246.0,26.0,train
8470,11_square,0,0,548.0,794.0,388.0,453.0,-160.0,-341.0,train
8471,11_square,0,0,171.0,742.0,659.0,777.0,488.0,35.0,val
8472,11_square,0,0,529.0,169.0,515.0,492.0,-14.0,323.0,train
8473,11_square,0,0,544.0,152.0,726.0,256.0,182.0,104.0,train
8474,11_square,0,0,652.0,317.0,249.0,189.0,-403.0,-128.0,train
8475,11_square,0,0,453.0,770.0,254.0,407.0,-199.0,-363.0,train
8476,11_square,0,0,217.0,475.0,374.0,550.0,157.0,75.0,train
8477,11_square,0,0,361.0,353.0,602.0,576.0,241.0,223.0,train
8478,11_square,0,0,487.0,129.0,721.0,748.0,234.0,619.0,train
8479,11_square,0,0,613.0,348.0,345.0,670.0,-268.0,322.0,train
8480,11_square,0,0,307.0,411.0,109.0,486.0,-198.0,75.0,train
8481,11_square,0,0,502.0,489.0,224.0,287.0,-278.0,-202.0,train
8482,11_square,0,0,773.0,408.0,621.0,584.0,-152.0,176.0,train
8483,11_square,0,0,489.0,233.0,500.0,785.0,11.0,552.0,test
8484,11_square,0,0,127.0,361.0,439.0,410.0,312.0,49.0,train
8485,11_square,0,0,802.0,892.0,893.0,257.0,91.0,-635.0,train
8486,11_square,0,0,266.0,817.0,556.0,140.0,290.0,-677.0,train
8487,11_square,0,0,486.0,285.0,529.0,642.0,43.0,357.0,train
8488,11_square,0,0,681.0,745.0,127.0,577.0,-554.0,-168.0,val
8489,11_square,0,0,235.0,302.0,289.0,483.0,54.0,181.0,train
8490,11_square,0,0,761.0,572.0,719.0,872.0,-42.0,300.0,train
8491,11_square,0,0,866.0,385.0,333.0,706.0,-533.0,321.0,val
8492,11_square,0,0,584.0,445.0,448.0,738.0,-136.0,293.0,train
8493,11_square,0,0,825.0,370.0,426.0,168.0,-399.0,-202.0,train
8494,11_square,0,0,276.0,239.0,435.0,593.0,159.0,354.0,train
8495,11_square,0,0,509.0,593.0,493.0,152.0,-16.0,-441.0,train
8496,11_square,0,0,562.0,463.0,803.0,602.0,241.0,139.0,train
8497,11_square,0,0,296.0,835.0,337.0,500.0,41.0,-335.0,val
8498,11_square,0,0,639.0,653.0,511.0,816.0,-128.0,163.0,train
8499,11_square,0,0,139.0,835.0,719.0,388.0,580.0,-447.0,train
8500,1_square,0,0,843.0,637.0,292.0,165.0,-551.0,-472.0,train
8501,1_square,0,0,565.0,441.0,827.0,436.0,262.0,-5.0,train
8502,1_square,0,0,354.0,197.0,857.0,501.0,503.0,304.0,train
8503,1_square,0,0,675.0,482.0,221.0,512.0,-454.0,30.0,train
8504,1_square,0,0,556.0,148.0,316.0,787.0,-240.0,639.0,train
8505,1_square,0,0,607.0,157.0,816.0,159.0,209.0,2.0,train
8506,1_square,0,0,872.0,484.0,478.0,493.0,-394.0,9.0,train
8507,1_square,0,0,646.0,400.0,255.0,578.0,-391.0,178.0,train
8508,1_square,0,0,377.0,441.0,780.0,310.0,403.0,-131.0,test
8509,1_square,0,0,431.0,552.0,217.0,519.0,-214.0,-33.0,train
8510,1_square,0,0,363.0,345.0,682.0,653.0,319.0,308.0,train
8511,1_square,0,0,153.0,270.0,179.0,147.0,26.0,-123.0,train
8512,1_square,0,0,479.0,525.0,271.0,188.0,-208.0,-337.0,train
8513,1_square,0,0,242.0,478.0,229.0,535.0,-13.0,57.0,train
8514,1_square,0,0,185.0,567.0,160.0,378.0,-25.0,-189.0,train
8515,1_square,0,0,183.0,618.0,373.0,825.0,190.0,207.0,train
8516,1_square,0,0,892.0,157.0,331.0,476.0,-561.0,319.0,train
8517,1_square,0,0,656.0,758.0,608.0,482.0,-48.0,-276.0,test
8518,1_square,0,0,613.0,632.0,761.0,265.0,148.0,-367.0,test
8519,1_square,0,0,400.0,572.0,400.0,647.0,0.0,75.0,train
8520,1_square,0,0,691.0,504.0,482.0,779.0,-209.0,275.0,test
8521,1_square,0,0,368.0,499.0,606.0,459.0,238.0,-40.0,train
8522,1_square,0,0,756.0,402.0,635.0,504.0,-121.0,102.0,train
8523,1_square,0,0,357.0,376.0,139.0,136.0,-218.0,-240.0,train
8524,1_square,0,0,784.0,556.0,868.0,222.0,84.0,-334.0,train
8525,1_square,0,0,206.0,461.0,153.0,403.0,-53.0,-58.0,test
8526,1_square,0,0,528.0,407.0,119.0,335.0,-409.0,-72.0,train
8527,1_square,0,0,898.0,727.0,712.0,422.0,-186.0,-305.0,train
8528,1_square,0,0,621.0,465.0,148.0,832.0,-473.0,367.0,train
8529,1_square,0,0,806.0,749.0,852.0,290.0,46.0,-459.0,test
8530,1_square,0,0,116.0,686.0,721.0,344.0,605.0,-342.0,train
8531,1_square,0,0,266.0,346.0,841.0,717.0,575.0,371.0,train
8532,1_square,0,0,379.0,511.0,228.0,237.0,-151.0,-274.0,val
8533,1_square,0,0,458.0,715.0,743.0,328.0,285.0,-387.0,train
8534,1_square,0,0,678.0,475.0,473.0,799.0,-205.0,324.0,val
8535,1_square,0,0,365.0,744.0,302.0,705.0,-63.0,-39.0,test
8536,1_square,0,0,598.0,464.0,387.0,853.0,-211.0,389.0,train
8537,1_square,0,0,111.0,468.0,136.0,237.0,25.0,-231.0,train
8538,1_square,0,0,870.0,651.0,792.0,710.0,-78.0,59.0,train
8539,1_square,0,0,831.0,120.0,327.0,685.0,-504.0,565.0,train
8540,1_square,0,0,634.0,268.0,304.0,100.0,-330.0,-168.0,train
8541,1_square,0,0,315.0,392.0,612.0,679.0,297.0,287.0,train
8542,1_square,0,0,369.0,426.0,613.0,130.0,244.0,-296.0,train
8543,1_square,0,0,316.0,632.0,183.0,871.0,-133.0,239.0,val
8544,1_square,0,0,326.0,205.0,686.0,331.0,360.0,126.0,train
8545,1_square,0,0,617.0,413.0,176.0,271.0,-441.0,-142.0,train
8546,1_square,0,0,555.0,300.0,692.0,200.0,137.0,-100.0,val
8547,1_square,0,0,464.0,861.0,653.0,656.0,189.0,-205.0,test
8548,1_square,0,0,199.0,148.0,571.0,304.0,372.0,156.0,train
8549,1_square,0,0,648.0,503.0,571.0,100.0,-77.0,-403.0,train
8550,1_square,0,0,341.0,665.0,468.0,263.0,127.0,-402.0,train
8551,1_square,0,0,520.0,763.0,109.0,358.0,-411.0,-405.0,val
8552,1_square,0,0,124.0,843.0,316.0,192.0,192.0,-651.0,train
8553,1_square,0,0,742.0,761.0,218.0,352.0,-524.0,-409.0,train
8554,1_square,0,0,707.0,308.0,123.0,551.0,-584.0,243.0,train
8555,1_square,0,0,543.0,734.0,360.0,156.0,-183.0,-578.0,val
8556,1_square,0,0,221.0,529.0,239.0,488.0,18.0,-41.0,test
8557,1_square,0,0,258.0,576.0,565.0,295.0,307.0,-281.0,train
8558,1_square,0,0,189.0,385.0,283.0,410.0,94.0,25.0,train
8559,1_square,0,0,160.0,507.0,384.0,494.0,224.0,-13.0,train
8560,1_square,0,0,789.0,197.0,550.0,375.0,-239.0,178.0,test
8561,1_square,0,0,465.0,556.0,894.0,829.0,429.0,273.0,train
8562,1_square,0,0,590.0,751.0,107.0,861.0,-483.0,110.0,val
8563,1_square,0,0,852.0,780.0,582.0,164.0,-270.0,-616.0,val
8564,1_square,0,0,732.0,127.0,278.0,825.0,-454.0,698.0,train
8565,1_square,0,0,573.0,102.0,462.0,694.0,-111.0,592.0,train
8566,1_square,0,0,285.0,648.0,494.0,164.0,209.0,-484.0,train
8567,1_square,0,0,374.0,343.0,290.0,862.0,-84.0,519.0,test
8568,1_square,0,0,331.0,837.0,662.0,703.0,331.0,-134.0,train
8569,1_square,0,0,413.0,393.0,233.0,110.0,-180.0,-283.0,train
8570,1_square,0,0,579.0,843.0,418.0,790.0,-161.0,-53.0,train
8571,1_square,0,0,404.0,401.0,748.0,506.0,344.0,105.0,train
8572,1_square,0,0,866.0,836.0,147.0,761.0,-719.0,-75.0,train
8573,1_square,0,0,892.0,155.0,694.0,711.0,-198.0,556.0,train
8574,1_square,0,0,284.0,353.0,440.0,884.0,156.0,531.0,train
8575,1_square,0,0,465.0,239.0,465.0,146.0,0.0,-93.0,train
8576,1_square,0,0,576.0,860.0,228.0,707.0,-348.0,-153.0,train
8577,1_square,0,0,811.0,474.0,356.0,666.0,-455.0,192.0,train
8578,1_square,0,0,404.0,139.0,844.0,554.0,440.0,415.0,train
8579,1_square,0,0,667.0,275.0,815.0,349.0,148.0,74.0,train
8580,1_square,0,0,772.0,223.0,750.0,811.0,-22.0,588.0,train
8581,1_square,0,0,396.0,329.0,838.0,544.0,442.0,215.0,train
8582,1_square,0,0,883.0,679.0,283.0,386.0,-600.0,-293.0,train
8583,1_square,0,0,800.0,725.0,567.0,319.0,-233.0,-406.0,train
8584,1_square,0,0,120.0,596.0,648.0,844.0,528.0,248.0,test
8585,1_square,0,0,402.0,367.0,567.0,507.0,165.0,140.0,train
8586,1_square,0,0,190.0,864.0,592.0,179.0,402.0,-685.0,train
8587,1_square,0,0,386.0,717.0,767.0,452.0,381.0,-265.0,train
8588,1_square,0,0,394.0,785.0,195.0,537.0,-199.0,-248.0,train
8589,1_square,0,0,252.0,866.0,898.0,192.0,646.0,-674.0,train
8590,1_square,0,0,856.0,434.0,397.0,499.0,-459.0,65.0,train
8591,1_square,0,0,173.0,330.0,219.0,156.0,46.0,-174.0,train
8592,1_square,0,0,767.0,834.0,844.0,181.0,77.0,-653.0,train
8593,1_square,0,0,831.0,399.0,675.0,662.0,-156.0,263.0,test
8594,1_square,0,0,517.0,344.0,442.0,644.0,-75.0,300.0,train
8595,1_square,0,0,259.0,720.0,714.0,638.0,455.0,-82.0,train
8596,1_square,0,0,467.0,324.0,261.0,268.0,-206.0,-56.0,train
8597,1_square,0,0,131.0,119.0,253.0,129.0,122.0,10.0,train
8598,1_square,0,0,173.0,146.0,618.0,463.0,445.0,317.0,train
8599,1_square,0,0,581.0,205.0,767.0,167.0,186.0,-38.0,train
8600,1_square,0,0,102.0,458.0,333.0,567.0,231.0,109.0,val
8601,1_square,0,0,778.0,419.0,351.0,664.0,-427.0,245.0,train
8602,1_square,0,0,453.0,310.0,470.0,833.0,17.0,523.0,val
8603,1_square,0,0,387.0,609.0,133.0,254.0,-254.0,-355.0,train
8604,1_square,0,0,213.0,399.0,273.0,618.0,60.0,219.0,val
8605,1_square,0,0,174.0,342.0,534.0,119.0,360.0,-223.0,val
8606,1_square,0,0,394.0,749.0,746.0,147.0,352.0,-602.0,train
8607,1_square,0,0,478.0,625.0,861.0,213.0,383.0,-412.0,train
8608,1_square,0,0,669.0,702.0,594.0,358.0,-75.0,-344.0,train
8609,1_square,0,0,627.0,119.0,437.0,344.0,-190.0,225.0,train
8610,1_square,0,0,495.0,164.0,117.0,801.0,-378.0,637.0,test
8611,1_square,0,0,456.0,502.0,693.0,880.0,237.0,378.0,val
8612,1_square,0,0,323.0,138.0,792.0,586.0,469.0,448.0,train
8613,1_square,0,0,783.0,868.0,357.0,492.0,-426.0,-376.0,train
8614,1_square,0,0,169.0,732.0,594.0,306.0,425.0,-426.0,train
8615,1_square,0,0,211.0,350.0,422.0,871.0,211.0,521.0,test
8616,1_square,0,0,314.0,872.0,695.0,214.0,381.0,-658.0,train
8617,1_square,0,0,347.0,411.0,667.0,528.0,320.0,117.0,train
8618,1_square,0,0,491.0,309.0,824.0,364.0,333.0,55.0,test
8619,1_square,0,0,748.0,886.0,319.0,231.0,-429.0,-655.0,train
8620,1_square,0,0,117.0,403.0,214.0,309.0,97.0,-94.0,train
8621,1_square,0,0,136.0,197.0,636.0,839.0,500.0,642.0,train
8622,1_square,0,0,647.0,440.0,552.0,304.0,-95.0,-136.0,train
8623,1_square,0,0,316.0,577.0,394.0,866.0,78.0,289.0,val
8624,1_square,0,0,454.0,859.0,303.0,200.0,-151.0,-659.0,test
8625,1_square,0,0,520.0,415.0,226.0,850.0,-294.0,435.0,val
8626,1_square,0,0,290.0,389.0,250.0,867.0,-40.0,478.0,train
8627,1_square,0,0,139.0,858.0,423.0,686.0,284.0,-172.0,test
8628,1_square,0,0,812.0,376.0,819.0,608.0,7.0,232.0,val
8629,1_square,0,0,173.0,365.0,739.0,814.0,566.0,449.0,train
8630,1_square,0,0,329.0,358.0,632.0,781.0,303.0,423.0,train
8631,1_square,0,0,794.0,852.0,312.0,517.0,-482.0,-335.0,train
8632,1_square,0,0,562.0,478.0,844.0,644.0,282.0,166.0,train
8633,1_square,0,0,631.0,368.0,739.0,211.0,108.0,-157.0,train
8634,1_square,0,0,334.0,684.0,880.0,561.0,546.0,-123.0,train
8635,1_square,0,0,707.0,286.0,356.0,638.0,-351.0,352.0,train
8636,1_square,0,0,726.0,861.0,408.0,621.0,-318.0,-240.0,train
8637,1_square,0,0,102.0,838.0,733.0,253.0,631.0,-585.0,train
8638,1_square,0,0,613.0,250.0,402.0,248.0,-211.0,-2.0,train
8639,1_square,0,0,336.0,584.0,292.0,643.0,-44.0,59.0,test
8640,1_square,0,0,352.0,433.0,357.0,410.0,5.0,-23.0,train
8641,1_square,0,0,799.0,372.0,672.0,892.0,-127.0,520.0,train
8642,1_square,0,0,790.0,378.0,118.0,347.0,-672.0,-31.0,train
8643,1_square,0,0,578.0,650.0,745.0,424.0,167.0,-226.0,train
8644,1_square,0,0,440.0,325.0,447.0,500.0,7.0,175.0,train
8645,1_square,0,0,231.0,172.0,896.0,399.0,665.0,227.0,train
8646,1_square,0,0,386.0,283.0,876.0,741.0,490.0,458.0,train
8647,1_square,0,0,802.0,195.0,467.0,639.0,-335.0,444.0,train
8648,1_square,0,0,665.0,524.0,456.0,429.0,-209.0,-95.0,train
8649,1_square,0,0,733.0,758.0,735.0,647.0,2.0,-111.0,train
8650,1_square,0,0,163.0,515.0,810.0,151.0,647.0,-364.0,train
8651,1_square,0,0,870.0,336.0,474.0,101.0,-396.0,-235.0,train
8652,1_square,0,0,527.0,139.0,666.0,554.0,139.0,415.0,train
8653,1_square,0,0,713.0,796.0,539.0,224.0,-174.0,-572.0,train
8654,1_square,0,0,700.0,272.0,573.0,115.0,-127.0,-157.0,train
8655,1_square,0,0,712.0,419.0,829.0,712.0,117.0,293.0,test
8656,1_square,0,0,838.0,601.0,797.0,752.0,-41.0,151.0,train
8657,1_square,0,0,224.0,843.0,270.0,119.0,46.0,-724.0,val
8658,1_square,0,0,156.0,458.0,399.0,215.0,243.0,-243.0,train
8659,1_square,0,0,786.0,300.0,587.0,775.0,-199.0,475.0,train
8660,1_square,0,0,507.0,619.0,520.0,795.0,13.0,176.0,train
8661,1_square,0,0,804.0,356.0,860.0,522.0,56.0,166.0,train
8662,1_square,0,0,616.0,623.0,811.0,332.0,195.0,-291.0,train
8663,1_square,0,0,185.0,223.0,635.0,604.0,450.0,381.0,train
8664,1_square,0,0,368.0,576.0,565.0,859.0,197.0,283.0,val
8665,1_square,0,0,335.0,322.0,125.0,798.0,-210.0,476.0,test
8666,1_square,0,0,461.0,490.0,756.0,762.0,295.0,272.0,train
8667,1_square,0,0,262.0,489.0,837.0,276.0,575.0,-213.0,test
8668,1_square,0,0,661.0,360.0,821.0,129.0,160.0,-231.0,train
8669,1_square,0,0,524.0,588.0,581.0,801.0,57.0,213.0,train
8670,1_square,0,0,445.0,758.0,181.0,831.0,-264.0,73.0,train
8671,1_square,0,0,148.0,352.0,231.0,780.0,83.0,428.0,test
8672,1_square,0,0,740.0,240.0,747.0,779.0,7.0,539.0,train
8673,1_square,0,0,865.0,652.0,849.0,264.0,-16.0,-388.0,train
8674,1_square,0,0,198.0,544.0,235.0,412.0,37.0,-132.0,train
8675,1_square,0,0,885.0,483.0,755.0,554.0,-130.0,71.0,train
8676,1_square,0,0,255.0,105.0,504.0,886.0,249.0,781.0,train
8677,1_square,0,0,375.0,564.0,420.0,751.0,45.0,187.0,train
8678,1_square,0,0,626.0,646.0,612.0,803.0,-14.0,157.0,train
8679,1_square,0,0,515.0,488.0,436.0,816.0,-79.0,328.0,train
8680,1_square,0,0,283.0,532.0,491.0,216.0,208.0,-316.0,train
8681,1_square,0,0,618.0,204.0,900.0,334.0,282.0,130.0,train
8682,1_square,0,0,469.0,864.0,759.0,591.0,290.0,-273.0,train
8683,1_square,0,0,811.0,476.0,889.0,748.0,78.0,272.0,train
8684,1_square,0,0,544.0,172.0,235.0,324.0,-309.0,152.0,val
8685,1_square,0,0,445.0,290.0,217.0,254.0,-228.0,-36.0,test
8686,1_square,0,0,897.0,135.0,897.0,471.0,0.0,336.0,train
8687,1_square,0,0,678.0,223.0,348.0,202.0,-330.0,-21.0,train
8688,1_square,0,0,331.0,776.0,525.0,858.0,194.0,82.0,train
8689,1_square,0,0,619.0,548.0,441.0,275.0,-178.0,-273.0,train
8690,1_square,0,0,748.0,799.0,877.0,274.0,129.0,-525.0,train
8691,1_square,0,0,507.0,705.0,331.0,758.0,-176.0,53.0,train
8692,1_square,0,0,513.0,546.0,128.0,645.0,-385.0,99.0,train
8693,1_square,0,0,557.0,213.0,257.0,574.0,-300.0,361.0,train
8694,1_square,0,0,419.0,124.0,354.0,452.0,-65.0,328.0,train
8695,1_square,0,0,553.0,835.0,680.0,166.0,127.0,-669.0,train
8696,1_square,0,0,304.0,361.0,117.0,890.0,-187.0,529.0,train
8697,1_square,0,0,582.0,298.0,161.0,443.0,-421.0,145.0,train
8698,1_square,0,0,763.0,440.0,104.0,700.0,-659.0,260.0,train
8699,1_square,0,0,530.0,606.0,703.0,770.0,173.0,164.0,train
8700,1_square,0,0,804.0,819.0,572.0,638.0,-232.0,-181.0,train
8701,1_square,0,0,406.0,720.0,894.0,382.0,488.0,-338.0,train
8702,1_square,0,0,580.0,227.0,451.0,652.0,-129.0,425.0,train
8703,1_square,0,0,774.0,324.0,677.0,187.0,-97.0,-137.0,train
8704,1_square,0,0,354.0,533.0,374.0,326.0,20.0,-207.0,train
8705,1_square,0,0,855.0,531.0,853.0,278.0,-2.0,-253.0,train
8706,1_square,0,0,231.0,736.0,221.0,266.0,-10.0,-470.0,train
8707,1_square,0,0,585.0,594.0,138.0,661.0,-447.0,67.0,train
8708,1_square,0,0,101.0,729.0,579.0,680.0,478.0,-49.0,test
8709,1_square,0,0,751.0,396.0,148.0,177.0,-603.0,-219.0,test
8710,1_square,0,0,273.0,772.0,100.0,226.0,-173.0,-546.0,train
8711,1_square,0,0,584.0,517.0,302.0,598.0,-282.0,81.0,train
8712,1_square,0,0,169.0,521.0,659.0,410.0,490.0,-111.0,test
8713,1_square,0,0,572.0,241.0,491.0,773.0,-81.0,532.0,test
8714,1_square,0,0,321.0,549.0,591.0,432.0,270.0,-117.0,train
8715,1_square,0,0,360.0,117.0,426.0,663.0,66.0,546.0,train
8716,1_square,0,0,858.0,848.0,254.0,442.0,-604.0,-406.0,train
8717,1_square,0,0,215.0,550.0,547.0,278.0,332.0,-272.0,test
8718,1_square,0,0,589.0,385.0,287.0,527.0,-302.0,142.0,train
8719,1_square,0,0,831.0,480.0,277.0,558.0,-554.0,78.0,val
8720,1_square,0,0,152.0,886.0,772.0,210.0,620.0,-676.0,test
8721,1_square,0,0,390.0,691.0,427.0,656.0,37.0,-35.0,train
8722,1_square,0,0,323.0,445.0,540.0,338.0,217.0,-107.0,train
8723,1_square,0,0,548.0,154.0,488.0,459.0,-60.0,305.0,train
8724,1_square,0,0,548.0,105.0,280.0,565.0,-268.0,460.0,val
8725,1_square,0,0,515.0,557.0,623.0,529.0,108.0,-28.0,val
8726,1_square,0,0,741.0,700.0,328.0,703.0,-413.0,3.0,train
8727,1_square,0,0,181.0,481.0,362.0,210.0,181.0,-271.0,train
8728,1_square,0,0,455.0,509.0,628.0,190.0,173.0,-319.0,train
8729,1_square,0,0,832.0,625.0,144.0,206.0,-688.0,-419.0,train
8730,1_square,0,0,419.0,589.0,121.0,704.0,-298.0,115.0,train
8731,1_square,0,0,295.0,227.0,495.0,842.0,200.0,615.0,train
8732,1_square,0,0,303.0,856.0,899.0,410.0,596.0,-446.0,val
8733,1_square,0,0,635.0,344.0,509.0,530.0,-126.0,186.0,train
8734,1_square,0,0,288.0,221.0,803.0,170.0,515.0,-51.0,train
8735,1_square,0,0,248.0,737.0,354.0,369.0,106.0,-368.0,train
8736,1_square,0,0,115.0,108.0,466.0,207.0,351.0,99.0,train
8737,1_square,0,0,285.0,466.0,370.0,505.0,85.0,39.0,train
8738,1_square,0,0,520.0,767.0,130.0,589.0,-390.0,-178.0,train
8739,1_square,0,0,291.0,209.0,644.0,175.0,353.0,-34.0,train
8740,1_square,0,0,330.0,472.0,694.0,698.0,364.0,226.0,train
8741,1_square,0,0,143.0,856.0,184.0,861.0,41.0,5.0,test
8742,1_square,0,0,299.0,436.0,521.0,132.0,222.0,-304.0,train
8743,1_square,0,0,802.0,463.0,862.0,281.0,60.0,-182.0,train
8744,1_square,0,0,481.0,463.0,656.0,419.0,175.0,-44.0,train
8745,1_square,0,0,329.0,784.0,873.0,663.0,544.0,-121.0,train
8746,1_square,0,0,407.0,619.0,438.0,541.0,31.0,-78.0,train
8747,1_square,0,0,406.0,427.0,671.0,680.0,265.0,253.0,train
8748,1_square,0,0,448.0,398.0,363.0,449.0,-85.0,51.0,train
8749,1_square,0,0,794.0,381.0,484.0,150.0,-310.0,-231.0,train
8750,1_square,0,0,814.0,173.0,759.0,171.0,-55.0,-2.0,train
8751,1_square,0,0,126.0,890.0,319.0,184.0,193.0,-706.0,train
8752,1_square,0,0,620.0,295.0,852.0,464.0,232.0,169.0,train
8753,1_square,0,0,695.0,497.0,584.0,249.0,-111.0,-248.0,train
8754,1_square,0,0,726.0,212.0,706.0,493.0,-20.0,281.0,train
8755,1_square,0,0,127.0,778.0,751.0,456.0,624.0,-322.0,train
8756,1_square,0,0,145.0,407.0,343.0,779.0,198.0,372.0,train
8757,1_square,0,0,805.0,812.0,399.0,641.0,-406.0,-171.0,train
8758,1_square,0,0,402.0,151.0,625.0,162.0,223.0,11.0,train
8759,1_square,0,0,447.0,473.0,364.0,157.0,-83.0,-316.0,train
8760,1_square,0,0,464.0,601.0,110.0,354.0,-354.0,-247.0,train
8761,1_square,0,0,661.0,206.0,709.0,690.0,48.0,484.0,train
8762,1_square,0,0,541.0,232.0,886.0,267.0,345.0,35.0,train
8763,1_square,0,0,179.0,712.0,115.0,437.0,-64.0,-275.0,train
8764,1_square,0,0,231.0,108.0,226.0,321.0,-5.0,213.0,val
8765,1_square,0,0,386.0,524.0,591.0,352.0,205.0,-172.0,train
8766,1_square,0,0,454.0,544.0,437.0,797.0,-17.0,253.0,train
8767,1_square,0,0,350.0,213.0,145.0,215.0,-205.0,2.0,train
8768,1_square,0,0,481.0,219.0,159.0,565.0,-322.0,346.0,val
8769,1_square,0,0,843.0,777.0,860.0,134.0,17.0,-643.0,val
8770,1_square,0,0,428.0,659.0,533.0,898.0,105.0,239.0,train
8771,1_square,0,0,727.0,268.0,145.0,273.0,-582.0,5.0,train
8772,1_square,0,0,458.0,391.0,195.0,518.0,-263.0,127.0,train
8773,1_square,0,0,591.0,883.0,486.0,323.0,-105.0,-560.0,train
8774,1_square,0,0,421.0,489.0,323.0,233.0,-98.0,-256.0,train
8775,1_square,0,0,873.0,692.0,239.0,693.0,-634.0,1.0,train
8776,1_square,0,0,532.0,806.0,513.0,182.0,-19.0,-624.0,train
8777,1_square,0,0,700.0,544.0,486.0,841.0,-214.0,297.0,train
8778,1_square,0,0,249.0,167.0,886.0,319.0,637.0,152.0,train
8779,1_square,0,0,545.0,837.0,229.0,389.0,-316.0,-448.0,train
8780,1_square,0,0,703.0,739.0,429.0,636.0,-274.0,-103.0,train
8781,1_square,0,0,677.0,769.0,715.0,635.0,38.0,-134.0,train
8782,1_square,0,0,594.0,397.0,284.0,891.0,-310.0,494.0,train
8783,1_square,0,0,406.0,188.0,524.0,734.0,118.0,546.0,val
8784,1_square,0,0,110.0,697.0,262.0,145.0,152.0,-552.0,train
8785,1_square,0,0,123.0,454.0,410.0,495.0,287.0,41.0,train
8786,1_square,0,0,210.0,653.0,281.0,667.0,71.0,14.0,train
8787,1_square,0,0,608.0,688.0,819.0,763.0,211.0,75.0,train
8788,1_square,0,0,743.0,170.0,655.0,602.0,-88.0,432.0,train
8789,1_square,0,0,128.0,543.0,886.0,192.0,758.0,-351.0,train
8790,1_square,0,0,615.0,782.0,780.0,681.0,165.0,-101.0,train
8791,1_square,0,0,273.0,215.0,349.0,673.0,76.0,458.0,train
8792,1_square,0,0,250.0,406.0,190.0,489.0,-60.0,83.0,train
8793,1_square,0,0,169.0,802.0,400.0,360.0,231.0,-442.0,train
8794,1_square,0,0,546.0,663.0,560.0,250.0,14.0,-413.0,train
8795,1_square,0,0,580.0,278.0,598.0,326.0,18.0,48.0,val
8796,1_square,0,0,119.0,315.0,717.0,157.0,598.0,-158.0,train
8797,1_square,0,0,117.0,503.0,203.0,529.0,86.0,26.0,val
8798,1_square,0,0,692.0,151.0,727.0,361.0,35.0,210.0,train
8799,1_square,0,0,448.0,873.0,147.0,643.0,-301.0,-230.0,train
8800,1_square,0,0,788.0,612.0,237.0,102.0,-551.0,-510.0,train
8801,1_square,0,0,593.0,288.0,465.0,574.0,-128.0,286.0,train
8802,1_square,0,0,557.0,302.0,711.0,188.0,154.0,-114.0,test
8803,1_square,0,0,463.0,405.0,431.0,818.0,-32.0,413.0,train
8804,1_square,0,0,170.0,514.0,718.0,773.0,548.0,259.0,train
8805,1_square,0,0,308.0,605.0,687.0,775.0,379.0,170.0,train
8806,1_square,0,0,395.0,522.0,783.0,521.0,388.0,-1.0,train
8807,1_square,0,0,751.0,809.0,524.0,176.0,-227.0,-633.0,train
8808,1_square,0,0,732.0,321.0,459.0,385.0,-273.0,64.0,train
8809,1_square,0,0,812.0,253.0,426.0,100.0,-386.0,-153.0,val
8810,1_square,0,0,486.0,678.0,113.0,844.0,-373.0,166.0,train
8811,1_square,0,0,498.0,709.0,673.0,171.0,175.0,-538.0,train
8812,1_square,0,0,148.0,417.0,196.0,226.0,48.0,-191.0,train
8813,1_square,0,0,762.0,127.0,226.0,597.0,-536.0,470.0,train
8814,1_square,0,0,544.0,824.0,212.0,853.0,-332.0,29.0,val
8815,1_square,0,0,631.0,409.0,765.0,169.0,134.0,-240.0,train
8816,1_square,0,0,610.0,806.0,469.0,597.0,-141.0,-209.0,train
8817,1_square,0,0,686.0,644.0,465.0,664.0,-221.0,20.0,train
8818,1_square,0,0,440.0,674.0,475.0,400.0,35.0,-274.0,train
8819,1_square,0,0,254.0,457.0,766.0,531.0,512.0,74.0,train
8820,1_square,0,0,870.0,352.0,847.0,366.0,-23.0,14.0,train
8821,1_square,0,0,789.0,684.0,688.0,211.0,-101.0,-473.0,train
8822,1_square,0,0,764.0,219.0,196.0,643.0,-568.0,424.0,train
8823,1_square,0,0,501.0,439.0,727.0,711.0,226.0,272.0,train
8824,1_square,0,0,740.0,228.0,681.0,338.0,-59.0,110.0,train
8825,1_square,0,0,671.0,449.0,252.0,176.0,-419.0,-273.0,train
8826,1_square,0,0,272.0,112.0,693.0,323.0,421.0,211.0,train
8827,1_square,0,0,250.0,762.0,508.0,737.0,258.0,-25.0,val
8828,1_square,0,0,456.0,622.0,714.0,243.0,258.0,-379.0,train
8829,1_square,0,0,112.0,801.0,211.0,259.0,99.0,-542.0,train
8830,1_square,0,0,289.0,118.0,681.0,113.0,392.0,-5.0,train
8831,1_square,0,0,714.0,171.0,770.0,554.0,56.0,383.0,train
8832,1_square,0,0,495.0,128.0,717.0,524.0,222.0,396.0,train
8833,1_square,0,0,767.0,324.0,461.0,467.0,-306.0,143.0,train
8834,1_square,0,0,840.0,300.0,517.0,871.0,-323.0,571.0,train
8835,1_square,0,0,323.0,515.0,844.0,167.0,521.0,-348.0,train
8836,1_square,0,0,118.0,572.0,175.0,790.0,57.0,218.0,train
8837,1_square,0,0,520.0,589.0,355.0,653.0,-165.0,64.0,train
8838,1_square,0,0,495.0,436.0,257.0,601.0,-238.0,165.0,train
8839,1_square,0,0,784.0,148.0,255.0,428.0,-529.0,280.0,train
8840,1_square,0,0,709.0,768.0,853.0,504.0,144.0,-264.0,val
8841,1_square,0,0,669.0,583.0,227.0,165.0,-442.0,-418.0,train
8842,1_square,0,0,128.0,639.0,600.0,767.0,472.0,128.0,train
8843,1_square,0,0,133.0,439.0,658.0,747.0,525.0,308.0,train
8844,1_square,0,0,508.0,265.0,547.0,570.0,39.0,305.0,train
8845,1_square,0,0,202.0,171.0,114.0,748.0,-88.0,577.0,train
8846,1_square,0,0,686.0,866.0,319.0,611.0,-367.0,-255.0,train
8847,1_square,0,0,814.0,738.0,374.0,672.0,-440.0,-66.0,train
8848,1_square,0,0,628.0,535.0,736.0,439.0,108.0,-96.0,train
8849,1_square,0,0,512.0,181.0,170.0,174.0,-342.0,-7.0,train
8850,1_square,0,0,129.0,277.0,302.0,298.0,173.0,21.0,val
8851,1_square,0,0,447.0,728.0,443.0,190.0,-4.0,-538.0,train
8852,1_square,0,0,760.0,651.0,110.0,775.0,-650.0,124.0,train
8853,1_square,0,0,688.0,709.0,387.0,886.0,-301.0,177.0,val
8854,1_square,0,0,239.0,704.0,794.0,560.0,555.0,-144.0,train
8855,1_square,0,0,276.0,717.0,704.0,422.0,428.0,-295.0,train
8856,1_square,0,0,848.0,323.0,457.0,474.0,-391.0,151.0,train
8857,1_square,0,0,798.0,358.0,772.0,120.0,-26.0,-238.0,train
8858,1_square,0,0,847.0,211.0,829.0,367.0,-18.0,156.0,train
8859,1_square,0,0,441.0,630.0,836.0,889.0,395.0,259.0,val
8860,1_square,0,0,429.0,653.0,162.0,127.0,-267.0,-526.0,train
8861,1_square,0,0,867.0,897.0,877.0,381.0,10.0,-516.0,train
8862,1_square,0,0,842.0,222.0,162.0,888.0,-680.0,666.0,train
8863,1_square,0,0,160.0,735.0,626.0,887.0,466.0,152.0,train
8864,1_square,0,0,739.0,409.0,364.0,231.0,-375.0,-178.0,train
8865,1_square,0,0,633.0,847.0,605.0,330.0,-28.0,-517.0,train
8866,1_square,0,0,360.0,854.0,359.0,729.0,-1.0,-125.0,test
8867,1_square,0,0,603.0,100.0,112.0,327.0,-491.0,227.0,train
8868,1_square,0,0,728.0,813.0,616.0,405.0,-112.0,-408.0,test
8869,1_square,0,0,851.0,388.0,356.0,743.0,-495.0,355.0,train
8870,1_square,0,0,394.0,453.0,439.0,633.0,45.0,180.0,train
8871,1_square,0,0,225.0,533.0,712.0,786.0,487.0,253.0,test
8872,1_square,0,0,684.0,831.0,422.0,263.0,-262.0,-568.0,val
8873,1_square,0,0,254.0,411.0,260.0,697.0,6.0,286.0,train
8874,1_square,0,0,660.0,742.0,486.0,476.0,-174.0,-266.0,train
8875,1_square,0,0,322.0,172.0,265.0,516.0,-57.0,344.0,train
8876,1_square,0,0,706.0,826.0,526.0,881.0,-180.0,55.0,train
8877,1_square,0,0,134.0,113.0,596.0,731.0,462.0,618.0,train
8878,1_square,0,0,797.0,765.0,175.0,356.0,-622.0,-409.0,train
8879,1_square,0,0,546.0,311.0,591.0,562.0,45.0,251.0,test
8880,1_square,0,0,860.0,752.0,120.0,347.0,-740.0,-405.0,train
8881,1_square,0,0,409.0,725.0,120.0,836.0,-289.0,111.0,train
8882,1_square,0,0,320.0,842.0,106.0,708.0,-214.0,-134.0,train
8883,1_square,0,0,245.0,270.0,775.0,132.0,530.0,-138.0,train
8884,1_square,0,0,395.0,608.0,527.0,496.0,132.0,-112.0,train
8885,1_square,0,0,446.0,720.0,865.0,114.0,419.0,-606.0,val
8886,1_square,0,0,270.0,852.0,350.0,558.0,80.0,-294.0,train
8887,1_square,0,0,741.0,480.0,714.0,134.0,-27.0,-346.0,train
8888,1_square,0,0,766.0,868.0,451.0,134.0,-315.0,-734.0,train
8889,1_square,0,0,892.0,553.0,180.0,160.0,-712.0,-393.0,train
8890,1_square,0,0,205.0,139.0,423.0,322.0,218.0,183.0,train
8891,1_square,0,0,536.0,182.0,361.0,652.0,-175.0,470.0,train
8892,1_square,0,0,154.0,108.0,359.0,218.0,205.0,110.0,train
8893,1_square,0,0,101.0,609.0,207.0,458.0,106.0,-151.0,train
8894,1_square,0,0,185.0,727.0,744.0,123.0,559.0,-604.0,train
8895,1_square,0,0,893.0,222.0,871.0,858.0,-22.0,636.0,train
8896,1_square,0,0,833.0,715.0,781.0,523.0,-52.0,-192.0,train
8897,1_square,0,0,591.0,505.0,734.0,685.0,143.0,180.0,test
8898,1_square,0,0,371.0,670.0,152.0,520.0,-219.0,-150.0,train
8899,1_square,0,0,404.0,336.0,622.0,361.0,218.0,25.0,train
8900,1_square,0,0,416.0,305.0,389.0,235.0,-27.0,-70.0,train
8901,1_square,0,0,644.0,571.0,533.0,572.0,-111.0,1.0,train
8902,1_square,0,0,333.0,172.0,364.0,513.0,31.0,341.0,train
8903,1_square,0,0,237.0,474.0,722.0,279.0,485.0,-195.0,train
8904,1_square,0,0,233.0,731.0,526.0,194.0,293.0,-537.0,train
8905,1_square,0,0,597.0,893.0,157.0,379.0,-440.0,-514.0,train
8906,1_square,0,0,284.0,436.0,892.0,684.0,608.0,248.0,train
8907,1_square,0,0,195.0,842.0,876.0,660.0,681.0,-182.0,train
8908,1_square,0,0,805.0,409.0,759.0,490.0,-46.0,81.0,train
8909,1_square,0,0,448.0,213.0,652.0,825.0,204.0,612.0,val
8910,1_square,0,0,396.0,733.0,625.0,528.0,229.0,-205.0,val
8911,1_square,0,0,514.0,620.0,347.0,356.0,-167.0,-264.0,test
8912,1_square,0,0,372.0,165.0,105.0,615.0,-267.0,450.0,train
8913,1_square,0,0,166.0,586.0,329.0,321.0,163.0,-265.0,train
8914,1_square,0,0,315.0,597.0,876.0,840.0,561.0,243.0,train
8915,1_square,0,0,233.0,227.0,336.0,263.0,103.0,36.0,val
8916,1_square,0,0,583.0,390.0,400.0,659.0,-183.0,269.0,train
8917,1_square,0,0,616.0,790.0,625.0,628.0,9.0,-162.0,test
8918,1_square,0,0,141.0,432.0,565.0,896.0,424.0,464.0,train
8919,1_square,0,0,495.0,583.0,475.0,556.0,-20.0,-27.0,train
8920,1_square,0,0,705.0,256.0,520.0,377.0,-185.0,121.0,train
8921,1_square,0,0,316.0,277.0,324.0,541.0,8.0,264.0,train
8922,1_square,0,0,554.0,225.0,206.0,314.0,-348.0,89.0,train
8923,1_square,0,0,315.0,151.0,376.0,884.0,61.0,733.0,train
8924,1_square,0,0,740.0,401.0,891.0,657.0,151.0,256.0,train
8925,1_square,0,0,884.0,753.0,154.0,234.0,-730.0,-519.0,train
8926,1_square,0,0,561.0,269.0,455.0,353.0,-106.0,84.0,train
8927,1_square,0,0,815.0,103.0,358.0,883.0,-457.0,780.0,train
8928,1_square,0,0,418.0,627.0,198.0,312.0,-220.0,-315.0,train
8929,1_square,0,0,133.0,603.0,830.0,151.0,697.0,-452.0,train
8930,1_square,0,0,580.0,632.0,210.0,581.0,-370.0,-51.0,test
8931,1_square,0,0,642.0,801.0,777.0,587.0,135.0,-214.0,train
8932,1_square,0,0,673.0,564.0,568.0,412.0,-105.0,-152.0,train
8933,1_square,0,0,108.0,419.0,394.0,519.0,286.0,100.0,train
8934,1_square,0,0,496.0,428.0,546.0,746.0,50.0,318.0,train
8935,1_square,0,0,343.0,385.0,686.0,777.0,343.0,392.0,train
8936,1_square,0,0,453.0,506.0,713.0,329.0,260.0,-177.0,train
8937,1_square,0,0,656.0,705.0,329.0,740.0,-327.0,35.0,train
8938,1_square,0,0,519.0,497.0,633.0,225.0,114.0,-272.0,train
8939,1_square,0,0,484.0,482.0,467.0,457.0,-17.0,-25.0,train
8940,1_square,0,0,229.0,732.0,622.0,771.0,393.0,39.0,train
8941,1_square,0,0,267.0,226.0,143.0,893.0,-124.0,667.0,train
8942,1_square,0,0,543.0,564.0,417.0,198.0,-126.0,-366.0,train
8943,1_square,0,0,641.0,376.0,631.0,693.0,-10.0,317.0,test
8944,1_square,0,0,579.0,363.0,730.0,521.0,151.0,158.0,train
8945,1_square,0,0,778.0,837.0,661.0,799.0,-117.0,-38.0,train
8946,1_square,0,0,337.0,436.0,308.0,149.0,-29.0,-287.0,train
8947,1_square,0,0,603.0,212.0,703.0,269.0,100.0,57.0,train
8948,1_square,0,0,283.0,664.0,677.0,426.0,394.0,-238.0,train
8949,1_square,0,0,816.0,604.0,112.0,701.0,-704.0,97.0,train
8950,1_square,0,0,166.0,333.0,613.0,386.0,447.0,53.0,train
8951,1_square,0,0,730.0,447.0,232.0,526.0,-498.0,79.0,train
8952,1_square,0,0,160.0,851.0,720.0,333.0,560.0,-518.0,train
8953,1_square,0,0,397.0,566.0,853.0,171.0,456.0,-395.0,train
8954,1_square,0,0,335.0,718.0,194.0,139.0,-141.0,-579.0,train
8955,1_square,0,0,888.0,385.0,254.0,841.0,-634.0,456.0,train
8956,1_square,0,0,874.0,657.0,552.0,544.0,-322.0,-113.0,train
8957,1_square,0,0,523.0,552.0,714.0,146.0,191.0,-406.0,train
8958,1_square,0,0,873.0,417.0,247.0,132.0,-626.0,-285.0,train
8959,1_square,0,0,576.0,382.0,648.0,860.0,72.0,478.0,train
8960,1_square,0,0,518.0,302.0,800.0,270.0,282.0,-32.0,train
8961,1_square,0,0,719.0,605.0,630.0,880.0,-89.0,275.0,train
8962,1_square,0,0,497.0,508.0,151.0,500.0,-346.0,-8.0,val
8963,1_square,0,0,708.0,852.0,880.0,279.0,172.0,-573.0,test
8964,1_square,0,0,517.0,599.0,444.0,243.0,-73.0,-356.0,train
8965,1_square,0,0,160.0,194.0,117.0,128.0,-43.0,-66.0,train
8966,1_square,0,0,618.0,263.0,160.0,366.0,-458.0,103.0,train
8967,1_square,0,0,844.0,291.0,882.0,782.0,38.0,491.0,train
8968,1_square,0,0,828.0,500.0,625.0,721.0,-203.0,221.0,train
8969,1_square,0,0,586.0,432.0,631.0,302.0,45.0,-130.0,test
8970,1_square,0,0,259.0,619.0,186.0,628.0,-73.0,9.0,train
8971,1_square,0,0,699.0,307.0,261.0,230.0,-438.0,-77.0,train
8972,1_square,0,0,111.0,103.0,190.0,796.0,79.0,693.0,val
8973,1_square,0,0,761.0,445.0,174.0,107.0,-587.0,-338.0,train
8974,1_square,0,0,121.0,294.0,759.0,662.0,638.0,368.0,train
8975,1_square,0,0,340.0,321.0,440.0,364.0,100.0,43.0,train
8976,1_square,0,0,220.0,812.0,580.0,532.0,360.0,-280.0,train
8977,1_square,0,0,298.0,435.0,367.0,366.0,69.0,-69.0,train
8978,1_square,0,0,649.0,170.0,569.0,163.0,-80.0,-7.0,train
8979,1_square,0,0,467.0,124.0,199.0,183.0,-268.0,59.0,train
8980,1_square,0,0,859.0,125.0,578.0,735.0,-281.0,610.0,train
8981,1_square,0,0,654.0,493.0,224.0,712.0,-430.0,219.0,train
8982,1_square,0,0,123.0,195.0,644.0,876.0,521.0,681.0,train
8983,1_square,0,0,632.0,810.0,394.0,764.0,-238.0,-46.0,train
8984,1_square,0,0,578.0,288.0,228.0,103.0,-350.0,-185.0,test
8985,1_square,0,0,313.0,281.0,565.0,136.0,252.0,-145.0,train
8986,1_square,0,0,248.0,139.0,455.0,370.0,207.0,231.0,val
8987,1_square,0,0,693.0,752.0,237.0,115.0,-456.0,-637.0,train
8988,1_square,0,0,629.0,166.0,363.0,886.0,-266.0,720.0,val
8989,1_square,0,0,493.0,767.0,104.0,565.0,-389.0,-202.0,train
8990,1_square,0,0,825.0,363.0,823.0,646.0,-2.0,283.0,train
8991,1_square,0,0,834.0,633.0,767.0,792.0,-67.0,159.0,train
8992,1_square,0,0,474.0,712.0,552.0,459.0,78.0,-253.0,train
8993,1_square,0,0,325.0,544.0,284.0,421.0,-41.0,-123.0,train
8994,1_square,0,0,849.0,856.0,892.0,758.0,43.0,-98.0,train
8995,1_square,0,0,373.0,459.0,693.0,330.0,320.0,-129.0,test
8996,1_square,0,0,404.0,805.0,720.0,194.0,316.0,-611.0,train
8997,1_square,0,0,712.0,466.0,629.0,495.0,-83.0,29.0,train
8998,1_square,0,0,765.0,246.0,798.0,507.0,33.0,261.0,train
8999,1_square,0,0,137.0,676.0,160.0,618.0,23.0,-58.0,train
9000,12_square,0,0,618.0,589.0,790.0,686.0,172.0,97.0,test
9001,12_square,0,0,593.0,108.0,440.0,233.0,-153.0,125.0,train
9002,12_square,0,0,582.0,212.0,463.0,438.0,-119.0,226.0,train
9003,12_square,0,0,778.0,857.0,716.0,443.0,-62.0,-414.0,train
9004,12_square,0,0,228.0,324.0,186.0,380.0,-42.0,56.0,train
9005,12_square,0,0,603.0,741.0,194.0,153.0,-409.0,-588.0,train
9006,12_square,0,0,647.0,846.0,574.0,694.0,-73.0,-152.0,train
9007,12_square,0,0,221.0,413.0,613.0,269.0,392.0,-144.0,train
9008,12_square,0,0,233.0,246.0,150.0,205.0,-83.0,-41.0,val
9009,12_square,0,0,508.0,300.0,643.0,113.0,135.0,-187.0,val
9010,12_square,0,0,246.0,229.0,704.0,332.0,458.0,103.0,train
9011,12_square,0,0,820.0,530.0,268.0,114.0,-552.0,-416.0,train
9012,12_square,0,0,469.0,500.0,318.0,111.0,-151.0,-389.0,train
9013,12_square,0,0,172.0,172.0,759.0,470.0,587.0,298.0,train
9014,12_square,0,0,897.0,194.0,274.0,494.0,-623.0,300.0,train
9015,12_square,0,0,432.0,528.0,256.0,791.0,-176.0,263.0,train
9016,12_square,0,0,792.0,379.0,809.0,424.0,17.0,45.0,train
9017,12_square,0,0,549.0,592.0,841.0,351.0,292.0,-241.0,train
9018,12_square,0,0,518.0,126.0,544.0,878.0,26.0,752.0,test
9019,12_square,0,0,469.0,188.0,511.0,798.0,42.0,610.0,train
9020,12_square,0,0,297.0,549.0,188.0,292.0,-109.0,-257.0,train
9021,12_square,0,0,671.0,892.0,547.0,452.0,-124.0,-440.0,train
9022,12_square,0,0,379.0,800.0,531.0,193.0,152.0,-607.0,train
9023,12_square,0,0,885.0,503.0,489.0,184.0,-396.0,-319.0,train
9024,12_square,0,0,638.0,696.0,409.0,879.0,-229.0,183.0,train
9025,12_square,0,0,143.0,717.0,494.0,691.0,351.0,-26.0,train
9026,12_square,0,0,663.0,890.0,363.0,128.0,-300.0,-762.0,train
9027,12_square,0,0,326.0,398.0,447.0,817.0,121.0,419.0,train
9028,12_square,0,0,138.0,760.0,134.0,683.0,-4.0,-77.0,train
9029,12_square,0,0,701.0,553.0,363.0,153.0,-338.0,-400.0,train
9030,12_square,0,0,150.0,251.0,513.0,818.0,363.0,567.0,train
9031,12_square,0,0,520.0,483.0,535.0,449.0,15.0,-34.0,train
9032,12_square,0,0,825.0,405.0,295.0,884.0,-530.0,479.0,val
9033,12_square,0,0,731.0,699.0,101.0,206.0,-630.0,-493.0,train
9034,12_square,0,0,469.0,430.0,358.0,305.0,-111.0,-125.0,train
9035,12_square,0,0,276.0,117.0,489.0,422.0,213.0,305.0,train
9036,12_square,0,0,728.0,764.0,431.0,577.0,-297.0,-187.0,train
9037,12_square,0,0,784.0,862.0,272.0,688.0,-512.0,-174.0,train
9038,12_square,0,0,419.0,263.0,678.0,672.0,259.0,409.0,train
9039,12_square,0,0,784.0,175.0,102.0,308.0,-682.0,133.0,train
9040,12_square,0,0,682.0,437.0,141.0,355.0,-541.0,-82.0,train
9041,12_square,0,0,774.0,506.0,353.0,749.0,-421.0,243.0,train
9042,12_square,0,0,279.0,867.0,117.0,116.0,-162.0,-751.0,train
9043,12_square,0,0,815.0,805.0,666.0,709.0,-149.0,-96.0,train
9044,12_square,0,0,171.0,726.0,861.0,822.0,690.0,96.0,train
9045,12_square,0,0,533.0,670.0,755.0,861.0,222.0,191.0,train
9046,12_square,0,0,305.0,767.0,428.0,297.0,123.0,-470.0,train
9047,12_square,0,0,598.0,124.0,881.0,503.0,283.0,379.0,train
9048,12_square,0,0,724.0,222.0,462.0,703.0,-262.0,481.0,val
9049,12_square,0,0,605.0,866.0,751.0,817.0,146.0,-49.0,test
9050,12_square,0,0,857.0,535.0,556.0,544.0,-301.0,9.0,train
9051,12_square,0,0,340.0,454.0,595.0,391.0,255.0,-63.0,train
9052,12_square,0,0,553.0,291.0,458.0,453.0,-95.0,162.0,train
9053,12_square,0,0,267.0,349.0,375.0,360.0,108.0,11.0,train
9054,12_square,0,0,375.0,687.0,600.0,798.0,225.0,111.0,test
9055,12_square,0,0,154.0,784.0,825.0,392.0,671.0,-392.0,train
9056,12_square,0,0,323.0,552.0,355.0,678.0,32.0,126.0,train
9057,12_square,0,0,198.0,508.0,506.0,372.0,308.0,-136.0,train
9058,12_square,0,0,790.0,318.0,270.0,268.0,-520.0,-50.0,train
9059,12_square,0,0,374.0,555.0,843.0,638.0,469.0,83.0,train
9060,12_square,0,0,444.0,735.0,597.0,640.0,153.0,-95.0,train
9061,12_square,0,0,409.0,387.0,676.0,173.0,267.0,-214.0,train
9062,12_square,0,0,274.0,403.0,118.0,570.0,-156.0,167.0,train
9063,12_square,0,0,362.0,328.0,117.0,641.0,-245.0,313.0,train
9064,12_square,0,0,196.0,498.0,113.0,864.0,-83.0,366.0,train
9065,12_square,0,0,239.0,269.0,547.0,258.0,308.0,-11.0,train
9066,12_square,0,0,641.0,801.0,742.0,369.0,101.0,-432.0,train
9067,12_square,0,0,630.0,606.0,525.0,800.0,-105.0,194.0,train
9068,12_square,0,0,220.0,774.0,368.0,820.0,148.0,46.0,train
9069,12_square,0,0,819.0,759.0,540.0,857.0,-279.0,98.0,train
9070,12_square,0,0,147.0,722.0,875.0,257.0,728.0,-465.0,train
9071,12_square,0,0,667.0,271.0,448.0,263.0,-219.0,-8.0,test
9072,12_square,0,0,581.0,109.0,278.0,367.0,-303.0,258.0,train
9073,12_square,0,0,792.0,134.0,468.0,312.0,-324.0,178.0,train
9074,12_square,0,0,381.0,143.0,460.0,438.0,79.0,295.0,val
9075,12_square,0,0,541.0,194.0,646.0,862.0,105.0,668.0,train
9076,12_square,0,0,161.0,131.0,377.0,619.0,216.0,488.0,test
9077,12_square,0,0,644.0,324.0,801.0,659.0,157.0,335.0,train
9078,12_square,0,0,831.0,762.0,320.0,293.0,-511.0,-469.0,train
9079,12_square,0,0,351.0,606.0,457.0,395.0,106.0,-211.0,train
9080,12_square,0,0,204.0,607.0,771.0,636.0,567.0,29.0,train
9081,12_square,0,0,541.0,137.0,481.0,627.0,-60.0,490.0,train
9082,12_square,0,0,479.0,829.0,286.0,461.0,-193.0,-368.0,val
9083,12_square,0,0,872.0,657.0,552.0,701.0,-320.0,44.0,train
9084,12_square,0,0,185.0,173.0,495.0,746.0,310.0,573.0,train
9085,12_square,0,0,457.0,574.0,810.0,775.0,353.0,201.0,train
9086,12_square,0,0,223.0,799.0,841.0,807.0,618.0,8.0,test
9087,12_square,0,0,861.0,700.0,551.0,848.0,-310.0,148.0,train
9088,12_square,0,0,365.0,389.0,275.0,342.0,-90.0,-47.0,train
9089,12_square,0,0,886.0,264.0,839.0,674.0,-47.0,410.0,train
9090,12_square,0,0,497.0,356.0,790.0,201.0,293.0,-155.0,train
9091,12_square,0,0,768.0,318.0,759.0,700.0,-9.0,382.0,train
9092,12_square,0,0,698.0,831.0,460.0,120.0,-238.0,-711.0,test
9093,12_square,0,0,304.0,576.0,196.0,525.0,-108.0,-51.0,train
9094,12_square,0,0,222.0,547.0,373.0,851.0,151.0,304.0,train
9095,12_square,0,0,625.0,630.0,606.0,671.0,-19.0,41.0,train
9096,12_square,0,0,740.0,306.0,256.0,843.0,-484.0,537.0,train
9097,12_square,0,0,523.0,550.0,404.0,233.0,-119.0,-317.0,val
9098,12_square,0,0,893.0,611.0,608.0,320.0,-285.0,-291.0,train
9099,12_square,0,0,461.0,418.0,767.0,840.0,306.0,422.0,train
9100,12_square,0,0,246.0,885.0,227.0,404.0,-19.0,-481.0,train
9101,12_square,0,0,690.0,473.0,639.0,415.0,-51.0,-58.0,val
9102,12_square,0,0,735.0,504.0,252.0,625.0,-483.0,121.0,train
9103,12_square,0,0,712.0,736.0,104.0,733.0,-608.0,-3.0,train
9104,12_square,0,0,184.0,369.0,114.0,205.0,-70.0,-164.0,train
9105,12_square,0,0,288.0,728.0,607.0,813.0,319.0,85.0,train
9106,12_square,0,0,610.0,886.0,803.0,567.0,193.0,-319.0,train
9107,12_square,0,0,493.0,319.0,600.0,436.0,107.0,117.0,val
9108,12_square,0,0,627.0,645.0,834.0,509.0,207.0,-136.0,train
9109,12_square,0,0,202.0,262.0,326.0,805.0,124.0,543.0,train
9110,12_square,0,0,879.0,115.0,197.0,186.0,-682.0,71.0,train
9111,12_square,0,0,180.0,170.0,384.0,281.0,204.0,111.0,test
9112,12_square,0,0,299.0,636.0,761.0,335.0,462.0,-301.0,train
9113,12_square,0,0,241.0,113.0,433.0,700.0,192.0,587.0,train
9114,12_square,0,0,251.0,207.0,882.0,793.0,631.0,586.0,train
9115,12_square,0,0,481.0,823.0,773.0,112.0,292.0,-711.0,train
9116,12_square,0,0,597.0,285.0,339.0,856.0,-258.0,571.0,train
9117,12_square,0,0,402.0,642.0,404.0,373.0,2.0,-269.0,val
9118,12_square,0,0,729.0,678.0,397.0,150.0,-332.0,-528.0,train
9119,12_square,0,0,238.0,625.0,183.0,288.0,-55.0,-337.0,train
9120,12_square,0,0,897.0,149.0,783.0,388.0,-114.0,239.0,train
9121,12_square,0,0,488.0,268.0,156.0,868.0,-332.0,600.0,train
9122,12_square,0,0,604.0,391.0,205.0,819.0,-399.0,428.0,train
9123,12_square,0,0,257.0,450.0,591.0,708.0,334.0,258.0,val
9124,12_square,0,0,236.0,459.0,798.0,442.0,562.0,-17.0,train
9125,12_square,0,0,292.0,207.0,469.0,322.0,177.0,115.0,train
9126,12_square,0,0,889.0,836.0,335.0,746.0,-554.0,-90.0,train
9127,12_square,0,0,709.0,816.0,885.0,615.0,176.0,-201.0,train
9128,12_square,0,0,298.0,796.0,819.0,234.0,521.0,-562.0,test
9129,12_square,0,0,391.0,105.0,802.0,827.0,411.0,722.0,test
9130,12_square,0,0,850.0,430.0,592.0,147.0,-258.0,-283.0,train
9131,12_square,0,0,560.0,465.0,127.0,170.0,-433.0,-295.0,train
9132,12_square,0,0,502.0,658.0,221.0,812.0,-281.0,154.0,train
9133,12_square,0,0,392.0,151.0,897.0,479.0,505.0,328.0,test
9134,12_square,0,0,144.0,703.0,477.0,472.0,333.0,-231.0,val
9135,12_square,0,0,452.0,174.0,815.0,377.0,363.0,203.0,train
9136,12_square,0,0,372.0,688.0,337.0,747.0,-35.0,59.0,train
9137,12_square,0,0,522.0,798.0,621.0,554.0,99.0,-244.0,test
9138,12_square,0,0,615.0,709.0,751.0,717.0,136.0,8.0,train
9139,12_square,0,0,100.0,779.0,671.0,411.0,571.0,-368.0,train
9140,12_square,0,0,448.0,763.0,731.0,411.0,283.0,-352.0,train
9141,12_square,0,0,383.0,675.0,604.0,854.0,221.0,179.0,train
9142,12_square,0,0,702.0,469.0,256.0,295.0,-446.0,-174.0,train
9143,12_square,0,0,272.0,613.0,179.0,395.0,-93.0,-218.0,val
9144,12_square,0,0,341.0,264.0,724.0,199.0,383.0,-65.0,train
9145,12_square,0,0,818.0,747.0,806.0,248.0,-12.0,-499.0,train
9146,12_square,0,0,800.0,180.0,616.0,324.0,-184.0,144.0,train
9147,12_square,0,0,279.0,242.0,242.0,434.0,-37.0,192.0,train
9148,12_square,0,0,384.0,418.0,359.0,594.0,-25.0,176.0,train
9149,12_square,0,0,108.0,880.0,646.0,541.0,538.0,-339.0,train
9150,12_square,0,0,680.0,160.0,759.0,540.0,79.0,380.0,train
9151,12_square,0,0,284.0,626.0,769.0,651.0,485.0,25.0,val
9152,12_square,0,0,116.0,336.0,532.0,584.0,416.0,248.0,train
9153,12_square,0,0,477.0,698.0,423.0,707.0,-54.0,9.0,val
9154,12_square,0,0,216.0,893.0,130.0,163.0,-86.0,-730.0,train
9155,12_square,0,0,685.0,473.0,807.0,577.0,122.0,104.0,train
9156,12_square,0,0,725.0,869.0,487.0,375.0,-238.0,-494.0,train
9157,12_square,0,0,754.0,548.0,629.0,573.0,-125.0,25.0,train
9158,12_square,0,0,395.0,762.0,628.0,192.0,233.0,-570.0,train
9159,12_square,0,0,638.0,106.0,871.0,620.0,233.0,514.0,train
9160,12_square,0,0,106.0,841.0,426.0,898.0,320.0,57.0,train
9161,12_square,0,0,307.0,834.0,516.0,781.0,209.0,-53.0,train
9162,12_square,0,0,238.0,102.0,637.0,844.0,399.0,742.0,train
9163,12_square,0,0,830.0,432.0,143.0,502.0,-687.0,70.0,train
9164,12_square,0,0,176.0,138.0,566.0,285.0,390.0,147.0,train
9165,12_square,0,0,169.0,302.0,694.0,670.0,525.0,368.0,train
9166,12_square,0,0,630.0,461.0,809.0,435.0,179.0,-26.0,train
9167,12_square,0,0,531.0,734.0,410.0,634.0,-121.0,-100.0,train
9168,12_square,0,0,474.0,644.0,119.0,895.0,-355.0,251.0,train
9169,12_square,0,0,359.0,895.0,621.0,596.0,262.0,-299.0,val
9170,12_square,0,0,556.0,392.0,825.0,485.0,269.0,93.0,train
9171,12_square,0,0,159.0,831.0,305.0,664.0,146.0,-167.0,train
9172,12_square,0,0,154.0,207.0,729.0,765.0,575.0,558.0,train
9173,12_square,0,0,653.0,352.0,831.0,641.0,178.0,289.0,train
9174,12_square,0,0,274.0,859.0,321.0,799.0,47.0,-60.0,train
9175,12_square,0,0,415.0,721.0,543.0,548.0,128.0,-173.0,train
9176,12_square,0,0,809.0,869.0,860.0,455.0,51.0,-414.0,train
9177,12_square,0,0,416.0,661.0,532.0,485.0,116.0,-176.0,train
9178,12_square,0,0,802.0,502.0,261.0,595.0,-541.0,93.0,train
9179,12_square,0,0,325.0,173.0,317.0,608.0,-8.0,435.0,test
9180,12_square,0,0,249.0,803.0,544.0,205.0,295.0,-598.0,train
9181,12_square,0,0,581.0,352.0,728.0,291.0,147.0,-61.0,train
9182,12_square,0,0,857.0,806.0,667.0,166.0,-190.0,-640.0,test
9183,12_square,0,0,608.0,348.0,856.0,547.0,248.0,199.0,train
9184,12_square,0,0,135.0,154.0,486.0,806.0,351.0,652.0,train
9185,12_square,0,0,195.0,128.0,317.0,279.0,122.0,151.0,train
9186,12_square,0,0,305.0,529.0,375.0,673.0,70.0,144.0,train
9187,12_square,0,0,223.0,313.0,878.0,215.0,655.0,-98.0,train
9188,12_square,0,0,718.0,606.0,856.0,667.0,138.0,61.0,val
9189,12_square,0,0,849.0,639.0,735.0,285.0,-114.0,-354.0,train
9190,12_square,0,0,232.0,215.0,561.0,205.0,329.0,-10.0,train
9191,12_square,0,0,229.0,486.0,506.0,797.0,277.0,311.0,train
9192,12_square,0,0,150.0,728.0,501.0,539.0,351.0,-189.0,val
9193,12_square,0,0,280.0,213.0,293.0,377.0,13.0,164.0,train
9194,12_square,0,0,263.0,717.0,532.0,641.0,269.0,-76.0,train
9195,12_square,0,0,127.0,376.0,831.0,490.0,704.0,114.0,train
9196,12_square,0,0,784.0,813.0,185.0,382.0,-599.0,-431.0,train
9197,12_square,0,0,501.0,648.0,611.0,413.0,110.0,-235.0,train
9198,12_square,0,0,309.0,482.0,678.0,793.0,369.0,311.0,train
9199,12_square,0,0,827.0,758.0,754.0,678.0,-73.0,-80.0,train
9200,12_square,0,0,862.0,191.0,313.0,326.0,-549.0,135.0,train
9201,12_square,0,0,198.0,867.0,730.0,265.0,532.0,-602.0,train
9202,12_square,0,0,896.0,897.0,360.0,876.0,-536.0,-21.0,test
9203,12_square,0,0,665.0,859.0,228.0,427.0,-437.0,-432.0,train
9204,12_square,0,0,829.0,810.0,329.0,702.0,-500.0,-108.0,train
9205,12_square,0,0,321.0,233.0,854.0,507.0,533.0,274.0,train
9206,12_square,0,0,197.0,617.0,849.0,605.0,652.0,-12.0,train
9207,12_square,0,0,152.0,192.0,828.0,878.0,676.0,686.0,train
9208,12_square,0,0,870.0,166.0,770.0,701.0,-100.0,535.0,train
9209,12_square,0,0,560.0,293.0,607.0,154.0,47.0,-139.0,train
9210,12_square,0,0,294.0,277.0,850.0,228.0,556.0,-49.0,train
9211,12_square,0,0,744.0,895.0,426.0,873.0,-318.0,-22.0,train
9212,12_square,0,0,644.0,309.0,630.0,273.0,-14.0,-36.0,train
9213,12_square,0,0,447.0,816.0,224.0,168.0,-223.0,-648.0,train
9214,12_square,0,0,247.0,258.0,724.0,453.0,477.0,195.0,train
9215,12_square,0,0,153.0,531.0,789.0,144.0,636.0,-387.0,train
9216,12_square,0,0,155.0,851.0,742.0,490.0,587.0,-361.0,train
9217,12_square,0,0,569.0,168.0,151.0,604.0,-418.0,436.0,train
9218,12_square,0,0,613.0,177.0,300.0,555.0,-313.0,378.0,train
9219,12_square,0,0,424.0,711.0,677.0,104.0,253.0,-607.0,train
9220,12_square,0,0,134.0,372.0,475.0,141.0,341.0,-231.0,train
9221,12_square,0,0,641.0,379.0,577.0,462.0,-64.0,83.0,train
9222,12_square,0,0,242.0,154.0,540.0,795.0,298.0,641.0,train
9223,12_square,0,0,754.0,593.0,108.0,431.0,-646.0,-162.0,train
9224,12_square,0,0,181.0,683.0,454.0,769.0,273.0,86.0,val
9225,12_square,0,0,596.0,866.0,155.0,106.0,-441.0,-760.0,train
9226,12_square,0,0,769.0,449.0,503.0,404.0,-266.0,-45.0,train
9227,12_square,0,0,363.0,362.0,616.0,213.0,253.0,-149.0,train
9228,12_square,0,0,702.0,413.0,445.0,427.0,-257.0,14.0,train
9229,12_square,0,0,123.0,520.0,801.0,670.0,678.0,150.0,train
9230,12_square,0,0,535.0,855.0,291.0,348.0,-244.0,-507.0,train
9231,12_square,0,0,325.0,434.0,411.0,140.0,86.0,-294.0,train
9232,12_square,0,0,617.0,160.0,806.0,551.0,189.0,391.0,train
9233,12_square,0,0,419.0,387.0,481.0,896.0,62.0,509.0,train
9234,12_square,0,0,698.0,751.0,464.0,411.0,-234.0,-340.0,train
9235,12_square,0,0,357.0,494.0,253.0,195.0,-104.0,-299.0,train
9236,12_square,0,0,222.0,814.0,502.0,776.0,280.0,-38.0,train
9237,12_square,0,0,678.0,518.0,106.0,502.0,-572.0,-16.0,train
9238,12_square,0,0,808.0,501.0,539.0,338.0,-269.0,-163.0,train
9239,12_square,0,0,594.0,695.0,793.0,835.0,199.0,140.0,train
9240,12_square,0,0,630.0,527.0,789.0,472.0,159.0,-55.0,train
9241,12_square,0,0,188.0,224.0,684.0,329.0,496.0,105.0,train
9242,12_square,0,0,777.0,286.0,581.0,675.0,-196.0,389.0,val
9243,12_square,0,0,747.0,637.0,219.0,338.0,-528.0,-299.0,train
9244,12_square,0,0,422.0,663.0,392.0,337.0,-30.0,-326.0,train
9245,12_square,0,0,230.0,711.0,330.0,486.0,100.0,-225.0,train
9246,12_square,0,0,343.0,482.0,594.0,758.0,251.0,276.0,train
9247,12_square,0,0,677.0,888.0,672.0,716.0,-5.0,-172.0,train
9248,12_square,0,0,423.0,502.0,399.0,206.0,-24.0,-296.0,train
9249,12_square,0,0,527.0,397.0,172.0,435.0,-355.0,38.0,train
9250,12_square,0,0,573.0,261.0,521.0,569.0,-52.0,308.0,train
9251,12_square,0,0,372.0,404.0,400.0,802.0,28.0,398.0,train
9252,12_square,0,0,259.0,298.0,212.0,610.0,-47.0,312.0,test
9253,12_square,0,0,392.0,473.0,413.0,731.0,21.0,258.0,train
9254,12_square,0,0,777.0,462.0,513.0,226.0,-264.0,-236.0,train
9255,12_square,0,0,414.0,875.0,774.0,216.0,360.0,-659.0,test
9256,12_square,0,0,286.0,855.0,575.0,546.0,289.0,-309.0,val
9257,12_square,0,0,376.0,404.0,492.0,620.0,116.0,216.0,train
9258,12_square,0,0,578.0,612.0,749.0,336.0,171.0,-276.0,train
9259,12_square,0,0,366.0,871.0,216.0,614.0,-150.0,-257.0,train
9260,12_square,0,0,366.0,122.0,410.0,799.0,44.0,677.0,train
9261,12_square,0,0,821.0,833.0,594.0,736.0,-227.0,-97.0,train
9262,12_square,0,0,885.0,293.0,485.0,570.0,-400.0,277.0,train
9263,12_square,0,0,385.0,644.0,677.0,377.0,292.0,-267.0,train
9264,12_square,0,0,409.0,658.0,601.0,360.0,192.0,-298.0,train
9265,12_square,0,0,771.0,898.0,840.0,736.0,69.0,-162.0,train
9266,12_square,0,0,254.0,651.0,561.0,171.0,307.0,-480.0,val
9267,12_square,0,0,427.0,539.0,549.0,207.0,122.0,-332.0,train
9268,12_square,0,0,388.0,410.0,601.0,497.0,213.0,87.0,train
9269,12_square,0,0,665.0,387.0,434.0,511.0,-231.0,124.0,train
9270,12_square,0,0,501.0,881.0,174.0,304.0,-327.0,-577.0,val
9271,12_square,0,0,310.0,577.0,206.0,701.0,-104.0,124.0,train
9272,12_square,0,0,547.0,627.0,383.0,528.0,-164.0,-99.0,train
9273,12_square,0,0,813.0,365.0,554.0,554.0,-259.0,189.0,train
9274,12_square,0,0,816.0,393.0,316.0,648.0,-500.0,255.0,train
9275,12_square,0,0,887.0,160.0,238.0,501.0,-649.0,341.0,val
9276,12_square,0,0,882.0,765.0,128.0,816.0,-754.0,51.0,train
9277,12_square,0,0,301.0,721.0,500.0,277.0,199.0,-444.0,train
9278,12_square,0,0,322.0,381.0,763.0,707.0,441.0,326.0,test
9279,12_square,0,0,374.0,459.0,498.0,601.0,124.0,142.0,train
9280,12_square,0,0,200.0,134.0,449.0,580.0,249.0,446.0,train
9281,12_square,0,0,187.0,507.0,866.0,173.0,679.0,-334.0,test
9282,12_square,0,0,179.0,731.0,343.0,668.0,164.0,-63.0,train
9283,12_square,0,0,297.0,878.0,814.0,448.0,517.0,-430.0,test
9284,12_square,0,0,284.0,412.0,720.0,163.0,436.0,-249.0,train
9285,12_square,0,0,325.0,523.0,598.0,192.0,273.0,-331.0,train
9286,12_square,0,0,767.0,389.0,668.0,868.0,-99.0,479.0,train
9287,12_square,0,0,376.0,543.0,525.0,210.0,149.0,-333.0,train
9288,12_square,0,0,528.0,755.0,754.0,624.0,226.0,-131.0,train
9289,12_square,0,0,218.0,317.0,136.0,693.0,-82.0,376.0,train
9290,12_square,0,0,803.0,636.0,625.0,215.0,-178.0,-421.0,train
9291,12_square,0,0,324.0,559.0,399.0,796.0,75.0,237.0,train
9292,12_square,0,0,393.0,494.0,718.0,513.0,325.0,19.0,train
9293,12_square,0,0,173.0,655.0,275.0,850.0,102.0,195.0,train
9294,12_square,0,0,738.0,175.0,892.0,597.0,154.0,422.0,train
9295,12_square,0,0,265.0,834.0,132.0,292.0,-133.0,-542.0,train
9296,12_square,0,0,792.0,419.0,565.0,671.0,-227.0,252.0,train
9297,12_square,0,0,898.0,380.0,667.0,286.0,-231.0,-94.0,val
9298,12_square,0,0,558.0,670.0,576.0,235.0,18.0,-435.0,train
9299,12_square,0,0,625.0,595.0,729.0,874.0,104.0,279.0,train
9300,12_square,0,0,546.0,811.0,111.0,883.0,-435.0,72.0,train
9301,12_square,0,0,473.0,490.0,260.0,254.0,-213.0,-236.0,train
9302,12_square,0,0,897.0,660.0,287.0,854.0,-610.0,194.0,train
9303,12_square,0,0,770.0,214.0,774.0,144.0,4.0,-70.0,train
9304,12_square,0,0,131.0,308.0,294.0,489.0,163.0,181.0,train
9305,12_square,0,0,267.0,514.0,458.0,210.0,191.0,-304.0,train
9306,12_square,0,0,195.0,232.0,797.0,672.0,602.0,440.0,train
9307,12_square,0,0,103.0,729.0,593.0,562.0,490.0,-167.0,test
9308,12_square,0,0,487.0,533.0,345.0,588.0,-142.0,55.0,train
9309,12_square,0,0,669.0,276.0,282.0,282.0,-387.0,6.0,train
9310,12_square,0,0,443.0,748.0,718.0,192.0,275.0,-556.0,train
9311,12_square,0,0,807.0,149.0,430.0,180.0,-377.0,31.0,train
9312,12_square,0,0,209.0,650.0,456.0,629.0,247.0,-21.0,test
9313,12_square,0,0,334.0,289.0,449.0,507.0,115.0,218.0,train
9314,12_square,0,0,174.0,709.0,824.0,643.0,650.0,-66.0,train
9315,12_square,0,0,545.0,755.0,120.0,419.0,-425.0,-336.0,train
9316,12_square,0,0,201.0,340.0,395.0,224.0,194.0,-116.0,train
9317,12_square,0,0,538.0,651.0,518.0,725.0,-20.0,74.0,train
9318,12_square,0,0,160.0,765.0,611.0,406.0,451.0,-359.0,train
9319,12_square,0,0,654.0,158.0,491.0,767.0,-163.0,609.0,train
9320,12_square,0,0,210.0,246.0,358.0,693.0,148.0,447.0,train
9321,12_square,0,0,127.0,177.0,780.0,257.0,653.0,80.0,test
9322,12_square,0,0,689.0,637.0,686.0,160.0,-3.0,-477.0,train
9323,12_square,0,0,719.0,195.0,448.0,857.0,-271.0,662.0,train
9324,12_square,0,0,269.0,764.0,787.0,339.0,518.0,-425.0,train
9325,12_square,0,0,640.0,291.0,349.0,189.0,-291.0,-102.0,val
9326,12_square,0,0,661.0,243.0,268.0,651.0,-393.0,408.0,train
9327,12_square,0,0,524.0,843.0,216.0,372.0,-308.0,-471.0,train
9328,12_square,0,0,833.0,274.0,487.0,290.0,-346.0,16.0,train
9329,12_square,0,0,740.0,761.0,582.0,710.0,-158.0,-51.0,train
9330,12_square,0,0,615.0,754.0,633.0,230.0,18.0,-524.0,test
9331,12_square,0,0,363.0,622.0,646.0,789.0,283.0,167.0,train
9332,12_square,0,0,432.0,267.0,718.0,244.0,286.0,-23.0,train
9333,12_square,0,0,274.0,520.0,157.0,235.0,-117.0,-285.0,val
9334,12_square,0,0,337.0,521.0,582.0,506.0,245.0,-15.0,train
9335,12_square,0,0,469.0,272.0,411.0,706.0,-58.0,434.0,train
9336,12_square,0,0,331.0,378.0,152.0,539.0,-179.0,161.0,train
9337,12_square,0,0,869.0,452.0,604.0,323.0,-265.0,-129.0,train
9338,12_square,0,0,233.0,646.0,829.0,356.0,596.0,-290.0,train
9339,12_square,0,0,849.0,700.0,811.0,465.0,-38.0,-235.0,train
9340,12_square,0,0,373.0,629.0,759.0,442.0,386.0,-187.0,train
9341,12_square,0,0,284.0,708.0,818.0,697.0,534.0,-11.0,test
9342,12_square,0,0,688.0,215.0,302.0,843.0,-386.0,628.0,train
9343,12_square,0,0,523.0,629.0,808.0,770.0,285.0,141.0,test
9344,12_square,0,0,289.0,258.0,337.0,440.0,48.0,182.0,train
9345,12_square,0,0,485.0,651.0,405.0,885.0,-80.0,234.0,train
9346,12_square,0,0,782.0,280.0,815.0,610.0,33.0,330.0,train
9347,12_square,0,0,313.0,720.0,565.0,222.0,252.0,-498.0,train
9348,12_square,0,0,748.0,419.0,686.0,527.0,-62.0,108.0,train
9349,12_square,0,0,744.0,305.0,634.0,692.0,-110.0,387.0,test
9350,12_square,0,0,569.0,120.0,121.0,317.0,-448.0,197.0,train
9351,12_square,0,0,350.0,206.0,810.0,600.0,460.0,394.0,train
9352,12_square,0,0,726.0,465.0,738.0,788.0,12.0,323.0,train
9353,12_square,0,0,730.0,109.0,131.0,746.0,-599.0,637.0,train
9354,12_square,0,0,703.0,846.0,792.0,897.0,89.0,51.0,train
9355,12_square,0,0,259.0,662.0,278.0,572.0,19.0,-90.0,train
9356,12_square,0,0,157.0,323.0,124.0,534.0,-33.0,211.0,train
9357,12_square,0,0,196.0,633.0,572.0,724.0,376.0,91.0,train
9358,12_square,0,0,581.0,766.0,343.0,415.0,-238.0,-351.0,val
9359,12_square,0,0,260.0,217.0,714.0,825.0,454.0,608.0,train
9360,12_square,0,0,169.0,353.0,676.0,507.0,507.0,154.0,train
9361,12_square,0,0,632.0,733.0,303.0,643.0,-329.0,-90.0,train
9362,12_square,0,0,178.0,458.0,163.0,387.0,-15.0,-71.0,train
9363,12_square,0,0,680.0,764.0,151.0,677.0,-529.0,-87.0,train
9364,12_square,0,0,245.0,813.0,453.0,425.0,208.0,-388.0,train
9365,12_square,0,0,427.0,429.0,297.0,299.0,-130.0,-130.0,train
9366,12_square,0,0,589.0,828.0,518.0,281.0,-71.0,-547.0,train
9367,12_square,0,0,568.0,172.0,346.0,494.0,-222.0,322.0,train
9368,12_square,0,0,199.0,767.0,415.0,354.0,216.0,-413.0,test
9369,12_square,0,0,667.0,364.0,666.0,759.0,-1.0,395.0,test
9370,12_square,0,0,572.0,176.0,612.0,291.0,40.0,115.0,train
9371,12_square,0,0,335.0,335.0,853.0,602.0,518.0,267.0,train
9372,12_square,0,0,698.0,529.0,628.0,363.0,-70.0,-166.0,train
9373,12_square,0,0,414.0,763.0,693.0,562.0,279.0,-201.0,train
9374,12_square,0,0,157.0,772.0,310.0,752.0,153.0,-20.0,test
9375,12_square,0,0,614.0,639.0,798.0,486.0,184.0,-153.0,train
9376,12_square,0,0,812.0,870.0,150.0,723.0,-662.0,-147.0,train
9377,12_square,0,0,480.0,862.0,170.0,644.0,-310.0,-218.0,train
9378,12_square,0,0,595.0,533.0,426.0,802.0,-169.0,269.0,train
9379,12_square,0,0,192.0,759.0,290.0,778.0,98.0,19.0,train
9380,12_square,0,0,109.0,471.0,167.0,202.0,58.0,-269.0,test
9381,12_square,0,0,786.0,370.0,300.0,842.0,-486.0,472.0,train
9382,12_square,0,0,778.0,523.0,893.0,406.0,115.0,-117.0,val
9383,12_square,0,0,687.0,363.0,193.0,504.0,-494.0,141.0,train
9384,12_square,0,0,608.0,448.0,236.0,681.0,-372.0,233.0,train
9385,12_square,0,0,115.0,859.0,134.0,418.0,19.0,-441.0,train
9386,12_square,0,0,835.0,294.0,835.0,400.0,0.0,106.0,train
9387,12_square,0,0,256.0,568.0,639.0,832.0,383.0,264.0,train
9388,12_square,0,0,639.0,560.0,774.0,637.0,135.0,77.0,train
9389,12_square,0,0,366.0,384.0,159.0,453.0,-207.0,69.0,train
9390,12_square,0,0,646.0,725.0,391.0,189.0,-255.0,-536.0,train
9391,12_square,0,0,498.0,445.0,730.0,423.0,232.0,-22.0,train
9392,12_square,0,0,494.0,606.0,374.0,393.0,-120.0,-213.0,test
9393,12_square,0,0,340.0,313.0,626.0,472.0,286.0,159.0,val
9394,12_square,0,0,345.0,531.0,623.0,257.0,278.0,-274.0,train
9395,12_square,0,0,248.0,105.0,343.0,624.0,95.0,519.0,train
9396,12_square,0,0,496.0,880.0,429.0,210.0,-67.0,-670.0,train
9397,12_square,0,0,331.0,540.0,392.0,564.0,61.0,24.0,train
9398,12_square,0,0,881.0,177.0,155.0,187.0,-726.0,10.0,val
9399,12_square,0,0,369.0,740.0,706.0,316.0,337.0,-424.0,test
9400,12_square,0,0,272.0,554.0,876.0,456.0,604.0,-98.0,train
9401,12_square,0,0,785.0,129.0,260.0,166.0,-525.0,37.0,train
9402,12_square,0,0,749.0,501.0,135.0,852.0,-614.0,351.0,train
9403,12_square,0,0,280.0,872.0,873.0,295.0,593.0,-577.0,train
9404,12_square,0,0,795.0,530.0,440.0,418.0,-355.0,-112.0,train
9405,12_square,0,0,242.0,817.0,307.0,881.0,65.0,64.0,train
9406,12_square,0,0,427.0,658.0,782.0,552.0,355.0,-106.0,train
9407,12_square,0,0,254.0,330.0,524.0,900.0,270.0,570.0,train
9408,12_square,0,0,828.0,296.0,128.0,206.0,-700.0,-90.0,test
9409,12_square,0,0,123.0,324.0,456.0,434.0,333.0,110.0,train
9410,12_square,0,0,635.0,756.0,892.0,540.0,257.0,-216.0,train
9411,12_square,0,0,616.0,537.0,718.0,385.0,102.0,-152.0,train
9412,12_square,0,0,848.0,593.0,653.0,815.0,-195.0,222.0,train
9413,12_square,0,0,265.0,474.0,732.0,483.0,467.0,9.0,train
9414,12_square,0,0,380.0,131.0,436.0,139.0,56.0,8.0,train
9415,12_square,0,0,208.0,201.0,310.0,150.0,102.0,-51.0,train
9416,12_square,0,0,614.0,335.0,331.0,729.0,-283.0,394.0,test
9417,12_square,0,0,840.0,439.0,873.0,747.0,33.0,308.0,test
9418,12_square,0,0,389.0,819.0,491.0,401.0,102.0,-418.0,train
9419,12_square,0,0,334.0,107.0,241.0,657.0,-93.0,550.0,train
9420,12_square,0,0,414.0,870.0,267.0,892.0,-147.0,22.0,train
9421,12_square,0,0,334.0,559.0,145.0,309.0,-189.0,-250.0,train
9422,12_square,0,0,398.0,725.0,480.0,451.0,82.0,-274.0,train
9423,12_square,0,0,160.0,380.0,862.0,321.0,702.0,-59.0,train
9424,12_square,0,0,554.0,625.0,530.0,688.0,-24.0,63.0,test
9425,12_square,0,0,847.0,379.0,824.0,175.0,-23.0,-204.0,train
9426,12_square,0,0,160.0,255.0,159.0,765.0,-1.0,510.0,train
9427,12_square,0,0,725.0,275.0,372.0,617.0,-353.0,342.0,train
9428,12_square,0,0,437.0,538.0,228.0,834.0,-209.0,296.0,train
9429,12_square,0,0,854.0,331.0,323.0,401.0,-531.0,70.0,train
9430,12_square,0,0,610.0,199.0,888.0,714.0,278.0,515.0,val
9431,12_square,0,0,634.0,549.0,625.0,889.0,-9.0,340.0,train
9432,12_square,0,0,265.0,194.0,554.0,807.0,289.0,613.0,train
9433,12_square,0,0,590.0,356.0,264.0,877.0,-326.0,521.0,val
9434,12_square,0,0,210.0,465.0,111.0,272.0,-99.0,-193.0,train
9435,12_square,0,0,837.0,266.0,823.0,644.0,-14.0,378.0,test
9436,12_square,0,0,258.0,781.0,285.0,867.0,27.0,86.0,train
9437,12_square,0,0,596.0,507.0,153.0,624.0,-443.0,117.0,test
9438,12_square,0,0,314.0,374.0,456.0,858.0,142.0,484.0,train
9439,12_square,0,0,204.0,680.0,873.0,137.0,669.0,-543.0,train
9440,12_square,0,0,669.0,586.0,402.0,342.0,-267.0,-244.0,train
9441,12_square,0,0,819.0,502.0,669.0,620.0,-150.0,118.0,train
9442,12_square,0,0,454.0,863.0,154.0,392.0,-300.0,-471.0,train
9443,12_square,0,0,585.0,288.0,184.0,185.0,-401.0,-103.0,train
9444,12_square,0,0,636.0,104.0,835.0,580.0,199.0,476.0,train
9445,12_square,0,0,189.0,549.0,899.0,426.0,710.0,-123.0,train
9446,12_square,0,0,222.0,168.0,191.0,882.0,-31.0,714.0,train
9447,12_square,0,0,554.0,456.0,516.0,628.0,-38.0,172.0,train
9448,12_square,0,0,868.0,798.0,357.0,363.0,-511.0,-435.0,val
9449,12_square,0,0,620.0,668.0,803.0,838.0,183.0,170.0,test
9450,12_square,0,0,693.0,771.0,374.0,350.0,-319.0,-421.0,train
9451,12_square,0,0,319.0,546.0,501.0,810.0,182.0,264.0,val
9452,12_square,0,0,668.0,290.0,292.0,655.0,-376.0,365.0,test
9453,12_square,0,0,418.0,132.0,394.0,378.0,-24.0,246.0,val
9454,12_square,0,0,659.0,570.0,573.0,833.0,-86.0,263.0,train
9455,12_square,0,0,632.0,744.0,190.0,340.0,-442.0,-404.0,train
9456,12_square,0,0,226.0,117.0,671.0,614.0,445.0,497.0,train
9457,12_square,0,0,700.0,383.0,465.0,196.0,-235.0,-187.0,train
9458,12_square,0,0,602.0,396.0,751.0,359.0,149.0,-37.0,train
9459,12_square,0,0,630.0,235.0,230.0,704.0,-400.0,469.0,train
9460,12_square,0,0,651.0,784.0,169.0,339.0,-482.0,-445.0,train
9461,12_square,0,0,121.0,646.0,623.0,308.0,502.0,-338.0,train
9462,12_square,0,0,717.0,385.0,255.0,450.0,-462.0,65.0,train
9463,12_square,0,0,322.0,830.0,736.0,363.0,414.0,-467.0,train
9464,12_square,0,0,698.0,735.0,605.0,565.0,-93.0,-170.0,train
9465,12_square,0,0,558.0,133.0,110.0,188.0,-448.0,55.0,train
9466,12_square,0,0,256.0,377.0,667.0,384.0,411.0,7.0,train
9467,12_square,0,0,525.0,133.0,112.0,643.0,-413.0,510.0,train
9468,12_square,0,0,306.0,331.0,317.0,545.0,11.0,214.0,train
9469,12_square,0,0,898.0,412.0,631.0,334.0,-267.0,-78.0,train
9470,12_square,0,0,580.0,493.0,278.0,840.0,-302.0,347.0,train
9471,12_square,0,0,589.0,226.0,665.0,350.0,76.0,124.0,train
9472,12_square,0,0,404.0,404.0,706.0,711.0,302.0,307.0,val
9473,12_square,0,0,870.0,798.0,848.0,507.0,-22.0,-291.0,train
9474,12_square,0,0,520.0,243.0,306.0,690.0,-214.0,447.0,train
9475,12_square,0,0,581.0,897.0,392.0,399.0,-189.0,-498.0,train
9476,12_square,0,0,700.0,169.0,702.0,872.0,2.0,703.0,train
9477,12_square,0,0,516.0,792.0,778.0,478.0,262.0,-314.0,train
9478,12_square,0,0,839.0,718.0,594.0,822.0,-245.0,104.0,train
9479,12_square,0,0,358.0,124.0,736.0,789.0,378.0,665.0,test
9480,12_square,0,0,351.0,112.0,752.0,309.0,401.0,197.0,train
9481,12_square,0,0,458.0,679.0,516.0,353.0,58.0,-326.0,train
9482,12_square,0,0,479.0,118.0,610.0,647.0,131.0,529.0,train
9483,12_square,0,0,807.0,725.0,800.0,472.0,-7.0,-253.0,train
9484,12_square,0,0,126.0,587.0,314.0,428.0,188.0,-159.0,train
9485,12_square,0,0,825.0,613.0,383.0,597.0,-442.0,-16.0,val
9486,12_square,0,0,668.0,503.0,462.0,633.0,-206.0,130.0,train
9487,12_square,0,0,747.0,799.0,645.0,660.0,-102.0,-139.0,train
9488,12_square,0,0,264.0,332.0,846.0,712.0,582.0,380.0,train
9489,12_square,0,0,683.0,731.0,870.0,768.0,187.0,37.0,train
9490,12_square,0,0,833.0,306.0,787.0,180.0,-46.0,-126.0,train
9491,12_square,0,0,614.0,789.0,227.0,861.0,-387.0,72.0,train
9492,12_square,0,0,624.0,341.0,633.0,468.0,9.0,127.0,train
9493,12_square,0,0,296.0,321.0,216.0,584.0,-80.0,263.0,train
9494,12_square,0,0,615.0,693.0,327.0,746.0,-288.0,53.0,val
9495,12_square,0,0,114.0,427.0,141.0,634.0,27.0,207.0,train
9496,12_square,0,0,847.0,596.0,766.0,471.0,-81.0,-125.0,train
9497,12_square,0,0,889.0,807.0,110.0,353.0,-779.0,-454.0,train
9498,12_square,0,0,144.0,233.0,240.0,831.0,96.0,598.0,val
9499,12_square,0,0,451.0,585.0,290.0,158.0,-161.0,-427.0,train
9500,4_square,0,0,404.0,184.0,737.0,806.0,333.0,622.0,train
9501,4_square,0,0,123.0,654.0,815.0,627.0,692.0,-27.0,train
9502,4_square,0,0,371.0,372.0,657.0,749.0,286.0,377.0,test
9503,4_square,0,0,785.0,204.0,552.0,819.0,-233.0,615.0,train
9504,4_square,0,0,176.0,319.0,773.0,366.0,597.0,47.0,train
9505,4_square,0,0,520.0,810.0,482.0,833.0,-38.0,23.0,train
9506,4_square,0,0,319.0,370.0,164.0,420.0,-155.0,50.0,test
9507,4_square,0,0,259.0,778.0,760.0,775.0,501.0,-3.0,train
9508,4_square,0,0,242.0,450.0,811.0,578.0,569.0,128.0,test
9509,4_square,0,0,600.0,247.0,428.0,703.0,-172.0,456.0,train
9510,4_square,0,0,483.0,220.0,540.0,678.0,57.0,458.0,val
9511,4_square,0,0,650.0,685.0,595.0,821.0,-55.0,136.0,train
9512,4_square,0,0,344.0,629.0,827.0,238.0,483.0,-391.0,train
9513,4_square,0,0,462.0,746.0,620.0,288.0,158.0,-458.0,train
9514,4_square,0,0,870.0,864.0,354.0,398.0,-516.0,-466.0,val
9515,4_square,0,0,118.0,208.0,647.0,110.0,529.0,-98.0,train
9516,4_square,0,0,687.0,253.0,665.0,838.0,-22.0,585.0,train
9517,4_square,0,0,554.0,628.0,173.0,528.0,-381.0,-100.0,train
9518,4_square,0,0,783.0,589.0,160.0,123.0,-623.0,-466.0,train
9519,4_square,0,0,714.0,749.0,556.0,187.0,-158.0,-562.0,train
9520,4_square,0,0,465.0,101.0,479.0,295.0,14.0,194.0,val
9521,4_square,0,0,228.0,552.0,513.0,141.0,285.0,-411.0,train
9522,4_square,0,0,336.0,492.0,109.0,427.0,-227.0,-65.0,train
9523,4_square,0,0,775.0,427.0,329.0,462.0,-446.0,35.0,train
9524,4_square,0,0,828.0,833.0,458.0,694.0,-370.0,-139.0,train
9525,4_square,0,0,201.0,794.0,736.0,225.0,535.0,-569.0,train
9526,4_square,0,0,604.0,546.0,620.0,804.0,16.0,258.0,val
9527,4_square,0,0,843.0,138.0,477.0,836.0,-366.0,698.0,train
9528,4_square,0,0,734.0,465.0,632.0,720.0,-102.0,255.0,train
9529,4_square,0,0,160.0,788.0,274.0,376.0,114.0,-412.0,train
9530,4_square,0,0,863.0,438.0,687.0,462.0,-176.0,24.0,train
9531,4_square,0,0,476.0,305.0,432.0,327.0,-44.0,22.0,train
9532,4_square,0,0,235.0,257.0,470.0,512.0,235.0,255.0,train
9533,4_square,0,0,743.0,323.0,129.0,267.0,-614.0,-56.0,train
9534,4_square,0,0,870.0,626.0,684.0,268.0,-186.0,-358.0,val
9535,4_square,0,0,838.0,136.0,648.0,299.0,-190.0,163.0,train
9536,4_square,0,0,203.0,343.0,235.0,445.0,32.0,102.0,train
9537,4_square,0,0,145.0,393.0,127.0,810.0,-18.0,417.0,train
9538,4_square,0,0,271.0,460.0,333.0,535.0,62.0,75.0,train
9539,4_square,0,0,518.0,145.0,635.0,187.0,117.0,42.0,train
9540,4_square,0,0,540.0,302.0,314.0,370.0,-226.0,68.0,train
9541,4_square,0,0,544.0,782.0,640.0,503.0,96.0,-279.0,train
9542,4_square,0,0,843.0,827.0,327.0,270.0,-516.0,-557.0,train
9543,4_square,0,0,848.0,650.0,817.0,429.0,-31.0,-221.0,val
9544,4_square,0,0,424.0,155.0,660.0,467.0,236.0,312.0,train
9545,4_square,0,0,637.0,753.0,506.0,283.0,-131.0,-470.0,train
9546,4_square,0,0,265.0,397.0,112.0,611.0,-153.0,214.0,train
9547,4_square,0,0,116.0,224.0,368.0,667.0,252.0,443.0,train
9548,4_square,0,0,454.0,843.0,599.0,535.0,145.0,-308.0,train
9549,4_square,0,0,425.0,115.0,885.0,255.0,460.0,140.0,train
9550,4_square,0,0,500.0,365.0,661.0,898.0,161.0,533.0,train
9551,4_square,0,0,277.0,855.0,724.0,644.0,447.0,-211.0,train
9552,4_square,0,0,552.0,880.0,837.0,567.0,285.0,-313.0,val
9553,4_square,0,0,834.0,190.0,741.0,423.0,-93.0,233.0,train
9554,4_square,0,0,262.0,825.0,689.0,348.0,427.0,-477.0,train
9555,4_square,0,0,670.0,510.0,626.0,743.0,-44.0,233.0,train
9556,4_square,0,0,384.0,255.0,817.0,306.0,433.0,51.0,test
9557,4_square,0,0,236.0,741.0,877.0,340.0,641.0,-401.0,val
9558,4_square,0,0,102.0,376.0,369.0,297.0,267.0,-79.0,train
9559,4_square,0,0,259.0,865.0,280.0,595.0,21.0,-270.0,train
9560,4_square,0,0,483.0,470.0,227.0,853.0,-256.0,383.0,train
9561,4_square,0,0,807.0,364.0,161.0,433.0,-646.0,69.0,val
9562,4_square,0,0,780.0,296.0,273.0,209.0,-507.0,-87.0,train
9563,4_square,0,0,141.0,753.0,886.0,724.0,745.0,-29.0,train
9564,4_square,0,0,302.0,540.0,585.0,345.0,283.0,-195.0,train
9565,4_square,0,0,651.0,808.0,121.0,275.0,-530.0,-533.0,train
9566,4_square,0,0,514.0,560.0,405.0,289.0,-109.0,-271.0,train
9567,4_square,0,0,377.0,581.0,290.0,215.0,-87.0,-366.0,val
9568,4_square,0,0,332.0,819.0,617.0,369.0,285.0,-450.0,train
9569,4_square,0,0,837.0,538.0,813.0,720.0,-24.0,182.0,test
9570,4_square,0,0,243.0,200.0,650.0,423.0,407.0,223.0,train
9571,4_square,0,0,172.0,229.0,559.0,832.0,387.0,603.0,train
9572,4_square,0,0,372.0,155.0,558.0,574.0,186.0,419.0,test
9573,4_square,0,0,141.0,891.0,397.0,641.0,256.0,-250.0,train
9574,4_square,0,0,297.0,241.0,222.0,188.0,-75.0,-53.0,train
9575,4_square,0,0,488.0,701.0,861.0,485.0,373.0,-216.0,train
9576,4_square,0,0,656.0,338.0,236.0,610.0,-420.0,272.0,train
9577,4_square,0,0,601.0,451.0,681.0,267.0,80.0,-184.0,train
9578,4_square,0,0,134.0,844.0,630.0,899.0,496.0,55.0,train
9579,4_square,0,0,291.0,538.0,134.0,793.0,-157.0,255.0,train
9580,4_square,0,0,465.0,169.0,739.0,720.0,274.0,551.0,val
9581,4_square,0,0,406.0,117.0,666.0,527.0,260.0,410.0,test
9582,4_square,0,0,395.0,573.0,732.0,787.0,337.0,214.0,train
9583,4_square,0,0,879.0,489.0,741.0,351.0,-138.0,-138.0,train
9584,4_square,0,0,377.0,482.0,586.0,188.0,209.0,-294.0,train
9585,4_square,0,0,856.0,574.0,409.0,843.0,-447.0,269.0,train
9586,4_square,0,0,591.0,331.0,115.0,467.0,-476.0,136.0,train
9587,4_square,0,0,124.0,355.0,890.0,169.0,766.0,-186.0,train
9588,4_square,0,0,243.0,751.0,641.0,814.0,398.0,63.0,train
9589,4_square,0,0,899.0,203.0,122.0,227.0,-777.0,24.0,train
9590,4_square,0,0,585.0,659.0,448.0,341.0,-137.0,-318.0,train
9591,4_square,0,0,894.0,123.0,179.0,529.0,-715.0,406.0,train
9592,4_square,0,0,879.0,596.0,267.0,876.0,-612.0,280.0,train
9593,4_square,0,0,765.0,540.0,106.0,807.0,-659.0,267.0,train
9594,4_square,0,0,738.0,743.0,718.0,357.0,-20.0,-386.0,train
9595,4_square,0,0,510.0,590.0,568.0,526.0,58.0,-64.0,train
9596,4_square,0,0,643.0,830.0,608.0,302.0,-35.0,-528.0,train
9597,4_square,0,0,882.0,621.0,175.0,867.0,-707.0,246.0,val
9598,4_square,0,0,779.0,855.0,767.0,645.0,-12.0,-210.0,val
9599,4_square,0,0,803.0,161.0,618.0,320.0,-185.0,159.0,train
9600,4_square,0,0,207.0,359.0,791.0,354.0,584.0,-5.0,val
9601,4_square,0,0,543.0,811.0,576.0,422.0,33.0,-389.0,train
9602,4_square,0,0,381.0,568.0,305.0,684.0,-76.0,116.0,train
9603,4_square,0,0,418.0,874.0,769.0,691.0,351.0,-183.0,train
9604,4_square,0,0,485.0,286.0,524.0,146.0,39.0,-140.0,train
9605,4_square,0,0,188.0,499.0,617.0,534.0,429.0,35.0,test
9606,4_square,0,0,261.0,314.0,292.0,146.0,31.0,-168.0,train
9607,4_square,0,0,739.0,579.0,190.0,109.0,-549.0,-470.0,train
9608,4_square,0,0,739.0,856.0,647.0,478.0,-92.0,-378.0,train
9609,4_square,0,0,104.0,686.0,728.0,519.0,624.0,-167.0,train
9610,4_square,0,0,646.0,658.0,601.0,184.0,-45.0,-474.0,train
9611,4_square,0,0,695.0,357.0,854.0,767.0,159.0,410.0,train
9612,4_square,0,0,536.0,683.0,193.0,220.0,-343.0,-463.0,train
9613,4_square,0,0,415.0,409.0,363.0,111.0,-52.0,-298.0,train
9614,4_square,0,0,285.0,162.0,361.0,193.0,76.0,31.0,train
9615,4_square,0,0,495.0,701.0,446.0,812.0,-49.0,111.0,val
9616,4_square,0,0,272.0,296.0,608.0,652.0,336.0,356.0,train
9617,4_square,0,0,751.0,400.0,164.0,881.0,-587.0,481.0,train
9618,4_square,0,0,314.0,104.0,408.0,419.0,94.0,315.0,val
9619,4_square,0,0,489.0,400.0,304.0,580.0,-185.0,180.0,train
9620,4_square,0,0,892.0,476.0,365.0,781.0,-527.0,305.0,val
9621,4_square,0,0,617.0,744.0,875.0,368.0,258.0,-376.0,train
9622,4_square,0,0,655.0,582.0,889.0,767.0,234.0,185.0,train
9623,4_square,0,0,656.0,746.0,816.0,132.0,160.0,-614.0,train
9624,4_square,0,0,378.0,495.0,345.0,579.0,-33.0,84.0,test
9625,4_square,0,0,521.0,205.0,349.0,152.0,-172.0,-53.0,train
9626,4_square,0,0,265.0,794.0,251.0,868.0,-14.0,74.0,train
9627,4_square,0,0,585.0,499.0,177.0,656.0,-408.0,157.0,train
9628,4_square,0,0,770.0,475.0,404.0,589.0,-366.0,114.0,train
9629,4_square,0,0,751.0,134.0,485.0,804.0,-266.0,670.0,train
9630,4_square,0,0,892.0,625.0,606.0,837.0,-286.0,212.0,train
9631,4_square,0,0,879.0,423.0,490.0,699.0,-389.0,276.0,train
9632,4_square,0,0,863.0,140.0,666.0,741.0,-197.0,601.0,train
9633,4_square,0,0,536.0,706.0,671.0,209.0,135.0,-497.0,test
9634,4_square,0,0,385.0,444.0,368.0,396.0,-17.0,-48.0,train
9635,4_square,0,0,291.0,234.0,848.0,144.0,557.0,-90.0,test
9636,4_square,0,0,585.0,517.0,540.0,601.0,-45.0,84.0,train
9637,4_square,0,0,629.0,691.0,855.0,665.0,226.0,-26.0,train
9638,4_square,0,0,899.0,795.0,624.0,613.0,-275.0,-182.0,train
9639,4_square,0,0,508.0,657.0,491.0,752.0,-17.0,95.0,train
9640,4_square,0,0,689.0,205.0,673.0,724.0,-16.0,519.0,train
9641,4_square,0,0,381.0,747.0,153.0,603.0,-228.0,-144.0,train
9642,4_square,0,0,604.0,606.0,695.0,174.0,91.0,-432.0,train
9643,4_square,0,0,630.0,368.0,859.0,883.0,229.0,515.0,train
9644,4_square,0,0,302.0,718.0,121.0,231.0,-181.0,-487.0,train
9645,4_square,0,0,189.0,707.0,444.0,416.0,255.0,-291.0,val
9646,4_square,0,0,304.0,632.0,590.0,661.0,286.0,29.0,train
9647,4_square,0,0,832.0,896.0,820.0,509.0,-12.0,-387.0,train
9648,4_square,0,0,101.0,620.0,715.0,224.0,614.0,-396.0,train
9649,4_square,0,0,177.0,387.0,447.0,895.0,270.0,508.0,train
9650,4_square,0,0,741.0,661.0,385.0,713.0,-356.0,52.0,val
9651,4_square,0,0,746.0,310.0,426.0,598.0,-320.0,288.0,train
9652,4_square,0,0,440.0,240.0,431.0,466.0,-9.0,226.0,train
9653,4_square,0,0,229.0,194.0,706.0,192.0,477.0,-2.0,train
9654,4_square,0,0,858.0,662.0,698.0,416.0,-160.0,-246.0,train
9655,4_square,0,0,302.0,859.0,127.0,883.0,-175.0,24.0,train
9656,4_square,0,0,615.0,465.0,342.0,258.0,-273.0,-207.0,val
9657,4_square,0,0,252.0,115.0,523.0,155.0,271.0,40.0,train
9658,4_square,0,0,412.0,586.0,298.0,613.0,-114.0,27.0,train
9659,4_square,0,0,303.0,396.0,521.0,712.0,218.0,316.0,train
9660,4_square,0,0,842.0,138.0,181.0,259.0,-661.0,121.0,train
9661,4_square,0,0,841.0,120.0,288.0,222.0,-553.0,102.0,train
9662,4_square,0,0,693.0,823.0,573.0,291.0,-120.0,-532.0,train
9663,4_square,0,0,437.0,487.0,284.0,413.0,-153.0,-74.0,train
9664,4_square,0,0,661.0,880.0,622.0,256.0,-39.0,-624.0,train
9665,4_square,0,0,186.0,893.0,553.0,404.0,367.0,-489.0,train
9666,4_square,0,0,519.0,667.0,814.0,899.0,295.0,232.0,train
9667,4_square,0,0,232.0,757.0,870.0,714.0,638.0,-43.0,train
9668,4_square,0,0,496.0,404.0,833.0,339.0,337.0,-65.0,train
9669,4_square,0,0,830.0,840.0,484.0,616.0,-346.0,-224.0,train
9670,4_square,0,0,502.0,382.0,658.0,546.0,156.0,164.0,train
9671,4_square,0,0,417.0,487.0,198.0,804.0,-219.0,317.0,train
9672,4_square,0,0,768.0,132.0,698.0,327.0,-70.0,195.0,train
9673,4_square,0,0,381.0,721.0,457.0,774.0,76.0,53.0,train
9674,4_square,0,0,252.0,604.0,760.0,621.0,508.0,17.0,train
9675,4_square,0,0,694.0,488.0,899.0,135.0,205.0,-353.0,train
9676,4_square,0,0,678.0,291.0,130.0,373.0,-548.0,82.0,train
9677,4_square,0,0,336.0,877.0,418.0,631.0,82.0,-246.0,train
9678,4_square,0,0,671.0,305.0,803.0,561.0,132.0,256.0,val
9679,4_square,0,0,730.0,789.0,767.0,262.0,37.0,-527.0,train
9680,4_square,0,0,591.0,161.0,452.0,395.0,-139.0,234.0,test
9681,4_square,0,0,216.0,813.0,736.0,388.0,520.0,-425.0,val
9682,4_square,0,0,366.0,278.0,811.0,330.0,445.0,52.0,train
9683,4_square,0,0,666.0,160.0,608.0,419.0,-58.0,259.0,train
9684,4_square,0,0,492.0,860.0,745.0,454.0,253.0,-406.0,train
9685,4_square,0,0,350.0,167.0,711.0,847.0,361.0,680.0,train
9686,4_square,0,0,796.0,508.0,161.0,294.0,-635.0,-214.0,test
9687,4_square,0,0,390.0,167.0,685.0,354.0,295.0,187.0,train
9688,4_square,0,0,595.0,661.0,605.0,272.0,10.0,-389.0,train
9689,4_square,0,0,387.0,680.0,900.0,351.0,513.0,-329.0,train
9690,4_square,0,0,713.0,641.0,629.0,222.0,-84.0,-419.0,train
9691,4_square,0,0,201.0,112.0,800.0,231.0,599.0,119.0,train
9692,4_square,0,0,567.0,203.0,680.0,715.0,113.0,512.0,train
9693,4_square,0,0,810.0,432.0,586.0,461.0,-224.0,29.0,train
9694,4_square,0,0,141.0,798.0,255.0,469.0,114.0,-329.0,train
9695,4_square,0,0,204.0,198.0,813.0,343.0,609.0,145.0,train
9696,4_square,0,0,891.0,505.0,347.0,394.0,-544.0,-111.0,train
9697,4_square,0,0,776.0,774.0,720.0,381.0,-56.0,-393.0,train
9698,4_square,0,0,401.0,612.0,797.0,638.0,396.0,26.0,train
9699,4_square,0,0,372.0,620.0,807.0,680.0,435.0,60.0,train
9700,4_square,0,0,291.0,794.0,801.0,320.0,510.0,-474.0,train
9701,4_square,0,0,672.0,671.0,759.0,734.0,87.0,63.0,train
9702,4_square,0,0,587.0,147.0,231.0,894.0,-356.0,747.0,train
9703,4_square,0,0,653.0,380.0,131.0,533.0,-522.0,153.0,train
9704,4_square,0,0,625.0,419.0,522.0,637.0,-103.0,218.0,train
9705,4_square,0,0,497.0,222.0,818.0,583.0,321.0,361.0,val
9706,4_square,0,0,622.0,600.0,718.0,366.0,96.0,-234.0,train
9707,4_square,0,0,754.0,549.0,479.0,576.0,-275.0,27.0,train
9708,4_square,0,0,772.0,436.0,566.0,286.0,-206.0,-150.0,train
9709,4_square,0,0,493.0,615.0,617.0,883.0,124.0,268.0,train
9710,4_square,0,0,380.0,449.0,706.0,303.0,326.0,-146.0,train
9711,4_square,0,0,680.0,668.0,874.0,172.0,194.0,-496.0,train
9712,4_square,0,0,691.0,554.0,224.0,489.0,-467.0,-65.0,train
9713,4_square,0,0,615.0,379.0,414.0,518.0,-201.0,139.0,train
9714,4_square,0,0,777.0,216.0,681.0,343.0,-96.0,127.0,train
9715,4_square,0,0,488.0,263.0,443.0,792.0,-45.0,529.0,train
9716,4_square,0,0,227.0,710.0,332.0,617.0,105.0,-93.0,train
9717,4_square,0,0,710.0,871.0,671.0,714.0,-39.0,-157.0,train
9718,4_square,0,0,480.0,184.0,603.0,758.0,123.0,574.0,train
9719,4_square,0,0,607.0,509.0,294.0,337.0,-313.0,-172.0,train
9720,4_square,0,0,738.0,776.0,876.0,634.0,138.0,-142.0,val
9721,4_square,0,0,500.0,443.0,254.0,603.0,-246.0,160.0,train
9722,4_square,0,0,618.0,570.0,142.0,679.0,-476.0,109.0,train
9723,4_square,0,0,197.0,175.0,202.0,128.0,5.0,-47.0,train
9724,4_square,0,0,148.0,501.0,720.0,136.0,572.0,-365.0,train
9725,4_square,0,0,894.0,459.0,456.0,402.0,-438.0,-57.0,train
9726,4_square,0,0,798.0,678.0,590.0,519.0,-208.0,-159.0,train
9727,4_square,0,0,260.0,187.0,437.0,777.0,177.0,590.0,train
9728,4_square,0,0,399.0,797.0,156.0,516.0,-243.0,-281.0,train
9729,4_square,0,0,661.0,300.0,276.0,653.0,-385.0,353.0,train
9730,4_square,0,0,896.0,822.0,448.0,783.0,-448.0,-39.0,train
9731,4_square,0,0,470.0,801.0,729.0,270.0,259.0,-531.0,train
9732,4_square,0,0,880.0,299.0,593.0,251.0,-287.0,-48.0,train
9733,4_square,0,0,618.0,629.0,788.0,132.0,170.0,-497.0,train
9734,4_square,0,0,566.0,154.0,224.0,330.0,-342.0,176.0,train
9735,4_square,0,0,540.0,468.0,882.0,224.0,342.0,-244.0,train
9736,4_square,0,0,762.0,218.0,326.0,859.0,-436.0,641.0,train
9737,4_square,0,0,345.0,213.0,572.0,751.0,227.0,538.0,train
9738,4_square,0,0,703.0,848.0,781.0,180.0,78.0,-668.0,train
9739,4_square,0,0,847.0,620.0,181.0,794.0,-666.0,174.0,test
9740,4_square,0,0,871.0,692.0,100.0,170.0,-771.0,-522.0,train
9741,4_square,0,0,563.0,722.0,576.0,530.0,13.0,-192.0,train
9742,4_square,0,0,811.0,732.0,293.0,152.0,-518.0,-580.0,test
9743,4_square,0,0,307.0,754.0,360.0,748.0,53.0,-6.0,train
9744,4_square,0,0,619.0,200.0,410.0,541.0,-209.0,341.0,val
9745,4_square,0,0,758.0,220.0,472.0,576.0,-286.0,356.0,train
9746,4_square,0,0,833.0,101.0,291.0,217.0,-542.0,116.0,train
9747,4_square,0,0,448.0,789.0,562.0,880.0,114.0,91.0,train
9748,4_square,0,0,598.0,643.0,447.0,315.0,-151.0,-328.0,train
9749,4_square,0,0,147.0,293.0,424.0,692.0,277.0,399.0,train
9750,4_square,0,0,736.0,887.0,272.0,193.0,-464.0,-694.0,train
9751,4_square,0,0,866.0,362.0,339.0,140.0,-527.0,-222.0,train
9752,4_square,0,0,867.0,866.0,742.0,709.0,-125.0,-157.0,train
9753,4_square,0,0,619.0,777.0,243.0,211.0,-376.0,-566.0,val
9754,4_square,0,0,170.0,309.0,762.0,432.0,592.0,123.0,train
9755,4_square,0,0,415.0,777.0,346.0,447.0,-69.0,-330.0,test
9756,4_square,0,0,310.0,565.0,127.0,144.0,-183.0,-421.0,val
9757,4_square,0,0,700.0,601.0,346.0,668.0,-354.0,67.0,train
9758,4_square,0,0,851.0,611.0,851.0,739.0,0.0,128.0,val
9759,4_square,0,0,651.0,558.0,466.0,691.0,-185.0,133.0,val
9760,4_square,0,0,303.0,188.0,137.0,165.0,-166.0,-23.0,train
9761,4_square,0,0,229.0,755.0,489.0,329.0,260.0,-426.0,train
9762,4_square,0,0,645.0,201.0,493.0,465.0,-152.0,264.0,train
9763,4_square,0,0,642.0,708.0,787.0,241.0,145.0,-467.0,train
9764,4_square,0,0,478.0,321.0,717.0,121.0,239.0,-200.0,train
9765,4_square,0,0,136.0,235.0,628.0,448.0,492.0,213.0,train
9766,4_square,0,0,500.0,220.0,817.0,581.0,317.0,361.0,train
9767,4_square,0,0,859.0,298.0,716.0,303.0,-143.0,5.0,val
9768,4_square,0,0,379.0,790.0,418.0,487.0,39.0,-303.0,test
9769,4_square,0,0,314.0,112.0,131.0,131.0,-183.0,19.0,test
9770,4_square,0,0,291.0,659.0,415.0,538.0,124.0,-121.0,val
9771,4_square,0,0,609.0,782.0,185.0,164.0,-424.0,-618.0,train
9772,4_square,0,0,113.0,724.0,745.0,764.0,632.0,40.0,train
9773,4_square,0,0,496.0,877.0,160.0,306.0,-336.0,-571.0,train
9774,4_square,0,0,127.0,631.0,176.0,859.0,49.0,228.0,train
9775,4_square,0,0,755.0,827.0,475.0,144.0,-280.0,-683.0,train
9776,4_square,0,0,427.0,854.0,633.0,535.0,206.0,-319.0,val
9777,4_square,0,0,252.0,131.0,890.0,114.0,638.0,-17.0,train
9778,4_square,0,0,105.0,122.0,732.0,186.0,627.0,64.0,train
9779,4_square,0,0,108.0,831.0,294.0,182.0,186.0,-649.0,test
9780,4_square,0,0,673.0,164.0,181.0,111.0,-492.0,-53.0,train
9781,4_square,0,0,550.0,609.0,245.0,272.0,-305.0,-337.0,train
9782,4_square,0,0,436.0,351.0,168.0,383.0,-268.0,32.0,train
9783,4_square,0,0,602.0,516.0,509.0,292.0,-93.0,-224.0,train
9784,4_square,0,0,602.0,320.0,756.0,437.0,154.0,117.0,test
9785,4_square,0,0,567.0,583.0,402.0,129.0,-165.0,-454.0,train
9786,4_square,0,0,380.0,304.0,380.0,580.0,0.0,276.0,test
9787,4_square,0,0,308.0,322.0,578.0,607.0,270.0,285.0,train
9788,4_square,0,0,180.0,141.0,388.0,300.0,208.0,159.0,train
9789,4_square,0,0,252.0,767.0,504.0,450.0,252.0,-317.0,train
9790,4_square,0,0,389.0,153.0,230.0,664.0,-159.0,511.0,train
9791,4_square,0,0,892.0,253.0,230.0,397.0,-662.0,144.0,train
9792,4_square,0,0,203.0,564.0,518.0,395.0,315.0,-169.0,train
9793,4_square,0,0,159.0,872.0,290.0,730.0,131.0,-142.0,train
9794,4_square,0,0,709.0,396.0,839.0,172.0,130.0,-224.0,train
9795,4_square,0,0,460.0,639.0,778.0,240.0,318.0,-399.0,train
9796,4_square,0,0,715.0,476.0,403.0,260.0,-312.0,-216.0,train
9797,4_square,0,0,621.0,332.0,519.0,830.0,-102.0,498.0,test
9798,4_square,0,0,585.0,833.0,143.0,518.0,-442.0,-315.0,train
9799,4_square,0,0,854.0,280.0,576.0,566.0,-278.0,286.0,train
9800,4_square,0,0,405.0,455.0,513.0,788.0,108.0,333.0,train
9801,4_square,0,0,119.0,678.0,491.0,422.0,372.0,-256.0,train
9802,4_square,0,0,309.0,704.0,424.0,453.0,115.0,-251.0,train
9803,4_square,0,0,382.0,404.0,565.0,614.0,183.0,210.0,train
9804,4_square,0,0,466.0,519.0,441.0,511.0,-25.0,-8.0,train
9805,4_square,0,0,704.0,709.0,812.0,364.0,108.0,-345.0,train
9806,4_square,0,0,443.0,774.0,589.0,462.0,146.0,-312.0,train
9807,4_square,0,0,690.0,502.0,837.0,511.0,147.0,9.0,train
9808,4_square,0,0,728.0,286.0,827.0,353.0,99.0,67.0,train
9809,4_square,0,0,887.0,490.0,659.0,619.0,-228.0,129.0,train
9810,4_square,0,0,589.0,416.0,505.0,895.0,-84.0,479.0,val
9811,4_square,0,0,365.0,415.0,254.0,807.0,-111.0,392.0,train
9812,4_square,0,0,748.0,707.0,857.0,405.0,109.0,-302.0,train
9813,4_square,0,0,577.0,419.0,297.0,189.0,-280.0,-230.0,val
9814,4_square,0,0,822.0,851.0,295.0,672.0,-527.0,-179.0,train
9815,4_square,0,0,719.0,177.0,119.0,254.0,-600.0,77.0,train
9816,4_square,0,0,604.0,740.0,475.0,816.0,-129.0,76.0,train
9817,4_square,0,0,137.0,264.0,881.0,567.0,744.0,303.0,train
9818,4_square,0,0,395.0,717.0,366.0,604.0,-29.0,-113.0,train
9819,4_square,0,0,798.0,742.0,403.0,200.0,-395.0,-542.0,train
9820,4_square,0,0,214.0,500.0,376.0,119.0,162.0,-381.0,train
9821,4_square,0,0,899.0,266.0,551.0,325.0,-348.0,59.0,train
9822,4_square,0,0,695.0,615.0,795.0,368.0,100.0,-247.0,train
9823,4_square,0,0,352.0,536.0,237.0,219.0,-115.0,-317.0,train
9824,4_square,0,0,582.0,749.0,162.0,141.0,-420.0,-608.0,train
9825,4_square,0,0,133.0,693.0,836.0,780.0,703.0,87.0,train
9826,4_square,0,0,353.0,507.0,570.0,485.0,217.0,-22.0,train
9827,4_square,0,0,394.0,418.0,618.0,542.0,224.0,124.0,train
9828,4_square,0,0,322.0,694.0,429.0,531.0,107.0,-163.0,train
9829,4_square,0,0,229.0,685.0,449.0,780.0,220.0,95.0,train
9830,4_square,0,0,336.0,386.0,726.0,858.0,390.0,472.0,train
9831,4_square,0,0,765.0,757.0,247.0,612.0,-518.0,-145.0,train
9832,4_square,0,0,793.0,827.0,263.0,563.0,-530.0,-264.0,train
9833,4_square,0,0,826.0,466.0,431.0,109.0,-395.0,-357.0,train
9834,4_square,0,0,532.0,641.0,296.0,348.0,-236.0,-293.0,train
9835,4_square,0,0,101.0,225.0,130.0,848.0,29.0,623.0,train
9836,4_square,0,0,671.0,831.0,268.0,671.0,-403.0,-160.0,train
9837,4_square,0,0,502.0,299.0,318.0,183.0,-184.0,-116.0,train
9838,4_square,0,0,550.0,424.0,897.0,571.0,347.0,147.0,train
9839,4_square,0,0,659.0,119.0,108.0,260.0,-551.0,141.0,train
9840,4_square,0,0,705.0,390.0,247.0,708.0,-458.0,318.0,train
9841,4_square,0,0,395.0,159.0,671.0,453.0,276.0,294.0,train
9842,4_square,0,0,599.0,728.0,609.0,261.0,10.0,-467.0,train
9843,4_square,0,0,796.0,309.0,474.0,368.0,-322.0,59.0,train
9844,4_square,0,0,683.0,466.0,570.0,371.0,-113.0,-95.0,test
9845,4_square,0,0,563.0,193.0,898.0,265.0,335.0,72.0,train
9846,4_square,0,0,483.0,632.0,111.0,451.0,-372.0,-181.0,train
9847,4_square,0,0,585.0,207.0,693.0,600.0,108.0,393.0,val
9848,4_square,0,0,584.0,661.0,353.0,395.0,-231.0,-266.0,val
9849,4_square,0,0,742.0,219.0,475.0,419.0,-267.0,200.0,train
9850,4_square,0,0,325.0,333.0,854.0,754.0,529.0,421.0,test
9851,4_square,0,0,755.0,354.0,407.0,446.0,-348.0,92.0,train
9852,4_square,0,0,293.0,130.0,116.0,568.0,-177.0,438.0,train
9853,4_square,0,0,461.0,704.0,669.0,417.0,208.0,-287.0,train
9854,4_square,0,0,421.0,535.0,848.0,182.0,427.0,-353.0,train
9855,4_square,0,0,891.0,173.0,434.0,737.0,-457.0,564.0,train
9856,4_square,0,0,653.0,308.0,479.0,374.0,-174.0,66.0,val
9857,4_square,0,0,767.0,753.0,344.0,598.0,-423.0,-155.0,train
9858,4_square,0,0,424.0,176.0,858.0,227.0,434.0,51.0,train
9859,4_square,0,0,565.0,691.0,313.0,245.0,-252.0,-446.0,val
9860,4_square,0,0,155.0,266.0,743.0,586.0,588.0,320.0,test
9861,4_square,0,0,409.0,626.0,438.0,525.0,29.0,-101.0,val
9862,4_square,0,0,764.0,806.0,218.0,127.0,-546.0,-679.0,train
9863,4_square,0,0,720.0,864.0,568.0,869.0,-152.0,5.0,train
9864,4_square,0,0,622.0,603.0,319.0,621.0,-303.0,18.0,train
9865,4_square,0,0,895.0,247.0,108.0,134.0,-787.0,-113.0,train
9866,4_square,0,0,372.0,193.0,494.0,817.0,122.0,624.0,train
9867,4_square,0,0,785.0,206.0,452.0,254.0,-333.0,48.0,train
9868,4_square,0,0,363.0,316.0,246.0,552.0,-117.0,236.0,train
9869,4_square,0,0,580.0,745.0,531.0,162.0,-49.0,-583.0,train
9870,4_square,0,0,895.0,316.0,627.0,697.0,-268.0,381.0,train
9871,4_square,0,0,887.0,404.0,870.0,392.0,-17.0,-12.0,train
9872,4_square,0,0,556.0,773.0,471.0,320.0,-85.0,-453.0,train
9873,4_square,0,0,861.0,548.0,755.0,696.0,-106.0,148.0,train
9874,4_square,0,0,383.0,765.0,565.0,838.0,182.0,73.0,train
9875,4_square,0,0,840.0,824.0,164.0,144.0,-676.0,-680.0,train
9876,4_square,0,0,479.0,135.0,584.0,393.0,105.0,258.0,train
9877,4_square,0,0,240.0,293.0,104.0,153.0,-136.0,-140.0,train
9878,4_square,0,0,171.0,295.0,413.0,543.0,242.0,248.0,train
9879,4_square,0,0,664.0,430.0,497.0,367.0,-167.0,-63.0,train
9880,4_square,0,0,637.0,400.0,308.0,421.0,-329.0,21.0,train
9881,4_square,0,0,440.0,485.0,734.0,637.0,294.0,152.0,val
9882,4_square,0,0,341.0,460.0,512.0,115.0,171.0,-345.0,train
9883,4_square,0,0,262.0,868.0,423.0,456.0,161.0,-412.0,train
9884,4_square,0,0,751.0,439.0,762.0,669.0,11.0,230.0,train
9885,4_square,0,0,812.0,249.0,612.0,188.0,-200.0,-61.0,train
9886,4_square,0,0,882.0,469.0,321.0,152.0,-561.0,-317.0,train
9887,4_square,0,0,131.0,491.0,701.0,635.0,570.0,144.0,train
9888,4_square,0,0,614.0,344.0,385.0,860.0,-229.0,516.0,train
9889,4_square,0,0,219.0,485.0,282.0,298.0,63.0,-187.0,train
9890,4_square,0,0,878.0,234.0,363.0,542.0,-515.0,308.0,train
9891,4_square,0,0,748.0,548.0,728.0,377.0,-20.0,-171.0,val
9892,4_square,0,0,322.0,610.0,250.0,484.0,-72.0,-126.0,train
9893,4_square,0,0,567.0,791.0,445.0,325.0,-122.0,-466.0,train
9894,4_square,0,0,775.0,337.0,785.0,784.0,10.0,447.0,train
9895,4_square,0,0,861.0,474.0,578.0,792.0,-283.0,318.0,train
9896,4_square,0,0,680.0,215.0,351.0,656.0,-329.0,441.0,test
9897,4_square,0,0,294.0,613.0,340.0,503.0,46.0,-110.0,train
9898,4_square,0,0,786.0,744.0,514.0,596.0,-272.0,-148.0,train
9899,4_square,0,0,143.0,471.0,732.0,736.0,589.0,265.0,train
9900,4_square,0,0,453.0,517.0,112.0,630.0,-341.0,113.0,train
9901,4_square,0,0,841.0,415.0,747.0,162.0,-94.0,-253.0,train
9902,4_square,0,0,306.0,551.0,121.0,624.0,-185.0,73.0,train
9903,4_square,0,0,412.0,762.0,886.0,596.0,474.0,-166.0,val
9904,4_square,0,0,626.0,109.0,431.0,118.0,-195.0,9.0,train
9905,4_square,0,0,793.0,243.0,802.0,285.0,9.0,42.0,train
9906,4_square,0,0,752.0,521.0,343.0,836.0,-409.0,315.0,train
9907,4_square,0,0,385.0,308.0,896.0,695.0,511.0,387.0,train
9908,4_square,0,0,752.0,733.0,825.0,752.0,73.0,19.0,test
9909,4_square,0,0,127.0,288.0,110.0,257.0,-17.0,-31.0,test
9910,4_square,0,0,155.0,378.0,882.0,714.0,727.0,336.0,train
9911,4_square,0,0,196.0,862.0,399.0,595.0,203.0,-267.0,train
9912,4_square,0,0,648.0,569.0,231.0,293.0,-417.0,-276.0,train
9913,4_square,0,0,178.0,617.0,747.0,653.0,569.0,36.0,train
9914,4_square,0,0,339.0,351.0,239.0,760.0,-100.0,409.0,train
9915,4_square,0,0,555.0,558.0,711.0,195.0,156.0,-363.0,train
9916,4_square,0,0,468.0,792.0,283.0,886.0,-185.0,94.0,val
9917,4_square,0,0,569.0,696.0,561.0,388.0,-8.0,-308.0,train
9918,4_square,0,0,707.0,519.0,231.0,741.0,-476.0,222.0,train
9919,4_square,0,0,560.0,363.0,528.0,731.0,-32.0,368.0,train
9920,4_square,0,0,750.0,644.0,137.0,470.0,-613.0,-174.0,test
9921,4_square,0,0,898.0,875.0,294.0,311.0,-604.0,-564.0,train
9922,4_square,0,0,710.0,454.0,878.0,262.0,168.0,-192.0,train
9923,4_square,0,0,418.0,522.0,348.0,857.0,-70.0,335.0,train
9924,4_square,0,0,771.0,245.0,694.0,392.0,-77.0,147.0,test
9925,4_square,0,0,159.0,429.0,564.0,721.0,405.0,292.0,train
9926,4_square,0,0,590.0,516.0,349.0,505.0,-241.0,-11.0,train
9927,4_square,0,0,824.0,717.0,398.0,231.0,-426.0,-486.0,val
9928,4_square,0,0,361.0,852.0,308.0,173.0,-53.0,-679.0,val
9929,4_square,0,0,253.0,522.0,447.0,702.0,194.0,180.0,train
9930,4_square,0,0,769.0,762.0,340.0,506.0,-429.0,-256.0,train
9931,4_square,0,0,399.0,275.0,420.0,645.0,21.0,370.0,train
9932,4_square,0,0,776.0,817.0,773.0,524.0,-3.0,-293.0,train
9933,4_square,0,0,660.0,367.0,195.0,233.0,-465.0,-134.0,train
9934,4_square,0,0,631.0,468.0,656.0,864.0,25.0,396.0,train
9935,4_square,0,0,228.0,684.0,361.0,826.0,133.0,142.0,train
9936,4_square,0,0,111.0,309.0,872.0,350.0,761.0,41.0,train
9937,4_square,0,0,700.0,192.0,766.0,152.0,66.0,-40.0,train
9938,4_square,0,0,806.0,287.0,311.0,592.0,-495.0,305.0,train
9939,4_square,0,0,884.0,234.0,634.0,253.0,-250.0,19.0,train
9940,4_square,0,0,148.0,437.0,568.0,320.0,420.0,-117.0,train
9941,4_square,0,0,264.0,865.0,517.0,248.0,253.0,-617.0,val
9942,4_square,0,0,719.0,876.0,265.0,362.0,-454.0,-514.0,train
9943,4_square,0,0,287.0,633.0,574.0,133.0,287.0,-500.0,test
9944,4_square,0,0,180.0,743.0,153.0,318.0,-27.0,-425.0,test
9945,4_square,0,0,130.0,305.0,680.0,769.0,550.0,464.0,train
9946,4_square,0,0,281.0,631.0,863.0,825.0,582.0,194.0,train
9947,4_square,0,0,712.0,620.0,168.0,294.0,-544.0,-326.0,train
9948,4_square,0,0,775.0,569.0,742.0,412.0,-33.0,-157.0,train
9949,4_square,0,0,410.0,858.0,441.0,642.0,31.0,-216.0,test
9950,4_square,0,0,422.0,412.0,715.0,836.0,293.0,424.0,train
9951,4_square,0,0,174.0,310.0,822.0,628.0,648.0,318.0,test
9952,4_square,0,0,271.0,209.0,118.0,607.0,-153.0,398.0,train
9953,4_square,0,0,878.0,619.0,170.0,866.0,-708.0,247.0,train
9954,4_square,0,0,676.0,111.0,897.0,396.0,221.0,285.0,train
9955,4_square,0,0,412.0,881.0,637.0,665.0,225.0,-216.0,train
9956,4_square,0,0,128.0,646.0,871.0,779.0,743.0,133.0,train
9957,4_square,0,0,141.0,879.0,871.0,481.0,730.0,-398.0,train
9958,4_square,0,0,462.0,806.0,712.0,692.0,250.0,-114.0,train
9959,4_square,0,0,588.0,210.0,760.0,542.0,172.0,332.0,train
9960,4_square,0,0,798.0,306.0,169.0,205.0,-629.0,-101.0,train
9961,4_square,0,0,559.0,541.0,532.0,702.0,-27.0,161.0,train
9962,4_square,0,0,692.0,224.0,238.0,166.0,-454.0,-58.0,train
9963,4_square,0,0,578.0,865.0,493.0,567.0,-85.0,-298.0,train
9964,4_square,0,0,733.0,656.0,504.0,404.0,-229.0,-252.0,train
9965,4_square,0,0,392.0,480.0,413.0,270.0,21.0,-210.0,train
9966,4_square,0,0,211.0,766.0,826.0,788.0,615.0,22.0,train
9967,4_square,0,0,315.0,777.0,531.0,881.0,216.0,104.0,train
9968,4_square,0,0,557.0,237.0,544.0,281.0,-13.0,44.0,train
9969,4_square,0,0,756.0,763.0,711.0,540.0,-45.0,-223.0,train
9970,4_square,0,0,685.0,580.0,290.0,133.0,-395.0,-447.0,train
9971,4_square,0,0,554.0,618.0,477.0,814.0,-77.0,196.0,train
9972,4_square,0,0,505.0,778.0,476.0,533.0,-29.0,-245.0,train
9973,4_square,0,0,614.0,204.0,188.0,137.0,-426.0,-67.0,val
9974,4_square,0,0,891.0,354.0,107.0,399.0,-784.0,45.0,val
9975,4_square,0,0,497.0,878.0,523.0,261.0,26.0,-617.0,train
9976,4_square,0,0,838.0,884.0,221.0,697.0,-617.0,-187.0,test
9977,4_square,0,0,816.0,307.0,176.0,665.0,-640.0,358.0,val
9978,4_square,0,0,597.0,189.0,643.0,771.0,46.0,582.0,train
9979,4_square,0,0,730.0,425.0,345.0,647.0,-385.0,222.0,train
9980,4_square,0,0,756.0,232.0,174.0,198.0,-582.0,-34.0,train
9981,4_square,0,0,829.0,309.0,644.0,716.0,-185.0,407.0,train
9982,4_square,0,0,410.0,484.0,498.0,831.0,88.0,347.0,train
9983,4_square,0,0,500.0,271.0,242.0,699.0,-258.0,428.0,train
9984,4_square,0,0,752.0,800.0,660.0,894.0,-92.0,94.0,train
9985,4_square,0,0,562.0,779.0,690.0,149.0,128.0,-630.0,train
9986,4_square,0,0,853.0,581.0,423.0,493.0,-430.0,-88.0,test
9987,4_square,0,0,303.0,628.0,522.0,362.0,219.0,-266.0,train
9988,4_square,0,0,315.0,514.0,462.0,652.0,147.0,138.0,train
9989,4_square,0,0,583.0,616.0,789.0,584.0,206.0,-32.0,train
9990,4_square,0,0,882.0,270.0,158.0,856.0,-724.0,586.0,val
9991,4_square,0,0,571.0,131.0,823.0,864.0,252.0,733.0,train
9992,4_square,0,0,651.0,767.0,555.0,484.0,-96.0,-283.0,train
9993,4_square,0,0,394.0,157.0,239.0,708.0,-155.0,551.0,train
9994,4_square,0,0,439.0,875.0,731.0,263.0,292.0,-612.0,train
9995,4_square,0,0,415.0,571.0,236.0,376.0,-179.0,-195.0,val
9996,4_square,0,0,826.0,153.0,112.0,878.0,-714.0,725.0,train
9997,4_square,0,0,602.0,495.0,191.0,565.0,-411.0,70.0,val
9998,4_square,0,0,145.0,262.0,681.0,483.0,536.0,221.0,val
9999,4_square,0,0,489.0,247.0,525.0,133.0,36.0,-114.0,train
10000,15_square,0,0,166.0,202.0,489.0,792.0,323.0,590.0,train
10001,15_square,0,0,800.0,456.0,286.0,833.0,-514.0,377.0,train
10002,15_square,0,0,369.0,164.0,706.0,845.0,337.0,681.0,val
10003,15_square,0,0,742.0,449.0,602.0,827.0,-140.0,378.0,train
10004,15_square,0,0,138.0,774.0,157.0,230.0,19.0,-544.0,train
10005,15_square,0,0,275.0,872.0,310.0,533.0,35.0,-339.0,train
10006,15_square,0,0,629.0,603.0,330.0,766.0,-299.0,163.0,val
10007,15_square,0,0,697.0,603.0,427.0,263.0,-270.0,-340.0,train
10008,15_square,0,0,392.0,503.0,626.0,783.0,234.0,280.0,train
10009,15_square,0,0,278.0,537.0,785.0,214.0,507.0,-323.0,train
10010,15_square,0,0,723.0,659.0,141.0,574.0,-582.0,-85.0,val
10011,15_square,0,0,821.0,857.0,186.0,757.0,-635.0,-100.0,test
10012,15_square,0,0,778.0,535.0,214.0,483.0,-564.0,-52.0,train
10013,15_square,0,0,646.0,539.0,448.0,839.0,-198.0,300.0,train
10014,15_square,0,0,188.0,829.0,159.0,852.0,-29.0,23.0,train
10015,15_square,0,0,642.0,344.0,120.0,368.0,-522.0,24.0,train
10016,15_square,0,0,535.0,544.0,737.0,107.0,202.0,-437.0,val
10017,15_square,0,0,198.0,730.0,888.0,726.0,690.0,-4.0,train
10018,15_square,0,0,883.0,866.0,450.0,649.0,-433.0,-217.0,test
10019,15_square,0,0,481.0,544.0,785.0,384.0,304.0,-160.0,train
10020,15_square,0,0,436.0,198.0,235.0,234.0,-201.0,36.0,train
10021,15_square,0,0,246.0,355.0,644.0,299.0,398.0,-56.0,train
10022,15_square,0,0,683.0,863.0,840.0,715.0,157.0,-148.0,train
10023,15_square,0,0,828.0,106.0,622.0,383.0,-206.0,277.0,train
10024,15_square,0,0,692.0,241.0,678.0,783.0,-14.0,542.0,train
10025,15_square,0,0,781.0,835.0,374.0,506.0,-407.0,-329.0,train
10026,15_square,0,0,145.0,784.0,271.0,445.0,126.0,-339.0,train
10027,15_square,0,0,770.0,375.0,573.0,788.0,-197.0,413.0,train
10028,15_square,0,0,132.0,193.0,485.0,361.0,353.0,168.0,test
10029,15_square,0,0,102.0,160.0,757.0,223.0,655.0,63.0,test
10030,15_square,0,0,728.0,409.0,480.0,861.0,-248.0,452.0,train
10031,15_square,0,0,716.0,555.0,636.0,778.0,-80.0,223.0,train
10032,15_square,0,0,625.0,283.0,688.0,737.0,63.0,454.0,train
10033,15_square,0,0,654.0,531.0,690.0,858.0,36.0,327.0,val
10034,15_square,0,0,225.0,598.0,703.0,217.0,478.0,-381.0,test
10035,15_square,0,0,117.0,668.0,298.0,409.0,181.0,-259.0,train
10036,15_square,0,0,379.0,291.0,771.0,899.0,392.0,608.0,train
10037,15_square,0,0,520.0,606.0,776.0,248.0,256.0,-358.0,train
10038,15_square,0,0,363.0,339.0,302.0,703.0,-61.0,364.0,train
10039,15_square,0,0,576.0,562.0,264.0,223.0,-312.0,-339.0,train
10040,15_square,0,0,220.0,231.0,725.0,382.0,505.0,151.0,train
10041,15_square,0,0,187.0,585.0,398.0,739.0,211.0,154.0,train
10042,15_square,0,0,184.0,281.0,204.0,693.0,20.0,412.0,train
10043,15_square,0,0,374.0,707.0,302.0,155.0,-72.0,-552.0,train
10044,15_square,0,0,294.0,394.0,637.0,629.0,343.0,235.0,train
10045,15_square,0,0,342.0,827.0,694.0,777.0,352.0,-50.0,train
10046,15_square,0,0,406.0,834.0,495.0,485.0,89.0,-349.0,test
10047,15_square,0,0,463.0,749.0,742.0,178.0,279.0,-571.0,train
10048,15_square,0,0,864.0,265.0,156.0,505.0,-708.0,240.0,train
10049,15_square,0,0,812.0,676.0,452.0,858.0,-360.0,182.0,train
10050,15_square,0,0,228.0,424.0,105.0,783.0,-123.0,359.0,train
10051,15_square,0,0,740.0,429.0,670.0,347.0,-70.0,-82.0,train
10052,15_square,0,0,740.0,830.0,287.0,162.0,-453.0,-668.0,train
10053,15_square,0,0,337.0,738.0,511.0,243.0,174.0,-495.0,train
10054,15_square,0,0,776.0,282.0,192.0,143.0,-584.0,-139.0,train
10055,15_square,0,0,202.0,241.0,420.0,207.0,218.0,-34.0,test
10056,15_square,0,0,857.0,381.0,109.0,837.0,-748.0,456.0,train
10057,15_square,0,0,138.0,762.0,828.0,666.0,690.0,-96.0,train
10058,15_square,0,0,342.0,731.0,555.0,659.0,213.0,-72.0,train
10059,15_square,0,0,566.0,294.0,247.0,851.0,-319.0,557.0,train
10060,15_square,0,0,480.0,472.0,108.0,463.0,-372.0,-9.0,train
10061,15_square,0,0,729.0,772.0,188.0,342.0,-541.0,-430.0,train
10062,15_square,0,0,354.0,299.0,796.0,305.0,442.0,6.0,val
10063,15_square,0,0,842.0,812.0,413.0,661.0,-429.0,-151.0,train
10064,15_square,0,0,232.0,558.0,170.0,718.0,-62.0,160.0,train
10065,15_square,0,0,854.0,855.0,230.0,316.0,-624.0,-539.0,train
10066,15_square,0,0,330.0,244.0,199.0,418.0,-131.0,174.0,train
10067,15_square,0,0,885.0,166.0,727.0,559.0,-158.0,393.0,train
10068,15_square,0,0,833.0,615.0,829.0,885.0,-4.0,270.0,train
10069,15_square,0,0,170.0,606.0,544.0,105.0,374.0,-501.0,train
10070,15_square,0,0,609.0,381.0,727.0,261.0,118.0,-120.0,train
10071,15_square,0,0,390.0,788.0,664.0,550.0,274.0,-238.0,train
10072,15_square,0,0,542.0,716.0,670.0,518.0,128.0,-198.0,train
10073,15_square,0,0,706.0,884.0,152.0,594.0,-554.0,-290.0,val
10074,15_square,0,0,621.0,324.0,185.0,640.0,-436.0,316.0,test
10075,15_square,0,0,689.0,558.0,479.0,172.0,-210.0,-386.0,train
10076,15_square,0,0,491.0,367.0,808.0,497.0,317.0,130.0,val
10077,15_square,0,0,462.0,759.0,817.0,453.0,355.0,-306.0,train
10078,15_square,0,0,602.0,291.0,653.0,752.0,51.0,461.0,train
10079,15_square,0,0,608.0,674.0,558.0,863.0,-50.0,189.0,val
10080,15_square,0,0,463.0,524.0,698.0,879.0,235.0,355.0,train
10081,15_square,0,0,250.0,394.0,339.0,777.0,89.0,383.0,train
10082,15_square,0,0,833.0,138.0,133.0,504.0,-700.0,366.0,val
10083,15_square,0,0,228.0,395.0,265.0,811.0,37.0,416.0,test
10084,15_square,0,0,539.0,544.0,557.0,718.0,18.0,174.0,train
10085,15_square,0,0,620.0,243.0,762.0,202.0,142.0,-41.0,train
10086,15_square,0,0,542.0,492.0,879.0,530.0,337.0,38.0,test
10087,15_square,0,0,865.0,371.0,105.0,167.0,-760.0,-204.0,train
10088,15_square,0,0,202.0,897.0,617.0,512.0,415.0,-385.0,train
10089,15_square,0,0,141.0,504.0,147.0,419.0,6.0,-85.0,train
10090,15_square,0,0,364.0,558.0,362.0,779.0,-2.0,221.0,train
10091,15_square,0,0,788.0,824.0,137.0,817.0,-651.0,-7.0,val
10092,15_square,0,0,769.0,297.0,232.0,286.0,-537.0,-11.0,train
10093,15_square,0,0,460.0,830.0,402.0,545.0,-58.0,-285.0,val
10094,15_square,0,0,117.0,138.0,228.0,220.0,111.0,82.0,train
10095,15_square,0,0,422.0,287.0,488.0,267.0,66.0,-20.0,train
10096,15_square,0,0,327.0,549.0,430.0,838.0,103.0,289.0,train
10097,15_square,0,0,425.0,719.0,201.0,590.0,-224.0,-129.0,train
10098,15_square,0,0,588.0,789.0,507.0,523.0,-81.0,-266.0,train
10099,15_square,0,0,383.0,882.0,183.0,750.0,-200.0,-132.0,train
10100,15_square,0,0,339.0,797.0,170.0,672.0,-169.0,-125.0,train
10101,15_square,0,0,583.0,747.0,729.0,234.0,146.0,-513.0,train
10102,15_square,0,0,896.0,453.0,452.0,798.0,-444.0,345.0,train
10103,15_square,0,0,125.0,841.0,593.0,422.0,468.0,-419.0,train
10104,15_square,0,0,862.0,689.0,811.0,397.0,-51.0,-292.0,train
10105,15_square,0,0,399.0,442.0,826.0,223.0,427.0,-219.0,test
10106,15_square,0,0,451.0,196.0,852.0,555.0,401.0,359.0,test
10107,15_square,0,0,257.0,331.0,825.0,819.0,568.0,488.0,train
10108,15_square,0,0,369.0,475.0,322.0,626.0,-47.0,151.0,train
10109,15_square,0,0,787.0,101.0,170.0,680.0,-617.0,579.0,test
10110,15_square,0,0,872.0,643.0,600.0,252.0,-272.0,-391.0,train
10111,15_square,0,0,423.0,822.0,303.0,252.0,-120.0,-570.0,val
10112,15_square,0,0,825.0,898.0,560.0,692.0,-265.0,-206.0,train
10113,15_square,0,0,160.0,496.0,119.0,598.0,-41.0,102.0,train
10114,15_square,0,0,832.0,458.0,203.0,330.0,-629.0,-128.0,train
10115,15_square,0,0,283.0,585.0,650.0,405.0,367.0,-180.0,train
10116,15_square,0,0,531.0,403.0,354.0,563.0,-177.0,160.0,test
10117,15_square,0,0,635.0,480.0,650.0,782.0,15.0,302.0,train
10118,15_square,0,0,281.0,575.0,263.0,653.0,-18.0,78.0,train
10119,15_square,0,0,653.0,666.0,581.0,858.0,-72.0,192.0,train
10120,15_square,0,0,697.0,555.0,217.0,263.0,-480.0,-292.0,train
10121,15_square,0,0,834.0,372.0,494.0,888.0,-340.0,516.0,train
10122,15_square,0,0,754.0,607.0,188.0,443.0,-566.0,-164.0,train
10123,15_square,0,0,701.0,101.0,540.0,386.0,-161.0,285.0,train
10124,15_square,0,0,160.0,876.0,702.0,723.0,542.0,-153.0,train
10125,15_square,0,0,132.0,535.0,748.0,615.0,616.0,80.0,train
10126,15_square,0,0,531.0,667.0,802.0,894.0,271.0,227.0,train
10127,15_square,0,0,624.0,241.0,681.0,739.0,57.0,498.0,val
10128,15_square,0,0,780.0,804.0,776.0,609.0,-4.0,-195.0,train
10129,15_square,0,0,857.0,584.0,863.0,629.0,6.0,45.0,train
10130,15_square,0,0,305.0,756.0,638.0,650.0,333.0,-106.0,train
10131,15_square,0,0,376.0,730.0,735.0,151.0,359.0,-579.0,val
10132,15_square,0,0,338.0,617.0,400.0,563.0,62.0,-54.0,train
10133,15_square,0,0,548.0,751.0,614.0,668.0,66.0,-83.0,train
10134,15_square,0,0,311.0,395.0,794.0,130.0,483.0,-265.0,train
10135,15_square,0,0,692.0,789.0,291.0,468.0,-401.0,-321.0,train
10136,15_square,0,0,128.0,678.0,387.0,468.0,259.0,-210.0,train
10137,15_square,0,0,166.0,505.0,784.0,298.0,618.0,-207.0,train
10138,15_square,0,0,590.0,265.0,528.0,266.0,-62.0,1.0,val
10139,15_square,0,0,394.0,443.0,372.0,836.0,-22.0,393.0,test
10140,15_square,0,0,830.0,563.0,858.0,180.0,28.0,-383.0,test
10141,15_square,0,0,716.0,203.0,638.0,576.0,-78.0,373.0,train
10142,15_square,0,0,628.0,815.0,154.0,291.0,-474.0,-524.0,train
10143,15_square,0,0,588.0,843.0,616.0,625.0,28.0,-218.0,train
10144,15_square,0,0,872.0,280.0,156.0,420.0,-716.0,140.0,test
10145,15_square,0,0,647.0,525.0,863.0,134.0,216.0,-391.0,test
10146,15_square,0,0,244.0,894.0,121.0,509.0,-123.0,-385.0,train
10147,15_square,0,0,398.0,505.0,579.0,401.0,181.0,-104.0,train
10148,15_square,0,0,155.0,827.0,423.0,600.0,268.0,-227.0,train
10149,15_square,0,0,229.0,439.0,740.0,177.0,511.0,-262.0,train
10150,15_square,0,0,848.0,770.0,672.0,800.0,-176.0,30.0,train
10151,15_square,0,0,188.0,632.0,219.0,767.0,31.0,135.0,train
10152,15_square,0,0,783.0,798.0,148.0,164.0,-635.0,-634.0,train
10153,15_square,0,0,437.0,440.0,410.0,686.0,-27.0,246.0,train
10154,15_square,0,0,653.0,744.0,769.0,803.0,116.0,59.0,train
10155,15_square,0,0,692.0,513.0,660.0,705.0,-32.0,192.0,train
10156,15_square,0,0,358.0,213.0,171.0,175.0,-187.0,-38.0,train
10157,15_square,0,0,867.0,818.0,495.0,745.0,-372.0,-73.0,val
10158,15_square,0,0,290.0,278.0,502.0,508.0,212.0,230.0,test
10159,15_square,0,0,893.0,180.0,520.0,690.0,-373.0,510.0,test
10160,15_square,0,0,835.0,291.0,769.0,812.0,-66.0,521.0,test
10161,15_square,0,0,207.0,733.0,415.0,653.0,208.0,-80.0,train
10162,15_square,0,0,140.0,213.0,409.0,488.0,269.0,275.0,train
10163,15_square,0,0,287.0,114.0,255.0,823.0,-32.0,709.0,val
10164,15_square,0,0,291.0,742.0,793.0,792.0,502.0,50.0,train
10165,15_square,0,0,474.0,265.0,284.0,111.0,-190.0,-154.0,train
10166,15_square,0,0,690.0,495.0,120.0,721.0,-570.0,226.0,train
10167,15_square,0,0,273.0,159.0,891.0,528.0,618.0,369.0,train
10168,15_square,0,0,790.0,575.0,322.0,890.0,-468.0,315.0,test
10169,15_square,0,0,755.0,276.0,432.0,641.0,-323.0,365.0,train
10170,15_square,0,0,576.0,274.0,802.0,230.0,226.0,-44.0,train
10171,15_square,0,0,897.0,636.0,595.0,220.0,-302.0,-416.0,train
10172,15_square,0,0,517.0,195.0,467.0,363.0,-50.0,168.0,train
10173,15_square,0,0,114.0,390.0,191.0,366.0,77.0,-24.0,train
10174,15_square,0,0,669.0,194.0,551.0,830.0,-118.0,636.0,train
10175,15_square,0,0,846.0,282.0,225.0,696.0,-621.0,414.0,train
10176,15_square,0,0,393.0,134.0,887.0,196.0,494.0,62.0,train
10177,15_square,0,0,509.0,604.0,756.0,412.0,247.0,-192.0,train
10178,15_square,0,0,688.0,874.0,236.0,211.0,-452.0,-663.0,train
10179,15_square,0,0,154.0,253.0,363.0,804.0,209.0,551.0,train
10180,15_square,0,0,846.0,523.0,713.0,285.0,-133.0,-238.0,train
10181,15_square,0,0,750.0,832.0,444.0,392.0,-306.0,-440.0,train
10182,15_square,0,0,531.0,185.0,255.0,277.0,-276.0,92.0,train
10183,15_square,0,0,814.0,717.0,586.0,726.0,-228.0,9.0,train
10184,15_square,0,0,383.0,260.0,189.0,425.0,-194.0,165.0,train
10185,15_square,0,0,482.0,181.0,565.0,552.0,83.0,371.0,train
10186,15_square,0,0,291.0,534.0,113.0,774.0,-178.0,240.0,train
10187,15_square,0,0,519.0,771.0,410.0,178.0,-109.0,-593.0,val
10188,15_square,0,0,880.0,256.0,544.0,820.0,-336.0,564.0,train
10189,15_square,0,0,239.0,757.0,319.0,580.0,80.0,-177.0,train
10190,15_square,0,0,379.0,700.0,170.0,284.0,-209.0,-416.0,train
10191,15_square,0,0,651.0,131.0,475.0,493.0,-176.0,362.0,train
10192,15_square,0,0,714.0,888.0,253.0,105.0,-461.0,-783.0,train
10193,15_square,0,0,481.0,447.0,505.0,716.0,24.0,269.0,train
10194,15_square,0,0,626.0,303.0,771.0,747.0,145.0,444.0,train
10195,15_square,0,0,212.0,612.0,196.0,381.0,-16.0,-231.0,train
10196,15_square,0,0,486.0,642.0,783.0,167.0,297.0,-475.0,train
10197,15_square,0,0,248.0,814.0,557.0,678.0,309.0,-136.0,train
10198,15_square,0,0,711.0,100.0,269.0,608.0,-442.0,508.0,train
10199,15_square,0,0,485.0,132.0,782.0,812.0,297.0,680.0,train
10200,15_square,0,0,239.0,792.0,605.0,410.0,366.0,-382.0,train
10201,15_square,0,0,585.0,827.0,368.0,646.0,-217.0,-181.0,test
10202,15_square,0,0,851.0,587.0,881.0,314.0,30.0,-273.0,val
10203,15_square,0,0,199.0,117.0,820.0,836.0,621.0,719.0,val
10204,15_square,0,0,649.0,757.0,400.0,709.0,-249.0,-48.0,train
10205,15_square,0,0,680.0,138.0,568.0,846.0,-112.0,708.0,train
10206,15_square,0,0,356.0,280.0,640.0,579.0,284.0,299.0,train
10207,15_square,0,0,205.0,267.0,273.0,754.0,68.0,487.0,test
10208,15_square,0,0,202.0,312.0,181.0,287.0,-21.0,-25.0,train
10209,15_square,0,0,797.0,140.0,292.0,197.0,-505.0,57.0,train
10210,15_square,0,0,168.0,657.0,430.0,377.0,262.0,-280.0,train
10211,15_square,0,0,103.0,769.0,751.0,354.0,648.0,-415.0,train
10212,15_square,0,0,150.0,767.0,362.0,622.0,212.0,-145.0,train
10213,15_square,0,0,792.0,796.0,773.0,569.0,-19.0,-227.0,train
10214,15_square,0,0,157.0,714.0,837.0,795.0,680.0,81.0,train
10215,15_square,0,0,374.0,554.0,158.0,174.0,-216.0,-380.0,train
10216,15_square,0,0,415.0,731.0,783.0,604.0,368.0,-127.0,train
10217,15_square,0,0,141.0,358.0,577.0,631.0,436.0,273.0,val
10218,15_square,0,0,440.0,417.0,469.0,781.0,29.0,364.0,test
10219,15_square,0,0,202.0,847.0,701.0,563.0,499.0,-284.0,train
10220,15_square,0,0,874.0,234.0,118.0,800.0,-756.0,566.0,train
10221,15_square,0,0,432.0,164.0,819.0,333.0,387.0,169.0,test
10222,15_square,0,0,708.0,723.0,239.0,574.0,-469.0,-149.0,train
10223,15_square,0,0,513.0,461.0,340.0,352.0,-173.0,-109.0,test
10224,15_square,0,0,315.0,829.0,146.0,685.0,-169.0,-144.0,train
10225,15_square,0,0,854.0,631.0,366.0,104.0,-488.0,-527.0,train
10226,15_square,0,0,177.0,808.0,847.0,491.0,670.0,-317.0,train
10227,15_square,0,0,336.0,465.0,848.0,472.0,512.0,7.0,train
10228,15_square,0,0,251.0,313.0,218.0,521.0,-33.0,208.0,train
10229,15_square,0,0,764.0,280.0,466.0,868.0,-298.0,588.0,train
10230,15_square,0,0,168.0,702.0,898.0,347.0,730.0,-355.0,train
10231,15_square,0,0,251.0,194.0,196.0,170.0,-55.0,-24.0,train
10232,15_square,0,0,210.0,138.0,555.0,599.0,345.0,461.0,train
10233,15_square,0,0,774.0,777.0,775.0,736.0,1.0,-41.0,train
10234,15_square,0,0,199.0,393.0,499.0,674.0,300.0,281.0,train
10235,15_square,0,0,456.0,437.0,250.0,569.0,-206.0,132.0,train
10236,15_square,0,0,760.0,176.0,520.0,311.0,-240.0,135.0,train
10237,15_square,0,0,369.0,659.0,656.0,151.0,287.0,-508.0,val
10238,15_square,0,0,174.0,625.0,278.0,604.0,104.0,-21.0,val
10239,15_square,0,0,231.0,627.0,676.0,878.0,445.0,251.0,train
10240,15_square,0,0,228.0,881.0,108.0,603.0,-120.0,-278.0,train
10241,15_square,0,0,495.0,887.0,468.0,226.0,-27.0,-661.0,train
10242,15_square,0,0,156.0,221.0,317.0,884.0,161.0,663.0,train
10243,15_square,0,0,303.0,694.0,736.0,401.0,433.0,-293.0,train
10244,15_square,0,0,610.0,119.0,104.0,734.0,-506.0,615.0,train
10245,15_square,0,0,648.0,532.0,671.0,479.0,23.0,-53.0,train
10246,15_square,0,0,381.0,269.0,476.0,502.0,95.0,233.0,train
10247,15_square,0,0,867.0,595.0,167.0,342.0,-700.0,-253.0,val
10248,15_square,0,0,389.0,295.0,647.0,789.0,258.0,494.0,train
10249,15_square,0,0,420.0,162.0,795.0,372.0,375.0,210.0,train
10250,15_square,0,0,644.0,552.0,748.0,717.0,104.0,165.0,train
10251,15_square,0,0,513.0,125.0,192.0,690.0,-321.0,565.0,train
10252,15_square,0,0,814.0,359.0,396.0,839.0,-418.0,480.0,val
10253,15_square,0,0,104.0,415.0,464.0,202.0,360.0,-213.0,train
10254,15_square,0,0,513.0,418.0,571.0,896.0,58.0,478.0,train
10255,15_square,0,0,310.0,668.0,203.0,463.0,-107.0,-205.0,train
10256,15_square,0,0,162.0,371.0,605.0,181.0,443.0,-190.0,train
10257,15_square,0,0,457.0,430.0,474.0,720.0,17.0,290.0,train
10258,15_square,0,0,315.0,309.0,117.0,287.0,-198.0,-22.0,val
10259,15_square,0,0,486.0,447.0,774.0,183.0,288.0,-264.0,test
10260,15_square,0,0,828.0,368.0,342.0,429.0,-486.0,61.0,val
10261,15_square,0,0,710.0,214.0,797.0,426.0,87.0,212.0,train
10262,15_square,0,0,840.0,415.0,297.0,812.0,-543.0,397.0,train
10263,15_square,0,0,545.0,616.0,287.0,620.0,-258.0,4.0,test
10264,15_square,0,0,209.0,727.0,242.0,867.0,33.0,140.0,train
10265,15_square,0,0,170.0,723.0,550.0,582.0,380.0,-141.0,train
10266,15_square,0,0,307.0,152.0,129.0,518.0,-178.0,366.0,train
10267,15_square,0,0,801.0,103.0,630.0,646.0,-171.0,543.0,train
10268,15_square,0,0,767.0,479.0,727.0,634.0,-40.0,155.0,test
10269,15_square,0,0,494.0,414.0,823.0,455.0,329.0,41.0,train
10270,15_square,0,0,493.0,250.0,150.0,591.0,-343.0,341.0,train
10271,15_square,0,0,506.0,675.0,158.0,603.0,-348.0,-72.0,train
10272,15_square,0,0,738.0,498.0,450.0,534.0,-288.0,36.0,train
10273,15_square,0,0,865.0,512.0,186.0,419.0,-679.0,-93.0,train
10274,15_square,0,0,124.0,726.0,351.0,132.0,227.0,-594.0,train
10275,15_square,0,0,382.0,193.0,217.0,169.0,-165.0,-24.0,train
10276,15_square,0,0,375.0,672.0,242.0,511.0,-133.0,-161.0,train
10277,15_square,0,0,442.0,480.0,820.0,175.0,378.0,-305.0,train
10278,15_square,0,0,465.0,592.0,175.0,285.0,-290.0,-307.0,train
10279,15_square,0,0,635.0,892.0,251.0,899.0,-384.0,7.0,train
10280,15_square,0,0,203.0,896.0,639.0,759.0,436.0,-137.0,train
10281,15_square,0,0,394.0,247.0,618.0,528.0,224.0,281.0,val
10282,15_square,0,0,831.0,402.0,855.0,398.0,24.0,-4.0,test
10283,15_square,0,0,675.0,814.0,543.0,705.0,-132.0,-109.0,train
10284,15_square,0,0,278.0,608.0,791.0,440.0,513.0,-168.0,train
10285,15_square,0,0,181.0,889.0,743.0,534.0,562.0,-355.0,train
10286,15_square,0,0,785.0,546.0,431.0,336.0,-354.0,-210.0,train
10287,15_square,0,0,530.0,109.0,502.0,184.0,-28.0,75.0,train
10288,15_square,0,0,212.0,368.0,610.0,205.0,398.0,-163.0,train
10289,15_square,0,0,877.0,705.0,706.0,830.0,-171.0,125.0,train
10290,15_square,0,0,650.0,202.0,801.0,747.0,151.0,545.0,train
10291,15_square,0,0,185.0,657.0,334.0,352.0,149.0,-305.0,train
10292,15_square,0,0,178.0,812.0,820.0,318.0,642.0,-494.0,train
10293,15_square,0,0,102.0,485.0,250.0,111.0,148.0,-374.0,train
10294,15_square,0,0,767.0,309.0,334.0,749.0,-433.0,440.0,train
10295,15_square,0,0,692.0,579.0,515.0,896.0,-177.0,317.0,train
10296,15_square,0,0,669.0,583.0,413.0,367.0,-256.0,-216.0,train
10297,15_square,0,0,883.0,609.0,794.0,126.0,-89.0,-483.0,train
10298,15_square,0,0,401.0,884.0,460.0,427.0,59.0,-457.0,train
10299,15_square,0,0,799.0,680.0,543.0,658.0,-256.0,-22.0,train
10300,15_square,0,0,747.0,280.0,363.0,379.0,-384.0,99.0,train
10301,15_square,0,0,312.0,339.0,471.0,697.0,159.0,358.0,train
10302,15_square,0,0,360.0,374.0,259.0,771.0,-101.0,397.0,train
10303,15_square,0,0,740.0,219.0,264.0,575.0,-476.0,356.0,val
10304,15_square,0,0,795.0,146.0,407.0,176.0,-388.0,30.0,train
10305,15_square,0,0,410.0,173.0,350.0,856.0,-60.0,683.0,test
10306,15_square,0,0,870.0,334.0,591.0,316.0,-279.0,-18.0,val
10307,15_square,0,0,515.0,900.0,122.0,900.0,-393.0,0.0,train
10308,15_square,0,0,369.0,546.0,137.0,200.0,-232.0,-346.0,train
10309,15_square,0,0,585.0,178.0,382.0,682.0,-203.0,504.0,test
10310,15_square,0,0,234.0,511.0,207.0,568.0,-27.0,57.0,train
10311,15_square,0,0,257.0,337.0,253.0,847.0,-4.0,510.0,train
10312,15_square,0,0,739.0,264.0,102.0,573.0,-637.0,309.0,train
10313,15_square,0,0,324.0,609.0,816.0,323.0,492.0,-286.0,train
10314,15_square,0,0,536.0,616.0,265.0,668.0,-271.0,52.0,train
10315,15_square,0,0,343.0,249.0,373.0,802.0,30.0,553.0,train
10316,15_square,0,0,543.0,768.0,460.0,320.0,-83.0,-448.0,train
10317,15_square,0,0,611.0,870.0,500.0,743.0,-111.0,-127.0,test
10318,15_square,0,0,396.0,782.0,446.0,245.0,50.0,-537.0,train
10319,15_square,0,0,745.0,690.0,725.0,300.0,-20.0,-390.0,train
10320,15_square,0,0,713.0,868.0,405.0,191.0,-308.0,-677.0,train
10321,15_square,0,0,853.0,633.0,486.0,328.0,-367.0,-305.0,train
10322,15_square,0,0,143.0,615.0,202.0,241.0,59.0,-374.0,val
10323,15_square,0,0,517.0,406.0,893.0,846.0,376.0,440.0,train
10324,15_square,0,0,455.0,219.0,851.0,451.0,396.0,232.0,train
10325,15_square,0,0,307.0,803.0,579.0,605.0,272.0,-198.0,train
10326,15_square,0,0,265.0,820.0,351.0,482.0,86.0,-338.0,train
10327,15_square,0,0,428.0,501.0,461.0,750.0,33.0,249.0,train
10328,15_square,0,0,612.0,611.0,886.0,664.0,274.0,53.0,train
10329,15_square,0,0,153.0,468.0,687.0,245.0,534.0,-223.0,test
10330,15_square,0,0,121.0,282.0,257.0,333.0,136.0,51.0,train
10331,15_square,0,0,315.0,707.0,259.0,332.0,-56.0,-375.0,train
10332,15_square,0,0,517.0,481.0,627.0,264.0,110.0,-217.0,train
10333,15_square,0,0,690.0,660.0,824.0,519.0,134.0,-141.0,train
10334,15_square,0,0,393.0,695.0,765.0,738.0,372.0,43.0,train
10335,15_square,0,0,378.0,169.0,661.0,378.0,283.0,209.0,train
10336,15_square,0,0,585.0,597.0,718.0,575.0,133.0,-22.0,train
10337,15_square,0,0,657.0,559.0,604.0,752.0,-53.0,193.0,train
10338,15_square,0,0,564.0,797.0,848.0,852.0,284.0,55.0,train
10339,15_square,0,0,404.0,295.0,780.0,101.0,376.0,-194.0,train
10340,15_square,0,0,365.0,733.0,804.0,487.0,439.0,-246.0,train
10341,15_square,0,0,442.0,528.0,208.0,844.0,-234.0,316.0,train
10342,15_square,0,0,766.0,250.0,880.0,521.0,114.0,271.0,val
10343,15_square,0,0,776.0,113.0,858.0,814.0,82.0,701.0,val
10344,15_square,0,0,855.0,229.0,541.0,791.0,-314.0,562.0,train
10345,15_square,0,0,454.0,864.0,561.0,199.0,107.0,-665.0,train
10346,15_square,0,0,535.0,768.0,338.0,211.0,-197.0,-557.0,train
10347,15_square,0,0,563.0,661.0,263.0,723.0,-300.0,62.0,train
10348,15_square,0,0,631.0,230.0,135.0,854.0,-496.0,624.0,train
10349,15_square,0,0,686.0,281.0,670.0,260.0,-16.0,-21.0,test
10350,15_square,0,0,139.0,123.0,661.0,403.0,522.0,280.0,train
10351,15_square,0,0,619.0,166.0,668.0,639.0,49.0,473.0,train
10352,15_square,0,0,332.0,654.0,355.0,757.0,23.0,103.0,train
10353,15_square,0,0,203.0,768.0,364.0,289.0,161.0,-479.0,train
10354,15_square,0,0,487.0,869.0,802.0,400.0,315.0,-469.0,val
10355,15_square,0,0,324.0,544.0,210.0,187.0,-114.0,-357.0,train
10356,15_square,0,0,476.0,692.0,333.0,486.0,-143.0,-206.0,train
10357,15_square,0,0,832.0,866.0,184.0,247.0,-648.0,-619.0,train
10358,15_square,0,0,612.0,252.0,664.0,485.0,52.0,233.0,train
10359,15_square,0,0,195.0,111.0,641.0,218.0,446.0,107.0,train
10360,15_square,0,0,537.0,585.0,182.0,198.0,-355.0,-387.0,train
10361,15_square,0,0,556.0,582.0,394.0,514.0,-162.0,-68.0,train
10362,15_square,0,0,103.0,406.0,151.0,319.0,48.0,-87.0,train
10363,15_square,0,0,269.0,161.0,367.0,665.0,98.0,504.0,train
10364,15_square,0,0,112.0,773.0,132.0,328.0,20.0,-445.0,test
10365,15_square,0,0,201.0,652.0,320.0,715.0,119.0,63.0,train
10366,15_square,0,0,653.0,297.0,539.0,340.0,-114.0,43.0,train
10367,15_square,0,0,135.0,184.0,225.0,493.0,90.0,309.0,val
10368,15_square,0,0,861.0,751.0,363.0,125.0,-498.0,-626.0,train
10369,15_square,0,0,757.0,601.0,611.0,498.0,-146.0,-103.0,val
10370,15_square,0,0,525.0,742.0,641.0,324.0,116.0,-418.0,train
10371,15_square,0,0,536.0,634.0,318.0,663.0,-218.0,29.0,train
10372,15_square,0,0,577.0,163.0,801.0,790.0,224.0,627.0,test
10373,15_square,0,0,257.0,688.0,489.0,439.0,232.0,-249.0,train
10374,15_square,0,0,478.0,689.0,851.0,307.0,373.0,-382.0,train
10375,15_square,0,0,775.0,207.0,499.0,431.0,-276.0,224.0,train
10376,15_square,0,0,489.0,743.0,645.0,862.0,156.0,119.0,val
10377,15_square,0,0,221.0,701.0,814.0,603.0,593.0,-98.0,train
10378,15_square,0,0,785.0,380.0,511.0,671.0,-274.0,291.0,train
10379,15_square,0,0,732.0,753.0,379.0,417.0,-353.0,-336.0,train
10380,15_square,0,0,425.0,282.0,549.0,417.0,124.0,135.0,train
10381,15_square,0,0,640.0,684.0,883.0,562.0,243.0,-122.0,train
10382,15_square,0,0,178.0,355.0,157.0,393.0,-21.0,38.0,train
10383,15_square,0,0,579.0,546.0,420.0,727.0,-159.0,181.0,val
10384,15_square,0,0,562.0,684.0,140.0,875.0,-422.0,191.0,train
10385,15_square,0,0,639.0,751.0,125.0,113.0,-514.0,-638.0,train
10386,15_square,0,0,514.0,559.0,743.0,208.0,229.0,-351.0,test
10387,15_square,0,0,785.0,752.0,871.0,451.0,86.0,-301.0,train
10388,15_square,0,0,361.0,627.0,357.0,122.0,-4.0,-505.0,train
10389,15_square,0,0,384.0,476.0,643.0,592.0,259.0,116.0,train
10390,15_square,0,0,266.0,215.0,207.0,669.0,-59.0,454.0,train
10391,15_square,0,0,681.0,609.0,612.0,867.0,-69.0,258.0,train
10392,15_square,0,0,638.0,510.0,186.0,756.0,-452.0,246.0,train
10393,15_square,0,0,899.0,612.0,560.0,359.0,-339.0,-253.0,train
10394,15_square,0,0,197.0,270.0,250.0,302.0,53.0,32.0,test
10395,15_square,0,0,509.0,328.0,218.0,766.0,-291.0,438.0,train
10396,15_square,0,0,373.0,580.0,769.0,413.0,396.0,-167.0,test
10397,15_square,0,0,393.0,366.0,522.0,207.0,129.0,-159.0,train
10398,15_square,0,0,567.0,500.0,508.0,552.0,-59.0,52.0,test
10399,15_square,0,0,467.0,900.0,147.0,844.0,-320.0,-56.0,train
10400,15_square,0,0,126.0,310.0,536.0,600.0,410.0,290.0,train
10401,15_square,0,0,797.0,611.0,571.0,299.0,-226.0,-312.0,train
10402,15_square,0,0,778.0,516.0,421.0,827.0,-357.0,311.0,train
10403,15_square,0,0,205.0,514.0,187.0,643.0,-18.0,129.0,train
10404,15_square,0,0,856.0,595.0,700.0,854.0,-156.0,259.0,train
10405,15_square,0,0,841.0,777.0,715.0,330.0,-126.0,-447.0,train
10406,15_square,0,0,847.0,658.0,720.0,325.0,-127.0,-333.0,test
10407,15_square,0,0,825.0,540.0,452.0,107.0,-373.0,-433.0,train
10408,15_square,0,0,704.0,412.0,567.0,456.0,-137.0,44.0,train
10409,15_square,0,0,287.0,659.0,254.0,782.0,-33.0,123.0,train
10410,15_square,0,0,842.0,876.0,515.0,513.0,-327.0,-363.0,train
10411,15_square,0,0,275.0,898.0,286.0,679.0,11.0,-219.0,train
10412,15_square,0,0,296.0,844.0,774.0,690.0,478.0,-154.0,val
10413,15_square,0,0,513.0,329.0,783.0,833.0,270.0,504.0,test
10414,15_square,0,0,664.0,825.0,691.0,675.0,27.0,-150.0,train
10415,15_square,0,0,212.0,495.0,286.0,830.0,74.0,335.0,val
10416,15_square,0,0,228.0,580.0,695.0,872.0,467.0,292.0,val
10417,15_square,0,0,900.0,548.0,897.0,622.0,-3.0,74.0,train
10418,15_square,0,0,802.0,800.0,120.0,206.0,-682.0,-594.0,train
10419,15_square,0,0,783.0,516.0,640.0,496.0,-143.0,-20.0,train
10420,15_square,0,0,376.0,842.0,737.0,332.0,361.0,-510.0,train
10421,15_square,0,0,619.0,758.0,783.0,538.0,164.0,-220.0,val
10422,15_square,0,0,333.0,771.0,133.0,592.0,-200.0,-179.0,val
10423,15_square,0,0,854.0,318.0,238.0,448.0,-616.0,130.0,val
10424,15_square,0,0,222.0,198.0,252.0,364.0,30.0,166.0,train
10425,15_square,0,0,660.0,835.0,551.0,877.0,-109.0,42.0,train
10426,15_square,0,0,818.0,626.0,293.0,584.0,-525.0,-42.0,train
10427,15_square,0,0,191.0,866.0,481.0,542.0,290.0,-324.0,test
10428,15_square,0,0,229.0,118.0,885.0,664.0,656.0,546.0,train
10429,15_square,0,0,381.0,138.0,507.0,215.0,126.0,77.0,train
10430,15_square,0,0,717.0,855.0,779.0,218.0,62.0,-637.0,train
10431,15_square,0,0,473.0,268.0,814.0,629.0,341.0,361.0,train
10432,15_square,0,0,781.0,254.0,676.0,575.0,-105.0,321.0,test
10433,15_square,0,0,655.0,895.0,636.0,104.0,-19.0,-791.0,train
10434,15_square,0,0,598.0,277.0,821.0,457.0,223.0,180.0,train
10435,15_square,0,0,173.0,207.0,610.0,184.0,437.0,-23.0,train
10436,15_square,0,0,417.0,511.0,631.0,231.0,214.0,-280.0,train
10437,15_square,0,0,322.0,177.0,129.0,729.0,-193.0,552.0,train
10438,15_square,0,0,563.0,715.0,790.0,724.0,227.0,9.0,test
10439,15_square,0,0,688.0,252.0,673.0,219.0,-15.0,-33.0,train
10440,15_square,0,0,151.0,111.0,338.0,480.0,187.0,369.0,val
10441,15_square,0,0,878.0,525.0,373.0,830.0,-505.0,305.0,train
10442,15_square,0,0,378.0,176.0,315.0,842.0,-63.0,666.0,test
10443,15_square,0,0,301.0,762.0,796.0,351.0,495.0,-411.0,test
10444,15_square,0,0,727.0,758.0,800.0,885.0,73.0,127.0,val
10445,15_square,0,0,281.0,618.0,137.0,535.0,-144.0,-83.0,train
10446,15_square,0,0,433.0,749.0,761.0,839.0,328.0,90.0,train
10447,15_square,0,0,292.0,328.0,135.0,832.0,-157.0,504.0,train
10448,15_square,0,0,590.0,324.0,531.0,670.0,-59.0,346.0,train
10449,15_square,0,0,831.0,627.0,814.0,556.0,-17.0,-71.0,val
10450,15_square,0,0,788.0,317.0,277.0,295.0,-511.0,-22.0,train
10451,15_square,0,0,806.0,555.0,242.0,276.0,-564.0,-279.0,train
10452,15_square,0,0,742.0,193.0,437.0,619.0,-305.0,426.0,train
10453,15_square,0,0,742.0,871.0,512.0,698.0,-230.0,-173.0,train
10454,15_square,0,0,627.0,565.0,504.0,120.0,-123.0,-445.0,train
10455,15_square,0,0,191.0,811.0,672.0,456.0,481.0,-355.0,train
10456,15_square,0,0,822.0,363.0,108.0,444.0,-714.0,81.0,train
10457,15_square,0,0,132.0,208.0,463.0,900.0,331.0,692.0,train
10458,15_square,0,0,555.0,867.0,785.0,416.0,230.0,-451.0,train
10459,15_square,0,0,141.0,652.0,351.0,469.0,210.0,-183.0,train
10460,15_square,0,0,849.0,369.0,527.0,780.0,-322.0,411.0,train
10461,15_square,0,0,436.0,371.0,843.0,843.0,407.0,472.0,train
10462,15_square,0,0,157.0,499.0,180.0,288.0,23.0,-211.0,train
10463,15_square,0,0,716.0,811.0,297.0,515.0,-419.0,-296.0,train
10464,15_square,0,0,588.0,506.0,659.0,372.0,71.0,-134.0,train
10465,15_square,0,0,188.0,833.0,352.0,171.0,164.0,-662.0,train
10466,15_square,0,0,240.0,570.0,341.0,729.0,101.0,159.0,train
10467,15_square,0,0,482.0,521.0,696.0,222.0,214.0,-299.0,train
10468,15_square,0,0,720.0,703.0,142.0,804.0,-578.0,101.0,test
10469,15_square,0,0,239.0,481.0,326.0,596.0,87.0,115.0,train
10470,15_square,0,0,779.0,718.0,237.0,665.0,-542.0,-53.0,train
10471,15_square,0,0,838.0,139.0,188.0,443.0,-650.0,304.0,train
10472,15_square,0,0,276.0,160.0,792.0,318.0,516.0,158.0,train
10473,15_square,0,0,143.0,581.0,614.0,612.0,471.0,31.0,train
10474,15_square,0,0,457.0,595.0,286.0,250.0,-171.0,-345.0,train
10475,15_square,0,0,143.0,442.0,197.0,823.0,54.0,381.0,train
10476,15_square,0,0,393.0,509.0,658.0,160.0,265.0,-349.0,train
10477,15_square,0,0,255.0,542.0,310.0,156.0,55.0,-386.0,train
10478,15_square,0,0,309.0,849.0,385.0,165.0,76.0,-684.0,train
10479,15_square,0,0,834.0,359.0,430.0,701.0,-404.0,342.0,train
10480,15_square,0,0,476.0,617.0,799.0,298.0,323.0,-319.0,train
10481,15_square,0,0,743.0,737.0,710.0,126.0,-33.0,-611.0,train
10482,15_square,0,0,292.0,880.0,896.0,316.0,604.0,-564.0,train
10483,15_square,0,0,565.0,442.0,863.0,218.0,298.0,-224.0,train
10484,15_square,0,0,464.0,755.0,341.0,214.0,-123.0,-541.0,train
10485,15_square,0,0,869.0,459.0,733.0,702.0,-136.0,243.0,train
10486,15_square,0,0,502.0,401.0,758.0,145.0,256.0,-256.0,train
10487,15_square,0,0,708.0,444.0,166.0,773.0,-542.0,329.0,train
10488,15_square,0,0,776.0,862.0,121.0,505.0,-655.0,-357.0,val
10489,15_square,0,0,115.0,346.0,835.0,654.0,720.0,308.0,train
10490,15_square,0,0,766.0,498.0,310.0,494.0,-456.0,-4.0,train
10491,15_square,0,0,862.0,152.0,828.0,874.0,-34.0,722.0,train
10492,15_square,0,0,606.0,390.0,262.0,803.0,-344.0,413.0,train
10493,15_square,0,0,416.0,123.0,194.0,570.0,-222.0,447.0,train
10494,15_square,0,0,160.0,750.0,878.0,174.0,718.0,-576.0,train
10495,15_square,0,0,640.0,118.0,364.0,681.0,-276.0,563.0,train
10496,15_square,0,0,404.0,546.0,272.0,516.0,-132.0,-30.0,train
10497,15_square,0,0,700.0,416.0,319.0,594.0,-381.0,178.0,val
10498,15_square,0,0,565.0,777.0,663.0,139.0,98.0,-638.0,train
10499,15_square,0,0,127.0,802.0,678.0,317.0,551.0,-485.0,train
10500,3_square,0,0,738.0,244.0,600.0,166.0,-138.0,-78.0,test
10501,3_square,0,0,503.0,751.0,280.0,430.0,-223.0,-321.0,train
10502,3_square,0,0,176.0,674.0,152.0,566.0,-24.0,-108.0,train
10503,3_square,0,0,289.0,203.0,729.0,259.0,440.0,56.0,train
10504,3_square,0,0,439.0,607.0,277.0,163.0,-162.0,-444.0,train
10505,3_square,0,0,546.0,151.0,135.0,727.0,-411.0,576.0,train
10506,3_square,0,0,450.0,363.0,123.0,497.0,-327.0,134.0,train
10507,3_square,0,0,107.0,459.0,885.0,369.0,778.0,-90.0,train
10508,3_square,0,0,685.0,900.0,496.0,601.0,-189.0,-299.0,train
10509,3_square,0,0,482.0,179.0,867.0,757.0,385.0,578.0,train
10510,3_square,0,0,806.0,238.0,202.0,428.0,-604.0,190.0,train
10511,3_square,0,0,136.0,313.0,443.0,883.0,307.0,570.0,test
10512,3_square,0,0,212.0,373.0,494.0,480.0,282.0,107.0,test
10513,3_square,0,0,107.0,772.0,432.0,243.0,325.0,-529.0,val
10514,3_square,0,0,315.0,755.0,724.0,351.0,409.0,-404.0,train
10515,3_square,0,0,755.0,265.0,861.0,233.0,106.0,-32.0,train
10516,3_square,0,0,250.0,882.0,413.0,667.0,163.0,-215.0,train
10517,3_square,0,0,256.0,730.0,171.0,278.0,-85.0,-452.0,test
10518,3_square,0,0,540.0,184.0,701.0,467.0,161.0,283.0,train
10519,3_square,0,0,725.0,340.0,686.0,722.0,-39.0,382.0,train
10520,3_square,0,0,383.0,536.0,623.0,400.0,240.0,-136.0,train
10521,3_square,0,0,779.0,725.0,249.0,486.0,-530.0,-239.0,train
10522,3_square,0,0,379.0,579.0,484.0,197.0,105.0,-382.0,train
10523,3_square,0,0,827.0,180.0,334.0,508.0,-493.0,328.0,train
10524,3_square,0,0,529.0,400.0,431.0,815.0,-98.0,415.0,train
10525,3_square,0,0,209.0,163.0,862.0,735.0,653.0,572.0,train
10526,3_square,0,0,419.0,539.0,391.0,748.0,-28.0,209.0,train
10527,3_square,0,0,346.0,509.0,176.0,359.0,-170.0,-150.0,train
10528,3_square,0,0,498.0,851.0,648.0,113.0,150.0,-738.0,train
10529,3_square,0,0,353.0,249.0,267.0,571.0,-86.0,322.0,train
10530,3_square,0,0,451.0,896.0,349.0,334.0,-102.0,-562.0,train
10531,3_square,0,0,392.0,576.0,533.0,419.0,141.0,-157.0,train
10532,3_square,0,0,550.0,309.0,434.0,857.0,-116.0,548.0,train
10533,3_square,0,0,814.0,243.0,216.0,849.0,-598.0,606.0,train
10534,3_square,0,0,569.0,556.0,659.0,315.0,90.0,-241.0,test
10535,3_square,0,0,467.0,632.0,464.0,517.0,-3.0,-115.0,train
10536,3_square,0,0,162.0,633.0,690.0,663.0,528.0,30.0,train
10537,3_square,0,0,629.0,859.0,882.0,104.0,253.0,-755.0,test
10538,3_square,0,0,205.0,853.0,667.0,260.0,462.0,-593.0,train
10539,3_square,0,0,756.0,628.0,331.0,780.0,-425.0,152.0,train
10540,3_square,0,0,900.0,540.0,291.0,816.0,-609.0,276.0,train
10541,3_square,0,0,377.0,542.0,186.0,623.0,-191.0,81.0,val
10542,3_square,0,0,284.0,244.0,252.0,760.0,-32.0,516.0,train
10543,3_square,0,0,326.0,474.0,536.0,407.0,210.0,-67.0,train
10544,3_square,0,0,355.0,412.0,412.0,427.0,57.0,15.0,train
10545,3_square,0,0,507.0,803.0,743.0,715.0,236.0,-88.0,train
10546,3_square,0,0,843.0,861.0,692.0,538.0,-151.0,-323.0,train
10547,3_square,0,0,402.0,383.0,581.0,881.0,179.0,498.0,train
10548,3_square,0,0,702.0,245.0,179.0,666.0,-523.0,421.0,val
10549,3_square,0,0,679.0,888.0,339.0,402.0,-340.0,-486.0,train
10550,3_square,0,0,116.0,591.0,460.0,863.0,344.0,272.0,train
10551,3_square,0,0,834.0,686.0,468.0,215.0,-366.0,-471.0,train
10552,3_square,0,0,682.0,620.0,305.0,849.0,-377.0,229.0,train
10553,3_square,0,0,570.0,262.0,668.0,547.0,98.0,285.0,train
10554,3_square,0,0,330.0,273.0,170.0,433.0,-160.0,160.0,test
10555,3_square,0,0,412.0,787.0,317.0,727.0,-95.0,-60.0,train
10556,3_square,0,0,321.0,438.0,575.0,520.0,254.0,82.0,train
10557,3_square,0,0,495.0,232.0,176.0,802.0,-319.0,570.0,train
10558,3_square,0,0,406.0,511.0,873.0,132.0,467.0,-379.0,train
10559,3_square,0,0,885.0,300.0,445.0,367.0,-440.0,67.0,val
10560,3_square,0,0,229.0,515.0,239.0,830.0,10.0,315.0,train
10561,3_square,0,0,389.0,358.0,519.0,369.0,130.0,11.0,val
10562,3_square,0,0,341.0,405.0,109.0,833.0,-232.0,428.0,train
10563,3_square,0,0,591.0,576.0,495.0,647.0,-96.0,71.0,train
10564,3_square,0,0,505.0,400.0,339.0,872.0,-166.0,472.0,train
10565,3_square,0,0,322.0,618.0,652.0,486.0,330.0,-132.0,train
10566,3_square,0,0,477.0,168.0,556.0,251.0,79.0,83.0,train
10567,3_square,0,0,838.0,360.0,466.0,560.0,-372.0,200.0,train
10568,3_square,0,0,301.0,819.0,491.0,470.0,190.0,-349.0,train
10569,3_square,0,0,841.0,673.0,299.0,504.0,-542.0,-169.0,train
10570,3_square,0,0,253.0,265.0,270.0,766.0,17.0,501.0,train
10571,3_square,0,0,494.0,129.0,602.0,753.0,108.0,624.0,train
10572,3_square,0,0,175.0,743.0,817.0,357.0,642.0,-386.0,train
10573,3_square,0,0,574.0,417.0,289.0,789.0,-285.0,372.0,train
10574,3_square,0,0,862.0,322.0,398.0,621.0,-464.0,299.0,train
10575,3_square,0,0,879.0,103.0,552.0,413.0,-327.0,310.0,train
10576,3_square,0,0,205.0,593.0,676.0,179.0,471.0,-414.0,train
10577,3_square,0,0,841.0,576.0,870.0,143.0,29.0,-433.0,train
10578,3_square,0,0,113.0,790.0,295.0,305.0,182.0,-485.0,train
10579,3_square,0,0,407.0,355.0,473.0,369.0,66.0,14.0,train
10580,3_square,0,0,741.0,771.0,787.0,132.0,46.0,-639.0,test
10581,3_square,0,0,414.0,747.0,633.0,775.0,219.0,28.0,train
10582,3_square,0,0,545.0,476.0,421.0,568.0,-124.0,92.0,test
10583,3_square,0,0,804.0,150.0,114.0,713.0,-690.0,563.0,train
10584,3_square,0,0,136.0,755.0,411.0,688.0,275.0,-67.0,val
10585,3_square,0,0,407.0,536.0,535.0,864.0,128.0,328.0,train
10586,3_square,0,0,124.0,714.0,487.0,819.0,363.0,105.0,train
10587,3_square,0,0,147.0,857.0,249.0,706.0,102.0,-151.0,train
10588,3_square,0,0,595.0,472.0,174.0,117.0,-421.0,-355.0,train
10589,3_square,0,0,500.0,855.0,695.0,710.0,195.0,-145.0,test
10590,3_square,0,0,654.0,491.0,185.0,687.0,-469.0,196.0,train
10591,3_square,0,0,834.0,707.0,693.0,639.0,-141.0,-68.0,train
10592,3_square,0,0,277.0,372.0,897.0,143.0,620.0,-229.0,test
10593,3_square,0,0,800.0,352.0,843.0,301.0,43.0,-51.0,train
10594,3_square,0,0,862.0,555.0,473.0,105.0,-389.0,-450.0,test
10595,3_square,0,0,500.0,852.0,153.0,630.0,-347.0,-222.0,train
10596,3_square,0,0,174.0,183.0,544.0,564.0,370.0,381.0,train
10597,3_square,0,0,680.0,193.0,597.0,697.0,-83.0,504.0,val
10598,3_square,0,0,532.0,152.0,694.0,819.0,162.0,667.0,train
10599,3_square,0,0,103.0,458.0,317.0,347.0,214.0,-111.0,train
10600,3_square,0,0,454.0,412.0,598.0,644.0,144.0,232.0,train
10601,3_square,0,0,604.0,486.0,378.0,816.0,-226.0,330.0,test
10602,3_square,0,0,121.0,276.0,849.0,307.0,728.0,31.0,test
10603,3_square,0,0,307.0,777.0,563.0,273.0,256.0,-504.0,train
10604,3_square,0,0,428.0,256.0,546.0,802.0,118.0,546.0,val
10605,3_square,0,0,307.0,576.0,660.0,711.0,353.0,135.0,train
10606,3_square,0,0,664.0,311.0,694.0,765.0,30.0,454.0,train
10607,3_square,0,0,276.0,131.0,706.0,470.0,430.0,339.0,train
10608,3_square,0,0,617.0,564.0,320.0,732.0,-297.0,168.0,train
10609,3_square,0,0,253.0,886.0,330.0,357.0,77.0,-529.0,train
10610,3_square,0,0,629.0,751.0,449.0,591.0,-180.0,-160.0,train
10611,3_square,0,0,177.0,396.0,707.0,241.0,530.0,-155.0,train
10612,3_square,0,0,115.0,543.0,168.0,704.0,53.0,161.0,train
10613,3_square,0,0,420.0,777.0,697.0,798.0,277.0,21.0,test
10614,3_square,0,0,669.0,349.0,857.0,507.0,188.0,158.0,train
10615,3_square,0,0,445.0,516.0,844.0,680.0,399.0,164.0,train
10616,3_square,0,0,556.0,582.0,502.0,332.0,-54.0,-250.0,train
10617,3_square,0,0,576.0,477.0,176.0,380.0,-400.0,-97.0,train
10618,3_square,0,0,812.0,175.0,611.0,165.0,-201.0,-10.0,train
10619,3_square,0,0,237.0,219.0,478.0,641.0,241.0,422.0,train
10620,3_square,0,0,787.0,788.0,698.0,212.0,-89.0,-576.0,train
10621,3_square,0,0,269.0,331.0,722.0,385.0,453.0,54.0,train
10622,3_square,0,0,417.0,113.0,301.0,586.0,-116.0,473.0,train
10623,3_square,0,0,274.0,187.0,126.0,596.0,-148.0,409.0,train
10624,3_square,0,0,533.0,458.0,843.0,691.0,310.0,233.0,train
10625,3_square,0,0,595.0,576.0,796.0,389.0,201.0,-187.0,val
10626,3_square,0,0,439.0,240.0,645.0,214.0,206.0,-26.0,train
10627,3_square,0,0,578.0,581.0,813.0,688.0,235.0,107.0,train
10628,3_square,0,0,441.0,421.0,693.0,503.0,252.0,82.0,train
10629,3_square,0,0,834.0,217.0,125.0,637.0,-709.0,420.0,train
10630,3_square,0,0,198.0,327.0,251.0,409.0,53.0,82.0,train
10631,3_square,0,0,165.0,129.0,171.0,802.0,6.0,673.0,val
10632,3_square,0,0,859.0,624.0,129.0,325.0,-730.0,-299.0,train
10633,3_square,0,0,399.0,451.0,159.0,721.0,-240.0,270.0,test
10634,3_square,0,0,516.0,731.0,584.0,687.0,68.0,-44.0,val
10635,3_square,0,0,372.0,545.0,169.0,417.0,-203.0,-128.0,test
10636,3_square,0,0,225.0,677.0,563.0,300.0,338.0,-377.0,train
10637,3_square,0,0,550.0,541.0,491.0,559.0,-59.0,18.0,train
10638,3_square,0,0,541.0,591.0,122.0,499.0,-419.0,-92.0,train
10639,3_square,0,0,687.0,773.0,390.0,505.0,-297.0,-268.0,train
10640,3_square,0,0,203.0,810.0,524.0,123.0,321.0,-687.0,train
10641,3_square,0,0,456.0,126.0,100.0,531.0,-356.0,405.0,test
10642,3_square,0,0,361.0,142.0,633.0,547.0,272.0,405.0,test
10643,3_square,0,0,539.0,842.0,205.0,761.0,-334.0,-81.0,train
10644,3_square,0,0,452.0,118.0,258.0,205.0,-194.0,87.0,train
10645,3_square,0,0,396.0,657.0,644.0,487.0,248.0,-170.0,train
10646,3_square,0,0,127.0,223.0,101.0,787.0,-26.0,564.0,train
10647,3_square,0,0,353.0,419.0,225.0,351.0,-128.0,-68.0,train
10648,3_square,0,0,884.0,782.0,796.0,603.0,-88.0,-179.0,test
10649,3_square,0,0,126.0,763.0,264.0,831.0,138.0,68.0,train
10650,3_square,0,0,899.0,395.0,367.0,803.0,-532.0,408.0,train
10651,3_square,0,0,840.0,173.0,517.0,123.0,-323.0,-50.0,train
10652,3_square,0,0,889.0,512.0,872.0,658.0,-17.0,146.0,train
10653,3_square,0,0,559.0,632.0,407.0,451.0,-152.0,-181.0,train
10654,3_square,0,0,880.0,198.0,833.0,291.0,-47.0,93.0,train
10655,3_square,0,0,136.0,838.0,718.0,632.0,582.0,-206.0,train
10656,3_square,0,0,485.0,582.0,123.0,541.0,-362.0,-41.0,train
10657,3_square,0,0,216.0,167.0,743.0,221.0,527.0,54.0,train
10658,3_square,0,0,178.0,736.0,575.0,422.0,397.0,-314.0,train
10659,3_square,0,0,144.0,303.0,242.0,331.0,98.0,28.0,train
10660,3_square,0,0,123.0,522.0,640.0,366.0,517.0,-156.0,train
10661,3_square,0,0,514.0,862.0,684.0,786.0,170.0,-76.0,train
10662,3_square,0,0,600.0,600.0,646.0,758.0,46.0,158.0,train
10663,3_square,0,0,571.0,321.0,335.0,710.0,-236.0,389.0,test
10664,3_square,0,0,463.0,895.0,817.0,749.0,354.0,-146.0,train
10665,3_square,0,0,535.0,372.0,479.0,623.0,-56.0,251.0,train
10666,3_square,0,0,282.0,570.0,331.0,110.0,49.0,-460.0,train
10667,3_square,0,0,638.0,677.0,900.0,859.0,262.0,182.0,train
10668,3_square,0,0,689.0,677.0,600.0,436.0,-89.0,-241.0,train
10669,3_square,0,0,268.0,768.0,275.0,319.0,7.0,-449.0,train
10670,3_square,0,0,817.0,206.0,165.0,392.0,-652.0,186.0,train
10671,3_square,0,0,599.0,635.0,805.0,481.0,206.0,-154.0,train
10672,3_square,0,0,780.0,453.0,364.0,807.0,-416.0,354.0,train
10673,3_square,0,0,194.0,744.0,152.0,575.0,-42.0,-169.0,train
10674,3_square,0,0,749.0,600.0,844.0,224.0,95.0,-376.0,train
10675,3_square,0,0,579.0,113.0,503.0,396.0,-76.0,283.0,train
10676,3_square,0,0,274.0,639.0,365.0,617.0,91.0,-22.0,train
10677,3_square,0,0,399.0,544.0,161.0,669.0,-238.0,125.0,train
10678,3_square,0,0,430.0,378.0,895.0,704.0,465.0,326.0,train
10679,3_square,0,0,155.0,109.0,284.0,541.0,129.0,432.0,train
10680,3_square,0,0,692.0,306.0,878.0,748.0,186.0,442.0,val
10681,3_square,0,0,830.0,695.0,566.0,595.0,-264.0,-100.0,train
10682,3_square,0,0,298.0,727.0,815.0,680.0,517.0,-47.0,train
10683,3_square,0,0,695.0,782.0,683.0,805.0,-12.0,23.0,train
10684,3_square,0,0,554.0,362.0,758.0,109.0,204.0,-253.0,train
10685,3_square,0,0,729.0,511.0,752.0,702.0,23.0,191.0,test
10686,3_square,0,0,782.0,231.0,307.0,328.0,-475.0,97.0,val
10687,3_square,0,0,442.0,556.0,485.0,138.0,43.0,-418.0,train
10688,3_square,0,0,130.0,258.0,511.0,842.0,381.0,584.0,test
10689,3_square,0,0,142.0,445.0,327.0,155.0,185.0,-290.0,val
10690,3_square,0,0,494.0,475.0,889.0,216.0,395.0,-259.0,train
10691,3_square,0,0,147.0,684.0,634.0,620.0,487.0,-64.0,train
10692,3_square,0,0,172.0,337.0,691.0,765.0,519.0,428.0,train
10693,3_square,0,0,125.0,830.0,594.0,115.0,469.0,-715.0,train
10694,3_square,0,0,226.0,389.0,842.0,685.0,616.0,296.0,train
10695,3_square,0,0,607.0,315.0,321.0,208.0,-286.0,-107.0,train
10696,3_square,0,0,827.0,569.0,749.0,177.0,-78.0,-392.0,test
10697,3_square,0,0,322.0,373.0,606.0,417.0,284.0,44.0,train
10698,3_square,0,0,433.0,283.0,295.0,692.0,-138.0,409.0,test
10699,3_square,0,0,186.0,660.0,184.0,597.0,-2.0,-63.0,train
10700,3_square,0,0,543.0,190.0,787.0,565.0,244.0,375.0,val
10701,3_square,0,0,528.0,314.0,109.0,695.0,-419.0,381.0,train
10702,3_square,0,0,485.0,777.0,713.0,848.0,228.0,71.0,train
10703,3_square,0,0,380.0,768.0,664.0,105.0,284.0,-663.0,val
10704,3_square,0,0,794.0,266.0,841.0,735.0,47.0,469.0,train
10705,3_square,0,0,644.0,267.0,266.0,127.0,-378.0,-140.0,train
10706,3_square,0,0,609.0,148.0,765.0,106.0,156.0,-42.0,train
10707,3_square,0,0,367.0,554.0,435.0,891.0,68.0,337.0,test
10708,3_square,0,0,850.0,341.0,850.0,253.0,0.0,-88.0,train
10709,3_square,0,0,632.0,467.0,439.0,151.0,-193.0,-316.0,test
10710,3_square,0,0,543.0,216.0,885.0,325.0,342.0,109.0,train
10711,3_square,0,0,710.0,515.0,155.0,384.0,-555.0,-131.0,val
10712,3_square,0,0,733.0,874.0,735.0,620.0,2.0,-254.0,test
10713,3_square,0,0,736.0,581.0,450.0,487.0,-286.0,-94.0,train
10714,3_square,0,0,553.0,205.0,378.0,451.0,-175.0,246.0,train
10715,3_square,0,0,186.0,461.0,217.0,628.0,31.0,167.0,train
10716,3_square,0,0,395.0,347.0,400.0,764.0,5.0,417.0,train
10717,3_square,0,0,334.0,587.0,583.0,776.0,249.0,189.0,train
10718,3_square,0,0,537.0,737.0,738.0,740.0,201.0,3.0,val
10719,3_square,0,0,284.0,818.0,568.0,187.0,284.0,-631.0,train
10720,3_square,0,0,686.0,528.0,359.0,880.0,-327.0,352.0,train
10721,3_square,0,0,849.0,389.0,761.0,416.0,-88.0,27.0,val
10722,3_square,0,0,597.0,840.0,255.0,129.0,-342.0,-711.0,train
10723,3_square,0,0,138.0,644.0,637.0,375.0,499.0,-269.0,test
10724,3_square,0,0,714.0,811.0,759.0,328.0,45.0,-483.0,train
10725,3_square,0,0,314.0,227.0,798.0,510.0,484.0,283.0,train
10726,3_square,0,0,744.0,758.0,665.0,333.0,-79.0,-425.0,train
10727,3_square,0,0,597.0,614.0,536.0,225.0,-61.0,-389.0,train
10728,3_square,0,0,847.0,577.0,431.0,152.0,-416.0,-425.0,test
10729,3_square,0,0,354.0,253.0,512.0,777.0,158.0,524.0,train
10730,3_square,0,0,247.0,247.0,808.0,521.0,561.0,274.0,train
10731,3_square,0,0,887.0,381.0,681.0,143.0,-206.0,-238.0,train
10732,3_square,0,0,262.0,345.0,380.0,802.0,118.0,457.0,train
10733,3_square,0,0,214.0,323.0,314.0,368.0,100.0,45.0,train
10734,3_square,0,0,877.0,664.0,585.0,524.0,-292.0,-140.0,train
10735,3_square,0,0,847.0,474.0,826.0,703.0,-21.0,229.0,train
10736,3_square,0,0,565.0,281.0,449.0,697.0,-116.0,416.0,train
10737,3_square,0,0,442.0,794.0,372.0,322.0,-70.0,-472.0,val
10738,3_square,0,0,443.0,574.0,637.0,477.0,194.0,-97.0,train
10739,3_square,0,0,844.0,276.0,681.0,541.0,-163.0,265.0,train
10740,3_square,0,0,888.0,394.0,388.0,324.0,-500.0,-70.0,test
10741,3_square,0,0,802.0,811.0,175.0,749.0,-627.0,-62.0,train
10742,3_square,0,0,889.0,699.0,574.0,564.0,-315.0,-135.0,train
10743,3_square,0,0,605.0,740.0,826.0,622.0,221.0,-118.0,train
10744,3_square,0,0,407.0,111.0,322.0,643.0,-85.0,532.0,test
10745,3_square,0,0,391.0,541.0,651.0,693.0,260.0,152.0,train
10746,3_square,0,0,240.0,515.0,154.0,372.0,-86.0,-143.0,train
10747,3_square,0,0,689.0,730.0,382.0,484.0,-307.0,-246.0,train
10748,3_square,0,0,192.0,439.0,503.0,580.0,311.0,141.0,test
10749,3_square,0,0,325.0,373.0,839.0,206.0,514.0,-167.0,val
10750,3_square,0,0,222.0,744.0,734.0,759.0,512.0,15.0,train
10751,3_square,0,0,599.0,302.0,426.0,804.0,-173.0,502.0,train
10752,3_square,0,0,209.0,743.0,500.0,796.0,291.0,53.0,train
10753,3_square,0,0,834.0,556.0,177.0,327.0,-657.0,-229.0,train
10754,3_square,0,0,334.0,645.0,500.0,711.0,166.0,66.0,train
10755,3_square,0,0,376.0,785.0,438.0,570.0,62.0,-215.0,train
10756,3_square,0,0,585.0,158.0,346.0,757.0,-239.0,599.0,train
10757,3_square,0,0,292.0,743.0,712.0,717.0,420.0,-26.0,train
10758,3_square,0,0,166.0,143.0,132.0,214.0,-34.0,71.0,train
10759,3_square,0,0,303.0,337.0,681.0,799.0,378.0,462.0,train
10760,3_square,0,0,516.0,621.0,716.0,253.0,200.0,-368.0,test
10761,3_square,0,0,210.0,671.0,637.0,270.0,427.0,-401.0,test
10762,3_square,0,0,222.0,288.0,504.0,718.0,282.0,430.0,train
10763,3_square,0,0,278.0,287.0,436.0,707.0,158.0,420.0,val
10764,3_square,0,0,326.0,109.0,236.0,557.0,-90.0,448.0,train
10765,3_square,0,0,548.0,408.0,516.0,145.0,-32.0,-263.0,train
10766,3_square,0,0,880.0,429.0,513.0,621.0,-367.0,192.0,test
10767,3_square,0,0,151.0,130.0,490.0,480.0,339.0,350.0,train
10768,3_square,0,0,560.0,184.0,534.0,332.0,-26.0,148.0,train
10769,3_square,0,0,714.0,879.0,618.0,897.0,-96.0,18.0,train
10770,3_square,0,0,178.0,393.0,619.0,490.0,441.0,97.0,train
10771,3_square,0,0,375.0,371.0,214.0,325.0,-161.0,-46.0,train
10772,3_square,0,0,841.0,697.0,567.0,247.0,-274.0,-450.0,train
10773,3_square,0,0,774.0,836.0,603.0,577.0,-171.0,-259.0,train
10774,3_square,0,0,113.0,336.0,205.0,184.0,92.0,-152.0,train
10775,3_square,0,0,534.0,568.0,594.0,209.0,60.0,-359.0,train
10776,3_square,0,0,294.0,561.0,105.0,501.0,-189.0,-60.0,train
10777,3_square,0,0,293.0,533.0,473.0,501.0,180.0,-32.0,train
10778,3_square,0,0,281.0,772.0,864.0,376.0,583.0,-396.0,train
10779,3_square,0,0,730.0,337.0,202.0,240.0,-528.0,-97.0,train
10780,3_square,0,0,610.0,171.0,312.0,448.0,-298.0,277.0,train
10781,3_square,0,0,195.0,899.0,503.0,612.0,308.0,-287.0,train
10782,3_square,0,0,449.0,136.0,520.0,487.0,71.0,351.0,train
10783,3_square,0,0,664.0,825.0,727.0,607.0,63.0,-218.0,train
10784,3_square,0,0,873.0,207.0,158.0,215.0,-715.0,8.0,val
10785,3_square,0,0,688.0,347.0,863.0,398.0,175.0,51.0,train
10786,3_square,0,0,798.0,737.0,275.0,673.0,-523.0,-64.0,train
10787,3_square,0,0,432.0,274.0,206.0,341.0,-226.0,67.0,train
10788,3_square,0,0,276.0,750.0,459.0,745.0,183.0,-5.0,train
10789,3_square,0,0,343.0,356.0,872.0,687.0,529.0,331.0,val
10790,3_square,0,0,805.0,480.0,169.0,244.0,-636.0,-236.0,train
10791,3_square,0,0,131.0,579.0,248.0,644.0,117.0,65.0,train
10792,3_square,0,0,873.0,726.0,652.0,405.0,-221.0,-321.0,train
10793,3_square,0,0,405.0,592.0,387.0,330.0,-18.0,-262.0,train
10794,3_square,0,0,512.0,618.0,689.0,574.0,177.0,-44.0,train
10795,3_square,0,0,791.0,245.0,808.0,186.0,17.0,-59.0,train
10796,3_square,0,0,702.0,855.0,893.0,840.0,191.0,-15.0,train
10797,3_square,0,0,357.0,791.0,325.0,405.0,-32.0,-386.0,train
10798,3_square,0,0,508.0,371.0,230.0,320.0,-278.0,-51.0,train
10799,3_square,0,0,119.0,535.0,327.0,233.0,208.0,-302.0,train
10800,3_square,0,0,522.0,543.0,129.0,398.0,-393.0,-145.0,train
10801,3_square,0,0,671.0,100.0,384.0,729.0,-287.0,629.0,train
10802,3_square,0,0,789.0,234.0,600.0,525.0,-189.0,291.0,val
10803,3_square,0,0,541.0,819.0,112.0,619.0,-429.0,-200.0,train
10804,3_square,0,0,715.0,689.0,575.0,278.0,-140.0,-411.0,train
10805,3_square,0,0,409.0,293.0,438.0,807.0,29.0,514.0,train
10806,3_square,0,0,728.0,483.0,808.0,480.0,80.0,-3.0,train
10807,3_square,0,0,444.0,342.0,459.0,183.0,15.0,-159.0,train
10808,3_square,0,0,212.0,762.0,525.0,194.0,313.0,-568.0,train
10809,3_square,0,0,793.0,832.0,548.0,567.0,-245.0,-265.0,train
10810,3_square,0,0,120.0,675.0,348.0,773.0,228.0,98.0,train
10811,3_square,0,0,305.0,777.0,248.0,114.0,-57.0,-663.0,test
10812,3_square,0,0,251.0,563.0,430.0,331.0,179.0,-232.0,train
10813,3_square,0,0,851.0,199.0,143.0,259.0,-708.0,60.0,train
10814,3_square,0,0,831.0,350.0,651.0,692.0,-180.0,342.0,train
10815,3_square,0,0,887.0,391.0,873.0,300.0,-14.0,-91.0,train
10816,3_square,0,0,499.0,653.0,527.0,469.0,28.0,-184.0,val
10817,3_square,0,0,476.0,461.0,658.0,156.0,182.0,-305.0,train
10818,3_square,0,0,213.0,723.0,559.0,401.0,346.0,-322.0,train
10819,3_square,0,0,165.0,877.0,598.0,565.0,433.0,-312.0,val
10820,3_square,0,0,395.0,314.0,845.0,293.0,450.0,-21.0,train
10821,3_square,0,0,866.0,661.0,668.0,114.0,-198.0,-547.0,train
10822,3_square,0,0,161.0,433.0,618.0,807.0,457.0,374.0,train
10823,3_square,0,0,540.0,605.0,832.0,796.0,292.0,191.0,test
10824,3_square,0,0,320.0,866.0,301.0,722.0,-19.0,-144.0,val
10825,3_square,0,0,295.0,285.0,558.0,379.0,263.0,94.0,train
10826,3_square,0,0,397.0,105.0,611.0,812.0,214.0,707.0,train
10827,3_square,0,0,147.0,402.0,406.0,267.0,259.0,-135.0,train
10828,3_square,0,0,235.0,213.0,240.0,338.0,5.0,125.0,train
10829,3_square,0,0,316.0,608.0,322.0,300.0,6.0,-308.0,train
10830,3_square,0,0,624.0,485.0,234.0,360.0,-390.0,-125.0,train
10831,3_square,0,0,802.0,401.0,113.0,233.0,-689.0,-168.0,train
10832,3_square,0,0,478.0,234.0,551.0,155.0,73.0,-79.0,train
10833,3_square,0,0,674.0,829.0,775.0,123.0,101.0,-706.0,train
10834,3_square,0,0,838.0,130.0,167.0,838.0,-671.0,708.0,train
10835,3_square,0,0,482.0,126.0,333.0,569.0,-149.0,443.0,train
10836,3_square,0,0,833.0,575.0,180.0,385.0,-653.0,-190.0,train
10837,3_square,0,0,802.0,124.0,345.0,179.0,-457.0,55.0,train
10838,3_square,0,0,895.0,487.0,506.0,846.0,-389.0,359.0,train
10839,3_square,0,0,687.0,866.0,501.0,169.0,-186.0,-697.0,test
10840,3_square,0,0,207.0,304.0,677.0,508.0,470.0,204.0,train
10841,3_square,0,0,713.0,332.0,721.0,394.0,8.0,62.0,train
10842,3_square,0,0,882.0,507.0,218.0,894.0,-664.0,387.0,train
10843,3_square,0,0,416.0,284.0,371.0,895.0,-45.0,611.0,train
10844,3_square,0,0,274.0,350.0,624.0,882.0,350.0,532.0,train
10845,3_square,0,0,447.0,694.0,447.0,748.0,0.0,54.0,train
10846,3_square,0,0,217.0,592.0,537.0,409.0,320.0,-183.0,train
10847,3_square,0,0,182.0,320.0,668.0,628.0,486.0,308.0,train
10848,3_square,0,0,326.0,318.0,561.0,346.0,235.0,28.0,train
10849,3_square,0,0,768.0,595.0,767.0,246.0,-1.0,-349.0,train
10850,3_square,0,0,274.0,609.0,666.0,494.0,392.0,-115.0,test
10851,3_square,0,0,671.0,842.0,619.0,263.0,-52.0,-579.0,train
10852,3_square,0,0,617.0,215.0,398.0,290.0,-219.0,75.0,test
10853,3_square,0,0,832.0,422.0,389.0,366.0,-443.0,-56.0,test
10854,3_square,0,0,606.0,217.0,838.0,468.0,232.0,251.0,train
10855,3_square,0,0,662.0,295.0,163.0,844.0,-499.0,549.0,val
10856,3_square,0,0,821.0,532.0,735.0,330.0,-86.0,-202.0,train
10857,3_square,0,0,521.0,282.0,438.0,261.0,-83.0,-21.0,train
10858,3_square,0,0,444.0,104.0,690.0,546.0,246.0,442.0,train
10859,3_square,0,0,374.0,479.0,421.0,444.0,47.0,-35.0,train
10860,3_square,0,0,618.0,407.0,401.0,590.0,-217.0,183.0,train
10861,3_square,0,0,146.0,290.0,108.0,383.0,-38.0,93.0,val
10862,3_square,0,0,320.0,785.0,615.0,589.0,295.0,-196.0,train
10863,3_square,0,0,415.0,554.0,239.0,422.0,-176.0,-132.0,train
10864,3_square,0,0,406.0,412.0,178.0,401.0,-228.0,-11.0,train
10865,3_square,0,0,703.0,143.0,619.0,514.0,-84.0,371.0,train
10866,3_square,0,0,790.0,268.0,856.0,190.0,66.0,-78.0,train
10867,3_square,0,0,657.0,321.0,679.0,414.0,22.0,93.0,test
10868,3_square,0,0,467.0,874.0,139.0,697.0,-328.0,-177.0,train
10869,3_square,0,0,249.0,369.0,214.0,356.0,-35.0,-13.0,train
10870,3_square,0,0,631.0,616.0,539.0,844.0,-92.0,228.0,val
10871,3_square,0,0,405.0,129.0,824.0,534.0,419.0,405.0,train
10872,3_square,0,0,886.0,634.0,808.0,523.0,-78.0,-111.0,train
10873,3_square,0,0,209.0,199.0,770.0,432.0,561.0,233.0,train
10874,3_square,0,0,233.0,774.0,711.0,520.0,478.0,-254.0,train
10875,3_square,0,0,698.0,557.0,752.0,890.0,54.0,333.0,test
10876,3_square,0,0,527.0,664.0,867.0,314.0,340.0,-350.0,train
10877,3_square,0,0,223.0,718.0,618.0,433.0,395.0,-285.0,train
10878,3_square,0,0,321.0,822.0,621.0,169.0,300.0,-653.0,train
10879,3_square,0,0,486.0,144.0,806.0,165.0,320.0,21.0,train
10880,3_square,0,0,778.0,204.0,448.0,206.0,-330.0,2.0,train
10881,3_square,0,0,503.0,305.0,513.0,897.0,10.0,592.0,train
10882,3_square,0,0,477.0,367.0,804.0,372.0,327.0,5.0,train
10883,3_square,0,0,557.0,204.0,876.0,621.0,319.0,417.0,train
10884,3_square,0,0,708.0,885.0,858.0,476.0,150.0,-409.0,train
10885,3_square,0,0,120.0,514.0,817.0,474.0,697.0,-40.0,test
10886,3_square,0,0,334.0,435.0,610.0,732.0,276.0,297.0,val
10887,3_square,0,0,246.0,828.0,277.0,773.0,31.0,-55.0,train
10888,3_square,0,0,636.0,196.0,647.0,211.0,11.0,15.0,train
10889,3_square,0,0,727.0,880.0,688.0,518.0,-39.0,-362.0,train
10890,3_square,0,0,688.0,600.0,720.0,319.0,32.0,-281.0,train
10891,3_square,0,0,348.0,401.0,152.0,265.0,-196.0,-136.0,train
10892,3_square,0,0,439.0,670.0,530.0,228.0,91.0,-442.0,train
10893,3_square,0,0,475.0,335.0,880.0,759.0,405.0,424.0,train
10894,3_square,0,0,397.0,832.0,263.0,267.0,-134.0,-565.0,train
10895,3_square,0,0,116.0,454.0,244.0,580.0,128.0,126.0,train
10896,3_square,0,0,766.0,804.0,129.0,284.0,-637.0,-520.0,train
10897,3_square,0,0,246.0,809.0,286.0,661.0,40.0,-148.0,train
10898,3_square,0,0,540.0,220.0,874.0,577.0,334.0,357.0,train
10899,3_square,0,0,869.0,220.0,868.0,658.0,-1.0,438.0,train
10900,3_square,0,0,126.0,857.0,623.0,265.0,497.0,-592.0,test
10901,3_square,0,0,296.0,769.0,524.0,770.0,228.0,1.0,train
10902,3_square,0,0,428.0,225.0,872.0,795.0,444.0,570.0,val
10903,3_square,0,0,332.0,715.0,552.0,402.0,220.0,-313.0,val
10904,3_square,0,0,469.0,447.0,897.0,446.0,428.0,-1.0,train
10905,3_square,0,0,186.0,215.0,418.0,253.0,232.0,38.0,train
10906,3_square,0,0,836.0,478.0,726.0,890.0,-110.0,412.0,train
10907,3_square,0,0,301.0,161.0,283.0,855.0,-18.0,694.0,train
10908,3_square,0,0,739.0,646.0,527.0,805.0,-212.0,159.0,train
10909,3_square,0,0,530.0,456.0,320.0,846.0,-210.0,390.0,test
10910,3_square,0,0,424.0,205.0,883.0,591.0,459.0,386.0,train
10911,3_square,0,0,198.0,432.0,520.0,122.0,322.0,-310.0,val
10912,3_square,0,0,601.0,874.0,705.0,583.0,104.0,-291.0,train
10913,3_square,0,0,701.0,379.0,316.0,379.0,-385.0,0.0,val
10914,3_square,0,0,552.0,646.0,180.0,240.0,-372.0,-406.0,train
10915,3_square,0,0,496.0,578.0,572.0,485.0,76.0,-93.0,train
10916,3_square,0,0,249.0,766.0,312.0,812.0,63.0,46.0,train
10917,3_square,0,0,262.0,296.0,518.0,188.0,256.0,-108.0,train
10918,3_square,0,0,524.0,532.0,620.0,631.0,96.0,99.0,train
10919,3_square,0,0,322.0,749.0,269.0,292.0,-53.0,-457.0,train
10920,3_square,0,0,528.0,511.0,227.0,520.0,-301.0,9.0,train
10921,3_square,0,0,668.0,512.0,150.0,275.0,-518.0,-237.0,train
10922,3_square,0,0,583.0,438.0,351.0,662.0,-232.0,224.0,train
10923,3_square,0,0,645.0,601.0,529.0,220.0,-116.0,-381.0,train
10924,3_square,0,0,461.0,285.0,101.0,528.0,-360.0,243.0,test
10925,3_square,0,0,399.0,414.0,214.0,706.0,-185.0,292.0,test
10926,3_square,0,0,534.0,665.0,616.0,223.0,82.0,-442.0,train
10927,3_square,0,0,486.0,125.0,536.0,486.0,50.0,361.0,train
10928,3_square,0,0,806.0,260.0,288.0,467.0,-518.0,207.0,train
10929,3_square,0,0,605.0,219.0,256.0,328.0,-349.0,109.0,train
10930,3_square,0,0,453.0,478.0,785.0,314.0,332.0,-164.0,train
10931,3_square,0,0,294.0,677.0,744.0,846.0,450.0,169.0,train
10932,3_square,0,0,676.0,359.0,710.0,641.0,34.0,282.0,train
10933,3_square,0,0,166.0,481.0,553.0,815.0,387.0,334.0,train
10934,3_square,0,0,733.0,866.0,787.0,592.0,54.0,-274.0,train
10935,3_square,0,0,369.0,415.0,450.0,561.0,81.0,146.0,test
10936,3_square,0,0,397.0,660.0,179.0,294.0,-218.0,-366.0,train
10937,3_square,0,0,475.0,329.0,881.0,806.0,406.0,477.0,train
10938,3_square,0,0,614.0,794.0,166.0,201.0,-448.0,-593.0,train
10939,3_square,0,0,787.0,407.0,314.0,306.0,-473.0,-101.0,train
10940,3_square,0,0,363.0,234.0,850.0,733.0,487.0,499.0,train
10941,3_square,0,0,386.0,400.0,398.0,671.0,12.0,271.0,train
10942,3_square,0,0,416.0,134.0,191.0,234.0,-225.0,100.0,train
10943,3_square,0,0,205.0,392.0,332.0,688.0,127.0,296.0,train
10944,3_square,0,0,528.0,799.0,392.0,780.0,-136.0,-19.0,train
10945,3_square,0,0,225.0,804.0,518.0,504.0,293.0,-300.0,val
10946,3_square,0,0,706.0,479.0,726.0,212.0,20.0,-267.0,train
10947,3_square,0,0,552.0,773.0,104.0,148.0,-448.0,-625.0,val
10948,3_square,0,0,792.0,825.0,848.0,666.0,56.0,-159.0,train
10949,3_square,0,0,716.0,761.0,786.0,338.0,70.0,-423.0,train
10950,3_square,0,0,293.0,247.0,189.0,894.0,-104.0,647.0,train
10951,3_square,0,0,369.0,374.0,640.0,636.0,271.0,262.0,train
10952,3_square,0,0,831.0,365.0,109.0,160.0,-722.0,-205.0,train
10953,3_square,0,0,513.0,430.0,438.0,404.0,-75.0,-26.0,train
10954,3_square,0,0,879.0,642.0,230.0,300.0,-649.0,-342.0,train
10955,3_square,0,0,329.0,430.0,788.0,655.0,459.0,225.0,train
10956,3_square,0,0,681.0,884.0,635.0,316.0,-46.0,-568.0,train
10957,3_square,0,0,388.0,461.0,617.0,470.0,229.0,9.0,train
10958,3_square,0,0,896.0,608.0,636.0,751.0,-260.0,143.0,train
10959,3_square,0,0,114.0,271.0,198.0,521.0,84.0,250.0,train
10960,3_square,0,0,323.0,717.0,847.0,274.0,524.0,-443.0,train
10961,3_square,0,0,727.0,441.0,306.0,525.0,-421.0,84.0,train
10962,3_square,0,0,387.0,581.0,304.0,201.0,-83.0,-380.0,train
10963,3_square,0,0,198.0,663.0,758.0,406.0,560.0,-257.0,train
10964,3_square,0,0,321.0,454.0,627.0,781.0,306.0,327.0,train
10965,3_square,0,0,376.0,178.0,600.0,543.0,224.0,365.0,test
10966,3_square,0,0,362.0,190.0,884.0,341.0,522.0,151.0,train
10967,3_square,0,0,170.0,425.0,822.0,778.0,652.0,353.0,test
10968,3_square,0,0,266.0,129.0,110.0,777.0,-156.0,648.0,train
10969,3_square,0,0,527.0,406.0,829.0,253.0,302.0,-153.0,val
10970,3_square,0,0,424.0,586.0,208.0,690.0,-216.0,104.0,train
10971,3_square,0,0,201.0,107.0,172.0,846.0,-29.0,739.0,train
10972,3_square,0,0,318.0,149.0,785.0,586.0,467.0,437.0,train
10973,3_square,0,0,659.0,177.0,525.0,839.0,-134.0,662.0,train
10974,3_square,0,0,163.0,382.0,861.0,843.0,698.0,461.0,train
10975,3_square,0,0,699.0,668.0,590.0,615.0,-109.0,-53.0,val
10976,3_square,0,0,317.0,105.0,780.0,539.0,463.0,434.0,test
10977,3_square,0,0,700.0,305.0,664.0,695.0,-36.0,390.0,train
10978,3_square,0,0,187.0,872.0,711.0,511.0,524.0,-361.0,train
10979,3_square,0,0,688.0,575.0,732.0,182.0,44.0,-393.0,train
10980,3_square,0,0,551.0,323.0,760.0,239.0,209.0,-84.0,train
10981,3_square,0,0,847.0,445.0,750.0,121.0,-97.0,-324.0,train
10982,3_square,0,0,757.0,495.0,556.0,781.0,-201.0,286.0,train
10983,3_square,0,0,443.0,412.0,250.0,453.0,-193.0,41.0,train
10984,3_square,0,0,329.0,319.0,458.0,248.0,129.0,-71.0,train
10985,3_square,0,0,362.0,241.0,473.0,535.0,111.0,294.0,test
10986,3_square,0,0,687.0,327.0,898.0,300.0,211.0,-27.0,train
10987,3_square,0,0,505.0,132.0,435.0,630.0,-70.0,498.0,train
10988,3_square,0,0,582.0,770.0,783.0,177.0,201.0,-593.0,test
10989,3_square,0,0,178.0,413.0,218.0,392.0,40.0,-21.0,train
10990,3_square,0,0,264.0,473.0,815.0,523.0,551.0,50.0,train
10991,3_square,0,0,859.0,128.0,685.0,823.0,-174.0,695.0,train
10992,3_square,0,0,397.0,114.0,179.0,238.0,-218.0,124.0,train
10993,3_square,0,0,694.0,227.0,791.0,200.0,97.0,-27.0,train
10994,3_square,0,0,837.0,882.0,738.0,692.0,-99.0,-190.0,train
10995,3_square,0,0,112.0,321.0,742.0,596.0,630.0,275.0,val
10996,3_square,0,0,151.0,648.0,228.0,779.0,77.0,131.0,train
10997,3_square,0,0,799.0,322.0,495.0,628.0,-304.0,306.0,train
10998,3_square,0,0,723.0,543.0,102.0,203.0,-621.0,-340.0,train
10999,3_square,0,0,396.0,160.0,185.0,270.0,-211.0,110.0,val
11000,2_square,0,0,764.0,141.0,442.0,522.0,-322.0,381.0,train
11001,2_square,0,0,285.0,790.0,111.0,844.0,-174.0,54.0,train
11002,2_square,0,0,849.0,100.0,357.0,166.0,-492.0,66.0,train
11003,2_square,0,0,330.0,857.0,251.0,271.0,-79.0,-586.0,train
11004,2_square,0,0,784.0,307.0,284.0,829.0,-500.0,522.0,train
11005,2_square,0,0,292.0,439.0,154.0,437.0,-138.0,-2.0,train
11006,2_square,0,0,699.0,782.0,112.0,285.0,-587.0,-497.0,train
11007,2_square,0,0,386.0,413.0,626.0,360.0,240.0,-53.0,train
11008,2_square,0,0,588.0,797.0,670.0,173.0,82.0,-624.0,train
11009,2_square,0,0,500.0,548.0,117.0,633.0,-383.0,85.0,train
11010,2_square,0,0,778.0,541.0,598.0,350.0,-180.0,-191.0,train
11011,2_square,0,0,167.0,174.0,115.0,152.0,-52.0,-22.0,test
11012,2_square,0,0,580.0,411.0,611.0,280.0,31.0,-131.0,train
11013,2_square,0,0,665.0,376.0,148.0,425.0,-517.0,49.0,train
11014,2_square,0,0,786.0,344.0,685.0,436.0,-101.0,92.0,train
11015,2_square,0,0,576.0,454.0,796.0,656.0,220.0,202.0,train
11016,2_square,0,0,711.0,211.0,143.0,462.0,-568.0,251.0,train
11017,2_square,0,0,427.0,278.0,258.0,686.0,-169.0,408.0,train
11018,2_square,0,0,861.0,513.0,557.0,750.0,-304.0,237.0,train
11019,2_square,0,0,207.0,692.0,266.0,880.0,59.0,188.0,train
11020,2_square,0,0,793.0,173.0,189.0,689.0,-604.0,516.0,train
11021,2_square,0,0,736.0,777.0,268.0,584.0,-468.0,-193.0,val
11022,2_square,0,0,741.0,556.0,662.0,812.0,-79.0,256.0,train
11023,2_square,0,0,877.0,367.0,354.0,394.0,-523.0,27.0,train
11024,2_square,0,0,415.0,332.0,896.0,324.0,481.0,-8.0,train
11025,2_square,0,0,788.0,821.0,178.0,683.0,-610.0,-138.0,train
11026,2_square,0,0,529.0,281.0,720.0,153.0,191.0,-128.0,train
11027,2_square,0,0,838.0,283.0,811.0,878.0,-27.0,595.0,train
11028,2_square,0,0,508.0,616.0,697.0,595.0,189.0,-21.0,train
11029,2_square,0,0,882.0,501.0,871.0,193.0,-11.0,-308.0,train
11030,2_square,0,0,484.0,548.0,568.0,328.0,84.0,-220.0,train
11031,2_square,0,0,382.0,683.0,699.0,771.0,317.0,88.0,train
11032,2_square,0,0,202.0,846.0,727.0,451.0,525.0,-395.0,train
11033,2_square,0,0,827.0,820.0,520.0,426.0,-307.0,-394.0,train
11034,2_square,0,0,602.0,857.0,893.0,897.0,291.0,40.0,val
11035,2_square,0,0,118.0,634.0,250.0,295.0,132.0,-339.0,train
11036,2_square,0,0,851.0,226.0,741.0,414.0,-110.0,188.0,train
11037,2_square,0,0,835.0,374.0,761.0,474.0,-74.0,100.0,train
11038,2_square,0,0,818.0,701.0,847.0,546.0,29.0,-155.0,train
11039,2_square,0,0,655.0,578.0,433.0,318.0,-222.0,-260.0,train
11040,2_square,0,0,834.0,305.0,386.0,488.0,-448.0,183.0,val
11041,2_square,0,0,353.0,887.0,368.0,537.0,15.0,-350.0,train
11042,2_square,0,0,285.0,313.0,278.0,758.0,-7.0,445.0,train
11043,2_square,0,0,369.0,100.0,402.0,654.0,33.0,554.0,val
11044,2_square,0,0,558.0,767.0,619.0,120.0,61.0,-647.0,train
11045,2_square,0,0,510.0,764.0,239.0,619.0,-271.0,-145.0,train
11046,2_square,0,0,230.0,334.0,252.0,365.0,22.0,31.0,train
11047,2_square,0,0,189.0,560.0,847.0,831.0,658.0,271.0,train
11048,2_square,0,0,487.0,724.0,644.0,394.0,157.0,-330.0,train
11049,2_square,0,0,815.0,147.0,499.0,699.0,-316.0,552.0,train
11050,2_square,0,0,635.0,549.0,833.0,239.0,198.0,-310.0,test
11051,2_square,0,0,600.0,247.0,873.0,239.0,273.0,-8.0,train
11052,2_square,0,0,352.0,718.0,119.0,406.0,-233.0,-312.0,train
11053,2_square,0,0,707.0,231.0,565.0,678.0,-142.0,447.0,train
11054,2_square,0,0,794.0,675.0,876.0,689.0,82.0,14.0,val
11055,2_square,0,0,613.0,327.0,879.0,556.0,266.0,229.0,train
11056,2_square,0,0,300.0,407.0,834.0,718.0,534.0,311.0,train
11057,2_square,0,0,576.0,414.0,595.0,600.0,19.0,186.0,train
11058,2_square,0,0,428.0,248.0,464.0,813.0,36.0,565.0,train
11059,2_square,0,0,681.0,179.0,755.0,744.0,74.0,565.0,train
11060,2_square,0,0,137.0,109.0,521.0,736.0,384.0,627.0,test
11061,2_square,0,0,551.0,510.0,462.0,877.0,-89.0,367.0,train
11062,2_square,0,0,224.0,839.0,353.0,341.0,129.0,-498.0,train
11063,2_square,0,0,492.0,233.0,605.0,223.0,113.0,-10.0,test
11064,2_square,0,0,161.0,744.0,541.0,348.0,380.0,-396.0,train
11065,2_square,0,0,522.0,660.0,384.0,746.0,-138.0,86.0,train
11066,2_square,0,0,262.0,707.0,462.0,425.0,200.0,-282.0,train
11067,2_square,0,0,759.0,809.0,566.0,210.0,-193.0,-599.0,train
11068,2_square,0,0,451.0,571.0,466.0,609.0,15.0,38.0,val
11069,2_square,0,0,350.0,141.0,317.0,728.0,-33.0,587.0,train
11070,2_square,0,0,599.0,377.0,153.0,692.0,-446.0,315.0,train
11071,2_square,0,0,687.0,693.0,325.0,253.0,-362.0,-440.0,train
11072,2_square,0,0,808.0,187.0,395.0,488.0,-413.0,301.0,train
11073,2_square,0,0,807.0,482.0,564.0,446.0,-243.0,-36.0,train
11074,2_square,0,0,552.0,863.0,372.0,281.0,-180.0,-582.0,train
11075,2_square,0,0,667.0,652.0,424.0,640.0,-243.0,-12.0,test
11076,2_square,0,0,680.0,742.0,169.0,549.0,-511.0,-193.0,train
11077,2_square,0,0,676.0,771.0,693.0,665.0,17.0,-106.0,train
11078,2_square,0,0,545.0,109.0,108.0,205.0,-437.0,96.0,train
11079,2_square,0,0,109.0,149.0,572.0,264.0,463.0,115.0,train
11080,2_square,0,0,704.0,508.0,539.0,624.0,-165.0,116.0,train
11081,2_square,0,0,802.0,836.0,869.0,310.0,67.0,-526.0,test
11082,2_square,0,0,262.0,742.0,385.0,134.0,123.0,-608.0,test
11083,2_square,0,0,494.0,227.0,777.0,413.0,283.0,186.0,train
11084,2_square,0,0,193.0,583.0,563.0,255.0,370.0,-328.0,train
11085,2_square,0,0,900.0,127.0,388.0,777.0,-512.0,650.0,train
11086,2_square,0,0,877.0,841.0,793.0,673.0,-84.0,-168.0,train
11087,2_square,0,0,480.0,217.0,588.0,416.0,108.0,199.0,val
11088,2_square,0,0,230.0,780.0,542.0,132.0,312.0,-648.0,train
11089,2_square,0,0,520.0,267.0,150.0,815.0,-370.0,548.0,train
11090,2_square,0,0,744.0,216.0,828.0,663.0,84.0,447.0,train
11091,2_square,0,0,266.0,134.0,372.0,577.0,106.0,443.0,test
11092,2_square,0,0,671.0,343.0,152.0,353.0,-519.0,10.0,test
11093,2_square,0,0,165.0,354.0,466.0,485.0,301.0,131.0,train
11094,2_square,0,0,672.0,356.0,716.0,715.0,44.0,359.0,test
11095,2_square,0,0,110.0,843.0,796.0,641.0,686.0,-202.0,train
11096,2_square,0,0,865.0,230.0,853.0,141.0,-12.0,-89.0,train
11097,2_square,0,0,598.0,151.0,633.0,796.0,35.0,645.0,test
11098,2_square,0,0,623.0,145.0,634.0,336.0,11.0,191.0,train
11099,2_square,0,0,730.0,513.0,287.0,194.0,-443.0,-319.0,val
11100,2_square,0,0,439.0,823.0,823.0,249.0,384.0,-574.0,train
11101,2_square,0,0,335.0,585.0,191.0,896.0,-144.0,311.0,train
11102,2_square,0,0,411.0,529.0,652.0,840.0,241.0,311.0,train
11103,2_square,0,0,120.0,863.0,143.0,718.0,23.0,-145.0,test
11104,2_square,0,0,524.0,275.0,640.0,543.0,116.0,268.0,train
11105,2_square,0,0,199.0,779.0,649.0,344.0,450.0,-435.0,test
11106,2_square,0,0,223.0,442.0,531.0,497.0,308.0,55.0,train
11107,2_square,0,0,125.0,383.0,511.0,475.0,386.0,92.0,train
11108,2_square,0,0,664.0,208.0,794.0,747.0,130.0,539.0,train
11109,2_square,0,0,804.0,557.0,453.0,535.0,-351.0,-22.0,train
11110,2_square,0,0,681.0,719.0,654.0,285.0,-27.0,-434.0,train
11111,2_square,0,0,435.0,739.0,618.0,169.0,183.0,-570.0,val
11112,2_square,0,0,248.0,800.0,689.0,152.0,441.0,-648.0,val
11113,2_square,0,0,356.0,609.0,637.0,834.0,281.0,225.0,train
11114,2_square,0,0,506.0,505.0,310.0,222.0,-196.0,-283.0,train
11115,2_square,0,0,654.0,550.0,628.0,439.0,-26.0,-111.0,test
11116,2_square,0,0,443.0,161.0,583.0,557.0,140.0,396.0,train
11117,2_square,0,0,878.0,718.0,238.0,646.0,-640.0,-72.0,train
11118,2_square,0,0,581.0,742.0,539.0,631.0,-42.0,-111.0,train
11119,2_square,0,0,145.0,695.0,281.0,678.0,136.0,-17.0,val
11120,2_square,0,0,888.0,637.0,246.0,434.0,-642.0,-203.0,train
11121,2_square,0,0,231.0,631.0,451.0,244.0,220.0,-387.0,train
11122,2_square,0,0,389.0,532.0,111.0,643.0,-278.0,111.0,train
11123,2_square,0,0,747.0,618.0,784.0,279.0,37.0,-339.0,train
11124,2_square,0,0,832.0,121.0,391.0,548.0,-441.0,427.0,train
11125,2_square,0,0,580.0,724.0,132.0,249.0,-448.0,-475.0,train
11126,2_square,0,0,185.0,694.0,241.0,858.0,56.0,164.0,train
11127,2_square,0,0,484.0,888.0,471.0,194.0,-13.0,-694.0,train
11128,2_square,0,0,509.0,304.0,417.0,653.0,-92.0,349.0,train
11129,2_square,0,0,758.0,234.0,323.0,181.0,-435.0,-53.0,train
11130,2_square,0,0,565.0,893.0,133.0,172.0,-432.0,-721.0,train
11131,2_square,0,0,782.0,349.0,441.0,793.0,-341.0,444.0,train
11132,2_square,0,0,351.0,599.0,319.0,377.0,-32.0,-222.0,train
11133,2_square,0,0,790.0,664.0,398.0,611.0,-392.0,-53.0,train
11134,2_square,0,0,638.0,153.0,747.0,400.0,109.0,247.0,test
11135,2_square,0,0,873.0,214.0,294.0,468.0,-579.0,254.0,train
11136,2_square,0,0,138.0,721.0,662.0,117.0,524.0,-604.0,train
11137,2_square,0,0,439.0,270.0,563.0,169.0,124.0,-101.0,train
11138,2_square,0,0,607.0,100.0,144.0,336.0,-463.0,236.0,train
11139,2_square,0,0,679.0,268.0,839.0,795.0,160.0,527.0,train
11140,2_square,0,0,346.0,105.0,676.0,236.0,330.0,131.0,val
11141,2_square,0,0,258.0,517.0,623.0,578.0,365.0,61.0,train
11142,2_square,0,0,852.0,822.0,193.0,704.0,-659.0,-118.0,train
11143,2_square,0,0,725.0,628.0,247.0,438.0,-478.0,-190.0,train
11144,2_square,0,0,844.0,628.0,721.0,813.0,-123.0,185.0,train
11145,2_square,0,0,711.0,579.0,680.0,368.0,-31.0,-211.0,train
11146,2_square,0,0,496.0,410.0,704.0,314.0,208.0,-96.0,train
11147,2_square,0,0,588.0,871.0,590.0,731.0,2.0,-140.0,train
11148,2_square,0,0,450.0,531.0,584.0,336.0,134.0,-195.0,train
11149,2_square,0,0,345.0,768.0,599.0,611.0,254.0,-157.0,train
11150,2_square,0,0,567.0,313.0,878.0,862.0,311.0,549.0,train
11151,2_square,0,0,287.0,236.0,259.0,701.0,-28.0,465.0,train
11152,2_square,0,0,266.0,235.0,705.0,584.0,439.0,349.0,train
11153,2_square,0,0,494.0,736.0,642.0,843.0,148.0,107.0,train
11154,2_square,0,0,277.0,241.0,744.0,893.0,467.0,652.0,train
11155,2_square,0,0,366.0,226.0,501.0,457.0,135.0,231.0,train
11156,2_square,0,0,586.0,226.0,886.0,897.0,300.0,671.0,val
11157,2_square,0,0,801.0,899.0,796.0,235.0,-5.0,-664.0,train
11158,2_square,0,0,277.0,156.0,623.0,593.0,346.0,437.0,train
11159,2_square,0,0,389.0,629.0,773.0,147.0,384.0,-482.0,train
11160,2_square,0,0,471.0,896.0,393.0,707.0,-78.0,-189.0,test
11161,2_square,0,0,745.0,233.0,293.0,438.0,-452.0,205.0,train
11162,2_square,0,0,171.0,257.0,337.0,526.0,166.0,269.0,train
11163,2_square,0,0,453.0,744.0,406.0,258.0,-47.0,-486.0,test
11164,2_square,0,0,852.0,625.0,794.0,149.0,-58.0,-476.0,train
11165,2_square,0,0,808.0,837.0,431.0,500.0,-377.0,-337.0,train
11166,2_square,0,0,403.0,726.0,819.0,708.0,416.0,-18.0,train
11167,2_square,0,0,255.0,318.0,430.0,152.0,175.0,-166.0,train
11168,2_square,0,0,101.0,814.0,845.0,781.0,744.0,-33.0,train
11169,2_square,0,0,678.0,204.0,518.0,117.0,-160.0,-87.0,test
11170,2_square,0,0,889.0,553.0,279.0,712.0,-610.0,159.0,test
11171,2_square,0,0,727.0,848.0,624.0,205.0,-103.0,-643.0,train
11172,2_square,0,0,613.0,581.0,193.0,278.0,-420.0,-303.0,train
11173,2_square,0,0,818.0,760.0,126.0,497.0,-692.0,-263.0,train
11174,2_square,0,0,526.0,446.0,453.0,847.0,-73.0,401.0,train
11175,2_square,0,0,187.0,520.0,872.0,871.0,685.0,351.0,train
11176,2_square,0,0,198.0,164.0,663.0,553.0,465.0,389.0,train
11177,2_square,0,0,239.0,192.0,591.0,329.0,352.0,137.0,train
11178,2_square,0,0,261.0,686.0,425.0,641.0,164.0,-45.0,train
11179,2_square,0,0,644.0,268.0,327.0,596.0,-317.0,328.0,train
11180,2_square,0,0,282.0,398.0,105.0,347.0,-177.0,-51.0,train
11181,2_square,0,0,134.0,553.0,697.0,880.0,563.0,327.0,train
11182,2_square,0,0,301.0,688.0,344.0,742.0,43.0,54.0,train
11183,2_square,0,0,438.0,732.0,757.0,675.0,319.0,-57.0,train
11184,2_square,0,0,312.0,410.0,807.0,726.0,495.0,316.0,train
11185,2_square,0,0,860.0,732.0,754.0,796.0,-106.0,64.0,train
11186,2_square,0,0,196.0,425.0,300.0,655.0,104.0,230.0,val
11187,2_square,0,0,270.0,190.0,195.0,152.0,-75.0,-38.0,train
11188,2_square,0,0,315.0,770.0,837.0,598.0,522.0,-172.0,train
11189,2_square,0,0,422.0,660.0,298.0,625.0,-124.0,-35.0,test
11190,2_square,0,0,447.0,662.0,619.0,162.0,172.0,-500.0,train
11191,2_square,0,0,342.0,688.0,143.0,603.0,-199.0,-85.0,train
11192,2_square,0,0,685.0,135.0,458.0,639.0,-227.0,504.0,train
11193,2_square,0,0,850.0,668.0,432.0,357.0,-418.0,-311.0,train
11194,2_square,0,0,261.0,552.0,344.0,269.0,83.0,-283.0,train
11195,2_square,0,0,512.0,329.0,692.0,820.0,180.0,491.0,test
11196,2_square,0,0,623.0,368.0,362.0,371.0,-261.0,3.0,train
11197,2_square,0,0,488.0,457.0,186.0,275.0,-302.0,-182.0,train
11198,2_square,0,0,134.0,602.0,491.0,666.0,357.0,64.0,train
11199,2_square,0,0,344.0,614.0,635.0,760.0,291.0,146.0,train
11200,2_square,0,0,194.0,291.0,322.0,745.0,128.0,454.0,train
11201,2_square,0,0,810.0,203.0,191.0,615.0,-619.0,412.0,train
11202,2_square,0,0,232.0,656.0,106.0,831.0,-126.0,175.0,train
11203,2_square,0,0,361.0,695.0,384.0,364.0,23.0,-331.0,train
11204,2_square,0,0,356.0,668.0,306.0,178.0,-50.0,-490.0,train
11205,2_square,0,0,758.0,818.0,501.0,596.0,-257.0,-222.0,train
11206,2_square,0,0,162.0,753.0,490.0,203.0,328.0,-550.0,train
11207,2_square,0,0,188.0,755.0,727.0,119.0,539.0,-636.0,train
11208,2_square,0,0,645.0,368.0,842.0,708.0,197.0,340.0,test
11209,2_square,0,0,879.0,808.0,157.0,150.0,-722.0,-658.0,train
11210,2_square,0,0,758.0,130.0,219.0,451.0,-539.0,321.0,train
11211,2_square,0,0,484.0,744.0,737.0,339.0,253.0,-405.0,train
11212,2_square,0,0,348.0,861.0,772.0,533.0,424.0,-328.0,train
11213,2_square,0,0,530.0,403.0,500.0,836.0,-30.0,433.0,test
11214,2_square,0,0,116.0,196.0,306.0,307.0,190.0,111.0,train
11215,2_square,0,0,170.0,265.0,145.0,702.0,-25.0,437.0,train
11216,2_square,0,0,664.0,337.0,354.0,791.0,-310.0,454.0,val
11217,2_square,0,0,198.0,173.0,413.0,247.0,215.0,74.0,train
11218,2_square,0,0,765.0,428.0,388.0,535.0,-377.0,107.0,val
11219,2_square,0,0,448.0,579.0,334.0,805.0,-114.0,226.0,train
11220,2_square,0,0,468.0,708.0,870.0,227.0,402.0,-481.0,train
11221,2_square,0,0,475.0,731.0,786.0,745.0,311.0,14.0,train
11222,2_square,0,0,186.0,396.0,829.0,732.0,643.0,336.0,test
11223,2_square,0,0,303.0,594.0,784.0,469.0,481.0,-125.0,train
11224,2_square,0,0,154.0,124.0,353.0,644.0,199.0,520.0,train
11225,2_square,0,0,605.0,325.0,349.0,296.0,-256.0,-29.0,train
11226,2_square,0,0,218.0,115.0,647.0,420.0,429.0,305.0,train
11227,2_square,0,0,846.0,361.0,573.0,314.0,-273.0,-47.0,train
11228,2_square,0,0,496.0,285.0,789.0,891.0,293.0,606.0,train
11229,2_square,0,0,223.0,282.0,862.0,653.0,639.0,371.0,val
11230,2_square,0,0,367.0,349.0,295.0,654.0,-72.0,305.0,train
11231,2_square,0,0,865.0,257.0,720.0,259.0,-145.0,2.0,train
11232,2_square,0,0,445.0,480.0,418.0,812.0,-27.0,332.0,val
11233,2_square,0,0,867.0,128.0,565.0,566.0,-302.0,438.0,train
11234,2_square,0,0,772.0,507.0,600.0,232.0,-172.0,-275.0,train
11235,2_square,0,0,444.0,118.0,131.0,814.0,-313.0,696.0,train
11236,2_square,0,0,218.0,169.0,831.0,385.0,613.0,216.0,train
11237,2_square,0,0,594.0,860.0,246.0,255.0,-348.0,-605.0,train
11238,2_square,0,0,179.0,533.0,387.0,775.0,208.0,242.0,test
11239,2_square,0,0,495.0,234.0,336.0,492.0,-159.0,258.0,val
11240,2_square,0,0,102.0,244.0,467.0,482.0,365.0,238.0,train
11241,2_square,0,0,253.0,713.0,537.0,261.0,284.0,-452.0,train
11242,2_square,0,0,436.0,286.0,178.0,407.0,-258.0,121.0,train
11243,2_square,0,0,191.0,521.0,161.0,661.0,-30.0,140.0,train
11244,2_square,0,0,714.0,546.0,613.0,780.0,-101.0,234.0,train
11245,2_square,0,0,347.0,391.0,130.0,503.0,-217.0,112.0,train
11246,2_square,0,0,538.0,185.0,539.0,842.0,1.0,657.0,train
11247,2_square,0,0,884.0,285.0,419.0,321.0,-465.0,36.0,train
11248,2_square,0,0,572.0,578.0,863.0,718.0,291.0,140.0,test
11249,2_square,0,0,709.0,388.0,885.0,362.0,176.0,-26.0,train
11250,2_square,0,0,242.0,696.0,697.0,799.0,455.0,103.0,train
11251,2_square,0,0,323.0,635.0,188.0,652.0,-135.0,17.0,train
11252,2_square,0,0,510.0,770.0,799.0,141.0,289.0,-629.0,train
11253,2_square,0,0,288.0,312.0,718.0,349.0,430.0,37.0,val
11254,2_square,0,0,225.0,889.0,168.0,160.0,-57.0,-729.0,train
11255,2_square,0,0,279.0,469.0,724.0,845.0,445.0,376.0,train
11256,2_square,0,0,160.0,287.0,247.0,334.0,87.0,47.0,train
11257,2_square,0,0,297.0,798.0,878.0,329.0,581.0,-469.0,train
11258,2_square,0,0,737.0,714.0,319.0,298.0,-418.0,-416.0,train
11259,2_square,0,0,590.0,624.0,551.0,841.0,-39.0,217.0,val
11260,2_square,0,0,463.0,475.0,741.0,123.0,278.0,-352.0,train
11261,2_square,0,0,210.0,834.0,382.0,625.0,172.0,-209.0,train
11262,2_square,0,0,377.0,330.0,340.0,547.0,-37.0,217.0,test
11263,2_square,0,0,215.0,192.0,372.0,393.0,157.0,201.0,train
11264,2_square,0,0,747.0,242.0,622.0,306.0,-125.0,64.0,train
11265,2_square,0,0,785.0,365.0,437.0,727.0,-348.0,362.0,train
11266,2_square,0,0,785.0,869.0,710.0,418.0,-75.0,-451.0,train
11267,2_square,0,0,705.0,123.0,327.0,525.0,-378.0,402.0,train
11268,2_square,0,0,283.0,445.0,469.0,274.0,186.0,-171.0,train
11269,2_square,0,0,254.0,377.0,220.0,301.0,-34.0,-76.0,train
11270,2_square,0,0,662.0,589.0,629.0,133.0,-33.0,-456.0,train
11271,2_square,0,0,559.0,852.0,264.0,451.0,-295.0,-401.0,train
11272,2_square,0,0,536.0,157.0,668.0,698.0,132.0,541.0,val
11273,2_square,0,0,234.0,228.0,229.0,684.0,-5.0,456.0,train
11274,2_square,0,0,266.0,783.0,137.0,336.0,-129.0,-447.0,train
11275,2_square,0,0,841.0,806.0,860.0,160.0,19.0,-646.0,train
11276,2_square,0,0,390.0,333.0,785.0,234.0,395.0,-99.0,train
11277,2_square,0,0,864.0,716.0,493.0,110.0,-371.0,-606.0,val
11278,2_square,0,0,805.0,608.0,670.0,304.0,-135.0,-304.0,train
11279,2_square,0,0,108.0,834.0,328.0,623.0,220.0,-211.0,train
11280,2_square,0,0,377.0,353.0,251.0,228.0,-126.0,-125.0,train
11281,2_square,0,0,395.0,498.0,266.0,662.0,-129.0,164.0,train
11282,2_square,0,0,468.0,767.0,333.0,403.0,-135.0,-364.0,train
11283,2_square,0,0,402.0,253.0,265.0,301.0,-137.0,48.0,train
11284,2_square,0,0,230.0,193.0,642.0,253.0,412.0,60.0,train
11285,2_square,0,0,540.0,696.0,156.0,794.0,-384.0,98.0,test
11286,2_square,0,0,499.0,229.0,877.0,505.0,378.0,276.0,val
11287,2_square,0,0,766.0,695.0,402.0,109.0,-364.0,-586.0,train
11288,2_square,0,0,272.0,811.0,802.0,815.0,530.0,4.0,train
11289,2_square,0,0,854.0,883.0,699.0,290.0,-155.0,-593.0,train
11290,2_square,0,0,813.0,554.0,394.0,431.0,-419.0,-123.0,test
11291,2_square,0,0,655.0,372.0,692.0,826.0,37.0,454.0,train
11292,2_square,0,0,138.0,289.0,198.0,800.0,60.0,511.0,train
11293,2_square,0,0,759.0,183.0,493.0,128.0,-266.0,-55.0,train
11294,2_square,0,0,835.0,717.0,539.0,165.0,-296.0,-552.0,train
11295,2_square,0,0,113.0,664.0,696.0,142.0,583.0,-522.0,val
11296,2_square,0,0,611.0,710.0,298.0,633.0,-313.0,-77.0,train
11297,2_square,0,0,281.0,546.0,409.0,382.0,128.0,-164.0,train
11298,2_square,0,0,548.0,856.0,399.0,365.0,-149.0,-491.0,train
11299,2_square,0,0,176.0,120.0,782.0,371.0,606.0,251.0,train
11300,2_square,0,0,836.0,219.0,443.0,766.0,-393.0,547.0,train
11301,2_square,0,0,614.0,417.0,634.0,501.0,20.0,84.0,train
11302,2_square,0,0,724.0,418.0,876.0,467.0,152.0,49.0,train
11303,2_square,0,0,733.0,417.0,130.0,848.0,-603.0,431.0,train
11304,2_square,0,0,790.0,122.0,612.0,142.0,-178.0,20.0,train
11305,2_square,0,0,520.0,766.0,209.0,480.0,-311.0,-286.0,test
11306,2_square,0,0,433.0,666.0,865.0,864.0,432.0,198.0,train
11307,2_square,0,0,566.0,233.0,466.0,437.0,-100.0,204.0,train
11308,2_square,0,0,301.0,125.0,816.0,238.0,515.0,113.0,train
11309,2_square,0,0,168.0,453.0,809.0,532.0,641.0,79.0,val
11310,2_square,0,0,547.0,260.0,316.0,303.0,-231.0,43.0,val
11311,2_square,0,0,839.0,840.0,433.0,201.0,-406.0,-639.0,train
11312,2_square,0,0,312.0,150.0,293.0,643.0,-19.0,493.0,train
11313,2_square,0,0,840.0,410.0,176.0,798.0,-664.0,388.0,train
11314,2_square,0,0,768.0,109.0,705.0,393.0,-63.0,284.0,val
11315,2_square,0,0,339.0,822.0,209.0,622.0,-130.0,-200.0,train
11316,2_square,0,0,296.0,613.0,830.0,533.0,534.0,-80.0,train
11317,2_square,0,0,130.0,222.0,115.0,457.0,-15.0,235.0,train
11318,2_square,0,0,890.0,562.0,805.0,613.0,-85.0,51.0,train
11319,2_square,0,0,843.0,379.0,798.0,534.0,-45.0,155.0,train
11320,2_square,0,0,558.0,253.0,165.0,215.0,-393.0,-38.0,train
11321,2_square,0,0,797.0,261.0,201.0,521.0,-596.0,260.0,train
11322,2_square,0,0,790.0,791.0,812.0,581.0,22.0,-210.0,train
11323,2_square,0,0,370.0,307.0,584.0,884.0,214.0,577.0,val
11324,2_square,0,0,533.0,143.0,715.0,797.0,182.0,654.0,train
11325,2_square,0,0,877.0,340.0,287.0,375.0,-590.0,35.0,val
11326,2_square,0,0,375.0,260.0,166.0,749.0,-209.0,489.0,train
11327,2_square,0,0,502.0,118.0,335.0,664.0,-167.0,546.0,train
11328,2_square,0,0,413.0,322.0,869.0,409.0,456.0,87.0,train
11329,2_square,0,0,108.0,606.0,273.0,751.0,165.0,145.0,val
11330,2_square,0,0,885.0,214.0,298.0,851.0,-587.0,637.0,train
11331,2_square,0,0,448.0,699.0,389.0,799.0,-59.0,100.0,train
11332,2_square,0,0,831.0,449.0,594.0,283.0,-237.0,-166.0,val
11333,2_square,0,0,166.0,838.0,745.0,570.0,579.0,-268.0,train
11334,2_square,0,0,402.0,895.0,743.0,833.0,341.0,-62.0,test
11335,2_square,0,0,497.0,900.0,413.0,550.0,-84.0,-350.0,train
11336,2_square,0,0,184.0,233.0,180.0,176.0,-4.0,-57.0,train
11337,2_square,0,0,259.0,171.0,728.0,221.0,469.0,50.0,train
11338,2_square,0,0,284.0,146.0,590.0,463.0,306.0,317.0,train
11339,2_square,0,0,767.0,777.0,421.0,614.0,-346.0,-163.0,test
11340,2_square,0,0,620.0,572.0,573.0,798.0,-47.0,226.0,train
11341,2_square,0,0,256.0,172.0,235.0,674.0,-21.0,502.0,train
11342,2_square,0,0,468.0,561.0,536.0,125.0,68.0,-436.0,train
11343,2_square,0,0,758.0,577.0,560.0,805.0,-198.0,228.0,train
11344,2_square,0,0,171.0,800.0,759.0,872.0,588.0,72.0,test
11345,2_square,0,0,897.0,160.0,666.0,330.0,-231.0,170.0,train
11346,2_square,0,0,781.0,568.0,257.0,264.0,-524.0,-304.0,train
11347,2_square,0,0,192.0,340.0,501.0,403.0,309.0,63.0,train
11348,2_square,0,0,623.0,693.0,362.0,667.0,-261.0,-26.0,train
11349,2_square,0,0,287.0,458.0,401.0,506.0,114.0,48.0,test
11350,2_square,0,0,851.0,263.0,740.0,740.0,-111.0,477.0,train
11351,2_square,0,0,151.0,555.0,770.0,819.0,619.0,264.0,train
11352,2_square,0,0,546.0,790.0,815.0,440.0,269.0,-350.0,train
11353,2_square,0,0,196.0,105.0,403.0,196.0,207.0,91.0,train
11354,2_square,0,0,193.0,299.0,734.0,546.0,541.0,247.0,val
11355,2_square,0,0,701.0,683.0,151.0,525.0,-550.0,-158.0,train
11356,2_square,0,0,836.0,516.0,560.0,660.0,-276.0,144.0,train
11357,2_square,0,0,403.0,151.0,459.0,627.0,56.0,476.0,train
11358,2_square,0,0,360.0,719.0,551.0,248.0,191.0,-471.0,test
11359,2_square,0,0,192.0,194.0,384.0,444.0,192.0,250.0,test
11360,2_square,0,0,130.0,107.0,471.0,684.0,341.0,577.0,train
11361,2_square,0,0,422.0,229.0,355.0,353.0,-67.0,124.0,test
11362,2_square,0,0,337.0,653.0,103.0,465.0,-234.0,-188.0,train
11363,2_square,0,0,428.0,850.0,629.0,138.0,201.0,-712.0,train
11364,2_square,0,0,783.0,639.0,859.0,849.0,76.0,210.0,train
11365,2_square,0,0,227.0,404.0,137.0,250.0,-90.0,-154.0,train
11366,2_square,0,0,147.0,455.0,666.0,806.0,519.0,351.0,train
11367,2_square,0,0,697.0,376.0,567.0,726.0,-130.0,350.0,val
11368,2_square,0,0,761.0,896.0,159.0,423.0,-602.0,-473.0,test
11369,2_square,0,0,202.0,864.0,532.0,141.0,330.0,-723.0,val
11370,2_square,0,0,876.0,320.0,244.0,541.0,-632.0,221.0,train
11371,2_square,0,0,836.0,437.0,736.0,463.0,-100.0,26.0,train
11372,2_square,0,0,393.0,489.0,240.0,256.0,-153.0,-233.0,val
11373,2_square,0,0,528.0,107.0,104.0,350.0,-424.0,243.0,val
11374,2_square,0,0,690.0,207.0,828.0,655.0,138.0,448.0,train
11375,2_square,0,0,158.0,207.0,475.0,138.0,317.0,-69.0,train
11376,2_square,0,0,610.0,591.0,841.0,563.0,231.0,-28.0,val
11377,2_square,0,0,377.0,290.0,803.0,124.0,426.0,-166.0,train
11378,2_square,0,0,521.0,649.0,575.0,239.0,54.0,-410.0,train
11379,2_square,0,0,861.0,885.0,605.0,716.0,-256.0,-169.0,train
11380,2_square,0,0,514.0,387.0,848.0,821.0,334.0,434.0,test
11381,2_square,0,0,297.0,514.0,839.0,838.0,542.0,324.0,train
11382,2_square,0,0,406.0,568.0,675.0,603.0,269.0,35.0,train
11383,2_square,0,0,211.0,535.0,308.0,412.0,97.0,-123.0,train
11384,2_square,0,0,445.0,762.0,495.0,641.0,50.0,-121.0,train
11385,2_square,0,0,723.0,523.0,285.0,541.0,-438.0,18.0,train
11386,2_square,0,0,607.0,368.0,657.0,542.0,50.0,174.0,train
11387,2_square,0,0,240.0,439.0,464.0,713.0,224.0,274.0,train
11388,2_square,0,0,326.0,886.0,712.0,384.0,386.0,-502.0,train
11389,2_square,0,0,381.0,129.0,867.0,882.0,486.0,753.0,train
11390,2_square,0,0,631.0,619.0,591.0,458.0,-40.0,-161.0,train
11391,2_square,0,0,138.0,231.0,406.0,885.0,268.0,654.0,train
11392,2_square,0,0,832.0,642.0,462.0,513.0,-370.0,-129.0,train
11393,2_square,0,0,473.0,490.0,761.0,312.0,288.0,-178.0,train
11394,2_square,0,0,509.0,830.0,576.0,473.0,67.0,-357.0,train
11395,2_square,0,0,159.0,207.0,287.0,107.0,128.0,-100.0,train
11396,2_square,0,0,684.0,489.0,692.0,851.0,8.0,362.0,train
11397,2_square,0,0,297.0,130.0,550.0,316.0,253.0,186.0,train
11398,2_square,0,0,605.0,593.0,279.0,183.0,-326.0,-410.0,train
11399,2_square,0,0,869.0,232.0,148.0,897.0,-721.0,665.0,train
11400,2_square,0,0,241.0,546.0,102.0,890.0,-139.0,344.0,train
11401,2_square,0,0,187.0,608.0,898.0,692.0,711.0,84.0,train
11402,2_square,0,0,329.0,596.0,786.0,264.0,457.0,-332.0,train
11403,2_square,0,0,521.0,426.0,797.0,331.0,276.0,-95.0,train
11404,2_square,0,0,722.0,794.0,854.0,490.0,132.0,-304.0,train
11405,2_square,0,0,628.0,143.0,409.0,168.0,-219.0,25.0,train
11406,2_square,0,0,521.0,182.0,619.0,537.0,98.0,355.0,train
11407,2_square,0,0,305.0,552.0,502.0,117.0,197.0,-435.0,train
11408,2_square,0,0,557.0,814.0,760.0,831.0,203.0,17.0,val
11409,2_square,0,0,283.0,840.0,224.0,368.0,-59.0,-472.0,train
11410,2_square,0,0,800.0,363.0,660.0,884.0,-140.0,521.0,test
11411,2_square,0,0,724.0,569.0,897.0,542.0,173.0,-27.0,train
11412,2_square,0,0,213.0,446.0,305.0,539.0,92.0,93.0,train
11413,2_square,0,0,382.0,384.0,158.0,374.0,-224.0,-10.0,train
11414,2_square,0,0,623.0,336.0,252.0,833.0,-371.0,497.0,train
11415,2_square,0,0,648.0,411.0,127.0,419.0,-521.0,8.0,train
11416,2_square,0,0,882.0,631.0,482.0,281.0,-400.0,-350.0,train
11417,2_square,0,0,160.0,100.0,250.0,682.0,90.0,582.0,val
11418,2_square,0,0,529.0,507.0,651.0,776.0,122.0,269.0,train
11419,2_square,0,0,306.0,386.0,291.0,280.0,-15.0,-106.0,train
11420,2_square,0,0,486.0,427.0,831.0,477.0,345.0,50.0,train
11421,2_square,0,0,337.0,109.0,407.0,594.0,70.0,485.0,train
11422,2_square,0,0,642.0,426.0,831.0,454.0,189.0,28.0,train
11423,2_square,0,0,756.0,840.0,540.0,721.0,-216.0,-119.0,val
11424,2_square,0,0,790.0,878.0,127.0,276.0,-663.0,-602.0,train
11425,2_square,0,0,765.0,663.0,475.0,633.0,-290.0,-30.0,val
11426,2_square,0,0,326.0,252.0,488.0,653.0,162.0,401.0,train
11427,2_square,0,0,607.0,822.0,784.0,330.0,177.0,-492.0,train
11428,2_square,0,0,484.0,857.0,233.0,736.0,-251.0,-121.0,train
11429,2_square,0,0,836.0,124.0,481.0,372.0,-355.0,248.0,train
11430,2_square,0,0,779.0,876.0,813.0,867.0,34.0,-9.0,train
11431,2_square,0,0,525.0,861.0,458.0,289.0,-67.0,-572.0,val
11432,2_square,0,0,116.0,730.0,178.0,115.0,62.0,-615.0,train
11433,2_square,0,0,280.0,338.0,190.0,632.0,-90.0,294.0,train
11434,2_square,0,0,425.0,668.0,607.0,306.0,182.0,-362.0,train
11435,2_square,0,0,100.0,536.0,227.0,558.0,127.0,22.0,train
11436,2_square,0,0,618.0,196.0,249.0,735.0,-369.0,539.0,train
11437,2_square,0,0,348.0,814.0,552.0,812.0,204.0,-2.0,train
11438,2_square,0,0,798.0,820.0,547.0,325.0,-251.0,-495.0,train
11439,2_square,0,0,693.0,553.0,113.0,602.0,-580.0,49.0,train
11440,2_square,0,0,254.0,149.0,142.0,750.0,-112.0,601.0,train
11441,2_square,0,0,288.0,318.0,288.0,510.0,0.0,192.0,test
11442,2_square,0,0,532.0,846.0,673.0,896.0,141.0,50.0,train
11443,2_square,0,0,657.0,704.0,380.0,662.0,-277.0,-42.0,train
11444,2_square,0,0,205.0,670.0,279.0,657.0,74.0,-13.0,train
11445,2_square,0,0,306.0,330.0,671.0,892.0,365.0,562.0,test
11446,2_square,0,0,442.0,808.0,849.0,366.0,407.0,-442.0,train
11447,2_square,0,0,508.0,360.0,614.0,293.0,106.0,-67.0,val
11448,2_square,0,0,536.0,387.0,275.0,705.0,-261.0,318.0,train
11449,2_square,0,0,681.0,539.0,382.0,294.0,-299.0,-245.0,train
11450,2_square,0,0,389.0,329.0,741.0,574.0,352.0,245.0,train
11451,2_square,0,0,546.0,815.0,379.0,808.0,-167.0,-7.0,test
11452,2_square,0,0,665.0,858.0,512.0,492.0,-153.0,-366.0,train
11453,2_square,0,0,731.0,872.0,219.0,473.0,-512.0,-399.0,train
11454,2_square,0,0,894.0,464.0,312.0,105.0,-582.0,-359.0,train
11455,2_square,0,0,193.0,761.0,725.0,800.0,532.0,39.0,train
11456,2_square,0,0,641.0,885.0,116.0,307.0,-525.0,-578.0,train
11457,2_square,0,0,198.0,211.0,217.0,108.0,19.0,-103.0,train
11458,2_square,0,0,739.0,811.0,191.0,544.0,-548.0,-267.0,train
11459,2_square,0,0,299.0,878.0,591.0,621.0,292.0,-257.0,train
11460,2_square,0,0,109.0,846.0,308.0,431.0,199.0,-415.0,train
11461,2_square,0,0,662.0,517.0,408.0,679.0,-254.0,162.0,test
11462,2_square,0,0,199.0,551.0,653.0,554.0,454.0,3.0,train
11463,2_square,0,0,618.0,192.0,843.0,500.0,225.0,308.0,train
11464,2_square,0,0,316.0,146.0,576.0,103.0,260.0,-43.0,train
11465,2_square,0,0,395.0,397.0,877.0,296.0,482.0,-101.0,val
11466,2_square,0,0,799.0,225.0,175.0,631.0,-624.0,406.0,train
11467,2_square,0,0,488.0,720.0,630.0,423.0,142.0,-297.0,val
11468,2_square,0,0,728.0,346.0,837.0,867.0,109.0,521.0,train
11469,2_square,0,0,809.0,175.0,878.0,613.0,69.0,438.0,test
11470,2_square,0,0,564.0,812.0,446.0,474.0,-118.0,-338.0,train
11471,2_square,0,0,431.0,881.0,567.0,548.0,136.0,-333.0,test
11472,2_square,0,0,520.0,711.0,456.0,812.0,-64.0,101.0,train
11473,2_square,0,0,538.0,484.0,360.0,483.0,-178.0,-1.0,train
11474,2_square,0,0,271.0,481.0,161.0,519.0,-110.0,38.0,train
11475,2_square,0,0,702.0,193.0,845.0,511.0,143.0,318.0,test
11476,2_square,0,0,758.0,884.0,845.0,104.0,87.0,-780.0,train
11477,2_square,0,0,355.0,304.0,817.0,348.0,462.0,44.0,train
11478,2_square,0,0,531.0,762.0,231.0,697.0,-300.0,-65.0,train
11479,2_square,0,0,571.0,413.0,827.0,631.0,256.0,218.0,test
11480,2_square,0,0,434.0,853.0,667.0,105.0,233.0,-748.0,train
11481,2_square,0,0,335.0,808.0,528.0,188.0,193.0,-620.0,train
11482,2_square,0,0,728.0,211.0,885.0,558.0,157.0,347.0,train
11483,2_square,0,0,846.0,732.0,220.0,577.0,-626.0,-155.0,train
11484,2_square,0,0,498.0,784.0,308.0,485.0,-190.0,-299.0,train
11485,2_square,0,0,431.0,236.0,343.0,686.0,-88.0,450.0,val
11486,2_square,0,0,809.0,145.0,286.0,232.0,-523.0,87.0,train
11487,2_square,0,0,169.0,498.0,852.0,564.0,683.0,66.0,train
11488,2_square,0,0,121.0,871.0,144.0,483.0,23.0,-388.0,train
11489,2_square,0,0,647.0,430.0,566.0,607.0,-81.0,177.0,test
11490,2_square,0,0,473.0,839.0,173.0,690.0,-300.0,-149.0,train
11491,2_square,0,0,453.0,730.0,652.0,817.0,199.0,87.0,train
11492,2_square,0,0,567.0,760.0,321.0,295.0,-246.0,-465.0,train
11493,2_square,0,0,783.0,136.0,436.0,756.0,-347.0,620.0,train
11494,2_square,0,0,422.0,895.0,712.0,244.0,290.0,-651.0,train
11495,2_square,0,0,545.0,368.0,828.0,620.0,283.0,252.0,train
11496,2_square,0,0,233.0,606.0,283.0,828.0,50.0,222.0,train
11497,2_square,0,0,279.0,462.0,374.0,604.0,95.0,142.0,train
11498,2_square,0,0,792.0,410.0,407.0,780.0,-385.0,370.0,val
11499,2_square,0,0,712.0,563.0,709.0,342.0,-3.0,-221.0,val
11500,30_square,0,0,176.0,268.0,637.0,110.0,461.0,-158.0,val
11501,30_square,0,0,621.0,735.0,139.0,498.0,-482.0,-237.0,train
11502,30_square,0,0,900.0,320.0,229.0,504.0,-671.0,184.0,train
11503,30_square,0,0,537.0,262.0,783.0,238.0,246.0,-24.0,train
11504,30_square,0,0,424.0,661.0,281.0,227.0,-143.0,-434.0,val
11505,30_square,0,0,200.0,877.0,438.0,861.0,238.0,-16.0,train
11506,30_square,0,0,223.0,689.0,322.0,139.0,99.0,-550.0,train
11507,30_square,0,0,178.0,166.0,176.0,675.0,-2.0,509.0,train
11508,30_square,0,0,486.0,695.0,555.0,484.0,69.0,-211.0,train
11509,30_square,0,0,524.0,717.0,349.0,672.0,-175.0,-45.0,train
11510,30_square,0,0,428.0,200.0,503.0,236.0,75.0,36.0,train
11511,30_square,0,0,669.0,254.0,710.0,552.0,41.0,298.0,train
11512,30_square,0,0,649.0,277.0,360.0,386.0,-289.0,109.0,train
11513,30_square,0,0,125.0,637.0,762.0,618.0,637.0,-19.0,val
11514,30_square,0,0,258.0,840.0,190.0,671.0,-68.0,-169.0,test
11515,30_square,0,0,159.0,271.0,892.0,640.0,733.0,369.0,train
11516,30_square,0,0,482.0,340.0,407.0,687.0,-75.0,347.0,train
11517,30_square,0,0,373.0,223.0,216.0,569.0,-157.0,346.0,train
11518,30_square,0,0,160.0,770.0,641.0,805.0,481.0,35.0,train
11519,30_square,0,0,831.0,481.0,344.0,840.0,-487.0,359.0,test
11520,30_square,0,0,311.0,740.0,533.0,299.0,222.0,-441.0,train
11521,30_square,0,0,105.0,544.0,675.0,239.0,570.0,-305.0,train
11522,30_square,0,0,668.0,384.0,483.0,237.0,-185.0,-147.0,train
11523,30_square,0,0,893.0,227.0,267.0,880.0,-626.0,653.0,val
11524,30_square,0,0,815.0,890.0,812.0,309.0,-3.0,-581.0,train
11525,30_square,0,0,646.0,740.0,642.0,726.0,-4.0,-14.0,train
11526,30_square,0,0,650.0,665.0,201.0,500.0,-449.0,-165.0,train
11527,30_square,0,0,257.0,219.0,738.0,792.0,481.0,573.0,val
11528,30_square,0,0,569.0,172.0,473.0,282.0,-96.0,110.0,train
11529,30_square,0,0,813.0,592.0,312.0,894.0,-501.0,302.0,train
11530,30_square,0,0,372.0,448.0,473.0,329.0,101.0,-119.0,train
11531,30_square,0,0,170.0,861.0,596.0,142.0,426.0,-719.0,train
11532,30_square,0,0,760.0,762.0,292.0,840.0,-468.0,78.0,test
11533,30_square,0,0,752.0,161.0,830.0,224.0,78.0,63.0,val
11534,30_square,0,0,637.0,602.0,887.0,300.0,250.0,-302.0,train
11535,30_square,0,0,561.0,868.0,126.0,233.0,-435.0,-635.0,train
11536,30_square,0,0,731.0,625.0,220.0,826.0,-511.0,201.0,train
11537,30_square,0,0,475.0,490.0,398.0,875.0,-77.0,385.0,train
11538,30_square,0,0,736.0,620.0,617.0,417.0,-119.0,-203.0,train
11539,30_square,0,0,634.0,276.0,562.0,316.0,-72.0,40.0,train
11540,30_square,0,0,471.0,259.0,831.0,148.0,360.0,-111.0,test
11541,30_square,0,0,855.0,570.0,346.0,156.0,-509.0,-414.0,train
11542,30_square,0,0,879.0,368.0,386.0,335.0,-493.0,-33.0,train
11543,30_square,0,0,409.0,471.0,679.0,561.0,270.0,90.0,train
11544,30_square,0,0,414.0,713.0,661.0,155.0,247.0,-558.0,train
11545,30_square,0,0,388.0,594.0,446.0,597.0,58.0,3.0,train
11546,30_square,0,0,882.0,235.0,275.0,248.0,-607.0,13.0,train
11547,30_square,0,0,812.0,318.0,295.0,215.0,-517.0,-103.0,train
11548,30_square,0,0,687.0,421.0,630.0,661.0,-57.0,240.0,train
11549,30_square,0,0,146.0,437.0,781.0,653.0,635.0,216.0,val
11550,30_square,0,0,172.0,259.0,717.0,155.0,545.0,-104.0,train
11551,30_square,0,0,570.0,250.0,169.0,832.0,-401.0,582.0,train
11552,30_square,0,0,625.0,614.0,362.0,355.0,-263.0,-259.0,val
11553,30_square,0,0,638.0,745.0,210.0,281.0,-428.0,-464.0,train
11554,30_square,0,0,534.0,187.0,257.0,484.0,-277.0,297.0,train
11555,30_square,0,0,630.0,520.0,792.0,499.0,162.0,-21.0,train
11556,30_square,0,0,744.0,545.0,757.0,860.0,13.0,315.0,train
11557,30_square,0,0,498.0,640.0,637.0,697.0,139.0,57.0,train
11558,30_square,0,0,704.0,179.0,826.0,192.0,122.0,13.0,train
11559,30_square,0,0,686.0,255.0,341.0,308.0,-345.0,53.0,train
11560,30_square,0,0,474.0,781.0,343.0,466.0,-131.0,-315.0,train
11561,30_square,0,0,477.0,165.0,179.0,329.0,-298.0,164.0,train
11562,30_square,0,0,124.0,675.0,700.0,262.0,576.0,-413.0,train
11563,30_square,0,0,361.0,740.0,660.0,227.0,299.0,-513.0,train
11564,30_square,0,0,679.0,201.0,240.0,171.0,-439.0,-30.0,val
11565,30_square,0,0,495.0,538.0,124.0,726.0,-371.0,188.0,train
11566,30_square,0,0,697.0,119.0,211.0,193.0,-486.0,74.0,train
11567,30_square,0,0,279.0,311.0,648.0,129.0,369.0,-182.0,test
11568,30_square,0,0,388.0,281.0,416.0,899.0,28.0,618.0,train
11569,30_square,0,0,503.0,850.0,323.0,771.0,-180.0,-79.0,train
11570,30_square,0,0,329.0,498.0,844.0,888.0,515.0,390.0,train
11571,30_square,0,0,382.0,888.0,588.0,813.0,206.0,-75.0,train
11572,30_square,0,0,790.0,699.0,622.0,412.0,-168.0,-287.0,train
11573,30_square,0,0,769.0,603.0,246.0,103.0,-523.0,-500.0,train
11574,30_square,0,0,346.0,675.0,884.0,634.0,538.0,-41.0,train
11575,30_square,0,0,636.0,648.0,606.0,520.0,-30.0,-128.0,train
11576,30_square,0,0,187.0,803.0,148.0,277.0,-39.0,-526.0,train
11577,30_square,0,0,416.0,197.0,100.0,805.0,-316.0,608.0,train
11578,30_square,0,0,397.0,329.0,513.0,244.0,116.0,-85.0,train
11579,30_square,0,0,137.0,783.0,219.0,497.0,82.0,-286.0,train
11580,30_square,0,0,198.0,817.0,648.0,450.0,450.0,-367.0,val
11581,30_square,0,0,398.0,672.0,308.0,850.0,-90.0,178.0,train
11582,30_square,0,0,419.0,358.0,514.0,278.0,95.0,-80.0,val
11583,30_square,0,0,769.0,498.0,111.0,518.0,-658.0,20.0,train
11584,30_square,0,0,737.0,342.0,610.0,760.0,-127.0,418.0,train
11585,30_square,0,0,119.0,602.0,466.0,832.0,347.0,230.0,train
11586,30_square,0,0,428.0,448.0,543.0,581.0,115.0,133.0,train
11587,30_square,0,0,499.0,573.0,397.0,827.0,-102.0,254.0,val
11588,30_square,0,0,207.0,623.0,716.0,633.0,509.0,10.0,train
11589,30_square,0,0,658.0,617.0,167.0,273.0,-491.0,-344.0,train
11590,30_square,0,0,648.0,291.0,314.0,752.0,-334.0,461.0,val
11591,30_square,0,0,823.0,390.0,396.0,388.0,-427.0,-2.0,train
11592,30_square,0,0,275.0,105.0,848.0,336.0,573.0,231.0,train
11593,30_square,0,0,658.0,537.0,464.0,356.0,-194.0,-181.0,train
11594,30_square,0,0,564.0,360.0,735.0,717.0,171.0,357.0,train
11595,30_square,0,0,768.0,117.0,187.0,363.0,-581.0,246.0,train
11596,30_square,0,0,226.0,861.0,337.0,693.0,111.0,-168.0,train
11597,30_square,0,0,536.0,619.0,613.0,350.0,77.0,-269.0,train
11598,30_square,0,0,262.0,651.0,417.0,740.0,155.0,89.0,train
11599,30_square,0,0,664.0,187.0,397.0,484.0,-267.0,297.0,train
11600,30_square,0,0,648.0,306.0,765.0,307.0,117.0,1.0,train
11601,30_square,0,0,373.0,135.0,448.0,237.0,75.0,102.0,train
11602,30_square,0,0,389.0,571.0,778.0,280.0,389.0,-291.0,train
11603,30_square,0,0,152.0,727.0,706.0,189.0,554.0,-538.0,train
11604,30_square,0,0,488.0,261.0,691.0,296.0,203.0,35.0,train
11605,30_square,0,0,729.0,755.0,705.0,339.0,-24.0,-416.0,train
11606,30_square,0,0,759.0,323.0,199.0,110.0,-560.0,-213.0,train
11607,30_square,0,0,514.0,151.0,412.0,678.0,-102.0,527.0,train
11608,30_square,0,0,399.0,689.0,637.0,113.0,238.0,-576.0,val
11609,30_square,0,0,187.0,291.0,580.0,850.0,393.0,559.0,train
11610,30_square,0,0,415.0,588.0,488.0,543.0,73.0,-45.0,train
11611,30_square,0,0,501.0,722.0,685.0,737.0,184.0,15.0,train
11612,30_square,0,0,439.0,736.0,334.0,405.0,-105.0,-331.0,test
11613,30_square,0,0,142.0,376.0,835.0,282.0,693.0,-94.0,test
11614,30_square,0,0,782.0,855.0,219.0,108.0,-563.0,-747.0,train
11615,30_square,0,0,175.0,291.0,281.0,735.0,106.0,444.0,train
11616,30_square,0,0,711.0,322.0,223.0,243.0,-488.0,-79.0,train
11617,30_square,0,0,599.0,118.0,341.0,233.0,-258.0,115.0,train
11618,30_square,0,0,849.0,862.0,352.0,776.0,-497.0,-86.0,train
11619,30_square,0,0,496.0,226.0,576.0,810.0,80.0,584.0,train
11620,30_square,0,0,731.0,380.0,713.0,525.0,-18.0,145.0,train
11621,30_square,0,0,173.0,709.0,876.0,603.0,703.0,-106.0,train
11622,30_square,0,0,178.0,183.0,644.0,564.0,466.0,381.0,train
11623,30_square,0,0,562.0,370.0,245.0,503.0,-317.0,133.0,train
11624,30_square,0,0,674.0,110.0,527.0,538.0,-147.0,428.0,train
11625,30_square,0,0,346.0,795.0,413.0,373.0,67.0,-422.0,train
11626,30_square,0,0,158.0,151.0,143.0,747.0,-15.0,596.0,train
11627,30_square,0,0,205.0,721.0,150.0,148.0,-55.0,-573.0,train
11628,30_square,0,0,501.0,658.0,109.0,785.0,-392.0,127.0,train
11629,30_square,0,0,797.0,165.0,523.0,590.0,-274.0,425.0,train
11630,30_square,0,0,145.0,497.0,151.0,457.0,6.0,-40.0,train
11631,30_square,0,0,246.0,238.0,122.0,317.0,-124.0,79.0,train
11632,30_square,0,0,176.0,599.0,355.0,643.0,179.0,44.0,train
11633,30_square,0,0,621.0,534.0,364.0,776.0,-257.0,242.0,train
11634,30_square,0,0,837.0,327.0,670.0,856.0,-167.0,529.0,train
11635,30_square,0,0,817.0,737.0,678.0,161.0,-139.0,-576.0,test
11636,30_square,0,0,623.0,683.0,701.0,276.0,78.0,-407.0,train
11637,30_square,0,0,449.0,358.0,125.0,298.0,-324.0,-60.0,train
11638,30_square,0,0,757.0,463.0,846.0,807.0,89.0,344.0,train
11639,30_square,0,0,454.0,368.0,178.0,394.0,-276.0,26.0,train
11640,30_square,0,0,244.0,311.0,351.0,613.0,107.0,302.0,val
11641,30_square,0,0,700.0,836.0,885.0,534.0,185.0,-302.0,train
11642,30_square,0,0,156.0,376.0,533.0,662.0,377.0,286.0,train
11643,30_square,0,0,448.0,436.0,561.0,632.0,113.0,196.0,val
11644,30_square,0,0,303.0,730.0,798.0,721.0,495.0,-9.0,train
11645,30_square,0,0,785.0,293.0,141.0,602.0,-644.0,309.0,train
11646,30_square,0,0,835.0,718.0,582.0,860.0,-253.0,142.0,train
11647,30_square,0,0,188.0,367.0,804.0,342.0,616.0,-25.0,train
11648,30_square,0,0,397.0,867.0,668.0,483.0,271.0,-384.0,train
11649,30_square,0,0,728.0,134.0,144.0,704.0,-584.0,570.0,train
11650,30_square,0,0,113.0,832.0,603.0,250.0,490.0,-582.0,val
11651,30_square,0,0,768.0,717.0,132.0,415.0,-636.0,-302.0,test
11652,30_square,0,0,117.0,832.0,379.0,725.0,262.0,-107.0,val
11653,30_square,0,0,150.0,517.0,118.0,678.0,-32.0,161.0,train
11654,30_square,0,0,766.0,162.0,311.0,767.0,-455.0,605.0,train
11655,30_square,0,0,621.0,390.0,719.0,561.0,98.0,171.0,train
11656,30_square,0,0,532.0,290.0,485.0,535.0,-47.0,245.0,train
11657,30_square,0,0,136.0,887.0,696.0,119.0,560.0,-768.0,train
11658,30_square,0,0,491.0,556.0,214.0,424.0,-277.0,-132.0,train
11659,30_square,0,0,529.0,694.0,532.0,489.0,3.0,-205.0,train
11660,30_square,0,0,891.0,808.0,342.0,225.0,-549.0,-583.0,train
11661,30_square,0,0,231.0,567.0,253.0,320.0,22.0,-247.0,train
11662,30_square,0,0,872.0,775.0,401.0,296.0,-471.0,-479.0,train
11663,30_square,0,0,867.0,624.0,663.0,650.0,-204.0,26.0,train
11664,30_square,0,0,530.0,204.0,428.0,828.0,-102.0,624.0,train
11665,30_square,0,0,641.0,100.0,727.0,267.0,86.0,167.0,train
11666,30_square,0,0,720.0,633.0,183.0,714.0,-537.0,81.0,test
11667,30_square,0,0,440.0,274.0,874.0,771.0,434.0,497.0,train
11668,30_square,0,0,147.0,472.0,687.0,403.0,540.0,-69.0,train
11669,30_square,0,0,355.0,311.0,368.0,242.0,13.0,-69.0,val
11670,30_square,0,0,710.0,533.0,300.0,337.0,-410.0,-196.0,val
11671,30_square,0,0,623.0,846.0,678.0,507.0,55.0,-339.0,train
11672,30_square,0,0,722.0,823.0,185.0,143.0,-537.0,-680.0,train
11673,30_square,0,0,676.0,392.0,593.0,632.0,-83.0,240.0,train
11674,30_square,0,0,830.0,188.0,753.0,270.0,-77.0,82.0,train
11675,30_square,0,0,326.0,819.0,156.0,872.0,-170.0,53.0,train
11676,30_square,0,0,120.0,688.0,244.0,152.0,124.0,-536.0,train
11677,30_square,0,0,610.0,523.0,496.0,278.0,-114.0,-245.0,train
11678,30_square,0,0,348.0,487.0,195.0,475.0,-153.0,-12.0,train
11679,30_square,0,0,147.0,364.0,390.0,361.0,243.0,-3.0,test
11680,30_square,0,0,635.0,551.0,282.0,497.0,-353.0,-54.0,train
11681,30_square,0,0,400.0,413.0,636.0,628.0,236.0,215.0,train
11682,30_square,0,0,517.0,727.0,571.0,336.0,54.0,-391.0,train
11683,30_square,0,0,405.0,666.0,614.0,715.0,209.0,49.0,train
11684,30_square,0,0,429.0,248.0,579.0,892.0,150.0,644.0,train
11685,30_square,0,0,633.0,750.0,118.0,587.0,-515.0,-163.0,train
11686,30_square,0,0,354.0,363.0,825.0,308.0,471.0,-55.0,train
11687,30_square,0,0,707.0,446.0,519.0,709.0,-188.0,263.0,train
11688,30_square,0,0,639.0,202.0,194.0,259.0,-445.0,57.0,train
11689,30_square,0,0,464.0,713.0,555.0,143.0,91.0,-570.0,train
11690,30_square,0,0,681.0,745.0,743.0,640.0,62.0,-105.0,train
11691,30_square,0,0,110.0,622.0,205.0,175.0,95.0,-447.0,train
11692,30_square,0,0,752.0,522.0,228.0,551.0,-524.0,29.0,train
11693,30_square,0,0,884.0,121.0,445.0,174.0,-439.0,53.0,test
11694,30_square,0,0,159.0,471.0,178.0,168.0,19.0,-303.0,train
11695,30_square,0,0,115.0,128.0,803.0,216.0,688.0,88.0,train
11696,30_square,0,0,584.0,526.0,493.0,118.0,-91.0,-408.0,train
11697,30_square,0,0,695.0,411.0,258.0,271.0,-437.0,-140.0,train
11698,30_square,0,0,710.0,336.0,181.0,586.0,-529.0,250.0,test
11699,30_square,0,0,770.0,303.0,807.0,771.0,37.0,468.0,train
11700,30_square,0,0,379.0,508.0,225.0,693.0,-154.0,185.0,train
11701,30_square,0,0,750.0,806.0,168.0,494.0,-582.0,-312.0,train
11702,30_square,0,0,706.0,273.0,405.0,138.0,-301.0,-135.0,train
11703,30_square,0,0,650.0,133.0,495.0,213.0,-155.0,80.0,train
11704,30_square,0,0,335.0,758.0,105.0,776.0,-230.0,18.0,train
11705,30_square,0,0,237.0,740.0,320.0,463.0,83.0,-277.0,train
11706,30_square,0,0,664.0,510.0,308.0,805.0,-356.0,295.0,train
11707,30_square,0,0,547.0,414.0,404.0,345.0,-143.0,-69.0,train
11708,30_square,0,0,158.0,198.0,720.0,893.0,562.0,695.0,test
11709,30_square,0,0,208.0,691.0,486.0,113.0,278.0,-578.0,train
11710,30_square,0,0,879.0,449.0,449.0,176.0,-430.0,-273.0,train
11711,30_square,0,0,756.0,702.0,136.0,268.0,-620.0,-434.0,test
11712,30_square,0,0,160.0,283.0,617.0,880.0,457.0,597.0,train
11713,30_square,0,0,226.0,691.0,556.0,642.0,330.0,-49.0,test
11714,30_square,0,0,838.0,585.0,896.0,108.0,58.0,-477.0,train
11715,30_square,0,0,212.0,552.0,655.0,581.0,443.0,29.0,train
11716,30_square,0,0,269.0,497.0,856.0,509.0,587.0,12.0,train
11717,30_square,0,0,730.0,212.0,221.0,868.0,-509.0,656.0,train
11718,30_square,0,0,112.0,125.0,425.0,432.0,313.0,307.0,train
11719,30_square,0,0,532.0,231.0,475.0,866.0,-57.0,635.0,train
11720,30_square,0,0,772.0,567.0,732.0,811.0,-40.0,244.0,train
11721,30_square,0,0,178.0,200.0,379.0,414.0,201.0,214.0,train
11722,30_square,0,0,426.0,300.0,426.0,115.0,0.0,-185.0,train
11723,30_square,0,0,597.0,734.0,465.0,657.0,-132.0,-77.0,train
11724,30_square,0,0,365.0,368.0,594.0,119.0,229.0,-249.0,train
11725,30_square,0,0,374.0,249.0,569.0,843.0,195.0,594.0,train
11726,30_square,0,0,485.0,779.0,520.0,787.0,35.0,8.0,train
11727,30_square,0,0,324.0,561.0,199.0,887.0,-125.0,326.0,train
11728,30_square,0,0,299.0,517.0,442.0,191.0,143.0,-326.0,val
11729,30_square,0,0,100.0,325.0,584.0,473.0,484.0,148.0,val
11730,30_square,0,0,272.0,826.0,167.0,270.0,-105.0,-556.0,test
11731,30_square,0,0,795.0,729.0,111.0,443.0,-684.0,-286.0,val
11732,30_square,0,0,502.0,731.0,299.0,767.0,-203.0,36.0,test
11733,30_square,0,0,800.0,564.0,664.0,527.0,-136.0,-37.0,train
11734,30_square,0,0,331.0,864.0,485.0,875.0,154.0,11.0,train
11735,30_square,0,0,834.0,478.0,705.0,837.0,-129.0,359.0,train
11736,30_square,0,0,268.0,632.0,339.0,212.0,71.0,-420.0,train
11737,30_square,0,0,224.0,854.0,422.0,469.0,198.0,-385.0,train
11738,30_square,0,0,472.0,812.0,793.0,536.0,321.0,-276.0,train
11739,30_square,0,0,473.0,575.0,710.0,592.0,237.0,17.0,train
11740,30_square,0,0,138.0,839.0,185.0,503.0,47.0,-336.0,train
11741,30_square,0,0,340.0,415.0,218.0,640.0,-122.0,225.0,train
11742,30_square,0,0,446.0,808.0,520.0,653.0,74.0,-155.0,train
11743,30_square,0,0,740.0,461.0,558.0,891.0,-182.0,430.0,train
11744,30_square,0,0,599.0,529.0,496.0,151.0,-103.0,-378.0,train
11745,30_square,0,0,310.0,427.0,142.0,367.0,-168.0,-60.0,train
11746,30_square,0,0,387.0,364.0,857.0,305.0,470.0,-59.0,train
11747,30_square,0,0,886.0,489.0,111.0,376.0,-775.0,-113.0,train
11748,30_square,0,0,526.0,735.0,662.0,812.0,136.0,77.0,train
11749,30_square,0,0,191.0,253.0,830.0,438.0,639.0,185.0,train
11750,30_square,0,0,694.0,893.0,823.0,186.0,129.0,-707.0,train
11751,30_square,0,0,659.0,436.0,112.0,645.0,-547.0,209.0,train
11752,30_square,0,0,468.0,331.0,355.0,598.0,-113.0,267.0,train
11753,30_square,0,0,184.0,381.0,142.0,230.0,-42.0,-151.0,train
11754,30_square,0,0,646.0,351.0,756.0,266.0,110.0,-85.0,val
11755,30_square,0,0,658.0,379.0,150.0,185.0,-508.0,-194.0,train
11756,30_square,0,0,535.0,632.0,266.0,867.0,-269.0,235.0,train
11757,30_square,0,0,526.0,610.0,358.0,483.0,-168.0,-127.0,train
11758,30_square,0,0,840.0,529.0,645.0,173.0,-195.0,-356.0,train
11759,30_square,0,0,318.0,894.0,515.0,451.0,197.0,-443.0,train
11760,30_square,0,0,417.0,493.0,535.0,183.0,118.0,-310.0,train
11761,30_square,0,0,269.0,381.0,411.0,184.0,142.0,-197.0,train
11762,30_square,0,0,743.0,545.0,226.0,221.0,-517.0,-324.0,train
11763,30_square,0,0,852.0,174.0,838.0,767.0,-14.0,593.0,train
11764,30_square,0,0,636.0,450.0,735.0,585.0,99.0,135.0,train
11765,30_square,0,0,314.0,488.0,234.0,763.0,-80.0,275.0,train
11766,30_square,0,0,828.0,858.0,734.0,730.0,-94.0,-128.0,test
11767,30_square,0,0,338.0,255.0,107.0,438.0,-231.0,183.0,train
11768,30_square,0,0,780.0,306.0,521.0,338.0,-259.0,32.0,train
11769,30_square,0,0,763.0,503.0,129.0,135.0,-634.0,-368.0,train
11770,30_square,0,0,485.0,828.0,846.0,259.0,361.0,-569.0,train
11771,30_square,0,0,699.0,837.0,164.0,511.0,-535.0,-326.0,train
11772,30_square,0,0,615.0,747.0,322.0,316.0,-293.0,-431.0,train
11773,30_square,0,0,215.0,135.0,113.0,554.0,-102.0,419.0,train
11774,30_square,0,0,488.0,838.0,526.0,579.0,38.0,-259.0,train
11775,30_square,0,0,467.0,362.0,208.0,637.0,-259.0,275.0,test
11776,30_square,0,0,620.0,156.0,650.0,644.0,30.0,488.0,train
11777,30_square,0,0,621.0,562.0,665.0,163.0,44.0,-399.0,train
11778,30_square,0,0,121.0,670.0,484.0,628.0,363.0,-42.0,test
11779,30_square,0,0,415.0,728.0,344.0,598.0,-71.0,-130.0,train
11780,30_square,0,0,412.0,699.0,238.0,546.0,-174.0,-153.0,train
11781,30_square,0,0,331.0,240.0,500.0,803.0,169.0,563.0,train
11782,30_square,0,0,604.0,688.0,678.0,135.0,74.0,-553.0,train
11783,30_square,0,0,366.0,616.0,136.0,824.0,-230.0,208.0,val
11784,30_square,0,0,275.0,318.0,302.0,430.0,27.0,112.0,train
11785,30_square,0,0,114.0,477.0,653.0,608.0,539.0,131.0,train
11786,30_square,0,0,592.0,161.0,439.0,437.0,-153.0,276.0,test
11787,30_square,0,0,591.0,877.0,754.0,621.0,163.0,-256.0,train
11788,30_square,0,0,834.0,570.0,303.0,121.0,-531.0,-449.0,train
11789,30_square,0,0,506.0,339.0,431.0,336.0,-75.0,-3.0,train
11790,30_square,0,0,161.0,846.0,703.0,508.0,542.0,-338.0,train
11791,30_square,0,0,138.0,772.0,155.0,428.0,17.0,-344.0,train
11792,30_square,0,0,467.0,874.0,114.0,503.0,-353.0,-371.0,train
11793,30_square,0,0,386.0,520.0,812.0,732.0,426.0,212.0,train
11794,30_square,0,0,524.0,858.0,196.0,338.0,-328.0,-520.0,train
11795,30_square,0,0,320.0,597.0,456.0,594.0,136.0,-3.0,train
11796,30_square,0,0,830.0,365.0,101.0,769.0,-729.0,404.0,train
11797,30_square,0,0,889.0,784.0,582.0,830.0,-307.0,46.0,train
11798,30_square,0,0,479.0,838.0,825.0,127.0,346.0,-711.0,train
11799,30_square,0,0,784.0,556.0,651.0,224.0,-133.0,-332.0,train
11800,30_square,0,0,541.0,123.0,279.0,473.0,-262.0,350.0,train
11801,30_square,0,0,860.0,359.0,122.0,669.0,-738.0,310.0,train
11802,30_square,0,0,112.0,588.0,417.0,452.0,305.0,-136.0,train
11803,30_square,0,0,311.0,830.0,734.0,631.0,423.0,-199.0,train
11804,30_square,0,0,120.0,146.0,846.0,619.0,726.0,473.0,val
11805,30_square,0,0,396.0,136.0,663.0,725.0,267.0,589.0,train
11806,30_square,0,0,153.0,649.0,183.0,599.0,30.0,-50.0,train
11807,30_square,0,0,744.0,689.0,282.0,727.0,-462.0,38.0,val
11808,30_square,0,0,263.0,744.0,756.0,532.0,493.0,-212.0,train
11809,30_square,0,0,730.0,453.0,616.0,210.0,-114.0,-243.0,train
11810,30_square,0,0,752.0,874.0,601.0,436.0,-151.0,-438.0,train
11811,30_square,0,0,226.0,321.0,759.0,346.0,533.0,25.0,train
11812,30_square,0,0,621.0,632.0,221.0,831.0,-400.0,199.0,train
11813,30_square,0,0,666.0,364.0,454.0,815.0,-212.0,451.0,train
11814,30_square,0,0,290.0,730.0,190.0,800.0,-100.0,70.0,train
11815,30_square,0,0,720.0,114.0,679.0,810.0,-41.0,696.0,train
11816,30_square,0,0,552.0,315.0,390.0,805.0,-162.0,490.0,train
11817,30_square,0,0,139.0,548.0,601.0,290.0,462.0,-258.0,val
11818,30_square,0,0,630.0,327.0,871.0,368.0,241.0,41.0,test
11819,30_square,0,0,321.0,705.0,296.0,658.0,-25.0,-47.0,train
11820,30_square,0,0,882.0,262.0,166.0,691.0,-716.0,429.0,train
11821,30_square,0,0,267.0,549.0,400.0,757.0,133.0,208.0,train
11822,30_square,0,0,743.0,298.0,183.0,320.0,-560.0,22.0,train
11823,30_square,0,0,699.0,533.0,136.0,408.0,-563.0,-125.0,train
11824,30_square,0,0,326.0,513.0,745.0,897.0,419.0,384.0,train
11825,30_square,0,0,442.0,157.0,713.0,216.0,271.0,59.0,train
11826,30_square,0,0,306.0,333.0,129.0,126.0,-177.0,-207.0,test
11827,30_square,0,0,166.0,890.0,500.0,867.0,334.0,-23.0,train
11828,30_square,0,0,340.0,294.0,306.0,493.0,-34.0,199.0,train
11829,30_square,0,0,590.0,818.0,517.0,562.0,-73.0,-256.0,train
11830,30_square,0,0,615.0,278.0,841.0,889.0,226.0,611.0,train
11831,30_square,0,0,890.0,393.0,744.0,807.0,-146.0,414.0,train
11832,30_square,0,0,530.0,254.0,262.0,215.0,-268.0,-39.0,test
11833,30_square,0,0,564.0,223.0,834.0,758.0,270.0,535.0,train
11834,30_square,0,0,775.0,103.0,726.0,196.0,-49.0,93.0,train
11835,30_square,0,0,831.0,312.0,771.0,762.0,-60.0,450.0,train
11836,30_square,0,0,303.0,644.0,759.0,339.0,456.0,-305.0,val
11837,30_square,0,0,652.0,703.0,142.0,360.0,-510.0,-343.0,train
11838,30_square,0,0,425.0,129.0,495.0,737.0,70.0,608.0,train
11839,30_square,0,0,130.0,297.0,420.0,126.0,290.0,-171.0,train
11840,30_square,0,0,653.0,287.0,221.0,332.0,-432.0,45.0,train
11841,30_square,0,0,130.0,293.0,176.0,751.0,46.0,458.0,train
11842,30_square,0,0,338.0,854.0,731.0,672.0,393.0,-182.0,train
11843,30_square,0,0,111.0,279.0,101.0,165.0,-10.0,-114.0,train
11844,30_square,0,0,702.0,230.0,816.0,835.0,114.0,605.0,train
11845,30_square,0,0,298.0,143.0,603.0,248.0,305.0,105.0,train
11846,30_square,0,0,442.0,493.0,336.0,530.0,-106.0,37.0,train
11847,30_square,0,0,583.0,466.0,862.0,771.0,279.0,305.0,train
11848,30_square,0,0,403.0,491.0,530.0,389.0,127.0,-102.0,train
11849,30_square,0,0,676.0,218.0,408.0,704.0,-268.0,486.0,train
11850,30_square,0,0,474.0,878.0,569.0,225.0,95.0,-653.0,train
11851,30_square,0,0,577.0,552.0,163.0,765.0,-414.0,213.0,val
11852,30_square,0,0,110.0,810.0,609.0,121.0,499.0,-689.0,test
11853,30_square,0,0,123.0,442.0,718.0,120.0,595.0,-322.0,train
11854,30_square,0,0,253.0,497.0,759.0,206.0,506.0,-291.0,train
11855,30_square,0,0,554.0,855.0,714.0,445.0,160.0,-410.0,train
11856,30_square,0,0,114.0,180.0,740.0,679.0,626.0,499.0,train
11857,30_square,0,0,618.0,578.0,203.0,556.0,-415.0,-22.0,train
11858,30_square,0,0,129.0,733.0,226.0,256.0,97.0,-477.0,train
11859,30_square,0,0,418.0,725.0,841.0,459.0,423.0,-266.0,val
11860,30_square,0,0,487.0,611.0,409.0,776.0,-78.0,165.0,val
11861,30_square,0,0,648.0,486.0,850.0,391.0,202.0,-95.0,train
11862,30_square,0,0,565.0,881.0,845.0,629.0,280.0,-252.0,train
11863,30_square,0,0,103.0,358.0,301.0,631.0,198.0,273.0,train
11864,30_square,0,0,291.0,320.0,632.0,248.0,341.0,-72.0,train
11865,30_square,0,0,840.0,589.0,687.0,269.0,-153.0,-320.0,train
11866,30_square,0,0,833.0,418.0,711.0,221.0,-122.0,-197.0,train
11867,30_square,0,0,387.0,401.0,233.0,455.0,-154.0,54.0,test
11868,30_square,0,0,883.0,881.0,146.0,511.0,-737.0,-370.0,test
11869,30_square,0,0,865.0,501.0,718.0,824.0,-147.0,323.0,train
11870,30_square,0,0,492.0,164.0,727.0,197.0,235.0,33.0,train
11871,30_square,0,0,749.0,698.0,352.0,815.0,-397.0,117.0,test
11872,30_square,0,0,330.0,387.0,775.0,291.0,445.0,-96.0,train
11873,30_square,0,0,578.0,838.0,724.0,541.0,146.0,-297.0,train
11874,30_square,0,0,512.0,822.0,647.0,733.0,135.0,-89.0,train
11875,30_square,0,0,517.0,137.0,515.0,215.0,-2.0,78.0,train
11876,30_square,0,0,327.0,750.0,719.0,372.0,392.0,-378.0,train
11877,30_square,0,0,521.0,185.0,498.0,665.0,-23.0,480.0,train
11878,30_square,0,0,481.0,368.0,343.0,238.0,-138.0,-130.0,train
11879,30_square,0,0,405.0,846.0,360.0,892.0,-45.0,46.0,val
11880,30_square,0,0,743.0,179.0,109.0,890.0,-634.0,711.0,test
11881,30_square,0,0,181.0,840.0,334.0,859.0,153.0,19.0,train
11882,30_square,0,0,785.0,675.0,714.0,577.0,-71.0,-98.0,train
11883,30_square,0,0,527.0,446.0,782.0,309.0,255.0,-137.0,train
11884,30_square,0,0,288.0,868.0,639.0,602.0,351.0,-266.0,test
11885,30_square,0,0,595.0,425.0,649.0,669.0,54.0,244.0,train
11886,30_square,0,0,336.0,719.0,876.0,788.0,540.0,69.0,val
11887,30_square,0,0,505.0,248.0,581.0,878.0,76.0,630.0,train
11888,30_square,0,0,219.0,390.0,580.0,529.0,361.0,139.0,train
11889,30_square,0,0,136.0,205.0,512.0,319.0,376.0,114.0,train
11890,30_square,0,0,351.0,311.0,640.0,571.0,289.0,260.0,test
11891,30_square,0,0,437.0,211.0,671.0,855.0,234.0,644.0,train
11892,30_square,0,0,774.0,867.0,599.0,572.0,-175.0,-295.0,train
11893,30_square,0,0,820.0,377.0,705.0,463.0,-115.0,86.0,train
11894,30_square,0,0,785.0,170.0,572.0,492.0,-213.0,322.0,test
11895,30_square,0,0,131.0,621.0,301.0,443.0,170.0,-178.0,train
11896,30_square,0,0,731.0,265.0,158.0,694.0,-573.0,429.0,val
11897,30_square,0,0,818.0,360.0,323.0,237.0,-495.0,-123.0,train
11898,30_square,0,0,741.0,317.0,265.0,225.0,-476.0,-92.0,train
11899,30_square,0,0,231.0,140.0,332.0,665.0,101.0,525.0,train
11900,30_square,0,0,319.0,158.0,171.0,891.0,-148.0,733.0,train
11901,30_square,0,0,410.0,372.0,321.0,318.0,-89.0,-54.0,test
11902,30_square,0,0,634.0,442.0,673.0,850.0,39.0,408.0,train
11903,30_square,0,0,612.0,534.0,832.0,362.0,220.0,-172.0,test
11904,30_square,0,0,156.0,137.0,391.0,762.0,235.0,625.0,train
11905,30_square,0,0,198.0,395.0,579.0,307.0,381.0,-88.0,test
11906,30_square,0,0,194.0,763.0,529.0,178.0,335.0,-585.0,train
11907,30_square,0,0,310.0,495.0,651.0,863.0,341.0,368.0,val
11908,30_square,0,0,776.0,156.0,438.0,173.0,-338.0,17.0,train
11909,30_square,0,0,539.0,678.0,495.0,825.0,-44.0,147.0,train
11910,30_square,0,0,278.0,887.0,176.0,207.0,-102.0,-680.0,train
11911,30_square,0,0,302.0,425.0,634.0,416.0,332.0,-9.0,test
11912,30_square,0,0,710.0,770.0,446.0,899.0,-264.0,129.0,train
11913,30_square,0,0,419.0,874.0,811.0,358.0,392.0,-516.0,train
11914,30_square,0,0,255.0,373.0,274.0,401.0,19.0,28.0,val
11915,30_square,0,0,723.0,848.0,383.0,109.0,-340.0,-739.0,train
11916,30_square,0,0,184.0,243.0,663.0,594.0,479.0,351.0,train
11917,30_square,0,0,640.0,114.0,253.0,219.0,-387.0,105.0,train
11918,30_square,0,0,334.0,627.0,198.0,240.0,-136.0,-387.0,train
11919,30_square,0,0,696.0,787.0,772.0,422.0,76.0,-365.0,train
11920,30_square,0,0,587.0,156.0,883.0,143.0,296.0,-13.0,test
11921,30_square,0,0,769.0,453.0,476.0,144.0,-293.0,-309.0,train
11922,30_square,0,0,361.0,120.0,796.0,514.0,435.0,394.0,train
11923,30_square,0,0,700.0,895.0,766.0,620.0,66.0,-275.0,train
11924,30_square,0,0,573.0,727.0,250.0,462.0,-323.0,-265.0,val
11925,30_square,0,0,503.0,190.0,557.0,248.0,54.0,58.0,train
11926,30_square,0,0,267.0,725.0,870.0,286.0,603.0,-439.0,val
11927,30_square,0,0,239.0,437.0,838.0,502.0,599.0,65.0,train
11928,30_square,0,0,354.0,377.0,422.0,706.0,68.0,329.0,train
11929,30_square,0,0,410.0,433.0,832.0,771.0,422.0,338.0,train
11930,30_square,0,0,553.0,262.0,670.0,355.0,117.0,93.0,train
11931,30_square,0,0,389.0,793.0,629.0,793.0,240.0,0.0,train
11932,30_square,0,0,347.0,682.0,793.0,439.0,446.0,-243.0,train
11933,30_square,0,0,604.0,359.0,307.0,366.0,-297.0,7.0,train
11934,30_square,0,0,115.0,666.0,195.0,802.0,80.0,136.0,train
11935,30_square,0,0,569.0,122.0,168.0,456.0,-401.0,334.0,train
11936,30_square,0,0,769.0,547.0,152.0,856.0,-617.0,309.0,val
11937,30_square,0,0,142.0,725.0,544.0,724.0,402.0,-1.0,train
11938,30_square,0,0,231.0,768.0,648.0,882.0,417.0,114.0,train
11939,30_square,0,0,669.0,798.0,325.0,237.0,-344.0,-561.0,val
11940,30_square,0,0,746.0,340.0,883.0,820.0,137.0,480.0,train
11941,30_square,0,0,700.0,376.0,474.0,424.0,-226.0,48.0,train
11942,30_square,0,0,637.0,165.0,331.0,630.0,-306.0,465.0,test
11943,30_square,0,0,547.0,759.0,706.0,816.0,159.0,57.0,train
11944,30_square,0,0,797.0,442.0,416.0,562.0,-381.0,120.0,train
11945,30_square,0,0,617.0,694.0,715.0,846.0,98.0,152.0,train
11946,30_square,0,0,383.0,249.0,299.0,507.0,-84.0,258.0,train
11947,30_square,0,0,818.0,870.0,520.0,731.0,-298.0,-139.0,test
11948,30_square,0,0,894.0,151.0,657.0,484.0,-237.0,333.0,train
11949,30_square,0,0,303.0,380.0,738.0,217.0,435.0,-163.0,train
11950,30_square,0,0,139.0,715.0,576.0,759.0,437.0,44.0,test
11951,30_square,0,0,403.0,798.0,813.0,806.0,410.0,8.0,train
11952,30_square,0,0,554.0,311.0,735.0,370.0,181.0,59.0,train
11953,30_square,0,0,419.0,340.0,170.0,756.0,-249.0,416.0,train
11954,30_square,0,0,365.0,327.0,832.0,660.0,467.0,333.0,train
11955,30_square,0,0,460.0,267.0,276.0,432.0,-184.0,165.0,train
11956,30_square,0,0,791.0,770.0,842.0,474.0,51.0,-296.0,train
11957,30_square,0,0,297.0,862.0,369.0,136.0,72.0,-726.0,train
11958,30_square,0,0,485.0,535.0,387.0,180.0,-98.0,-355.0,train
11959,30_square,0,0,763.0,250.0,746.0,762.0,-17.0,512.0,train
11960,30_square,0,0,381.0,787.0,781.0,460.0,400.0,-327.0,train
11961,30_square,0,0,151.0,383.0,417.0,293.0,266.0,-90.0,train
11962,30_square,0,0,762.0,165.0,521.0,126.0,-241.0,-39.0,train
11963,30_square,0,0,135.0,815.0,564.0,724.0,429.0,-91.0,train
11964,30_square,0,0,234.0,333.0,892.0,735.0,658.0,402.0,train
11965,30_square,0,0,698.0,132.0,286.0,175.0,-412.0,43.0,val
11966,30_square,0,0,294.0,307.0,545.0,110.0,251.0,-197.0,train
11967,30_square,0,0,150.0,428.0,656.0,735.0,506.0,307.0,test
11968,30_square,0,0,887.0,591.0,394.0,280.0,-493.0,-311.0,train
11969,30_square,0,0,160.0,455.0,784.0,851.0,624.0,396.0,train
11970,30_square,0,0,698.0,583.0,251.0,740.0,-447.0,157.0,train
11971,30_square,0,0,561.0,484.0,212.0,500.0,-349.0,16.0,train
11972,30_square,0,0,685.0,491.0,373.0,425.0,-312.0,-66.0,train
11973,30_square,0,0,656.0,380.0,144.0,849.0,-512.0,469.0,train
11974,30_square,0,0,155.0,537.0,183.0,277.0,28.0,-260.0,train
11975,30_square,0,0,313.0,359.0,135.0,869.0,-178.0,510.0,train
11976,30_square,0,0,570.0,691.0,762.0,607.0,192.0,-84.0,train
11977,30_square,0,0,202.0,232.0,610.0,252.0,408.0,20.0,train
11978,30_square,0,0,586.0,857.0,415.0,239.0,-171.0,-618.0,val
11979,30_square,0,0,599.0,679.0,566.0,648.0,-33.0,-31.0,train
11980,30_square,0,0,324.0,156.0,835.0,282.0,511.0,126.0,train
11981,30_square,0,0,806.0,285.0,210.0,125.0,-596.0,-160.0,train
11982,30_square,0,0,883.0,167.0,755.0,677.0,-128.0,510.0,train
11983,30_square,0,0,625.0,701.0,332.0,128.0,-293.0,-573.0,train
11984,30_square,0,0,544.0,356.0,354.0,744.0,-190.0,388.0,train
11985,30_square,0,0,803.0,639.0,128.0,652.0,-675.0,13.0,train
11986,30_square,0,0,529.0,742.0,178.0,691.0,-351.0,-51.0,train
11987,30_square,0,0,221.0,465.0,696.0,114.0,475.0,-351.0,train
11988,30_square,0,0,323.0,672.0,519.0,362.0,196.0,-310.0,train
11989,30_square,0,0,233.0,764.0,317.0,409.0,84.0,-355.0,train
11990,30_square,0,0,126.0,833.0,599.0,562.0,473.0,-271.0,train
11991,30_square,0,0,236.0,601.0,550.0,443.0,314.0,-158.0,train
11992,30_square,0,0,859.0,354.0,464.0,467.0,-395.0,113.0,train
11993,30_square,0,0,395.0,573.0,346.0,710.0,-49.0,137.0,train
11994,30_square,0,0,301.0,138.0,561.0,690.0,260.0,552.0,train
11995,30_square,0,0,469.0,169.0,875.0,736.0,406.0,567.0,train
11996,30_square,0,0,762.0,489.0,685.0,605.0,-77.0,116.0,train
11997,30_square,0,0,856.0,704.0,757.0,430.0,-99.0,-274.0,train
11998,30_square,0,0,397.0,215.0,225.0,373.0,-172.0,158.0,train
11999,30_square,0,0,166.0,740.0,660.0,286.0,494.0,-454.0,train
12000,8_square,0,0,742.0,646.0,330.0,670.0,-412.0,24.0,train
12001,8_square,0,0,487.0,656.0,399.0,108.0,-88.0,-548.0,train
12002,8_square,0,0,594.0,887.0,176.0,669.0,-418.0,-218.0,val
12003,8_square,0,0,277.0,241.0,193.0,867.0,-84.0,626.0,train
12004,8_square,0,0,606.0,146.0,849.0,400.0,243.0,254.0,train
12005,8_square,0,0,605.0,664.0,796.0,183.0,191.0,-481.0,train
12006,8_square,0,0,464.0,716.0,454.0,413.0,-10.0,-303.0,train
12007,8_square,0,0,309.0,755.0,109.0,825.0,-200.0,70.0,train
12008,8_square,0,0,397.0,168.0,464.0,208.0,67.0,40.0,train
12009,8_square,0,0,265.0,617.0,607.0,828.0,342.0,211.0,train
12010,8_square,0,0,371.0,841.0,697.0,118.0,326.0,-723.0,train
12011,8_square,0,0,415.0,364.0,560.0,126.0,145.0,-238.0,train
12012,8_square,0,0,198.0,828.0,788.0,526.0,590.0,-302.0,train
12013,8_square,0,0,657.0,336.0,724.0,581.0,67.0,245.0,train
12014,8_square,0,0,788.0,496.0,739.0,733.0,-49.0,237.0,val
12015,8_square,0,0,481.0,654.0,824.0,141.0,343.0,-513.0,val
12016,8_square,0,0,548.0,557.0,707.0,569.0,159.0,12.0,test
12017,8_square,0,0,199.0,721.0,797.0,265.0,598.0,-456.0,train
12018,8_square,0,0,260.0,461.0,130.0,239.0,-130.0,-222.0,train
12019,8_square,0,0,471.0,291.0,821.0,121.0,350.0,-170.0,train
12020,8_square,0,0,290.0,564.0,245.0,502.0,-45.0,-62.0,train
12021,8_square,0,0,450.0,751.0,224.0,390.0,-226.0,-361.0,train
12022,8_square,0,0,432.0,270.0,746.0,280.0,314.0,10.0,train
12023,8_square,0,0,109.0,365.0,686.0,371.0,577.0,6.0,train
12024,8_square,0,0,785.0,195.0,722.0,438.0,-63.0,243.0,test
12025,8_square,0,0,212.0,266.0,664.0,443.0,452.0,177.0,val
12026,8_square,0,0,900.0,280.0,514.0,624.0,-386.0,344.0,train
12027,8_square,0,0,467.0,602.0,458.0,885.0,-9.0,283.0,train
12028,8_square,0,0,450.0,749.0,539.0,417.0,89.0,-332.0,train
12029,8_square,0,0,194.0,883.0,199.0,804.0,5.0,-79.0,train
12030,8_square,0,0,176.0,877.0,802.0,797.0,626.0,-80.0,val
12031,8_square,0,0,834.0,864.0,759.0,423.0,-75.0,-441.0,train
12032,8_square,0,0,399.0,524.0,727.0,631.0,328.0,107.0,train
12033,8_square,0,0,390.0,194.0,430.0,102.0,40.0,-92.0,train
12034,8_square,0,0,307.0,727.0,826.0,538.0,519.0,-189.0,train
12035,8_square,0,0,159.0,292.0,428.0,346.0,269.0,54.0,train
12036,8_square,0,0,893.0,754.0,764.0,774.0,-129.0,20.0,train
12037,8_square,0,0,373.0,442.0,276.0,782.0,-97.0,340.0,train
12038,8_square,0,0,500.0,796.0,317.0,791.0,-183.0,-5.0,train
12039,8_square,0,0,770.0,833.0,182.0,146.0,-588.0,-687.0,train
12040,8_square,0,0,641.0,809.0,106.0,385.0,-535.0,-424.0,train
12041,8_square,0,0,119.0,626.0,615.0,453.0,496.0,-173.0,train
12042,8_square,0,0,423.0,273.0,511.0,707.0,88.0,434.0,train
12043,8_square,0,0,416.0,396.0,578.0,608.0,162.0,212.0,train
12044,8_square,0,0,889.0,441.0,622.0,337.0,-267.0,-104.0,train
12045,8_square,0,0,482.0,542.0,662.0,755.0,180.0,213.0,train
12046,8_square,0,0,755.0,496.0,323.0,109.0,-432.0,-387.0,train
12047,8_square,0,0,532.0,642.0,608.0,182.0,76.0,-460.0,train
12048,8_square,0,0,801.0,460.0,617.0,246.0,-184.0,-214.0,val
12049,8_square,0,0,211.0,804.0,524.0,158.0,313.0,-646.0,train
12050,8_square,0,0,736.0,408.0,329.0,105.0,-407.0,-303.0,train
12051,8_square,0,0,735.0,670.0,583.0,264.0,-152.0,-406.0,test
12052,8_square,0,0,527.0,630.0,464.0,814.0,-63.0,184.0,train
12053,8_square,0,0,894.0,758.0,304.0,735.0,-590.0,-23.0,train
12054,8_square,0,0,520.0,619.0,414.0,329.0,-106.0,-290.0,train
12055,8_square,0,0,467.0,221.0,611.0,314.0,144.0,93.0,test
12056,8_square,0,0,572.0,182.0,122.0,883.0,-450.0,701.0,train
12057,8_square,0,0,400.0,374.0,763.0,163.0,363.0,-211.0,train
12058,8_square,0,0,603.0,311.0,587.0,633.0,-16.0,322.0,val
12059,8_square,0,0,348.0,670.0,591.0,412.0,243.0,-258.0,train
12060,8_square,0,0,314.0,430.0,241.0,170.0,-73.0,-260.0,train
12061,8_square,0,0,720.0,802.0,137.0,616.0,-583.0,-186.0,train
12062,8_square,0,0,512.0,536.0,195.0,482.0,-317.0,-54.0,train
12063,8_square,0,0,494.0,204.0,546.0,487.0,52.0,283.0,test
12064,8_square,0,0,878.0,108.0,804.0,218.0,-74.0,110.0,train
12065,8_square,0,0,683.0,262.0,306.0,306.0,-377.0,44.0,train
12066,8_square,0,0,476.0,466.0,552.0,208.0,76.0,-258.0,train
12067,8_square,0,0,748.0,636.0,761.0,761.0,13.0,125.0,train
12068,8_square,0,0,549.0,120.0,148.0,668.0,-401.0,548.0,train
12069,8_square,0,0,399.0,789.0,867.0,448.0,468.0,-341.0,train
12070,8_square,0,0,138.0,885.0,719.0,844.0,581.0,-41.0,test
12071,8_square,0,0,506.0,303.0,615.0,383.0,109.0,80.0,train
12072,8_square,0,0,728.0,170.0,587.0,677.0,-141.0,507.0,train
12073,8_square,0,0,575.0,299.0,339.0,644.0,-236.0,345.0,train
12074,8_square,0,0,107.0,111.0,815.0,227.0,708.0,116.0,train
12075,8_square,0,0,802.0,595.0,138.0,692.0,-664.0,97.0,train
12076,8_square,0,0,820.0,575.0,841.0,257.0,21.0,-318.0,train
12077,8_square,0,0,728.0,342.0,664.0,198.0,-64.0,-144.0,train
12078,8_square,0,0,720.0,827.0,357.0,395.0,-363.0,-432.0,train
12079,8_square,0,0,244.0,268.0,580.0,288.0,336.0,20.0,val
12080,8_square,0,0,474.0,552.0,300.0,382.0,-174.0,-170.0,train
12081,8_square,0,0,301.0,371.0,286.0,729.0,-15.0,358.0,test
12082,8_square,0,0,196.0,243.0,308.0,287.0,112.0,44.0,train
12083,8_square,0,0,571.0,601.0,855.0,764.0,284.0,163.0,train
12084,8_square,0,0,725.0,130.0,586.0,394.0,-139.0,264.0,val
12085,8_square,0,0,231.0,117.0,809.0,675.0,578.0,558.0,val
12086,8_square,0,0,663.0,319.0,190.0,114.0,-473.0,-205.0,train
12087,8_square,0,0,898.0,220.0,600.0,868.0,-298.0,648.0,train
12088,8_square,0,0,660.0,706.0,330.0,801.0,-330.0,95.0,train
12089,8_square,0,0,484.0,753.0,803.0,532.0,319.0,-221.0,train
12090,8_square,0,0,828.0,293.0,882.0,177.0,54.0,-116.0,train
12091,8_square,0,0,203.0,128.0,341.0,321.0,138.0,193.0,train
12092,8_square,0,0,147.0,775.0,497.0,716.0,350.0,-59.0,val
12093,8_square,0,0,659.0,347.0,375.0,628.0,-284.0,281.0,train
12094,8_square,0,0,327.0,161.0,345.0,447.0,18.0,286.0,train
12095,8_square,0,0,353.0,336.0,762.0,313.0,409.0,-23.0,train
12096,8_square,0,0,224.0,423.0,728.0,490.0,504.0,67.0,train
12097,8_square,0,0,323.0,106.0,685.0,346.0,362.0,240.0,train
12098,8_square,0,0,887.0,143.0,662.0,408.0,-225.0,265.0,train
12099,8_square,0,0,681.0,546.0,509.0,428.0,-172.0,-118.0,train
12100,8_square,0,0,466.0,326.0,537.0,349.0,71.0,23.0,train
12101,8_square,0,0,719.0,651.0,778.0,456.0,59.0,-195.0,train
12102,8_square,0,0,679.0,558.0,225.0,358.0,-454.0,-200.0,val
12103,8_square,0,0,327.0,468.0,665.0,392.0,338.0,-76.0,train
12104,8_square,0,0,543.0,869.0,856.0,446.0,313.0,-423.0,train
12105,8_square,0,0,194.0,419.0,848.0,445.0,654.0,26.0,val
12106,8_square,0,0,764.0,673.0,713.0,683.0,-51.0,10.0,train
12107,8_square,0,0,255.0,868.0,595.0,893.0,340.0,25.0,train
12108,8_square,0,0,765.0,854.0,718.0,389.0,-47.0,-465.0,train
12109,8_square,0,0,162.0,820.0,883.0,816.0,721.0,-4.0,val
12110,8_square,0,0,748.0,655.0,614.0,516.0,-134.0,-139.0,train
12111,8_square,0,0,504.0,358.0,276.0,864.0,-228.0,506.0,train
12112,8_square,0,0,673.0,118.0,673.0,467.0,0.0,349.0,train
12113,8_square,0,0,661.0,590.0,610.0,579.0,-51.0,-11.0,train
12114,8_square,0,0,668.0,869.0,642.0,113.0,-26.0,-756.0,train
12115,8_square,0,0,378.0,464.0,829.0,117.0,451.0,-347.0,train
12116,8_square,0,0,282.0,348.0,369.0,438.0,87.0,90.0,val
12117,8_square,0,0,439.0,173.0,685.0,681.0,246.0,508.0,train
12118,8_square,0,0,186.0,385.0,444.0,545.0,258.0,160.0,train
12119,8_square,0,0,735.0,569.0,216.0,474.0,-519.0,-95.0,train
12120,8_square,0,0,470.0,554.0,363.0,630.0,-107.0,76.0,train
12121,8_square,0,0,500.0,861.0,750.0,469.0,250.0,-392.0,train
12122,8_square,0,0,524.0,151.0,410.0,614.0,-114.0,463.0,train
12123,8_square,0,0,413.0,610.0,767.0,373.0,354.0,-237.0,train
12124,8_square,0,0,500.0,549.0,194.0,193.0,-306.0,-356.0,test
12125,8_square,0,0,452.0,153.0,463.0,548.0,11.0,395.0,train
12126,8_square,0,0,863.0,238.0,471.0,399.0,-392.0,161.0,train
12127,8_square,0,0,318.0,732.0,304.0,323.0,-14.0,-409.0,train
12128,8_square,0,0,413.0,656.0,692.0,304.0,279.0,-352.0,test
12129,8_square,0,0,488.0,638.0,897.0,898.0,409.0,260.0,train
12130,8_square,0,0,540.0,753.0,493.0,407.0,-47.0,-346.0,val
12131,8_square,0,0,648.0,640.0,239.0,853.0,-409.0,213.0,train
12132,8_square,0,0,436.0,587.0,781.0,629.0,345.0,42.0,val
12133,8_square,0,0,564.0,334.0,827.0,538.0,263.0,204.0,train
12134,8_square,0,0,224.0,683.0,539.0,491.0,315.0,-192.0,train
12135,8_square,0,0,116.0,301.0,645.0,512.0,529.0,211.0,test
12136,8_square,0,0,434.0,324.0,593.0,202.0,159.0,-122.0,test
12137,8_square,0,0,783.0,712.0,724.0,768.0,-59.0,56.0,train
12138,8_square,0,0,822.0,886.0,896.0,194.0,74.0,-692.0,train
12139,8_square,0,0,147.0,358.0,479.0,888.0,332.0,530.0,val
12140,8_square,0,0,652.0,437.0,387.0,900.0,-265.0,463.0,train
12141,8_square,0,0,541.0,111.0,159.0,849.0,-382.0,738.0,train
12142,8_square,0,0,539.0,717.0,895.0,438.0,356.0,-279.0,train
12143,8_square,0,0,274.0,557.0,638.0,391.0,364.0,-166.0,train
12144,8_square,0,0,185.0,815.0,588.0,680.0,403.0,-135.0,train
12145,8_square,0,0,353.0,272.0,761.0,670.0,408.0,398.0,val
12146,8_square,0,0,108.0,894.0,822.0,808.0,714.0,-86.0,test
12147,8_square,0,0,258.0,247.0,768.0,151.0,510.0,-96.0,train
12148,8_square,0,0,282.0,639.0,378.0,328.0,96.0,-311.0,train
12149,8_square,0,0,877.0,245.0,621.0,538.0,-256.0,293.0,train
12150,8_square,0,0,755.0,266.0,301.0,642.0,-454.0,376.0,train
12151,8_square,0,0,702.0,658.0,808.0,330.0,106.0,-328.0,train
12152,8_square,0,0,204.0,146.0,266.0,447.0,62.0,301.0,train
12153,8_square,0,0,366.0,325.0,636.0,512.0,270.0,187.0,train
12154,8_square,0,0,546.0,467.0,559.0,630.0,13.0,163.0,train
12155,8_square,0,0,662.0,210.0,570.0,535.0,-92.0,325.0,train
12156,8_square,0,0,748.0,316.0,261.0,726.0,-487.0,410.0,train
12157,8_square,0,0,380.0,206.0,660.0,371.0,280.0,165.0,train
12158,8_square,0,0,239.0,419.0,514.0,354.0,275.0,-65.0,train
12159,8_square,0,0,491.0,455.0,724.0,328.0,233.0,-127.0,train
12160,8_square,0,0,811.0,804.0,505.0,675.0,-306.0,-129.0,train
12161,8_square,0,0,211.0,411.0,506.0,612.0,295.0,201.0,train
12162,8_square,0,0,586.0,485.0,678.0,336.0,92.0,-149.0,train
12163,8_square,0,0,160.0,640.0,769.0,150.0,609.0,-490.0,train
12164,8_square,0,0,768.0,593.0,322.0,673.0,-446.0,80.0,train
12165,8_square,0,0,562.0,815.0,865.0,117.0,303.0,-698.0,train
12166,8_square,0,0,671.0,287.0,678.0,281.0,7.0,-6.0,test
12167,8_square,0,0,370.0,234.0,687.0,853.0,317.0,619.0,val
12168,8_square,0,0,428.0,183.0,869.0,882.0,441.0,699.0,train
12169,8_square,0,0,158.0,301.0,766.0,821.0,608.0,520.0,train
12170,8_square,0,0,541.0,356.0,830.0,508.0,289.0,152.0,test
12171,8_square,0,0,433.0,666.0,165.0,504.0,-268.0,-162.0,train
12172,8_square,0,0,325.0,723.0,347.0,639.0,22.0,-84.0,train
12173,8_square,0,0,148.0,634.0,650.0,797.0,502.0,163.0,train
12174,8_square,0,0,164.0,328.0,875.0,410.0,711.0,82.0,train
12175,8_square,0,0,369.0,783.0,627.0,286.0,258.0,-497.0,train
12176,8_square,0,0,424.0,410.0,369.0,456.0,-55.0,46.0,train
12177,8_square,0,0,681.0,392.0,647.0,143.0,-34.0,-249.0,train
12178,8_square,0,0,387.0,101.0,340.0,881.0,-47.0,780.0,val
12179,8_square,0,0,332.0,105.0,841.0,767.0,509.0,662.0,train
12180,8_square,0,0,184.0,288.0,275.0,687.0,91.0,399.0,train
12181,8_square,0,0,413.0,561.0,291.0,337.0,-122.0,-224.0,test
12182,8_square,0,0,463.0,866.0,208.0,417.0,-255.0,-449.0,train
12183,8_square,0,0,565.0,354.0,771.0,730.0,206.0,376.0,train
12184,8_square,0,0,219.0,554.0,391.0,723.0,172.0,169.0,val
12185,8_square,0,0,670.0,423.0,747.0,199.0,77.0,-224.0,train
12186,8_square,0,0,639.0,718.0,528.0,867.0,-111.0,149.0,train
12187,8_square,0,0,686.0,861.0,115.0,605.0,-571.0,-256.0,train
12188,8_square,0,0,599.0,837.0,209.0,508.0,-390.0,-329.0,train
12189,8_square,0,0,815.0,269.0,421.0,355.0,-394.0,86.0,test
12190,8_square,0,0,640.0,505.0,696.0,774.0,56.0,269.0,train
12191,8_square,0,0,483.0,438.0,596.0,176.0,113.0,-262.0,train
12192,8_square,0,0,754.0,394.0,708.0,598.0,-46.0,204.0,train
12193,8_square,0,0,732.0,287.0,182.0,490.0,-550.0,203.0,train
12194,8_square,0,0,824.0,795.0,275.0,821.0,-549.0,26.0,train
12195,8_square,0,0,650.0,353.0,897.0,185.0,247.0,-168.0,train
12196,8_square,0,0,583.0,483.0,655.0,375.0,72.0,-108.0,test
12197,8_square,0,0,446.0,711.0,195.0,225.0,-251.0,-486.0,train
12198,8_square,0,0,249.0,297.0,738.0,322.0,489.0,25.0,train
12199,8_square,0,0,657.0,249.0,771.0,591.0,114.0,342.0,train
12200,8_square,0,0,747.0,858.0,113.0,464.0,-634.0,-394.0,train
12201,8_square,0,0,632.0,763.0,423.0,840.0,-209.0,77.0,test
12202,8_square,0,0,168.0,709.0,142.0,360.0,-26.0,-349.0,train
12203,8_square,0,0,802.0,593.0,810.0,385.0,8.0,-208.0,val
12204,8_square,0,0,478.0,765.0,768.0,467.0,290.0,-298.0,train
12205,8_square,0,0,308.0,648.0,549.0,131.0,241.0,-517.0,train
12206,8_square,0,0,172.0,287.0,644.0,713.0,472.0,426.0,train
12207,8_square,0,0,827.0,769.0,471.0,436.0,-356.0,-333.0,train
12208,8_square,0,0,615.0,368.0,805.0,726.0,190.0,358.0,test
12209,8_square,0,0,851.0,544.0,864.0,374.0,13.0,-170.0,train
12210,8_square,0,0,253.0,625.0,462.0,226.0,209.0,-399.0,train
12211,8_square,0,0,195.0,790.0,128.0,690.0,-67.0,-100.0,train
12212,8_square,0,0,861.0,813.0,232.0,710.0,-629.0,-103.0,train
12213,8_square,0,0,391.0,127.0,562.0,622.0,171.0,495.0,train
12214,8_square,0,0,687.0,375.0,174.0,875.0,-513.0,500.0,train
12215,8_square,0,0,276.0,560.0,715.0,590.0,439.0,30.0,train
12216,8_square,0,0,367.0,327.0,695.0,473.0,328.0,146.0,train
12217,8_square,0,0,192.0,359.0,252.0,194.0,60.0,-165.0,train
12218,8_square,0,0,107.0,210.0,728.0,372.0,621.0,162.0,train
12219,8_square,0,0,203.0,451.0,755.0,123.0,552.0,-328.0,train
12220,8_square,0,0,272.0,706.0,386.0,639.0,114.0,-67.0,train
12221,8_square,0,0,719.0,463.0,374.0,884.0,-345.0,421.0,train
12222,8_square,0,0,296.0,645.0,616.0,525.0,320.0,-120.0,train
12223,8_square,0,0,296.0,287.0,683.0,343.0,387.0,56.0,train
12224,8_square,0,0,132.0,678.0,603.0,576.0,471.0,-102.0,train
12225,8_square,0,0,315.0,521.0,281.0,621.0,-34.0,100.0,train
12226,8_square,0,0,690.0,614.0,826.0,476.0,136.0,-138.0,train
12227,8_square,0,0,828.0,626.0,720.0,599.0,-108.0,-27.0,train
12228,8_square,0,0,580.0,259.0,524.0,808.0,-56.0,549.0,train
12229,8_square,0,0,190.0,277.0,396.0,461.0,206.0,184.0,train
12230,8_square,0,0,361.0,782.0,337.0,888.0,-24.0,106.0,train
12231,8_square,0,0,204.0,580.0,281.0,744.0,77.0,164.0,train
12232,8_square,0,0,231.0,846.0,721.0,327.0,490.0,-519.0,train
12233,8_square,0,0,463.0,857.0,860.0,268.0,397.0,-589.0,train
12234,8_square,0,0,702.0,295.0,696.0,833.0,-6.0,538.0,train
12235,8_square,0,0,393.0,828.0,378.0,277.0,-15.0,-551.0,train
12236,8_square,0,0,228.0,463.0,182.0,564.0,-46.0,101.0,train
12237,8_square,0,0,812.0,456.0,625.0,301.0,-187.0,-155.0,train
12238,8_square,0,0,648.0,709.0,790.0,738.0,142.0,29.0,train
12239,8_square,0,0,549.0,576.0,149.0,405.0,-400.0,-171.0,train
12240,8_square,0,0,494.0,455.0,317.0,351.0,-177.0,-104.0,train
12241,8_square,0,0,704.0,484.0,658.0,462.0,-46.0,-22.0,test
12242,8_square,0,0,135.0,247.0,887.0,208.0,752.0,-39.0,train
12243,8_square,0,0,131.0,738.0,170.0,618.0,39.0,-120.0,train
12244,8_square,0,0,586.0,128.0,497.0,423.0,-89.0,295.0,train
12245,8_square,0,0,817.0,506.0,230.0,683.0,-587.0,177.0,val
12246,8_square,0,0,248.0,782.0,222.0,769.0,-26.0,-13.0,train
12247,8_square,0,0,340.0,549.0,851.0,501.0,511.0,-48.0,val
12248,8_square,0,0,439.0,717.0,764.0,677.0,325.0,-40.0,train
12249,8_square,0,0,770.0,182.0,758.0,273.0,-12.0,91.0,train
12250,8_square,0,0,275.0,116.0,674.0,644.0,399.0,528.0,train
12251,8_square,0,0,194.0,164.0,843.0,587.0,649.0,423.0,train
12252,8_square,0,0,628.0,451.0,667.0,509.0,39.0,58.0,train
12253,8_square,0,0,631.0,547.0,813.0,783.0,182.0,236.0,val
12254,8_square,0,0,699.0,413.0,669.0,744.0,-30.0,331.0,val
12255,8_square,0,0,730.0,104.0,365.0,157.0,-365.0,53.0,train
12256,8_square,0,0,645.0,322.0,400.0,244.0,-245.0,-78.0,train
12257,8_square,0,0,300.0,543.0,692.0,411.0,392.0,-132.0,train
12258,8_square,0,0,437.0,183.0,444.0,339.0,7.0,156.0,test
12259,8_square,0,0,465.0,719.0,849.0,607.0,384.0,-112.0,train
12260,8_square,0,0,738.0,688.0,454.0,423.0,-284.0,-265.0,train
12261,8_square,0,0,461.0,792.0,153.0,415.0,-308.0,-377.0,train
12262,8_square,0,0,187.0,286.0,384.0,783.0,197.0,497.0,train
12263,8_square,0,0,844.0,509.0,252.0,121.0,-592.0,-388.0,train
12264,8_square,0,0,581.0,254.0,747.0,460.0,166.0,206.0,train
12265,8_square,0,0,423.0,776.0,382.0,393.0,-41.0,-383.0,train
12266,8_square,0,0,495.0,534.0,714.0,324.0,219.0,-210.0,train
12267,8_square,0,0,662.0,391.0,207.0,562.0,-455.0,171.0,train
12268,8_square,0,0,218.0,598.0,297.0,267.0,79.0,-331.0,val
12269,8_square,0,0,617.0,773.0,593.0,887.0,-24.0,114.0,train
12270,8_square,0,0,637.0,366.0,755.0,442.0,118.0,76.0,train
12271,8_square,0,0,658.0,502.0,480.0,183.0,-178.0,-319.0,train
12272,8_square,0,0,550.0,417.0,231.0,484.0,-319.0,67.0,train
12273,8_square,0,0,230.0,327.0,381.0,794.0,151.0,467.0,train
12274,8_square,0,0,481.0,755.0,716.0,669.0,235.0,-86.0,train
12275,8_square,0,0,597.0,392.0,708.0,484.0,111.0,92.0,train
12276,8_square,0,0,577.0,775.0,581.0,780.0,4.0,5.0,val
12277,8_square,0,0,404.0,224.0,140.0,819.0,-264.0,595.0,test
12278,8_square,0,0,399.0,891.0,213.0,290.0,-186.0,-601.0,train
12279,8_square,0,0,145.0,472.0,352.0,141.0,207.0,-331.0,train
12280,8_square,0,0,455.0,507.0,632.0,292.0,177.0,-215.0,train
12281,8_square,0,0,868.0,194.0,545.0,157.0,-323.0,-37.0,train
12282,8_square,0,0,298.0,604.0,784.0,800.0,486.0,196.0,train
12283,8_square,0,0,750.0,832.0,693.0,693.0,-57.0,-139.0,train
12284,8_square,0,0,306.0,434.0,457.0,899.0,151.0,465.0,train
12285,8_square,0,0,250.0,630.0,671.0,694.0,421.0,64.0,train
12286,8_square,0,0,125.0,559.0,331.0,788.0,206.0,229.0,train
12287,8_square,0,0,705.0,624.0,828.0,697.0,123.0,73.0,train
12288,8_square,0,0,107.0,676.0,885.0,340.0,778.0,-336.0,train
12289,8_square,0,0,239.0,265.0,875.0,602.0,636.0,337.0,train
12290,8_square,0,0,778.0,152.0,442.0,643.0,-336.0,491.0,train
12291,8_square,0,0,408.0,775.0,151.0,700.0,-257.0,-75.0,train
12292,8_square,0,0,821.0,458.0,365.0,359.0,-456.0,-99.0,train
12293,8_square,0,0,414.0,448.0,604.0,654.0,190.0,206.0,train
12294,8_square,0,0,686.0,778.0,353.0,166.0,-333.0,-612.0,train
12295,8_square,0,0,602.0,563.0,810.0,211.0,208.0,-352.0,test
12296,8_square,0,0,741.0,595.0,781.0,875.0,40.0,280.0,train
12297,8_square,0,0,883.0,180.0,555.0,610.0,-328.0,430.0,train
12298,8_square,0,0,596.0,200.0,554.0,190.0,-42.0,-10.0,test
12299,8_square,0,0,599.0,310.0,883.0,264.0,284.0,-46.0,val
12300,8_square,0,0,889.0,826.0,434.0,603.0,-455.0,-223.0,val
12301,8_square,0,0,380.0,457.0,858.0,773.0,478.0,316.0,train
12302,8_square,0,0,604.0,588.0,409.0,827.0,-195.0,239.0,train
12303,8_square,0,0,177.0,525.0,555.0,665.0,378.0,140.0,train
12304,8_square,0,0,837.0,212.0,376.0,344.0,-461.0,132.0,val
12305,8_square,0,0,546.0,623.0,255.0,519.0,-291.0,-104.0,train
12306,8_square,0,0,288.0,232.0,614.0,486.0,326.0,254.0,train
12307,8_square,0,0,782.0,504.0,444.0,235.0,-338.0,-269.0,train
12308,8_square,0,0,813.0,580.0,126.0,473.0,-687.0,-107.0,test
12309,8_square,0,0,771.0,899.0,835.0,837.0,64.0,-62.0,test
12310,8_square,0,0,430.0,810.0,474.0,386.0,44.0,-424.0,train
12311,8_square,0,0,568.0,817.0,714.0,442.0,146.0,-375.0,train
12312,8_square,0,0,509.0,127.0,298.0,551.0,-211.0,424.0,train
12313,8_square,0,0,644.0,691.0,608.0,620.0,-36.0,-71.0,train
12314,8_square,0,0,511.0,811.0,885.0,221.0,374.0,-590.0,train
12315,8_square,0,0,131.0,861.0,738.0,339.0,607.0,-522.0,train
12316,8_square,0,0,774.0,811.0,204.0,226.0,-570.0,-585.0,train
12317,8_square,0,0,123.0,453.0,875.0,220.0,752.0,-233.0,test
12318,8_square,0,0,665.0,447.0,545.0,461.0,-120.0,14.0,val
12319,8_square,0,0,128.0,473.0,702.0,850.0,574.0,377.0,train
12320,8_square,0,0,370.0,595.0,680.0,134.0,310.0,-461.0,train
12321,8_square,0,0,300.0,333.0,383.0,676.0,83.0,343.0,val
12322,8_square,0,0,669.0,597.0,424.0,232.0,-245.0,-365.0,test
12323,8_square,0,0,595.0,294.0,549.0,629.0,-46.0,335.0,train
12324,8_square,0,0,135.0,793.0,613.0,493.0,478.0,-300.0,train
12325,8_square,0,0,296.0,580.0,808.0,124.0,512.0,-456.0,train
12326,8_square,0,0,340.0,678.0,779.0,676.0,439.0,-2.0,train
12327,8_square,0,0,457.0,786.0,871.0,435.0,414.0,-351.0,train
12328,8_square,0,0,327.0,189.0,348.0,298.0,21.0,109.0,train
12329,8_square,0,0,750.0,505.0,282.0,698.0,-468.0,193.0,train
12330,8_square,0,0,152.0,291.0,514.0,827.0,362.0,536.0,train
12331,8_square,0,0,681.0,661.0,636.0,273.0,-45.0,-388.0,train
12332,8_square,0,0,186.0,675.0,498.0,856.0,312.0,181.0,train
12333,8_square,0,0,754.0,723.0,376.0,846.0,-378.0,123.0,test
12334,8_square,0,0,151.0,366.0,727.0,122.0,576.0,-244.0,train
12335,8_square,0,0,680.0,161.0,535.0,884.0,-145.0,723.0,train
12336,8_square,0,0,703.0,194.0,784.0,616.0,81.0,422.0,test
12337,8_square,0,0,605.0,573.0,573.0,207.0,-32.0,-366.0,val
12338,8_square,0,0,363.0,139.0,261.0,398.0,-102.0,259.0,train
12339,8_square,0,0,727.0,339.0,674.0,598.0,-53.0,259.0,train
12340,8_square,0,0,456.0,620.0,162.0,274.0,-294.0,-346.0,val
12341,8_square,0,0,411.0,641.0,766.0,887.0,355.0,246.0,val
12342,8_square,0,0,868.0,455.0,285.0,488.0,-583.0,33.0,train
12343,8_square,0,0,594.0,732.0,566.0,201.0,-28.0,-531.0,train
12344,8_square,0,0,636.0,747.0,594.0,748.0,-42.0,1.0,train
12345,8_square,0,0,760.0,248.0,590.0,821.0,-170.0,573.0,train
12346,8_square,0,0,604.0,323.0,575.0,112.0,-29.0,-211.0,test
12347,8_square,0,0,476.0,296.0,896.0,342.0,420.0,46.0,train
12348,8_square,0,0,420.0,875.0,552.0,363.0,132.0,-512.0,train
12349,8_square,0,0,579.0,873.0,856.0,463.0,277.0,-410.0,test
12350,8_square,0,0,546.0,569.0,705.0,770.0,159.0,201.0,train
12351,8_square,0,0,166.0,511.0,217.0,626.0,51.0,115.0,train
12352,8_square,0,0,858.0,663.0,461.0,445.0,-397.0,-218.0,train
12353,8_square,0,0,556.0,818.0,268.0,636.0,-288.0,-182.0,train
12354,8_square,0,0,438.0,177.0,364.0,608.0,-74.0,431.0,train
12355,8_square,0,0,639.0,412.0,324.0,369.0,-315.0,-43.0,train
12356,8_square,0,0,723.0,231.0,804.0,522.0,81.0,291.0,train
12357,8_square,0,0,669.0,502.0,385.0,626.0,-284.0,124.0,test
12358,8_square,0,0,202.0,628.0,455.0,809.0,253.0,181.0,val
12359,8_square,0,0,326.0,235.0,248.0,148.0,-78.0,-87.0,train
12360,8_square,0,0,630.0,588.0,597.0,846.0,-33.0,258.0,train
12361,8_square,0,0,461.0,355.0,141.0,819.0,-320.0,464.0,train
12362,8_square,0,0,167.0,793.0,435.0,214.0,268.0,-579.0,train
12363,8_square,0,0,390.0,196.0,652.0,870.0,262.0,674.0,train
12364,8_square,0,0,504.0,368.0,215.0,472.0,-289.0,104.0,train
12365,8_square,0,0,398.0,236.0,679.0,119.0,281.0,-117.0,val
12366,8_square,0,0,679.0,302.0,147.0,316.0,-532.0,14.0,train
12367,8_square,0,0,306.0,610.0,236.0,447.0,-70.0,-163.0,train
12368,8_square,0,0,310.0,257.0,488.0,209.0,178.0,-48.0,train
12369,8_square,0,0,796.0,795.0,556.0,680.0,-240.0,-115.0,val
12370,8_square,0,0,750.0,703.0,437.0,230.0,-313.0,-473.0,test
12371,8_square,0,0,302.0,490.0,298.0,331.0,-4.0,-159.0,train
12372,8_square,0,0,704.0,769.0,496.0,682.0,-208.0,-87.0,train
12373,8_square,0,0,685.0,141.0,697.0,869.0,12.0,728.0,train
12374,8_square,0,0,414.0,896.0,125.0,123.0,-289.0,-773.0,val
12375,8_square,0,0,200.0,300.0,544.0,469.0,344.0,169.0,train
12376,8_square,0,0,706.0,698.0,206.0,431.0,-500.0,-267.0,val
12377,8_square,0,0,437.0,305.0,745.0,571.0,308.0,266.0,train
12378,8_square,0,0,678.0,390.0,300.0,711.0,-378.0,321.0,train
12379,8_square,0,0,418.0,200.0,768.0,264.0,350.0,64.0,train
12380,8_square,0,0,273.0,181.0,342.0,389.0,69.0,208.0,val
12381,8_square,0,0,812.0,467.0,273.0,477.0,-539.0,10.0,val
12382,8_square,0,0,171.0,631.0,479.0,179.0,308.0,-452.0,train
12383,8_square,0,0,187.0,792.0,278.0,628.0,91.0,-164.0,train
12384,8_square,0,0,305.0,360.0,725.0,227.0,420.0,-133.0,train
12385,8_square,0,0,778.0,503.0,719.0,492.0,-59.0,-11.0,train
12386,8_square,0,0,177.0,719.0,642.0,667.0,465.0,-52.0,train
12387,8_square,0,0,741.0,798.0,370.0,633.0,-371.0,-165.0,train
12388,8_square,0,0,668.0,248.0,192.0,699.0,-476.0,451.0,train
12389,8_square,0,0,508.0,133.0,142.0,537.0,-366.0,404.0,train
12390,8_square,0,0,269.0,551.0,386.0,848.0,117.0,297.0,train
12391,8_square,0,0,866.0,883.0,155.0,458.0,-711.0,-425.0,train
12392,8_square,0,0,645.0,826.0,551.0,666.0,-94.0,-160.0,train
12393,8_square,0,0,438.0,867.0,841.0,375.0,403.0,-492.0,test
12394,8_square,0,0,643.0,434.0,847.0,102.0,204.0,-332.0,train
12395,8_square,0,0,126.0,591.0,568.0,815.0,442.0,224.0,train
12396,8_square,0,0,869.0,602.0,894.0,697.0,25.0,95.0,train
12397,8_square,0,0,188.0,249.0,774.0,824.0,586.0,575.0,train
12398,8_square,0,0,480.0,600.0,787.0,485.0,307.0,-115.0,train
12399,8_square,0,0,182.0,659.0,708.0,824.0,526.0,165.0,test
12400,8_square,0,0,587.0,252.0,550.0,451.0,-37.0,199.0,train
12401,8_square,0,0,127.0,288.0,883.0,723.0,756.0,435.0,train
12402,8_square,0,0,197.0,227.0,118.0,291.0,-79.0,64.0,val
12403,8_square,0,0,881.0,294.0,458.0,617.0,-423.0,323.0,train
12404,8_square,0,0,731.0,416.0,149.0,594.0,-582.0,178.0,train
12405,8_square,0,0,464.0,441.0,321.0,865.0,-143.0,424.0,train
12406,8_square,0,0,717.0,759.0,283.0,594.0,-434.0,-165.0,test
12407,8_square,0,0,136.0,184.0,829.0,252.0,693.0,68.0,test
12408,8_square,0,0,590.0,660.0,696.0,107.0,106.0,-553.0,train
12409,8_square,0,0,474.0,340.0,862.0,784.0,388.0,444.0,train
12410,8_square,0,0,315.0,715.0,791.0,651.0,476.0,-64.0,train
12411,8_square,0,0,493.0,831.0,202.0,545.0,-291.0,-286.0,train
12412,8_square,0,0,533.0,843.0,283.0,282.0,-250.0,-561.0,test
12413,8_square,0,0,351.0,182.0,116.0,259.0,-235.0,77.0,train
12414,8_square,0,0,514.0,510.0,541.0,574.0,27.0,64.0,train
12415,8_square,0,0,133.0,575.0,632.0,537.0,499.0,-38.0,train
12416,8_square,0,0,439.0,220.0,420.0,175.0,-19.0,-45.0,train
12417,8_square,0,0,615.0,398.0,880.0,501.0,265.0,103.0,train
12418,8_square,0,0,355.0,318.0,392.0,525.0,37.0,207.0,train
12419,8_square,0,0,609.0,526.0,845.0,336.0,236.0,-190.0,val
12420,8_square,0,0,261.0,424.0,204.0,791.0,-57.0,367.0,train
12421,8_square,0,0,247.0,413.0,559.0,669.0,312.0,256.0,val
12422,8_square,0,0,425.0,178.0,500.0,166.0,75.0,-12.0,train
12423,8_square,0,0,483.0,528.0,460.0,200.0,-23.0,-328.0,train
12424,8_square,0,0,896.0,611.0,290.0,278.0,-606.0,-333.0,train
12425,8_square,0,0,798.0,825.0,721.0,499.0,-77.0,-326.0,train
12426,8_square,0,0,687.0,488.0,327.0,106.0,-360.0,-382.0,train
12427,8_square,0,0,140.0,361.0,651.0,670.0,511.0,309.0,test
12428,8_square,0,0,461.0,799.0,673.0,685.0,212.0,-114.0,train
12429,8_square,0,0,774.0,384.0,861.0,444.0,87.0,60.0,train
12430,8_square,0,0,644.0,774.0,505.0,434.0,-139.0,-340.0,train
12431,8_square,0,0,293.0,636.0,679.0,399.0,386.0,-237.0,train
12432,8_square,0,0,503.0,871.0,507.0,469.0,4.0,-402.0,train
12433,8_square,0,0,838.0,710.0,692.0,408.0,-146.0,-302.0,train
12434,8_square,0,0,839.0,800.0,692.0,221.0,-147.0,-579.0,val
12435,8_square,0,0,700.0,265.0,588.0,260.0,-112.0,-5.0,train
12436,8_square,0,0,887.0,579.0,548.0,900.0,-339.0,321.0,train
12437,8_square,0,0,892.0,264.0,778.0,208.0,-114.0,-56.0,train
12438,8_square,0,0,210.0,422.0,106.0,869.0,-104.0,447.0,train
12439,8_square,0,0,232.0,524.0,217.0,627.0,-15.0,103.0,train
12440,8_square,0,0,387.0,114.0,631.0,259.0,244.0,145.0,train
12441,8_square,0,0,541.0,570.0,561.0,865.0,20.0,295.0,train
12442,8_square,0,0,165.0,338.0,100.0,682.0,-65.0,344.0,train
12443,8_square,0,0,892.0,450.0,615.0,591.0,-277.0,141.0,train
12444,8_square,0,0,830.0,531.0,465.0,765.0,-365.0,234.0,train
12445,8_square,0,0,505.0,234.0,590.0,463.0,85.0,229.0,train
12446,8_square,0,0,808.0,644.0,731.0,391.0,-77.0,-253.0,train
12447,8_square,0,0,287.0,472.0,209.0,244.0,-78.0,-228.0,test
12448,8_square,0,0,779.0,899.0,726.0,456.0,-53.0,-443.0,train
12449,8_square,0,0,688.0,310.0,509.0,671.0,-179.0,361.0,train
12450,8_square,0,0,227.0,345.0,207.0,544.0,-20.0,199.0,train
12451,8_square,0,0,453.0,751.0,189.0,390.0,-264.0,-361.0,train
12452,8_square,0,0,788.0,236.0,342.0,765.0,-446.0,529.0,val
12453,8_square,0,0,392.0,187.0,483.0,840.0,91.0,653.0,train
12454,8_square,0,0,886.0,876.0,624.0,814.0,-262.0,-62.0,train
12455,8_square,0,0,377.0,644.0,881.0,246.0,504.0,-398.0,train
12456,8_square,0,0,671.0,488.0,360.0,710.0,-311.0,222.0,train
12457,8_square,0,0,377.0,850.0,523.0,376.0,146.0,-474.0,train
12458,8_square,0,0,813.0,820.0,379.0,380.0,-434.0,-440.0,train
12459,8_square,0,0,764.0,238.0,281.0,591.0,-483.0,353.0,train
12460,8_square,0,0,389.0,118.0,137.0,872.0,-252.0,754.0,train
12461,8_square,0,0,317.0,256.0,783.0,179.0,466.0,-77.0,train
12462,8_square,0,0,519.0,317.0,178.0,230.0,-341.0,-87.0,train
12463,8_square,0,0,191.0,711.0,534.0,204.0,343.0,-507.0,test
12464,8_square,0,0,740.0,251.0,748.0,869.0,8.0,618.0,train
12465,8_square,0,0,344.0,655.0,118.0,764.0,-226.0,109.0,train
12466,8_square,0,0,430.0,259.0,214.0,749.0,-216.0,490.0,train
12467,8_square,0,0,775.0,238.0,149.0,122.0,-626.0,-116.0,train
12468,8_square,0,0,319.0,844.0,555.0,800.0,236.0,-44.0,train
12469,8_square,0,0,474.0,408.0,322.0,367.0,-152.0,-41.0,train
12470,8_square,0,0,413.0,865.0,100.0,264.0,-313.0,-601.0,train
12471,8_square,0,0,353.0,807.0,367.0,432.0,14.0,-375.0,train
12472,8_square,0,0,230.0,165.0,548.0,340.0,318.0,175.0,val
12473,8_square,0,0,323.0,616.0,337.0,131.0,14.0,-485.0,train
12474,8_square,0,0,134.0,242.0,834.0,817.0,700.0,575.0,train
12475,8_square,0,0,898.0,687.0,723.0,483.0,-175.0,-204.0,train
12476,8_square,0,0,899.0,440.0,562.0,326.0,-337.0,-114.0,train
12477,8_square,0,0,611.0,307.0,271.0,773.0,-340.0,466.0,train
12478,8_square,0,0,433.0,359.0,780.0,766.0,347.0,407.0,train
12479,8_square,0,0,675.0,297.0,548.0,229.0,-127.0,-68.0,train
12480,8_square,0,0,202.0,314.0,282.0,517.0,80.0,203.0,train
12481,8_square,0,0,886.0,318.0,773.0,732.0,-113.0,414.0,val
12482,8_square,0,0,325.0,791.0,732.0,490.0,407.0,-301.0,train
12483,8_square,0,0,427.0,456.0,495.0,426.0,68.0,-30.0,train
12484,8_square,0,0,848.0,274.0,444.0,850.0,-404.0,576.0,train
12485,8_square,0,0,230.0,618.0,201.0,260.0,-29.0,-358.0,test
12486,8_square,0,0,739.0,433.0,204.0,428.0,-535.0,-5.0,val
12487,8_square,0,0,222.0,730.0,742.0,262.0,520.0,-468.0,train
12488,8_square,0,0,187.0,692.0,455.0,195.0,268.0,-497.0,train
12489,8_square,0,0,700.0,211.0,367.0,493.0,-333.0,282.0,train
12490,8_square,0,0,702.0,496.0,258.0,172.0,-444.0,-324.0,train
12491,8_square,0,0,517.0,319.0,821.0,651.0,304.0,332.0,train
12492,8_square,0,0,794.0,869.0,134.0,858.0,-660.0,-11.0,train
12493,8_square,0,0,240.0,449.0,520.0,859.0,280.0,410.0,train
12494,8_square,0,0,495.0,812.0,722.0,739.0,227.0,-73.0,train
12495,8_square,0,0,247.0,861.0,705.0,700.0,458.0,-161.0,train
12496,8_square,0,0,876.0,423.0,364.0,408.0,-512.0,-15.0,test
12497,8_square,0,0,839.0,128.0,767.0,374.0,-72.0,246.0,train
12498,8_square,0,0,699.0,202.0,343.0,193.0,-356.0,-9.0,train
12499,8_square,0,0,887.0,693.0,462.0,200.0,-425.0,-493.0,train
12500,5_square,0,0,284.0,514.0,557.0,567.0,273.0,53.0,train
12501,5_square,0,0,531.0,290.0,618.0,444.0,87.0,154.0,train
12502,5_square,0,0,246.0,753.0,203.0,793.0,-43.0,40.0,train
12503,5_square,0,0,767.0,777.0,289.0,827.0,-478.0,50.0,test
12504,5_square,0,0,456.0,853.0,741.0,678.0,285.0,-175.0,train
12505,5_square,0,0,609.0,495.0,579.0,478.0,-30.0,-17.0,test
12506,5_square,0,0,117.0,631.0,377.0,637.0,260.0,6.0,test
12507,5_square,0,0,206.0,480.0,267.0,746.0,61.0,266.0,train
12508,5_square,0,0,142.0,858.0,334.0,755.0,192.0,-103.0,train
12509,5_square,0,0,634.0,408.0,450.0,793.0,-184.0,385.0,train
12510,5_square,0,0,141.0,698.0,511.0,817.0,370.0,119.0,train
12511,5_square,0,0,532.0,665.0,618.0,177.0,86.0,-488.0,train
12512,5_square,0,0,478.0,253.0,495.0,583.0,17.0,330.0,train
12513,5_square,0,0,550.0,600.0,454.0,211.0,-96.0,-389.0,train
12514,5_square,0,0,444.0,200.0,840.0,843.0,396.0,643.0,train
12515,5_square,0,0,675.0,448.0,279.0,205.0,-396.0,-243.0,train
12516,5_square,0,0,653.0,802.0,364.0,704.0,-289.0,-98.0,train
12517,5_square,0,0,747.0,127.0,120.0,178.0,-627.0,51.0,train
12518,5_square,0,0,810.0,183.0,249.0,295.0,-561.0,112.0,test
12519,5_square,0,0,300.0,163.0,133.0,610.0,-167.0,447.0,train
12520,5_square,0,0,400.0,883.0,683.0,491.0,283.0,-392.0,train
12521,5_square,0,0,415.0,598.0,279.0,779.0,-136.0,181.0,train
12522,5_square,0,0,576.0,215.0,563.0,631.0,-13.0,416.0,train
12523,5_square,0,0,311.0,472.0,449.0,508.0,138.0,36.0,train
12524,5_square,0,0,734.0,474.0,408.0,296.0,-326.0,-178.0,train
12525,5_square,0,0,220.0,674.0,769.0,664.0,549.0,-10.0,train
12526,5_square,0,0,223.0,462.0,233.0,215.0,10.0,-247.0,train
12527,5_square,0,0,580.0,883.0,520.0,237.0,-60.0,-646.0,train
12528,5_square,0,0,515.0,130.0,617.0,283.0,102.0,153.0,test
12529,5_square,0,0,130.0,894.0,393.0,322.0,263.0,-572.0,train
12530,5_square,0,0,788.0,312.0,575.0,807.0,-213.0,495.0,train
12531,5_square,0,0,107.0,143.0,532.0,449.0,425.0,306.0,val
12532,5_square,0,0,519.0,758.0,760.0,745.0,241.0,-13.0,test
12533,5_square,0,0,378.0,298.0,835.0,217.0,457.0,-81.0,train
12534,5_square,0,0,708.0,444.0,288.0,617.0,-420.0,173.0,train
12535,5_square,0,0,823.0,899.0,405.0,688.0,-418.0,-211.0,train
12536,5_square,0,0,537.0,888.0,728.0,711.0,191.0,-177.0,train
12537,5_square,0,0,352.0,116.0,622.0,762.0,270.0,646.0,train
12538,5_square,0,0,208.0,676.0,898.0,184.0,690.0,-492.0,train
12539,5_square,0,0,136.0,750.0,653.0,844.0,517.0,94.0,val
12540,5_square,0,0,526.0,794.0,557.0,400.0,31.0,-394.0,train
12541,5_square,0,0,105.0,750.0,753.0,292.0,648.0,-458.0,train
12542,5_square,0,0,368.0,850.0,896.0,883.0,528.0,33.0,train
12543,5_square,0,0,647.0,463.0,786.0,322.0,139.0,-141.0,train
12544,5_square,0,0,343.0,114.0,682.0,856.0,339.0,742.0,train
12545,5_square,0,0,480.0,208.0,473.0,859.0,-7.0,651.0,val
12546,5_square,0,0,477.0,671.0,588.0,553.0,111.0,-118.0,train
12547,5_square,0,0,295.0,275.0,191.0,126.0,-104.0,-149.0,train
12548,5_square,0,0,390.0,341.0,658.0,877.0,268.0,536.0,train
12549,5_square,0,0,169.0,776.0,501.0,797.0,332.0,21.0,train
12550,5_square,0,0,534.0,122.0,685.0,100.0,151.0,-22.0,train
12551,5_square,0,0,573.0,654.0,478.0,303.0,-95.0,-351.0,test
12552,5_square,0,0,161.0,814.0,470.0,257.0,309.0,-557.0,train
12553,5_square,0,0,657.0,565.0,161.0,329.0,-496.0,-236.0,train
12554,5_square,0,0,455.0,195.0,453.0,516.0,-2.0,321.0,train
12555,5_square,0,0,735.0,569.0,104.0,771.0,-631.0,202.0,train
12556,5_square,0,0,662.0,690.0,671.0,285.0,9.0,-405.0,train
12557,5_square,0,0,810.0,181.0,639.0,720.0,-171.0,539.0,train
12558,5_square,0,0,369.0,218.0,693.0,773.0,324.0,555.0,train
12559,5_square,0,0,643.0,763.0,765.0,605.0,122.0,-158.0,train
12560,5_square,0,0,645.0,549.0,479.0,367.0,-166.0,-182.0,val
12561,5_square,0,0,311.0,418.0,610.0,240.0,299.0,-178.0,train
12562,5_square,0,0,718.0,720.0,621.0,508.0,-97.0,-212.0,train
12563,5_square,0,0,594.0,360.0,740.0,849.0,146.0,489.0,train
12564,5_square,0,0,523.0,815.0,819.0,116.0,296.0,-699.0,test
12565,5_square,0,0,434.0,786.0,333.0,690.0,-101.0,-96.0,train
12566,5_square,0,0,119.0,268.0,395.0,315.0,276.0,47.0,train
12567,5_square,0,0,379.0,364.0,156.0,181.0,-223.0,-183.0,train
12568,5_square,0,0,770.0,776.0,897.0,567.0,127.0,-209.0,train
12569,5_square,0,0,864.0,243.0,276.0,715.0,-588.0,472.0,train
12570,5_square,0,0,361.0,200.0,173.0,550.0,-188.0,350.0,train
12571,5_square,0,0,279.0,605.0,801.0,331.0,522.0,-274.0,train
12572,5_square,0,0,242.0,589.0,662.0,841.0,420.0,252.0,train
12573,5_square,0,0,599.0,403.0,379.0,761.0,-220.0,358.0,train
12574,5_square,0,0,430.0,819.0,705.0,872.0,275.0,53.0,test
12575,5_square,0,0,884.0,864.0,620.0,336.0,-264.0,-528.0,train
12576,5_square,0,0,834.0,150.0,377.0,503.0,-457.0,353.0,train
12577,5_square,0,0,675.0,354.0,320.0,344.0,-355.0,-10.0,train
12578,5_square,0,0,241.0,796.0,650.0,900.0,409.0,104.0,train
12579,5_square,0,0,430.0,255.0,328.0,169.0,-102.0,-86.0,train
12580,5_square,0,0,440.0,630.0,610.0,135.0,170.0,-495.0,train
12581,5_square,0,0,550.0,251.0,403.0,127.0,-147.0,-124.0,train
12582,5_square,0,0,865.0,269.0,684.0,755.0,-181.0,486.0,train
12583,5_square,0,0,623.0,538.0,410.0,744.0,-213.0,206.0,train
12584,5_square,0,0,508.0,766.0,602.0,111.0,94.0,-655.0,train
12585,5_square,0,0,886.0,803.0,851.0,278.0,-35.0,-525.0,train
12586,5_square,0,0,301.0,108.0,535.0,494.0,234.0,386.0,test
12587,5_square,0,0,509.0,395.0,665.0,360.0,156.0,-35.0,train
12588,5_square,0,0,345.0,721.0,142.0,606.0,-203.0,-115.0,train
12589,5_square,0,0,612.0,585.0,535.0,524.0,-77.0,-61.0,val
12590,5_square,0,0,835.0,554.0,310.0,327.0,-525.0,-227.0,train
12591,5_square,0,0,780.0,701.0,512.0,194.0,-268.0,-507.0,train
12592,5_square,0,0,165.0,359.0,568.0,563.0,403.0,204.0,train
12593,5_square,0,0,354.0,778.0,555.0,610.0,201.0,-168.0,train
12594,5_square,0,0,484.0,520.0,821.0,174.0,337.0,-346.0,train
12595,5_square,0,0,327.0,466.0,106.0,639.0,-221.0,173.0,train
12596,5_square,0,0,316.0,812.0,471.0,220.0,155.0,-592.0,train
12597,5_square,0,0,183.0,150.0,795.0,136.0,612.0,-14.0,train
12598,5_square,0,0,439.0,184.0,350.0,768.0,-89.0,584.0,val
12599,5_square,0,0,742.0,322.0,694.0,876.0,-48.0,554.0,train
12600,5_square,0,0,895.0,397.0,420.0,301.0,-475.0,-96.0,train
12601,5_square,0,0,425.0,566.0,686.0,119.0,261.0,-447.0,train
12602,5_square,0,0,480.0,152.0,767.0,485.0,287.0,333.0,train
12603,5_square,0,0,394.0,289.0,601.0,802.0,207.0,513.0,train
12604,5_square,0,0,776.0,133.0,880.0,302.0,104.0,169.0,train
12605,5_square,0,0,346.0,317.0,534.0,414.0,188.0,97.0,train
12606,5_square,0,0,717.0,723.0,648.0,882.0,-69.0,159.0,train
12607,5_square,0,0,321.0,157.0,712.0,474.0,391.0,317.0,train
12608,5_square,0,0,222.0,491.0,255.0,393.0,33.0,-98.0,train
12609,5_square,0,0,507.0,138.0,206.0,176.0,-301.0,38.0,train
12610,5_square,0,0,369.0,364.0,610.0,429.0,241.0,65.0,train
12611,5_square,0,0,581.0,293.0,872.0,289.0,291.0,-4.0,train
12612,5_square,0,0,653.0,153.0,193.0,228.0,-460.0,75.0,test
12613,5_square,0,0,454.0,753.0,404.0,594.0,-50.0,-159.0,train
12614,5_square,0,0,493.0,398.0,582.0,102.0,89.0,-296.0,train
12615,5_square,0,0,704.0,412.0,271.0,511.0,-433.0,99.0,train
12616,5_square,0,0,377.0,650.0,107.0,814.0,-270.0,164.0,train
12617,5_square,0,0,797.0,676.0,101.0,488.0,-696.0,-188.0,test
12618,5_square,0,0,724.0,180.0,582.0,507.0,-142.0,327.0,train
12619,5_square,0,0,704.0,284.0,787.0,838.0,83.0,554.0,train
12620,5_square,0,0,246.0,839.0,496.0,126.0,250.0,-713.0,test
12621,5_square,0,0,890.0,119.0,252.0,465.0,-638.0,346.0,train
12622,5_square,0,0,377.0,523.0,278.0,890.0,-99.0,367.0,train
12623,5_square,0,0,541.0,880.0,621.0,602.0,80.0,-278.0,test
12624,5_square,0,0,240.0,897.0,416.0,880.0,176.0,-17.0,val
12625,5_square,0,0,825.0,671.0,256.0,293.0,-569.0,-378.0,train
12626,5_square,0,0,758.0,149.0,620.0,158.0,-138.0,9.0,train
12627,5_square,0,0,191.0,845.0,366.0,665.0,175.0,-180.0,train
12628,5_square,0,0,573.0,886.0,796.0,464.0,223.0,-422.0,train
12629,5_square,0,0,750.0,757.0,606.0,850.0,-144.0,93.0,train
12630,5_square,0,0,501.0,411.0,362.0,180.0,-139.0,-231.0,train
12631,5_square,0,0,308.0,450.0,717.0,408.0,409.0,-42.0,train
12632,5_square,0,0,128.0,838.0,791.0,208.0,663.0,-630.0,train
12633,5_square,0,0,133.0,474.0,499.0,245.0,366.0,-229.0,train
12634,5_square,0,0,510.0,575.0,539.0,385.0,29.0,-190.0,train
12635,5_square,0,0,194.0,568.0,818.0,464.0,624.0,-104.0,train
12636,5_square,0,0,340.0,388.0,478.0,500.0,138.0,112.0,train
12637,5_square,0,0,234.0,351.0,182.0,520.0,-52.0,169.0,train
12638,5_square,0,0,218.0,107.0,648.0,309.0,430.0,202.0,train
12639,5_square,0,0,357.0,478.0,819.0,871.0,462.0,393.0,train
12640,5_square,0,0,817.0,577.0,614.0,588.0,-203.0,11.0,train
12641,5_square,0,0,765.0,145.0,259.0,427.0,-506.0,282.0,train
12642,5_square,0,0,622.0,394.0,117.0,202.0,-505.0,-192.0,test
12643,5_square,0,0,106.0,732.0,502.0,344.0,396.0,-388.0,val
12644,5_square,0,0,414.0,290.0,560.0,538.0,146.0,248.0,train
12645,5_square,0,0,846.0,845.0,190.0,231.0,-656.0,-614.0,train
12646,5_square,0,0,139.0,344.0,836.0,667.0,697.0,323.0,train
12647,5_square,0,0,261.0,539.0,351.0,336.0,90.0,-203.0,train
12648,5_square,0,0,614.0,298.0,564.0,807.0,-50.0,509.0,train
12649,5_square,0,0,810.0,286.0,503.0,131.0,-307.0,-155.0,train
12650,5_square,0,0,440.0,385.0,640.0,819.0,200.0,434.0,val
12651,5_square,0,0,427.0,572.0,820.0,304.0,393.0,-268.0,train
12652,5_square,0,0,219.0,626.0,325.0,599.0,106.0,-27.0,train
12653,5_square,0,0,753.0,753.0,752.0,557.0,-1.0,-196.0,train
12654,5_square,0,0,587.0,739.0,687.0,265.0,100.0,-474.0,train
12655,5_square,0,0,674.0,579.0,458.0,280.0,-216.0,-299.0,val
12656,5_square,0,0,131.0,327.0,539.0,492.0,408.0,165.0,train
12657,5_square,0,0,255.0,845.0,605.0,616.0,350.0,-229.0,train
12658,5_square,0,0,479.0,897.0,125.0,465.0,-354.0,-432.0,val
12659,5_square,0,0,482.0,415.0,876.0,335.0,394.0,-80.0,test
12660,5_square,0,0,326.0,561.0,187.0,144.0,-139.0,-417.0,train
12661,5_square,0,0,222.0,886.0,749.0,876.0,527.0,-10.0,val
12662,5_square,0,0,526.0,301.0,753.0,297.0,227.0,-4.0,train
12663,5_square,0,0,756.0,748.0,642.0,260.0,-114.0,-488.0,train
12664,5_square,0,0,114.0,645.0,415.0,779.0,301.0,134.0,train
12665,5_square,0,0,796.0,189.0,486.0,843.0,-310.0,654.0,train
12666,5_square,0,0,795.0,556.0,262.0,489.0,-533.0,-67.0,train
12667,5_square,0,0,514.0,115.0,616.0,419.0,102.0,304.0,train
12668,5_square,0,0,103.0,585.0,713.0,497.0,610.0,-88.0,train
12669,5_square,0,0,886.0,851.0,271.0,597.0,-615.0,-254.0,val
12670,5_square,0,0,179.0,607.0,830.0,211.0,651.0,-396.0,train
12671,5_square,0,0,285.0,568.0,879.0,155.0,594.0,-413.0,train
12672,5_square,0,0,689.0,158.0,238.0,827.0,-451.0,669.0,train
12673,5_square,0,0,211.0,835.0,421.0,433.0,210.0,-402.0,train
12674,5_square,0,0,129.0,835.0,180.0,100.0,51.0,-735.0,train
12675,5_square,0,0,508.0,208.0,199.0,266.0,-309.0,58.0,train
12676,5_square,0,0,109.0,583.0,812.0,578.0,703.0,-5.0,train
12677,5_square,0,0,882.0,562.0,161.0,512.0,-721.0,-50.0,test
12678,5_square,0,0,663.0,619.0,744.0,177.0,81.0,-442.0,train
12679,5_square,0,0,816.0,672.0,431.0,296.0,-385.0,-376.0,train
12680,5_square,0,0,299.0,321.0,323.0,349.0,24.0,28.0,train
12681,5_square,0,0,631.0,214.0,695.0,101.0,64.0,-113.0,train
12682,5_square,0,0,553.0,820.0,815.0,407.0,262.0,-413.0,train
12683,5_square,0,0,774.0,883.0,810.0,806.0,36.0,-77.0,train
12684,5_square,0,0,670.0,436.0,757.0,640.0,87.0,204.0,test
12685,5_square,0,0,751.0,765.0,301.0,159.0,-450.0,-606.0,train
12686,5_square,0,0,802.0,860.0,816.0,642.0,14.0,-218.0,train
12687,5_square,0,0,843.0,571.0,325.0,657.0,-518.0,86.0,train
12688,5_square,0,0,661.0,396.0,332.0,192.0,-329.0,-204.0,test
12689,5_square,0,0,288.0,441.0,657.0,641.0,369.0,200.0,train
12690,5_square,0,0,538.0,159.0,272.0,732.0,-266.0,573.0,train
12691,5_square,0,0,598.0,303.0,301.0,782.0,-297.0,479.0,train
12692,5_square,0,0,721.0,599.0,540.0,464.0,-181.0,-135.0,train
12693,5_square,0,0,707.0,473.0,804.0,722.0,97.0,249.0,train
12694,5_square,0,0,172.0,472.0,682.0,794.0,510.0,322.0,train
12695,5_square,0,0,170.0,159.0,420.0,452.0,250.0,293.0,train
12696,5_square,0,0,544.0,551.0,632.0,695.0,88.0,144.0,train
12697,5_square,0,0,744.0,105.0,491.0,708.0,-253.0,603.0,test
12698,5_square,0,0,513.0,827.0,235.0,346.0,-278.0,-481.0,train
12699,5_square,0,0,287.0,115.0,106.0,219.0,-181.0,104.0,train
12700,5_square,0,0,851.0,399.0,499.0,237.0,-352.0,-162.0,train
12701,5_square,0,0,393.0,293.0,456.0,749.0,63.0,456.0,train
12702,5_square,0,0,427.0,520.0,386.0,617.0,-41.0,97.0,train
12703,5_square,0,0,507.0,736.0,370.0,847.0,-137.0,111.0,train
12704,5_square,0,0,704.0,283.0,413.0,385.0,-291.0,102.0,val
12705,5_square,0,0,657.0,760.0,336.0,102.0,-321.0,-658.0,train
12706,5_square,0,0,383.0,486.0,374.0,207.0,-9.0,-279.0,train
12707,5_square,0,0,725.0,421.0,439.0,679.0,-286.0,258.0,train
12708,5_square,0,0,685.0,237.0,585.0,269.0,-100.0,32.0,train
12709,5_square,0,0,521.0,447.0,400.0,343.0,-121.0,-104.0,train
12710,5_square,0,0,148.0,370.0,542.0,586.0,394.0,216.0,val
12711,5_square,0,0,280.0,732.0,297.0,449.0,17.0,-283.0,train
12712,5_square,0,0,104.0,496.0,214.0,472.0,110.0,-24.0,train
12713,5_square,0,0,308.0,560.0,464.0,558.0,156.0,-2.0,train
12714,5_square,0,0,678.0,315.0,706.0,447.0,28.0,132.0,train
12715,5_square,0,0,636.0,194.0,821.0,705.0,185.0,511.0,train
12716,5_square,0,0,832.0,689.0,199.0,305.0,-633.0,-384.0,train
12717,5_square,0,0,114.0,820.0,377.0,159.0,263.0,-661.0,val
12718,5_square,0,0,188.0,474.0,129.0,503.0,-59.0,29.0,train
12719,5_square,0,0,487.0,145.0,240.0,865.0,-247.0,720.0,train
12720,5_square,0,0,683.0,530.0,555.0,596.0,-128.0,66.0,train
12721,5_square,0,0,507.0,110.0,111.0,563.0,-396.0,453.0,train
12722,5_square,0,0,643.0,572.0,125.0,459.0,-518.0,-113.0,train
12723,5_square,0,0,299.0,867.0,578.0,150.0,279.0,-717.0,test
12724,5_square,0,0,623.0,497.0,732.0,102.0,109.0,-395.0,train
12725,5_square,0,0,710.0,309.0,157.0,217.0,-553.0,-92.0,train
12726,5_square,0,0,238.0,554.0,447.0,684.0,209.0,130.0,train
12727,5_square,0,0,430.0,768.0,821.0,274.0,391.0,-494.0,train
12728,5_square,0,0,444.0,437.0,652.0,758.0,208.0,321.0,train
12729,5_square,0,0,110.0,301.0,623.0,348.0,513.0,47.0,train
12730,5_square,0,0,458.0,575.0,712.0,591.0,254.0,16.0,train
12731,5_square,0,0,569.0,279.0,799.0,651.0,230.0,372.0,val
12732,5_square,0,0,489.0,787.0,111.0,592.0,-378.0,-195.0,test
12733,5_square,0,0,844.0,450.0,713.0,341.0,-131.0,-109.0,train
12734,5_square,0,0,471.0,266.0,884.0,306.0,413.0,40.0,train
12735,5_square,0,0,662.0,740.0,535.0,879.0,-127.0,139.0,test
12736,5_square,0,0,615.0,541.0,557.0,624.0,-58.0,83.0,train
12737,5_square,0,0,842.0,455.0,253.0,884.0,-589.0,429.0,test
12738,5_square,0,0,236.0,127.0,890.0,124.0,654.0,-3.0,train
12739,5_square,0,0,185.0,118.0,229.0,336.0,44.0,218.0,train
12740,5_square,0,0,275.0,775.0,541.0,852.0,266.0,77.0,val
12741,5_square,0,0,484.0,816.0,873.0,537.0,389.0,-279.0,train
12742,5_square,0,0,103.0,772.0,364.0,458.0,261.0,-314.0,train
12743,5_square,0,0,776.0,716.0,440.0,477.0,-336.0,-239.0,test
12744,5_square,0,0,720.0,184.0,885.0,114.0,165.0,-70.0,train
12745,5_square,0,0,332.0,758.0,331.0,457.0,-1.0,-301.0,train
12746,5_square,0,0,837.0,191.0,482.0,839.0,-355.0,648.0,train
12747,5_square,0,0,612.0,344.0,376.0,375.0,-236.0,31.0,train
12748,5_square,0,0,864.0,368.0,417.0,344.0,-447.0,-24.0,train
12749,5_square,0,0,501.0,463.0,635.0,450.0,134.0,-13.0,train
12750,5_square,0,0,824.0,136.0,593.0,661.0,-231.0,525.0,train
12751,5_square,0,0,281.0,659.0,169.0,475.0,-112.0,-184.0,train
12752,5_square,0,0,668.0,435.0,794.0,899.0,126.0,464.0,train
12753,5_square,0,0,775.0,646.0,622.0,281.0,-153.0,-365.0,train
12754,5_square,0,0,393.0,671.0,290.0,394.0,-103.0,-277.0,train
12755,5_square,0,0,546.0,783.0,311.0,462.0,-235.0,-321.0,train
12756,5_square,0,0,490.0,823.0,538.0,679.0,48.0,-144.0,train
12757,5_square,0,0,276.0,715.0,186.0,364.0,-90.0,-351.0,train
12758,5_square,0,0,706.0,669.0,825.0,339.0,119.0,-330.0,train
12759,5_square,0,0,376.0,303.0,857.0,229.0,481.0,-74.0,train
12760,5_square,0,0,494.0,303.0,166.0,401.0,-328.0,98.0,train
12761,5_square,0,0,441.0,579.0,524.0,402.0,83.0,-177.0,train
12762,5_square,0,0,718.0,434.0,517.0,491.0,-201.0,57.0,train
12763,5_square,0,0,498.0,139.0,785.0,431.0,287.0,292.0,test
12764,5_square,0,0,242.0,818.0,353.0,794.0,111.0,-24.0,train
12765,5_square,0,0,698.0,814.0,110.0,696.0,-588.0,-118.0,train
12766,5_square,0,0,236.0,201.0,617.0,708.0,381.0,507.0,train
12767,5_square,0,0,205.0,571.0,135.0,619.0,-70.0,48.0,train
12768,5_square,0,0,591.0,292.0,274.0,402.0,-317.0,110.0,val
12769,5_square,0,0,516.0,582.0,624.0,828.0,108.0,246.0,train
12770,5_square,0,0,368.0,618.0,716.0,779.0,348.0,161.0,train
12771,5_square,0,0,344.0,450.0,327.0,464.0,-17.0,14.0,train
12772,5_square,0,0,447.0,566.0,127.0,152.0,-320.0,-414.0,train
12773,5_square,0,0,879.0,305.0,247.0,599.0,-632.0,294.0,train
12774,5_square,0,0,309.0,646.0,820.0,716.0,511.0,70.0,val
12775,5_square,0,0,445.0,310.0,388.0,149.0,-57.0,-161.0,train
12776,5_square,0,0,857.0,530.0,368.0,184.0,-489.0,-346.0,train
12777,5_square,0,0,608.0,826.0,501.0,261.0,-107.0,-565.0,train
12778,5_square,0,0,887.0,192.0,677.0,536.0,-210.0,344.0,train
12779,5_square,0,0,415.0,433.0,889.0,282.0,474.0,-151.0,train
12780,5_square,0,0,678.0,266.0,256.0,403.0,-422.0,137.0,test
12781,5_square,0,0,109.0,605.0,343.0,644.0,234.0,39.0,train
12782,5_square,0,0,541.0,432.0,157.0,859.0,-384.0,427.0,test
12783,5_square,0,0,657.0,415.0,453.0,535.0,-204.0,120.0,test
12784,5_square,0,0,528.0,434.0,326.0,398.0,-202.0,-36.0,train
12785,5_square,0,0,449.0,375.0,268.0,779.0,-181.0,404.0,train
12786,5_square,0,0,892.0,619.0,289.0,384.0,-603.0,-235.0,val
12787,5_square,0,0,742.0,389.0,514.0,802.0,-228.0,413.0,train
12788,5_square,0,0,865.0,887.0,773.0,471.0,-92.0,-416.0,train
12789,5_square,0,0,826.0,257.0,788.0,705.0,-38.0,448.0,train
12790,5_square,0,0,575.0,678.0,664.0,576.0,89.0,-102.0,train
12791,5_square,0,0,188.0,533.0,650.0,695.0,462.0,162.0,train
12792,5_square,0,0,621.0,653.0,215.0,136.0,-406.0,-517.0,train
12793,5_square,0,0,119.0,251.0,545.0,196.0,426.0,-55.0,train
12794,5_square,0,0,586.0,706.0,254.0,288.0,-332.0,-418.0,train
12795,5_square,0,0,213.0,297.0,720.0,831.0,507.0,534.0,train
12796,5_square,0,0,432.0,515.0,209.0,572.0,-223.0,57.0,train
12797,5_square,0,0,723.0,439.0,249.0,107.0,-474.0,-332.0,train
12798,5_square,0,0,453.0,811.0,700.0,841.0,247.0,30.0,val
12799,5_square,0,0,274.0,270.0,827.0,710.0,553.0,440.0,train
12800,5_square,0,0,808.0,740.0,188.0,789.0,-620.0,49.0,train
12801,5_square,0,0,182.0,408.0,536.0,182.0,354.0,-226.0,test
12802,5_square,0,0,301.0,233.0,511.0,462.0,210.0,229.0,train
12803,5_square,0,0,706.0,302.0,290.0,260.0,-416.0,-42.0,test
12804,5_square,0,0,313.0,395.0,875.0,852.0,562.0,457.0,train
12805,5_square,0,0,658.0,351.0,276.0,170.0,-382.0,-181.0,val
12806,5_square,0,0,408.0,215.0,661.0,309.0,253.0,94.0,test
12807,5_square,0,0,171.0,497.0,411.0,122.0,240.0,-375.0,train
12808,5_square,0,0,751.0,681.0,868.0,264.0,117.0,-417.0,test
12809,5_square,0,0,865.0,596.0,694.0,863.0,-171.0,267.0,val
12810,5_square,0,0,406.0,649.0,476.0,783.0,70.0,134.0,train
12811,5_square,0,0,541.0,318.0,299.0,737.0,-242.0,419.0,train
12812,5_square,0,0,843.0,251.0,464.0,133.0,-379.0,-118.0,train
12813,5_square,0,0,600.0,447.0,403.0,134.0,-197.0,-313.0,train
12814,5_square,0,0,866.0,270.0,360.0,852.0,-506.0,582.0,test
12815,5_square,0,0,739.0,266.0,614.0,646.0,-125.0,380.0,test
12816,5_square,0,0,740.0,797.0,138.0,367.0,-602.0,-430.0,train
12817,5_square,0,0,454.0,227.0,661.0,201.0,207.0,-26.0,train
12818,5_square,0,0,626.0,618.0,855.0,744.0,229.0,126.0,train
12819,5_square,0,0,851.0,811.0,532.0,322.0,-319.0,-489.0,train
12820,5_square,0,0,427.0,749.0,683.0,251.0,256.0,-498.0,test
12821,5_square,0,0,398.0,863.0,325.0,700.0,-73.0,-163.0,train
12822,5_square,0,0,346.0,482.0,515.0,772.0,169.0,290.0,train
12823,5_square,0,0,724.0,426.0,231.0,865.0,-493.0,439.0,val
12824,5_square,0,0,804.0,869.0,366.0,228.0,-438.0,-641.0,train
12825,5_square,0,0,570.0,547.0,117.0,803.0,-453.0,256.0,train
12826,5_square,0,0,323.0,169.0,515.0,298.0,192.0,129.0,train
12827,5_square,0,0,559.0,683.0,788.0,720.0,229.0,37.0,train
12828,5_square,0,0,348.0,541.0,330.0,216.0,-18.0,-325.0,train
12829,5_square,0,0,704.0,746.0,111.0,250.0,-593.0,-496.0,train
12830,5_square,0,0,254.0,543.0,639.0,117.0,385.0,-426.0,train
12831,5_square,0,0,530.0,527.0,188.0,342.0,-342.0,-185.0,train
12832,5_square,0,0,861.0,163.0,415.0,251.0,-446.0,88.0,train
12833,5_square,0,0,115.0,364.0,587.0,585.0,472.0,221.0,train
12834,5_square,0,0,531.0,571.0,366.0,341.0,-165.0,-230.0,train
12835,5_square,0,0,146.0,225.0,855.0,418.0,709.0,193.0,train
12836,5_square,0,0,304.0,155.0,847.0,510.0,543.0,355.0,train
12837,5_square,0,0,604.0,858.0,205.0,373.0,-399.0,-485.0,train
12838,5_square,0,0,234.0,389.0,791.0,294.0,557.0,-95.0,test
12839,5_square,0,0,481.0,230.0,843.0,251.0,362.0,21.0,train
12840,5_square,0,0,446.0,803.0,502.0,340.0,56.0,-463.0,train
12841,5_square,0,0,857.0,381.0,747.0,608.0,-110.0,227.0,val
12842,5_square,0,0,564.0,607.0,444.0,449.0,-120.0,-158.0,train
12843,5_square,0,0,754.0,566.0,830.0,492.0,76.0,-74.0,train
12844,5_square,0,0,453.0,281.0,809.0,619.0,356.0,338.0,test
12845,5_square,0,0,214.0,885.0,214.0,602.0,0.0,-283.0,train
12846,5_square,0,0,774.0,512.0,292.0,661.0,-482.0,149.0,val
12847,5_square,0,0,706.0,366.0,551.0,776.0,-155.0,410.0,test
12848,5_square,0,0,327.0,830.0,478.0,289.0,151.0,-541.0,train
12849,5_square,0,0,513.0,432.0,161.0,338.0,-352.0,-94.0,train
12850,5_square,0,0,198.0,224.0,643.0,610.0,445.0,386.0,train
12851,5_square,0,0,793.0,456.0,348.0,662.0,-445.0,206.0,train
12852,5_square,0,0,471.0,610.0,130.0,860.0,-341.0,250.0,train
12853,5_square,0,0,200.0,606.0,690.0,671.0,490.0,65.0,val
12854,5_square,0,0,338.0,713.0,150.0,453.0,-188.0,-260.0,train
12855,5_square,0,0,226.0,358.0,228.0,890.0,2.0,532.0,train
12856,5_square,0,0,368.0,529.0,612.0,590.0,244.0,61.0,test
12857,5_square,0,0,440.0,479.0,784.0,570.0,344.0,91.0,train
12858,5_square,0,0,384.0,472.0,790.0,613.0,406.0,141.0,train
12859,5_square,0,0,462.0,818.0,257.0,754.0,-205.0,-64.0,train
12860,5_square,0,0,742.0,385.0,293.0,443.0,-449.0,58.0,train
12861,5_square,0,0,311.0,327.0,287.0,188.0,-24.0,-139.0,val
12862,5_square,0,0,829.0,325.0,234.0,305.0,-595.0,-20.0,train
12863,5_square,0,0,133.0,376.0,649.0,724.0,516.0,348.0,val
12864,5_square,0,0,826.0,337.0,800.0,437.0,-26.0,100.0,train
12865,5_square,0,0,774.0,374.0,551.0,132.0,-223.0,-242.0,train
12866,5_square,0,0,119.0,299.0,494.0,576.0,375.0,277.0,train
12867,5_square,0,0,117.0,438.0,214.0,165.0,97.0,-273.0,test
12868,5_square,0,0,182.0,323.0,197.0,249.0,15.0,-74.0,train
12869,5_square,0,0,315.0,136.0,521.0,397.0,206.0,261.0,train
12870,5_square,0,0,472.0,209.0,596.0,377.0,124.0,168.0,train
12871,5_square,0,0,822.0,224.0,760.0,675.0,-62.0,451.0,test
12872,5_square,0,0,263.0,532.0,850.0,766.0,587.0,234.0,train
12873,5_square,0,0,360.0,599.0,389.0,146.0,29.0,-453.0,train
12874,5_square,0,0,565.0,739.0,503.0,777.0,-62.0,38.0,train
12875,5_square,0,0,622.0,256.0,421.0,884.0,-201.0,628.0,test
12876,5_square,0,0,820.0,888.0,185.0,619.0,-635.0,-269.0,train
12877,5_square,0,0,421.0,250.0,391.0,782.0,-30.0,532.0,train
12878,5_square,0,0,632.0,545.0,749.0,687.0,117.0,142.0,test
12879,5_square,0,0,580.0,743.0,677.0,138.0,97.0,-605.0,train
12880,5_square,0,0,853.0,426.0,113.0,813.0,-740.0,387.0,train
12881,5_square,0,0,888.0,421.0,591.0,726.0,-297.0,305.0,val
12882,5_square,0,0,859.0,780.0,759.0,219.0,-100.0,-561.0,train
12883,5_square,0,0,135.0,501.0,213.0,130.0,78.0,-371.0,train
12884,5_square,0,0,531.0,470.0,690.0,610.0,159.0,140.0,train
12885,5_square,0,0,857.0,522.0,882.0,753.0,25.0,231.0,train
12886,5_square,0,0,894.0,677.0,357.0,826.0,-537.0,149.0,val
12887,5_square,0,0,896.0,367.0,108.0,298.0,-788.0,-69.0,train
12888,5_square,0,0,137.0,411.0,223.0,780.0,86.0,369.0,train
12889,5_square,0,0,602.0,438.0,479.0,406.0,-123.0,-32.0,train
12890,5_square,0,0,238.0,709.0,456.0,879.0,218.0,170.0,val
12891,5_square,0,0,504.0,211.0,426.0,482.0,-78.0,271.0,train
12892,5_square,0,0,617.0,873.0,832.0,508.0,215.0,-365.0,train
12893,5_square,0,0,261.0,286.0,247.0,297.0,-14.0,11.0,train
12894,5_square,0,0,601.0,257.0,617.0,782.0,16.0,525.0,train
12895,5_square,0,0,456.0,112.0,518.0,736.0,62.0,624.0,train
12896,5_square,0,0,233.0,794.0,798.0,523.0,565.0,-271.0,train
12897,5_square,0,0,802.0,501.0,564.0,260.0,-238.0,-241.0,train
12898,5_square,0,0,743.0,646.0,287.0,693.0,-456.0,47.0,train
12899,5_square,0,0,342.0,446.0,746.0,391.0,404.0,-55.0,train
12900,5_square,0,0,349.0,660.0,194.0,192.0,-155.0,-468.0,train
12901,5_square,0,0,727.0,751.0,499.0,217.0,-228.0,-534.0,val
12902,5_square,0,0,373.0,604.0,709.0,320.0,336.0,-284.0,val
12903,5_square,0,0,734.0,675.0,700.0,659.0,-34.0,-16.0,val
12904,5_square,0,0,342.0,408.0,375.0,632.0,33.0,224.0,train
12905,5_square,0,0,437.0,528.0,671.0,820.0,234.0,292.0,train
12906,5_square,0,0,194.0,240.0,315.0,887.0,121.0,647.0,test
12907,5_square,0,0,373.0,498.0,163.0,524.0,-210.0,26.0,train
12908,5_square,0,0,281.0,622.0,505.0,322.0,224.0,-300.0,train
12909,5_square,0,0,859.0,506.0,887.0,863.0,28.0,357.0,train
12910,5_square,0,0,831.0,418.0,262.0,382.0,-569.0,-36.0,val
12911,5_square,0,0,672.0,829.0,704.0,685.0,32.0,-144.0,train
12912,5_square,0,0,785.0,185.0,149.0,243.0,-636.0,58.0,train
12913,5_square,0,0,344.0,782.0,171.0,532.0,-173.0,-250.0,train
12914,5_square,0,0,351.0,377.0,739.0,880.0,388.0,503.0,train
12915,5_square,0,0,412.0,687.0,466.0,776.0,54.0,89.0,val
12916,5_square,0,0,143.0,874.0,450.0,170.0,307.0,-704.0,test
12917,5_square,0,0,157.0,844.0,487.0,614.0,330.0,-230.0,val
12918,5_square,0,0,188.0,841.0,564.0,826.0,376.0,-15.0,train
12919,5_square,0,0,335.0,648.0,570.0,625.0,235.0,-23.0,train
12920,5_square,0,0,393.0,477.0,605.0,201.0,212.0,-276.0,train
12921,5_square,0,0,361.0,539.0,686.0,123.0,325.0,-416.0,train
12922,5_square,0,0,137.0,324.0,816.0,645.0,679.0,321.0,train
12923,5_square,0,0,348.0,808.0,467.0,704.0,119.0,-104.0,train
12924,5_square,0,0,449.0,453.0,597.0,830.0,148.0,377.0,train
12925,5_square,0,0,444.0,797.0,624.0,645.0,180.0,-152.0,val
12926,5_square,0,0,636.0,697.0,245.0,796.0,-391.0,99.0,train
12927,5_square,0,0,282.0,448.0,175.0,578.0,-107.0,130.0,train
12928,5_square,0,0,337.0,458.0,224.0,441.0,-113.0,-17.0,train
12929,5_square,0,0,265.0,302.0,300.0,575.0,35.0,273.0,train
12930,5_square,0,0,523.0,506.0,742.0,572.0,219.0,66.0,train
12931,5_square,0,0,187.0,760.0,108.0,543.0,-79.0,-217.0,train
12932,5_square,0,0,788.0,257.0,263.0,765.0,-525.0,508.0,train
12933,5_square,0,0,889.0,295.0,545.0,369.0,-344.0,74.0,train
12934,5_square,0,0,139.0,881.0,182.0,704.0,43.0,-177.0,train
12935,5_square,0,0,778.0,136.0,204.0,615.0,-574.0,479.0,train
12936,5_square,0,0,306.0,604.0,457.0,325.0,151.0,-279.0,train
12937,5_square,0,0,349.0,613.0,350.0,610.0,1.0,-3.0,train
12938,5_square,0,0,230.0,857.0,680.0,673.0,450.0,-184.0,train
12939,5_square,0,0,686.0,263.0,446.0,457.0,-240.0,194.0,test
12940,5_square,0,0,385.0,466.0,695.0,608.0,310.0,142.0,train
12941,5_square,0,0,654.0,504.0,399.0,869.0,-255.0,365.0,train
12942,5_square,0,0,382.0,235.0,129.0,407.0,-253.0,172.0,train
12943,5_square,0,0,848.0,318.0,729.0,115.0,-119.0,-203.0,train
12944,5_square,0,0,338.0,544.0,694.0,132.0,356.0,-412.0,train
12945,5_square,0,0,743.0,389.0,816.0,244.0,73.0,-145.0,train
12946,5_square,0,0,240.0,238.0,729.0,757.0,489.0,519.0,train
12947,5_square,0,0,435.0,375.0,875.0,555.0,440.0,180.0,val
12948,5_square,0,0,453.0,206.0,476.0,325.0,23.0,119.0,train
12949,5_square,0,0,129.0,716.0,269.0,461.0,140.0,-255.0,train
12950,5_square,0,0,365.0,808.0,225.0,805.0,-140.0,-3.0,train
12951,5_square,0,0,384.0,749.0,414.0,729.0,30.0,-20.0,test
12952,5_square,0,0,637.0,611.0,567.0,880.0,-70.0,269.0,test
12953,5_square,0,0,710.0,177.0,861.0,215.0,151.0,38.0,test
12954,5_square,0,0,514.0,506.0,321.0,468.0,-193.0,-38.0,train
12955,5_square,0,0,531.0,366.0,139.0,293.0,-392.0,-73.0,train
12956,5_square,0,0,321.0,474.0,822.0,342.0,501.0,-132.0,train
12957,5_square,0,0,587.0,618.0,288.0,650.0,-299.0,32.0,train
12958,5_square,0,0,419.0,298.0,291.0,307.0,-128.0,9.0,train
12959,5_square,0,0,498.0,508.0,494.0,138.0,-4.0,-370.0,train
12960,5_square,0,0,286.0,847.0,282.0,824.0,-4.0,-23.0,train
12961,5_square,0,0,867.0,345.0,290.0,122.0,-577.0,-223.0,train
12962,5_square,0,0,448.0,826.0,813.0,344.0,365.0,-482.0,train
12963,5_square,0,0,446.0,224.0,241.0,681.0,-205.0,457.0,test
12964,5_square,0,0,842.0,541.0,324.0,795.0,-518.0,254.0,train
12965,5_square,0,0,110.0,754.0,652.0,113.0,542.0,-641.0,train
12966,5_square,0,0,220.0,532.0,320.0,467.0,100.0,-65.0,train
12967,5_square,0,0,156.0,550.0,122.0,241.0,-34.0,-309.0,train
12968,5_square,0,0,769.0,565.0,244.0,592.0,-525.0,27.0,train
12969,5_square,0,0,562.0,324.0,102.0,710.0,-460.0,386.0,train
12970,5_square,0,0,335.0,582.0,134.0,796.0,-201.0,214.0,train
12971,5_square,0,0,762.0,138.0,387.0,523.0,-375.0,385.0,val
12972,5_square,0,0,795.0,839.0,291.0,461.0,-504.0,-378.0,train
12973,5_square,0,0,869.0,267.0,840.0,688.0,-29.0,421.0,train
12974,5_square,0,0,714.0,871.0,681.0,852.0,-33.0,-19.0,train
12975,5_square,0,0,529.0,418.0,627.0,302.0,98.0,-116.0,train
12976,5_square,0,0,294.0,551.0,313.0,219.0,19.0,-332.0,train
12977,5_square,0,0,785.0,689.0,763.0,523.0,-22.0,-166.0,train
12978,5_square,0,0,848.0,153.0,871.0,697.0,23.0,544.0,train
12979,5_square,0,0,838.0,715.0,483.0,869.0,-355.0,154.0,train
12980,5_square,0,0,645.0,821.0,447.0,862.0,-198.0,41.0,val
12981,5_square,0,0,307.0,260.0,378.0,297.0,71.0,37.0,test
12982,5_square,0,0,532.0,649.0,119.0,893.0,-413.0,244.0,train
12983,5_square,0,0,713.0,645.0,868.0,740.0,155.0,95.0,train
12984,5_square,0,0,386.0,644.0,798.0,691.0,412.0,47.0,train
12985,5_square,0,0,278.0,222.0,717.0,234.0,439.0,12.0,train
12986,5_square,0,0,680.0,549.0,570.0,479.0,-110.0,-70.0,train
12987,5_square,0,0,871.0,371.0,263.0,302.0,-608.0,-69.0,train
12988,5_square,0,0,238.0,676.0,487.0,828.0,249.0,152.0,train
12989,5_square,0,0,700.0,203.0,829.0,370.0,129.0,167.0,train
12990,5_square,0,0,760.0,635.0,196.0,493.0,-564.0,-142.0,train
12991,5_square,0,0,663.0,198.0,662.0,352.0,-1.0,154.0,train
12992,5_square,0,0,588.0,787.0,497.0,708.0,-91.0,-79.0,train
12993,5_square,0,0,368.0,489.0,272.0,665.0,-96.0,176.0,train
12994,5_square,0,0,862.0,541.0,484.0,754.0,-378.0,213.0,train
12995,5_square,0,0,267.0,647.0,363.0,322.0,96.0,-325.0,train
12996,5_square,0,0,793.0,807.0,825.0,899.0,32.0,92.0,train
12997,5_square,0,0,530.0,595.0,219.0,877.0,-311.0,282.0,train
12998,5_square,0,0,740.0,302.0,216.0,689.0,-524.0,387.0,train
12999,5_square,0,0,190.0,701.0,655.0,697.0,465.0,-4.0,train
13000,27_square,0,0,666.0,707.0,430.0,880.0,-236.0,173.0,train
13001,27_square,0,0,226.0,871.0,146.0,259.0,-80.0,-612.0,train
13002,27_square,0,0,680.0,493.0,734.0,420.0,54.0,-73.0,train
13003,27_square,0,0,519.0,651.0,128.0,331.0,-391.0,-320.0,train
13004,27_square,0,0,728.0,766.0,783.0,654.0,55.0,-112.0,train
13005,27_square,0,0,872.0,271.0,238.0,476.0,-634.0,205.0,train
13006,27_square,0,0,429.0,813.0,654.0,685.0,225.0,-128.0,train
13007,27_square,0,0,269.0,325.0,595.0,136.0,326.0,-189.0,train
13008,27_square,0,0,502.0,429.0,616.0,342.0,114.0,-87.0,train
13009,27_square,0,0,821.0,109.0,370.0,390.0,-451.0,281.0,train
13010,27_square,0,0,428.0,617.0,524.0,586.0,96.0,-31.0,train
13011,27_square,0,0,719.0,756.0,340.0,162.0,-379.0,-594.0,train
13012,27_square,0,0,543.0,179.0,297.0,503.0,-246.0,324.0,train
13013,27_square,0,0,524.0,248.0,575.0,580.0,51.0,332.0,val
13014,27_square,0,0,359.0,288.0,157.0,652.0,-202.0,364.0,train
13015,27_square,0,0,497.0,629.0,710.0,350.0,213.0,-279.0,train
13016,27_square,0,0,471.0,892.0,363.0,853.0,-108.0,-39.0,train
13017,27_square,0,0,582.0,885.0,446.0,278.0,-136.0,-607.0,train
13018,27_square,0,0,117.0,339.0,477.0,568.0,360.0,229.0,train
13019,27_square,0,0,416.0,636.0,349.0,507.0,-67.0,-129.0,train
13020,27_square,0,0,714.0,890.0,688.0,433.0,-26.0,-457.0,test
13021,27_square,0,0,829.0,129.0,850.0,637.0,21.0,508.0,train
13022,27_square,0,0,356.0,173.0,857.0,227.0,501.0,54.0,train
13023,27_square,0,0,702.0,135.0,570.0,641.0,-132.0,506.0,train
13024,27_square,0,0,864.0,154.0,509.0,226.0,-355.0,72.0,test
13025,27_square,0,0,441.0,326.0,732.0,138.0,291.0,-188.0,train
13026,27_square,0,0,820.0,291.0,787.0,461.0,-33.0,170.0,train
13027,27_square,0,0,539.0,892.0,183.0,220.0,-356.0,-672.0,train
13028,27_square,0,0,409.0,358.0,136.0,326.0,-273.0,-32.0,train
13029,27_square,0,0,849.0,507.0,735.0,619.0,-114.0,112.0,train
13030,27_square,0,0,254.0,155.0,423.0,645.0,169.0,490.0,train
13031,27_square,0,0,379.0,278.0,128.0,548.0,-251.0,270.0,val
13032,27_square,0,0,268.0,596.0,546.0,420.0,278.0,-176.0,train
13033,27_square,0,0,571.0,422.0,574.0,202.0,3.0,-220.0,train
13034,27_square,0,0,551.0,518.0,478.0,788.0,-73.0,270.0,train
13035,27_square,0,0,476.0,415.0,149.0,691.0,-327.0,276.0,train
13036,27_square,0,0,806.0,418.0,725.0,825.0,-81.0,407.0,train
13037,27_square,0,0,260.0,473.0,733.0,587.0,473.0,114.0,val
13038,27_square,0,0,630.0,625.0,851.0,636.0,221.0,11.0,train
13039,27_square,0,0,749.0,169.0,800.0,395.0,51.0,226.0,train
13040,27_square,0,0,437.0,120.0,698.0,438.0,261.0,318.0,val
13041,27_square,0,0,662.0,316.0,526.0,234.0,-136.0,-82.0,train
13042,27_square,0,0,500.0,139.0,684.0,475.0,184.0,336.0,train
13043,27_square,0,0,413.0,273.0,295.0,300.0,-118.0,27.0,train
13044,27_square,0,0,495.0,812.0,246.0,847.0,-249.0,35.0,train
13045,27_square,0,0,155.0,362.0,789.0,575.0,634.0,213.0,train
13046,27_square,0,0,487.0,773.0,791.0,685.0,304.0,-88.0,train
13047,27_square,0,0,235.0,291.0,626.0,489.0,391.0,198.0,train
13048,27_square,0,0,481.0,876.0,806.0,124.0,325.0,-752.0,train
13049,27_square,0,0,786.0,406.0,890.0,716.0,104.0,310.0,train
13050,27_square,0,0,120.0,469.0,178.0,527.0,58.0,58.0,train
13051,27_square,0,0,768.0,683.0,547.0,676.0,-221.0,-7.0,train
13052,27_square,0,0,410.0,648.0,376.0,238.0,-34.0,-410.0,train
13053,27_square,0,0,702.0,773.0,180.0,693.0,-522.0,-80.0,train
13054,27_square,0,0,160.0,703.0,888.0,192.0,728.0,-511.0,train
13055,27_square,0,0,116.0,422.0,702.0,810.0,586.0,388.0,train
13056,27_square,0,0,443.0,449.0,195.0,296.0,-248.0,-153.0,test
13057,27_square,0,0,449.0,727.0,732.0,159.0,283.0,-568.0,train
13058,27_square,0,0,532.0,474.0,359.0,178.0,-173.0,-296.0,train
13059,27_square,0,0,139.0,730.0,135.0,826.0,-4.0,96.0,train
13060,27_square,0,0,157.0,664.0,593.0,362.0,436.0,-302.0,test
13061,27_square,0,0,312.0,875.0,737.0,454.0,425.0,-421.0,train
13062,27_square,0,0,686.0,647.0,297.0,662.0,-389.0,15.0,train
13063,27_square,0,0,304.0,126.0,543.0,595.0,239.0,469.0,test
13064,27_square,0,0,671.0,308.0,699.0,458.0,28.0,150.0,train
13065,27_square,0,0,680.0,795.0,298.0,803.0,-382.0,8.0,train
13066,27_square,0,0,837.0,482.0,466.0,224.0,-371.0,-258.0,train
13067,27_square,0,0,286.0,472.0,149.0,460.0,-137.0,-12.0,train
13068,27_square,0,0,397.0,260.0,172.0,359.0,-225.0,99.0,train
13069,27_square,0,0,877.0,276.0,684.0,655.0,-193.0,379.0,train
13070,27_square,0,0,556.0,644.0,709.0,853.0,153.0,209.0,train
13071,27_square,0,0,411.0,401.0,468.0,571.0,57.0,170.0,train
13072,27_square,0,0,123.0,792.0,228.0,277.0,105.0,-515.0,train
13073,27_square,0,0,112.0,258.0,384.0,247.0,272.0,-11.0,train
13074,27_square,0,0,703.0,364.0,771.0,137.0,68.0,-227.0,train
13075,27_square,0,0,297.0,694.0,752.0,343.0,455.0,-351.0,train
13076,27_square,0,0,150.0,821.0,681.0,246.0,531.0,-575.0,val
13077,27_square,0,0,886.0,247.0,155.0,756.0,-731.0,509.0,train
13078,27_square,0,0,530.0,396.0,835.0,365.0,305.0,-31.0,train
13079,27_square,0,0,851.0,821.0,660.0,664.0,-191.0,-157.0,train
13080,27_square,0,0,752.0,740.0,838.0,283.0,86.0,-457.0,test
13081,27_square,0,0,500.0,241.0,867.0,723.0,367.0,482.0,train
13082,27_square,0,0,374.0,853.0,202.0,464.0,-172.0,-389.0,test
13083,27_square,0,0,221.0,219.0,670.0,782.0,449.0,563.0,val
13084,27_square,0,0,866.0,563.0,128.0,470.0,-738.0,-93.0,train
13085,27_square,0,0,418.0,192.0,488.0,319.0,70.0,127.0,test
13086,27_square,0,0,810.0,674.0,415.0,158.0,-395.0,-516.0,train
13087,27_square,0,0,585.0,345.0,646.0,319.0,61.0,-26.0,test
13088,27_square,0,0,487.0,479.0,679.0,237.0,192.0,-242.0,train
13089,27_square,0,0,180.0,522.0,776.0,175.0,596.0,-347.0,train
13090,27_square,0,0,651.0,278.0,590.0,829.0,-61.0,551.0,val
13091,27_square,0,0,392.0,462.0,544.0,508.0,152.0,46.0,val
13092,27_square,0,0,535.0,419.0,838.0,813.0,303.0,394.0,train
13093,27_square,0,0,873.0,763.0,130.0,886.0,-743.0,123.0,test
13094,27_square,0,0,392.0,881.0,211.0,747.0,-181.0,-134.0,train
13095,27_square,0,0,329.0,501.0,602.0,273.0,273.0,-228.0,train
13096,27_square,0,0,272.0,546.0,854.0,368.0,582.0,-178.0,train
13097,27_square,0,0,364.0,555.0,648.0,447.0,284.0,-108.0,train
13098,27_square,0,0,452.0,771.0,788.0,666.0,336.0,-105.0,train
13099,27_square,0,0,727.0,796.0,225.0,876.0,-502.0,80.0,test
13100,27_square,0,0,887.0,504.0,765.0,768.0,-122.0,264.0,test
13101,27_square,0,0,710.0,201.0,766.0,529.0,56.0,328.0,train
13102,27_square,0,0,720.0,276.0,843.0,190.0,123.0,-86.0,val
13103,27_square,0,0,157.0,378.0,752.0,650.0,595.0,272.0,train
13104,27_square,0,0,677.0,214.0,192.0,616.0,-485.0,402.0,train
13105,27_square,0,0,268.0,597.0,691.0,368.0,423.0,-229.0,train
13106,27_square,0,0,534.0,312.0,811.0,356.0,277.0,44.0,train
13107,27_square,0,0,277.0,408.0,388.0,882.0,111.0,474.0,val
13108,27_square,0,0,342.0,789.0,331.0,559.0,-11.0,-230.0,train
13109,27_square,0,0,833.0,165.0,425.0,114.0,-408.0,-51.0,train
13110,27_square,0,0,185.0,721.0,605.0,745.0,420.0,24.0,train
13111,27_square,0,0,623.0,184.0,220.0,816.0,-403.0,632.0,train
13112,27_square,0,0,480.0,511.0,199.0,717.0,-281.0,206.0,train
13113,27_square,0,0,114.0,304.0,387.0,333.0,273.0,29.0,train
13114,27_square,0,0,631.0,783.0,708.0,749.0,77.0,-34.0,train
13115,27_square,0,0,651.0,366.0,607.0,475.0,-44.0,109.0,train
13116,27_square,0,0,317.0,334.0,850.0,555.0,533.0,221.0,train
13117,27_square,0,0,476.0,347.0,315.0,590.0,-161.0,243.0,train
13118,27_square,0,0,355.0,216.0,476.0,473.0,121.0,257.0,train
13119,27_square,0,0,790.0,231.0,116.0,800.0,-674.0,569.0,train
13120,27_square,0,0,871.0,702.0,870.0,299.0,-1.0,-403.0,val
13121,27_square,0,0,852.0,389.0,468.0,208.0,-384.0,-181.0,train
13122,27_square,0,0,875.0,297.0,647.0,538.0,-228.0,241.0,train
13123,27_square,0,0,677.0,465.0,408.0,316.0,-269.0,-149.0,train
13124,27_square,0,0,608.0,571.0,761.0,860.0,153.0,289.0,train
13125,27_square,0,0,868.0,466.0,852.0,325.0,-16.0,-141.0,train
13126,27_square,0,0,208.0,570.0,258.0,810.0,50.0,240.0,val
13127,27_square,0,0,297.0,331.0,603.0,382.0,306.0,51.0,train
13128,27_square,0,0,798.0,457.0,715.0,381.0,-83.0,-76.0,train
13129,27_square,0,0,273.0,561.0,492.0,170.0,219.0,-391.0,train
13130,27_square,0,0,410.0,874.0,625.0,194.0,215.0,-680.0,train
13131,27_square,0,0,711.0,271.0,151.0,756.0,-560.0,485.0,train
13132,27_square,0,0,374.0,222.0,862.0,764.0,488.0,542.0,test
13133,27_square,0,0,594.0,419.0,743.0,539.0,149.0,120.0,train
13134,27_square,0,0,358.0,658.0,895.0,653.0,537.0,-5.0,train
13135,27_square,0,0,594.0,174.0,301.0,235.0,-293.0,61.0,train
13136,27_square,0,0,779.0,200.0,244.0,703.0,-535.0,503.0,train
13137,27_square,0,0,508.0,756.0,154.0,115.0,-354.0,-641.0,train
13138,27_square,0,0,837.0,641.0,411.0,395.0,-426.0,-246.0,train
13139,27_square,0,0,752.0,603.0,527.0,733.0,-225.0,130.0,val
13140,27_square,0,0,307.0,551.0,256.0,523.0,-51.0,-28.0,test
13141,27_square,0,0,785.0,664.0,812.0,593.0,27.0,-71.0,train
13142,27_square,0,0,214.0,438.0,350.0,873.0,136.0,435.0,train
13143,27_square,0,0,143.0,891.0,367.0,195.0,224.0,-696.0,val
13144,27_square,0,0,255.0,526.0,132.0,654.0,-123.0,128.0,test
13145,27_square,0,0,697.0,690.0,673.0,132.0,-24.0,-558.0,train
13146,27_square,0,0,531.0,714.0,810.0,513.0,279.0,-201.0,train
13147,27_square,0,0,216.0,893.0,519.0,341.0,303.0,-552.0,train
13148,27_square,0,0,397.0,820.0,813.0,768.0,416.0,-52.0,train
13149,27_square,0,0,886.0,452.0,178.0,363.0,-708.0,-89.0,test
13150,27_square,0,0,136.0,771.0,653.0,331.0,517.0,-440.0,train
13151,27_square,0,0,103.0,806.0,473.0,495.0,370.0,-311.0,val
13152,27_square,0,0,766.0,272.0,729.0,714.0,-37.0,442.0,train
13153,27_square,0,0,372.0,343.0,512.0,877.0,140.0,534.0,train
13154,27_square,0,0,688.0,832.0,799.0,496.0,111.0,-336.0,train
13155,27_square,0,0,791.0,865.0,212.0,110.0,-579.0,-755.0,train
13156,27_square,0,0,733.0,141.0,155.0,129.0,-578.0,-12.0,train
13157,27_square,0,0,734.0,153.0,115.0,620.0,-619.0,467.0,train
13158,27_square,0,0,828.0,819.0,879.0,837.0,51.0,18.0,val
13159,27_square,0,0,247.0,428.0,620.0,756.0,373.0,328.0,val
13160,27_square,0,0,355.0,785.0,127.0,811.0,-228.0,26.0,train
13161,27_square,0,0,834.0,525.0,831.0,799.0,-3.0,274.0,train
13162,27_square,0,0,839.0,732.0,204.0,391.0,-635.0,-341.0,train
13163,27_square,0,0,547.0,321.0,689.0,817.0,142.0,496.0,train
13164,27_square,0,0,720.0,385.0,395.0,886.0,-325.0,501.0,train
13165,27_square,0,0,324.0,125.0,218.0,304.0,-106.0,179.0,train
13166,27_square,0,0,657.0,469.0,632.0,275.0,-25.0,-194.0,train
13167,27_square,0,0,330.0,819.0,520.0,890.0,190.0,71.0,train
13168,27_square,0,0,463.0,184.0,446.0,412.0,-17.0,228.0,train
13169,27_square,0,0,649.0,121.0,399.0,349.0,-250.0,228.0,train
13170,27_square,0,0,760.0,871.0,712.0,713.0,-48.0,-158.0,train
13171,27_square,0,0,790.0,796.0,415.0,897.0,-375.0,101.0,train
13172,27_square,0,0,750.0,374.0,550.0,543.0,-200.0,169.0,train
13173,27_square,0,0,199.0,716.0,544.0,555.0,345.0,-161.0,train
13174,27_square,0,0,306.0,424.0,238.0,769.0,-68.0,345.0,train
13175,27_square,0,0,789.0,750.0,327.0,695.0,-462.0,-55.0,val
13176,27_square,0,0,260.0,628.0,224.0,396.0,-36.0,-232.0,train
13177,27_square,0,0,329.0,732.0,177.0,118.0,-152.0,-614.0,train
13178,27_square,0,0,508.0,389.0,475.0,216.0,-33.0,-173.0,train
13179,27_square,0,0,339.0,624.0,228.0,709.0,-111.0,85.0,train
13180,27_square,0,0,698.0,389.0,882.0,149.0,184.0,-240.0,train
13181,27_square,0,0,622.0,764.0,528.0,809.0,-94.0,45.0,train
13182,27_square,0,0,228.0,267.0,772.0,204.0,544.0,-63.0,val
13183,27_square,0,0,571.0,869.0,258.0,430.0,-313.0,-439.0,val
13184,27_square,0,0,645.0,100.0,785.0,817.0,140.0,717.0,train
13185,27_square,0,0,325.0,623.0,498.0,314.0,173.0,-309.0,val
13186,27_square,0,0,800.0,652.0,647.0,626.0,-153.0,-26.0,test
13187,27_square,0,0,366.0,321.0,211.0,897.0,-155.0,576.0,train
13188,27_square,0,0,318.0,126.0,236.0,192.0,-82.0,66.0,train
13189,27_square,0,0,481.0,519.0,241.0,163.0,-240.0,-356.0,train
13190,27_square,0,0,249.0,595.0,340.0,359.0,91.0,-236.0,val
13191,27_square,0,0,630.0,221.0,302.0,517.0,-328.0,296.0,train
13192,27_square,0,0,663.0,225.0,751.0,880.0,88.0,655.0,train
13193,27_square,0,0,765.0,123.0,188.0,178.0,-577.0,55.0,val
13194,27_square,0,0,229.0,636.0,558.0,473.0,329.0,-163.0,train
13195,27_square,0,0,791.0,397.0,273.0,315.0,-518.0,-82.0,train
13196,27_square,0,0,181.0,868.0,706.0,375.0,525.0,-493.0,val
13197,27_square,0,0,523.0,337.0,401.0,410.0,-122.0,73.0,train
13198,27_square,0,0,443.0,471.0,451.0,557.0,8.0,86.0,train
13199,27_square,0,0,564.0,657.0,378.0,342.0,-186.0,-315.0,train
13200,27_square,0,0,180.0,347.0,106.0,759.0,-74.0,412.0,train
13201,27_square,0,0,272.0,624.0,763.0,525.0,491.0,-99.0,train
13202,27_square,0,0,711.0,776.0,609.0,371.0,-102.0,-405.0,test
13203,27_square,0,0,810.0,678.0,701.0,662.0,-109.0,-16.0,train
13204,27_square,0,0,624.0,714.0,383.0,134.0,-241.0,-580.0,train
13205,27_square,0,0,829.0,470.0,481.0,416.0,-348.0,-54.0,train
13206,27_square,0,0,577.0,482.0,886.0,271.0,309.0,-211.0,train
13207,27_square,0,0,362.0,287.0,780.0,435.0,418.0,148.0,train
13208,27_square,0,0,735.0,674.0,728.0,154.0,-7.0,-520.0,val
13209,27_square,0,0,416.0,281.0,400.0,227.0,-16.0,-54.0,val
13210,27_square,0,0,708.0,247.0,477.0,484.0,-231.0,237.0,train
13211,27_square,0,0,895.0,624.0,188.0,181.0,-707.0,-443.0,train
13212,27_square,0,0,743.0,742.0,134.0,677.0,-609.0,-65.0,train
13213,27_square,0,0,148.0,622.0,875.0,788.0,727.0,166.0,train
13214,27_square,0,0,175.0,388.0,186.0,197.0,11.0,-191.0,train
13215,27_square,0,0,154.0,226.0,433.0,290.0,279.0,64.0,test
13216,27_square,0,0,847.0,845.0,534.0,874.0,-313.0,29.0,val
13217,27_square,0,0,374.0,507.0,142.0,566.0,-232.0,59.0,train
13218,27_square,0,0,795.0,635.0,511.0,186.0,-284.0,-449.0,train
13219,27_square,0,0,531.0,519.0,289.0,832.0,-242.0,313.0,train
13220,27_square,0,0,151.0,514.0,115.0,516.0,-36.0,2.0,val
13221,27_square,0,0,852.0,536.0,289.0,743.0,-563.0,207.0,val
13222,27_square,0,0,572.0,618.0,550.0,491.0,-22.0,-127.0,val
13223,27_square,0,0,343.0,685.0,205.0,194.0,-138.0,-491.0,train
13224,27_square,0,0,899.0,229.0,548.0,179.0,-351.0,-50.0,train
13225,27_square,0,0,205.0,126.0,736.0,434.0,531.0,308.0,train
13226,27_square,0,0,197.0,216.0,416.0,585.0,219.0,369.0,train
13227,27_square,0,0,562.0,874.0,145.0,379.0,-417.0,-495.0,train
13228,27_square,0,0,605.0,762.0,172.0,423.0,-433.0,-339.0,train
13229,27_square,0,0,709.0,627.0,116.0,545.0,-593.0,-82.0,train
13230,27_square,0,0,809.0,477.0,622.0,124.0,-187.0,-353.0,train
13231,27_square,0,0,466.0,283.0,595.0,546.0,129.0,263.0,train
13232,27_square,0,0,278.0,448.0,289.0,689.0,11.0,241.0,train
13233,27_square,0,0,789.0,101.0,113.0,708.0,-676.0,607.0,val
13234,27_square,0,0,574.0,374.0,356.0,446.0,-218.0,72.0,train
13235,27_square,0,0,486.0,542.0,585.0,156.0,99.0,-386.0,train
13236,27_square,0,0,516.0,153.0,532.0,505.0,16.0,352.0,train
13237,27_square,0,0,107.0,680.0,500.0,112.0,393.0,-568.0,train
13238,27_square,0,0,705.0,744.0,567.0,899.0,-138.0,155.0,train
13239,27_square,0,0,180.0,660.0,189.0,306.0,9.0,-354.0,train
13240,27_square,0,0,199.0,832.0,587.0,439.0,388.0,-393.0,test
13241,27_square,0,0,310.0,334.0,197.0,674.0,-113.0,340.0,train
13242,27_square,0,0,226.0,702.0,419.0,112.0,193.0,-590.0,train
13243,27_square,0,0,269.0,576.0,489.0,723.0,220.0,147.0,train
13244,27_square,0,0,183.0,532.0,711.0,786.0,528.0,254.0,train
13245,27_square,0,0,209.0,456.0,518.0,804.0,309.0,348.0,train
13246,27_square,0,0,393.0,429.0,657.0,841.0,264.0,412.0,test
13247,27_square,0,0,159.0,145.0,543.0,108.0,384.0,-37.0,val
13248,27_square,0,0,531.0,817.0,437.0,215.0,-94.0,-602.0,train
13249,27_square,0,0,327.0,773.0,645.0,331.0,318.0,-442.0,train
13250,27_square,0,0,594.0,559.0,680.0,138.0,86.0,-421.0,train
13251,27_square,0,0,767.0,374.0,329.0,470.0,-438.0,96.0,train
13252,27_square,0,0,393.0,151.0,899.0,513.0,506.0,362.0,train
13253,27_square,0,0,603.0,134.0,265.0,899.0,-338.0,765.0,test
13254,27_square,0,0,262.0,585.0,160.0,884.0,-102.0,299.0,train
13255,27_square,0,0,146.0,484.0,672.0,517.0,526.0,33.0,train
13256,27_square,0,0,780.0,173.0,240.0,530.0,-540.0,357.0,train
13257,27_square,0,0,151.0,880.0,800.0,301.0,649.0,-579.0,train
13258,27_square,0,0,357.0,376.0,453.0,160.0,96.0,-216.0,train
13259,27_square,0,0,655.0,156.0,281.0,615.0,-374.0,459.0,train
13260,27_square,0,0,500.0,681.0,868.0,743.0,368.0,62.0,train
13261,27_square,0,0,485.0,412.0,807.0,855.0,322.0,443.0,train
13262,27_square,0,0,675.0,423.0,871.0,184.0,196.0,-239.0,train
13263,27_square,0,0,492.0,142.0,341.0,637.0,-151.0,495.0,train
13264,27_square,0,0,332.0,830.0,835.0,616.0,503.0,-214.0,train
13265,27_square,0,0,787.0,608.0,403.0,353.0,-384.0,-255.0,train
13266,27_square,0,0,589.0,734.0,789.0,371.0,200.0,-363.0,train
13267,27_square,0,0,334.0,521.0,770.0,511.0,436.0,-10.0,train
13268,27_square,0,0,176.0,661.0,686.0,339.0,510.0,-322.0,train
13269,27_square,0,0,214.0,317.0,775.0,418.0,561.0,101.0,train
13270,27_square,0,0,556.0,246.0,779.0,594.0,223.0,348.0,val
13271,27_square,0,0,245.0,282.0,271.0,444.0,26.0,162.0,train
13272,27_square,0,0,531.0,461.0,701.0,667.0,170.0,206.0,train
13273,27_square,0,0,444.0,888.0,655.0,724.0,211.0,-164.0,train
13274,27_square,0,0,598.0,763.0,184.0,630.0,-414.0,-133.0,val
13275,27_square,0,0,868.0,318.0,764.0,342.0,-104.0,24.0,train
13276,27_square,0,0,826.0,439.0,180.0,626.0,-646.0,187.0,train
13277,27_square,0,0,629.0,632.0,275.0,749.0,-354.0,117.0,train
13278,27_square,0,0,486.0,879.0,717.0,222.0,231.0,-657.0,train
13279,27_square,0,0,872.0,588.0,671.0,541.0,-201.0,-47.0,train
13280,27_square,0,0,601.0,558.0,686.0,880.0,85.0,322.0,train
13281,27_square,0,0,407.0,705.0,116.0,201.0,-291.0,-504.0,val
13282,27_square,0,0,732.0,258.0,717.0,524.0,-15.0,266.0,train
13283,27_square,0,0,505.0,400.0,811.0,214.0,306.0,-186.0,train
13284,27_square,0,0,812.0,765.0,348.0,857.0,-464.0,92.0,train
13285,27_square,0,0,104.0,237.0,703.0,237.0,599.0,0.0,train
13286,27_square,0,0,206.0,783.0,838.0,861.0,632.0,78.0,train
13287,27_square,0,0,380.0,572.0,521.0,633.0,141.0,61.0,train
13288,27_square,0,0,220.0,411.0,314.0,535.0,94.0,124.0,train
13289,27_square,0,0,299.0,802.0,608.0,707.0,309.0,-95.0,train
13290,27_square,0,0,144.0,669.0,900.0,789.0,756.0,120.0,val
13291,27_square,0,0,422.0,190.0,423.0,875.0,1.0,685.0,train
13292,27_square,0,0,236.0,130.0,296.0,673.0,60.0,543.0,train
13293,27_square,0,0,696.0,665.0,510.0,260.0,-186.0,-405.0,train
13294,27_square,0,0,262.0,106.0,287.0,890.0,25.0,784.0,train
13295,27_square,0,0,823.0,140.0,111.0,130.0,-712.0,-10.0,train
13296,27_square,0,0,813.0,210.0,125.0,491.0,-688.0,281.0,train
13297,27_square,0,0,487.0,269.0,686.0,101.0,199.0,-168.0,train
13298,27_square,0,0,275.0,437.0,556.0,197.0,281.0,-240.0,train
13299,27_square,0,0,894.0,200.0,200.0,731.0,-694.0,531.0,train
13300,27_square,0,0,533.0,378.0,892.0,761.0,359.0,383.0,train
13301,27_square,0,0,855.0,870.0,371.0,120.0,-484.0,-750.0,train
13302,27_square,0,0,795.0,789.0,400.0,393.0,-395.0,-396.0,train
13303,27_square,0,0,579.0,272.0,734.0,106.0,155.0,-166.0,train
13304,27_square,0,0,603.0,655.0,793.0,391.0,190.0,-264.0,train
13305,27_square,0,0,286.0,568.0,888.0,412.0,602.0,-156.0,train
13306,27_square,0,0,623.0,612.0,143.0,286.0,-480.0,-326.0,train
13307,27_square,0,0,522.0,785.0,553.0,506.0,31.0,-279.0,train
13308,27_square,0,0,624.0,286.0,355.0,234.0,-269.0,-52.0,train
13309,27_square,0,0,502.0,755.0,893.0,639.0,391.0,-116.0,test
13310,27_square,0,0,226.0,826.0,253.0,415.0,27.0,-411.0,train
13311,27_square,0,0,772.0,533.0,214.0,360.0,-558.0,-173.0,val
13312,27_square,0,0,458.0,557.0,637.0,124.0,179.0,-433.0,train
13313,27_square,0,0,245.0,517.0,851.0,241.0,606.0,-276.0,train
13314,27_square,0,0,119.0,192.0,567.0,643.0,448.0,451.0,train
13315,27_square,0,0,779.0,321.0,123.0,814.0,-656.0,493.0,train
13316,27_square,0,0,269.0,433.0,598.0,347.0,329.0,-86.0,train
13317,27_square,0,0,541.0,824.0,651.0,108.0,110.0,-716.0,val
13318,27_square,0,0,769.0,841.0,653.0,670.0,-116.0,-171.0,train
13319,27_square,0,0,768.0,527.0,617.0,117.0,-151.0,-410.0,train
13320,27_square,0,0,188.0,533.0,769.0,490.0,581.0,-43.0,train
13321,27_square,0,0,598.0,414.0,559.0,894.0,-39.0,480.0,train
13322,27_square,0,0,750.0,268.0,129.0,535.0,-621.0,267.0,val
13323,27_square,0,0,796.0,144.0,507.0,877.0,-289.0,733.0,train
13324,27_square,0,0,409.0,483.0,894.0,520.0,485.0,37.0,train
13325,27_square,0,0,101.0,651.0,595.0,845.0,494.0,194.0,train
13326,27_square,0,0,807.0,228.0,459.0,214.0,-348.0,-14.0,train
13327,27_square,0,0,678.0,523.0,404.0,847.0,-274.0,324.0,train
13328,27_square,0,0,241.0,817.0,773.0,100.0,532.0,-717.0,train
13329,27_square,0,0,734.0,813.0,194.0,302.0,-540.0,-511.0,train
13330,27_square,0,0,593.0,821.0,181.0,441.0,-412.0,-380.0,train
13331,27_square,0,0,355.0,627.0,655.0,703.0,300.0,76.0,val
13332,27_square,0,0,145.0,432.0,666.0,900.0,521.0,468.0,train
13333,27_square,0,0,185.0,826.0,378.0,806.0,193.0,-20.0,train
13334,27_square,0,0,715.0,519.0,668.0,749.0,-47.0,230.0,train
13335,27_square,0,0,597.0,343.0,460.0,364.0,-137.0,21.0,train
13336,27_square,0,0,131.0,355.0,588.0,457.0,457.0,102.0,val
13337,27_square,0,0,354.0,554.0,314.0,225.0,-40.0,-329.0,test
13338,27_square,0,0,893.0,692.0,331.0,239.0,-562.0,-453.0,train
13339,27_square,0,0,176.0,164.0,605.0,228.0,429.0,64.0,train
13340,27_square,0,0,737.0,676.0,160.0,839.0,-577.0,163.0,train
13341,27_square,0,0,613.0,779.0,480.0,305.0,-133.0,-474.0,train
13342,27_square,0,0,491.0,280.0,210.0,615.0,-281.0,335.0,train
13343,27_square,0,0,442.0,688.0,746.0,208.0,304.0,-480.0,test
13344,27_square,0,0,813.0,705.0,652.0,525.0,-161.0,-180.0,train
13345,27_square,0,0,138.0,720.0,432.0,190.0,294.0,-530.0,train
13346,27_square,0,0,882.0,727.0,104.0,695.0,-778.0,-32.0,train
13347,27_square,0,0,327.0,273.0,341.0,857.0,14.0,584.0,train
13348,27_square,0,0,330.0,150.0,740.0,501.0,410.0,351.0,val
13349,27_square,0,0,562.0,452.0,375.0,777.0,-187.0,325.0,train
13350,27_square,0,0,104.0,134.0,530.0,462.0,426.0,328.0,train
13351,27_square,0,0,722.0,847.0,272.0,330.0,-450.0,-517.0,test
13352,27_square,0,0,176.0,875.0,198.0,114.0,22.0,-761.0,train
13353,27_square,0,0,702.0,490.0,714.0,593.0,12.0,103.0,train
13354,27_square,0,0,819.0,155.0,376.0,336.0,-443.0,181.0,train
13355,27_square,0,0,890.0,847.0,406.0,896.0,-484.0,49.0,train
13356,27_square,0,0,283.0,377.0,112.0,427.0,-171.0,50.0,train
13357,27_square,0,0,723.0,492.0,770.0,692.0,47.0,200.0,train
13358,27_square,0,0,365.0,377.0,863.0,861.0,498.0,484.0,train
13359,27_square,0,0,862.0,118.0,619.0,356.0,-243.0,238.0,train
13360,27_square,0,0,405.0,421.0,304.0,346.0,-101.0,-75.0,test
13361,27_square,0,0,162.0,857.0,482.0,377.0,320.0,-480.0,train
13362,27_square,0,0,826.0,883.0,309.0,383.0,-517.0,-500.0,train
13363,27_square,0,0,506.0,885.0,303.0,559.0,-203.0,-326.0,val
13364,27_square,0,0,875.0,122.0,324.0,803.0,-551.0,681.0,train
13365,27_square,0,0,726.0,173.0,200.0,753.0,-526.0,580.0,train
13366,27_square,0,0,287.0,886.0,818.0,819.0,531.0,-67.0,train
13367,27_square,0,0,847.0,471.0,604.0,169.0,-243.0,-302.0,train
13368,27_square,0,0,207.0,447.0,358.0,425.0,151.0,-22.0,train
13369,27_square,0,0,691.0,218.0,606.0,167.0,-85.0,-51.0,val
13370,27_square,0,0,717.0,799.0,874.0,590.0,157.0,-209.0,train
13371,27_square,0,0,386.0,637.0,856.0,751.0,470.0,114.0,val
13372,27_square,0,0,855.0,722.0,413.0,834.0,-442.0,112.0,train
13373,27_square,0,0,622.0,462.0,286.0,880.0,-336.0,418.0,val
13374,27_square,0,0,775.0,254.0,402.0,225.0,-373.0,-29.0,train
13375,27_square,0,0,878.0,892.0,528.0,846.0,-350.0,-46.0,train
13376,27_square,0,0,641.0,287.0,393.0,486.0,-248.0,199.0,val
13377,27_square,0,0,860.0,407.0,256.0,826.0,-604.0,419.0,train
13378,27_square,0,0,256.0,666.0,661.0,471.0,405.0,-195.0,train
13379,27_square,0,0,700.0,490.0,351.0,335.0,-349.0,-155.0,train
13380,27_square,0,0,244.0,235.0,147.0,810.0,-97.0,575.0,train
13381,27_square,0,0,582.0,782.0,428.0,833.0,-154.0,51.0,train
13382,27_square,0,0,796.0,604.0,775.0,861.0,-21.0,257.0,train
13383,27_square,0,0,679.0,596.0,604.0,557.0,-75.0,-39.0,train
13384,27_square,0,0,801.0,221.0,228.0,678.0,-573.0,457.0,train
13385,27_square,0,0,873.0,617.0,122.0,593.0,-751.0,-24.0,train
13386,27_square,0,0,438.0,550.0,605.0,855.0,167.0,305.0,train
13387,27_square,0,0,681.0,183.0,347.0,311.0,-334.0,128.0,test
13388,27_square,0,0,880.0,732.0,777.0,422.0,-103.0,-310.0,train
13389,27_square,0,0,161.0,260.0,500.0,669.0,339.0,409.0,train
13390,27_square,0,0,504.0,875.0,171.0,766.0,-333.0,-109.0,val
13391,27_square,0,0,767.0,781.0,215.0,435.0,-552.0,-346.0,train
13392,27_square,0,0,122.0,718.0,243.0,678.0,121.0,-40.0,val
13393,27_square,0,0,141.0,212.0,153.0,102.0,12.0,-110.0,train
13394,27_square,0,0,402.0,489.0,177.0,482.0,-225.0,-7.0,train
13395,27_square,0,0,217.0,663.0,213.0,836.0,-4.0,173.0,val
13396,27_square,0,0,250.0,793.0,409.0,122.0,159.0,-671.0,train
13397,27_square,0,0,869.0,300.0,820.0,766.0,-49.0,466.0,train
13398,27_square,0,0,624.0,359.0,602.0,389.0,-22.0,30.0,train
13399,27_square,0,0,750.0,552.0,663.0,886.0,-87.0,334.0,train
13400,27_square,0,0,210.0,475.0,609.0,823.0,399.0,348.0,train
13401,27_square,0,0,804.0,267.0,272.0,367.0,-532.0,100.0,train
13402,27_square,0,0,486.0,420.0,267.0,116.0,-219.0,-304.0,train
13403,27_square,0,0,284.0,285.0,387.0,599.0,103.0,314.0,train
13404,27_square,0,0,880.0,128.0,236.0,714.0,-644.0,586.0,train
13405,27_square,0,0,523.0,762.0,575.0,532.0,52.0,-230.0,train
13406,27_square,0,0,640.0,708.0,236.0,824.0,-404.0,116.0,train
13407,27_square,0,0,527.0,484.0,831.0,757.0,304.0,273.0,train
13408,27_square,0,0,204.0,652.0,283.0,220.0,79.0,-432.0,train
13409,27_square,0,0,141.0,103.0,114.0,718.0,-27.0,615.0,train
13410,27_square,0,0,711.0,169.0,404.0,779.0,-307.0,610.0,test
13411,27_square,0,0,644.0,828.0,448.0,530.0,-196.0,-298.0,train
13412,27_square,0,0,588.0,203.0,290.0,557.0,-298.0,354.0,train
13413,27_square,0,0,181.0,710.0,484.0,258.0,303.0,-452.0,train
13414,27_square,0,0,171.0,646.0,538.0,611.0,367.0,-35.0,train
13415,27_square,0,0,341.0,172.0,853.0,404.0,512.0,232.0,train
13416,27_square,0,0,471.0,342.0,199.0,218.0,-272.0,-124.0,train
13417,27_square,0,0,425.0,615.0,203.0,444.0,-222.0,-171.0,train
13418,27_square,0,0,865.0,768.0,213.0,278.0,-652.0,-490.0,test
13419,27_square,0,0,453.0,600.0,733.0,401.0,280.0,-199.0,train
13420,27_square,0,0,556.0,314.0,872.0,493.0,316.0,179.0,train
13421,27_square,0,0,482.0,396.0,198.0,730.0,-284.0,334.0,train
13422,27_square,0,0,888.0,884.0,729.0,869.0,-159.0,-15.0,train
13423,27_square,0,0,241.0,806.0,890.0,688.0,649.0,-118.0,train
13424,27_square,0,0,318.0,590.0,364.0,381.0,46.0,-209.0,train
13425,27_square,0,0,439.0,142.0,374.0,337.0,-65.0,195.0,train
13426,27_square,0,0,432.0,427.0,315.0,893.0,-117.0,466.0,train
13427,27_square,0,0,314.0,739.0,377.0,756.0,63.0,17.0,train
13428,27_square,0,0,491.0,169.0,378.0,900.0,-113.0,731.0,test
13429,27_square,0,0,734.0,109.0,559.0,291.0,-175.0,182.0,train
13430,27_square,0,0,216.0,784.0,720.0,362.0,504.0,-422.0,train
13431,27_square,0,0,802.0,520.0,104.0,113.0,-698.0,-407.0,train
13432,27_square,0,0,386.0,657.0,117.0,798.0,-269.0,141.0,train
13433,27_square,0,0,537.0,821.0,253.0,639.0,-284.0,-182.0,train
13434,27_square,0,0,754.0,418.0,806.0,783.0,52.0,365.0,train
13435,27_square,0,0,644.0,807.0,352.0,765.0,-292.0,-42.0,train
13436,27_square,0,0,640.0,569.0,599.0,463.0,-41.0,-106.0,val
13437,27_square,0,0,824.0,686.0,510.0,158.0,-314.0,-528.0,test
13438,27_square,0,0,828.0,485.0,443.0,691.0,-385.0,206.0,train
13439,27_square,0,0,315.0,186.0,186.0,258.0,-129.0,72.0,train
13440,27_square,0,0,486.0,583.0,208.0,562.0,-278.0,-21.0,train
13441,27_square,0,0,297.0,864.0,558.0,403.0,261.0,-461.0,val
13442,27_square,0,0,223.0,685.0,227.0,475.0,4.0,-210.0,train
13443,27_square,0,0,515.0,234.0,841.0,784.0,326.0,550.0,train
13444,27_square,0,0,445.0,601.0,265.0,805.0,-180.0,204.0,train
13445,27_square,0,0,489.0,454.0,568.0,312.0,79.0,-142.0,train
13446,27_square,0,0,460.0,563.0,477.0,617.0,17.0,54.0,train
13447,27_square,0,0,304.0,749.0,547.0,221.0,243.0,-528.0,train
13448,27_square,0,0,344.0,500.0,725.0,569.0,381.0,69.0,train
13449,27_square,0,0,712.0,885.0,271.0,139.0,-441.0,-746.0,train
13450,27_square,0,0,530.0,887.0,323.0,518.0,-207.0,-369.0,train
13451,27_square,0,0,308.0,625.0,516.0,298.0,208.0,-327.0,train
13452,27_square,0,0,121.0,452.0,442.0,679.0,321.0,227.0,train
13453,27_square,0,0,145.0,768.0,224.0,160.0,79.0,-608.0,train
13454,27_square,0,0,234.0,500.0,894.0,713.0,660.0,213.0,train
13455,27_square,0,0,852.0,605.0,179.0,537.0,-673.0,-68.0,train
13456,27_square,0,0,330.0,250.0,383.0,490.0,53.0,240.0,train
13457,27_square,0,0,480.0,790.0,243.0,154.0,-237.0,-636.0,train
13458,27_square,0,0,282.0,279.0,883.0,555.0,601.0,276.0,train
13459,27_square,0,0,216.0,463.0,266.0,861.0,50.0,398.0,train
13460,27_square,0,0,193.0,617.0,344.0,349.0,151.0,-268.0,train
13461,27_square,0,0,751.0,351.0,282.0,332.0,-469.0,-19.0,train
13462,27_square,0,0,830.0,774.0,166.0,693.0,-664.0,-81.0,train
13463,27_square,0,0,509.0,394.0,526.0,310.0,17.0,-84.0,train
13464,27_square,0,0,367.0,445.0,421.0,148.0,54.0,-297.0,train
13465,27_square,0,0,145.0,129.0,820.0,529.0,675.0,400.0,train
13466,27_square,0,0,885.0,201.0,173.0,345.0,-712.0,144.0,train
13467,27_square,0,0,214.0,281.0,752.0,555.0,538.0,274.0,train
13468,27_square,0,0,415.0,169.0,797.0,643.0,382.0,474.0,train
13469,27_square,0,0,261.0,793.0,292.0,552.0,31.0,-241.0,train
13470,27_square,0,0,644.0,261.0,515.0,289.0,-129.0,28.0,train
13471,27_square,0,0,379.0,306.0,645.0,484.0,266.0,178.0,train
13472,27_square,0,0,411.0,629.0,773.0,561.0,362.0,-68.0,train
13473,27_square,0,0,295.0,666.0,204.0,307.0,-91.0,-359.0,train
13474,27_square,0,0,173.0,378.0,217.0,109.0,44.0,-269.0,train
13475,27_square,0,0,108.0,892.0,743.0,738.0,635.0,-154.0,test
13476,27_square,0,0,201.0,564.0,415.0,787.0,214.0,223.0,train
13477,27_square,0,0,586.0,184.0,326.0,730.0,-260.0,546.0,train
13478,27_square,0,0,372.0,384.0,209.0,418.0,-163.0,34.0,train
13479,27_square,0,0,671.0,354.0,273.0,753.0,-398.0,399.0,train
13480,27_square,0,0,594.0,217.0,650.0,574.0,56.0,357.0,train
13481,27_square,0,0,313.0,452.0,706.0,769.0,393.0,317.0,test
13482,27_square,0,0,720.0,543.0,492.0,163.0,-228.0,-380.0,train
13483,27_square,0,0,154.0,373.0,218.0,733.0,64.0,360.0,train
13484,27_square,0,0,242.0,900.0,736.0,501.0,494.0,-399.0,train
13485,27_square,0,0,382.0,539.0,226.0,627.0,-156.0,88.0,train
13486,27_square,0,0,783.0,227.0,483.0,144.0,-300.0,-83.0,train
13487,27_square,0,0,339.0,381.0,316.0,873.0,-23.0,492.0,train
13488,27_square,0,0,103.0,515.0,789.0,387.0,686.0,-128.0,train
13489,27_square,0,0,876.0,159.0,253.0,703.0,-623.0,544.0,train
13490,27_square,0,0,788.0,240.0,313.0,374.0,-475.0,134.0,train
13491,27_square,0,0,536.0,515.0,107.0,535.0,-429.0,20.0,train
13492,27_square,0,0,280.0,739.0,170.0,604.0,-110.0,-135.0,train
13493,27_square,0,0,192.0,607.0,302.0,422.0,110.0,-185.0,train
13494,27_square,0,0,396.0,616.0,422.0,755.0,26.0,139.0,val
13495,27_square,0,0,727.0,204.0,431.0,360.0,-296.0,156.0,train
13496,27_square,0,0,581.0,670.0,753.0,490.0,172.0,-180.0,train
13497,27_square,0,0,476.0,634.0,848.0,230.0,372.0,-404.0,train
13498,27_square,0,0,521.0,634.0,197.0,118.0,-324.0,-516.0,train
13499,27_square,0,0,224.0,693.0,279.0,184.0,55.0,-509.0,val
13500,6_square,0,0,535.0,749.0,405.0,478.0,-130.0,-271.0,train
13501,6_square,0,0,280.0,687.0,128.0,459.0,-152.0,-228.0,train
13502,6_square,0,0,399.0,621.0,375.0,655.0,-24.0,34.0,train
13503,6_square,0,0,856.0,826.0,441.0,454.0,-415.0,-372.0,train
13504,6_square,0,0,327.0,490.0,528.0,250.0,201.0,-240.0,train
13505,6_square,0,0,367.0,581.0,435.0,694.0,68.0,113.0,train
13506,6_square,0,0,695.0,897.0,792.0,675.0,97.0,-222.0,train
13507,6_square,0,0,613.0,593.0,691.0,708.0,78.0,115.0,train
13508,6_square,0,0,349.0,118.0,391.0,875.0,42.0,757.0,train
13509,6_square,0,0,590.0,243.0,286.0,392.0,-304.0,149.0,train
13510,6_square,0,0,289.0,834.0,167.0,838.0,-122.0,4.0,train
13511,6_square,0,0,443.0,659.0,235.0,710.0,-208.0,51.0,train
13512,6_square,0,0,829.0,644.0,723.0,731.0,-106.0,87.0,train
13513,6_square,0,0,266.0,577.0,180.0,196.0,-86.0,-381.0,train
13514,6_square,0,0,846.0,107.0,631.0,595.0,-215.0,488.0,val
13515,6_square,0,0,364.0,119.0,409.0,560.0,45.0,441.0,val
13516,6_square,0,0,600.0,571.0,437.0,313.0,-163.0,-258.0,val
13517,6_square,0,0,269.0,347.0,241.0,581.0,-28.0,234.0,train
13518,6_square,0,0,528.0,835.0,866.0,649.0,338.0,-186.0,train
13519,6_square,0,0,871.0,304.0,291.0,383.0,-580.0,79.0,test
13520,6_square,0,0,830.0,549.0,885.0,814.0,55.0,265.0,train
13521,6_square,0,0,678.0,504.0,214.0,538.0,-464.0,34.0,val
13522,6_square,0,0,560.0,420.0,642.0,318.0,82.0,-102.0,train
13523,6_square,0,0,862.0,690.0,303.0,708.0,-559.0,18.0,test
13524,6_square,0,0,845.0,359.0,209.0,669.0,-636.0,310.0,train
13525,6_square,0,0,576.0,692.0,466.0,541.0,-110.0,-151.0,train
13526,6_square,0,0,646.0,496.0,104.0,888.0,-542.0,392.0,test
13527,6_square,0,0,714.0,670.0,117.0,806.0,-597.0,136.0,train
13528,6_square,0,0,695.0,105.0,402.0,414.0,-293.0,309.0,train
13529,6_square,0,0,348.0,584.0,102.0,426.0,-246.0,-158.0,train
13530,6_square,0,0,366.0,433.0,846.0,403.0,480.0,-30.0,train
13531,6_square,0,0,801.0,455.0,369.0,266.0,-432.0,-189.0,train
13532,6_square,0,0,613.0,312.0,366.0,676.0,-247.0,364.0,train
13533,6_square,0,0,569.0,138.0,419.0,593.0,-150.0,455.0,train
13534,6_square,0,0,456.0,842.0,880.0,483.0,424.0,-359.0,val
13535,6_square,0,0,299.0,202.0,211.0,181.0,-88.0,-21.0,train
13536,6_square,0,0,293.0,358.0,140.0,424.0,-153.0,66.0,train
13537,6_square,0,0,290.0,826.0,777.0,288.0,487.0,-538.0,train
13538,6_square,0,0,469.0,652.0,554.0,296.0,85.0,-356.0,train
13539,6_square,0,0,790.0,201.0,158.0,524.0,-632.0,323.0,train
13540,6_square,0,0,519.0,566.0,367.0,308.0,-152.0,-258.0,train
13541,6_square,0,0,367.0,772.0,706.0,286.0,339.0,-486.0,train
13542,6_square,0,0,316.0,407.0,522.0,838.0,206.0,431.0,train
13543,6_square,0,0,385.0,512.0,214.0,759.0,-171.0,247.0,train
13544,6_square,0,0,362.0,899.0,310.0,451.0,-52.0,-448.0,train
13545,6_square,0,0,460.0,341.0,651.0,608.0,191.0,267.0,train
13546,6_square,0,0,312.0,232.0,698.0,249.0,386.0,17.0,train
13547,6_square,0,0,169.0,378.0,346.0,742.0,177.0,364.0,train
13548,6_square,0,0,535.0,474.0,106.0,104.0,-429.0,-370.0,train
13549,6_square,0,0,387.0,335.0,855.0,506.0,468.0,171.0,train
13550,6_square,0,0,233.0,157.0,127.0,620.0,-106.0,463.0,train
13551,6_square,0,0,493.0,717.0,409.0,398.0,-84.0,-319.0,val
13552,6_square,0,0,261.0,311.0,242.0,459.0,-19.0,148.0,test
13553,6_square,0,0,641.0,859.0,649.0,853.0,8.0,-6.0,train
13554,6_square,0,0,731.0,784.0,507.0,296.0,-224.0,-488.0,train
13555,6_square,0,0,283.0,203.0,520.0,664.0,237.0,461.0,train
13556,6_square,0,0,159.0,603.0,333.0,295.0,174.0,-308.0,train
13557,6_square,0,0,676.0,553.0,576.0,454.0,-100.0,-99.0,train
13558,6_square,0,0,240.0,545.0,578.0,608.0,338.0,63.0,test
13559,6_square,0,0,290.0,788.0,734.0,524.0,444.0,-264.0,train
13560,6_square,0,0,405.0,496.0,703.0,570.0,298.0,74.0,train
13561,6_square,0,0,852.0,518.0,154.0,399.0,-698.0,-119.0,train
13562,6_square,0,0,598.0,741.0,555.0,147.0,-43.0,-594.0,train
13563,6_square,0,0,380.0,750.0,696.0,540.0,316.0,-210.0,val
13564,6_square,0,0,393.0,154.0,431.0,291.0,38.0,137.0,train
13565,6_square,0,0,691.0,552.0,127.0,498.0,-564.0,-54.0,test
13566,6_square,0,0,176.0,849.0,313.0,184.0,137.0,-665.0,val
13567,6_square,0,0,875.0,571.0,645.0,519.0,-230.0,-52.0,train
13568,6_square,0,0,375.0,623.0,623.0,198.0,248.0,-425.0,test
13569,6_square,0,0,830.0,329.0,275.0,833.0,-555.0,504.0,train
13570,6_square,0,0,785.0,809.0,305.0,268.0,-480.0,-541.0,val
13571,6_square,0,0,830.0,619.0,176.0,295.0,-654.0,-324.0,train
13572,6_square,0,0,181.0,493.0,357.0,361.0,176.0,-132.0,train
13573,6_square,0,0,484.0,887.0,465.0,701.0,-19.0,-186.0,train
13574,6_square,0,0,253.0,824.0,792.0,234.0,539.0,-590.0,train
13575,6_square,0,0,131.0,290.0,256.0,499.0,125.0,209.0,train
13576,6_square,0,0,388.0,545.0,883.0,664.0,495.0,119.0,train
13577,6_square,0,0,827.0,791.0,761.0,115.0,-66.0,-676.0,train
13578,6_square,0,0,438.0,299.0,852.0,542.0,414.0,243.0,train
13579,6_square,0,0,102.0,640.0,605.0,620.0,503.0,-20.0,train
13580,6_square,0,0,881.0,347.0,255.0,342.0,-626.0,-5.0,train
13581,6_square,0,0,400.0,792.0,567.0,553.0,167.0,-239.0,test
13582,6_square,0,0,727.0,810.0,757.0,656.0,30.0,-154.0,train
13583,6_square,0,0,775.0,168.0,424.0,869.0,-351.0,701.0,train
13584,6_square,0,0,414.0,443.0,794.0,822.0,380.0,379.0,train
13585,6_square,0,0,780.0,621.0,793.0,195.0,13.0,-426.0,train
13586,6_square,0,0,629.0,532.0,806.0,453.0,177.0,-79.0,train
13587,6_square,0,0,572.0,849.0,862.0,268.0,290.0,-581.0,train
13588,6_square,0,0,297.0,153.0,247.0,205.0,-50.0,52.0,train
13589,6_square,0,0,340.0,776.0,149.0,461.0,-191.0,-315.0,test
13590,6_square,0,0,107.0,475.0,286.0,831.0,179.0,356.0,train
13591,6_square,0,0,313.0,412.0,631.0,695.0,318.0,283.0,train
13592,6_square,0,0,532.0,707.0,242.0,686.0,-290.0,-21.0,train
13593,6_square,0,0,702.0,249.0,563.0,381.0,-139.0,132.0,test
13594,6_square,0,0,720.0,505.0,675.0,470.0,-45.0,-35.0,train
13595,6_square,0,0,428.0,419.0,447.0,673.0,19.0,254.0,train
13596,6_square,0,0,462.0,605.0,267.0,466.0,-195.0,-139.0,train
13597,6_square,0,0,235.0,590.0,747.0,253.0,512.0,-337.0,train
13598,6_square,0,0,735.0,897.0,813.0,212.0,78.0,-685.0,train
13599,6_square,0,0,462.0,202.0,719.0,646.0,257.0,444.0,test
13600,6_square,0,0,486.0,730.0,632.0,884.0,146.0,154.0,test
13601,6_square,0,0,889.0,298.0,643.0,591.0,-246.0,293.0,train
13602,6_square,0,0,667.0,652.0,499.0,893.0,-168.0,241.0,test
13603,6_square,0,0,172.0,781.0,470.0,460.0,298.0,-321.0,train
13604,6_square,0,0,224.0,334.0,156.0,758.0,-68.0,424.0,train
13605,6_square,0,0,477.0,894.0,892.0,371.0,415.0,-523.0,test
13606,6_square,0,0,238.0,638.0,541.0,105.0,303.0,-533.0,train
13607,6_square,0,0,410.0,136.0,571.0,837.0,161.0,701.0,train
13608,6_square,0,0,436.0,369.0,485.0,377.0,49.0,8.0,val
13609,6_square,0,0,756.0,380.0,660.0,111.0,-96.0,-269.0,train
13610,6_square,0,0,372.0,436.0,787.0,226.0,415.0,-210.0,train
13611,6_square,0,0,649.0,237.0,831.0,551.0,182.0,314.0,train
13612,6_square,0,0,615.0,161.0,511.0,662.0,-104.0,501.0,test
13613,6_square,0,0,153.0,671.0,208.0,134.0,55.0,-537.0,train
13614,6_square,0,0,887.0,885.0,863.0,309.0,-24.0,-576.0,train
13615,6_square,0,0,472.0,858.0,855.0,182.0,383.0,-676.0,train
13616,6_square,0,0,185.0,832.0,198.0,113.0,13.0,-719.0,train
13617,6_square,0,0,148.0,887.0,693.0,315.0,545.0,-572.0,train
13618,6_square,0,0,256.0,104.0,273.0,664.0,17.0,560.0,train
13619,6_square,0,0,582.0,755.0,432.0,385.0,-150.0,-370.0,test
13620,6_square,0,0,250.0,610.0,762.0,458.0,512.0,-152.0,train
13621,6_square,0,0,621.0,847.0,148.0,421.0,-473.0,-426.0,train
13622,6_square,0,0,534.0,550.0,257.0,701.0,-277.0,151.0,train
13623,6_square,0,0,535.0,643.0,185.0,711.0,-350.0,68.0,train
13624,6_square,0,0,160.0,285.0,399.0,739.0,239.0,454.0,train
13625,6_square,0,0,575.0,462.0,546.0,466.0,-29.0,4.0,train
13626,6_square,0,0,677.0,411.0,748.0,480.0,71.0,69.0,train
13627,6_square,0,0,250.0,417.0,536.0,252.0,286.0,-165.0,train
13628,6_square,0,0,134.0,698.0,655.0,245.0,521.0,-453.0,val
13629,6_square,0,0,354.0,785.0,577.0,197.0,223.0,-588.0,test
13630,6_square,0,0,555.0,827.0,526.0,354.0,-29.0,-473.0,train
13631,6_square,0,0,539.0,249.0,234.0,705.0,-305.0,456.0,train
13632,6_square,0,0,179.0,671.0,788.0,659.0,609.0,-12.0,test
13633,6_square,0,0,154.0,276.0,401.0,375.0,247.0,99.0,train
13634,6_square,0,0,412.0,160.0,723.0,656.0,311.0,496.0,train
13635,6_square,0,0,490.0,336.0,624.0,717.0,134.0,381.0,train
13636,6_square,0,0,250.0,419.0,297.0,124.0,47.0,-295.0,train
13637,6_square,0,0,129.0,761.0,384.0,436.0,255.0,-325.0,train
13638,6_square,0,0,322.0,424.0,412.0,887.0,90.0,463.0,train
13639,6_square,0,0,812.0,703.0,473.0,575.0,-339.0,-128.0,train
13640,6_square,0,0,505.0,732.0,355.0,754.0,-150.0,22.0,train
13641,6_square,0,0,699.0,456.0,414.0,365.0,-285.0,-91.0,train
13642,6_square,0,0,785.0,262.0,260.0,769.0,-525.0,507.0,test
13643,6_square,0,0,738.0,351.0,429.0,305.0,-309.0,-46.0,train
13644,6_square,0,0,292.0,227.0,262.0,663.0,-30.0,436.0,train
13645,6_square,0,0,562.0,205.0,273.0,804.0,-289.0,599.0,val
13646,6_square,0,0,344.0,826.0,380.0,344.0,36.0,-482.0,train
13647,6_square,0,0,632.0,799.0,453.0,655.0,-179.0,-144.0,train
13648,6_square,0,0,764.0,548.0,657.0,497.0,-107.0,-51.0,train
13649,6_square,0,0,802.0,606.0,861.0,364.0,59.0,-242.0,train
13650,6_square,0,0,858.0,797.0,873.0,763.0,15.0,-34.0,test
13651,6_square,0,0,182.0,721.0,782.0,478.0,600.0,-243.0,test
13652,6_square,0,0,873.0,775.0,535.0,636.0,-338.0,-139.0,test
13653,6_square,0,0,724.0,681.0,144.0,579.0,-580.0,-102.0,test
13654,6_square,0,0,326.0,442.0,677.0,116.0,351.0,-326.0,train
13655,6_square,0,0,648.0,218.0,554.0,599.0,-94.0,381.0,train
13656,6_square,0,0,663.0,503.0,885.0,536.0,222.0,33.0,train
13657,6_square,0,0,569.0,163.0,132.0,879.0,-437.0,716.0,train
13658,6_square,0,0,582.0,204.0,436.0,137.0,-146.0,-67.0,train
13659,6_square,0,0,427.0,250.0,731.0,614.0,304.0,364.0,train
13660,6_square,0,0,304.0,323.0,429.0,155.0,125.0,-168.0,train
13661,6_square,0,0,223.0,190.0,450.0,321.0,227.0,131.0,train
13662,6_square,0,0,604.0,421.0,797.0,368.0,193.0,-53.0,train
13663,6_square,0,0,598.0,245.0,532.0,832.0,-66.0,587.0,train
13664,6_square,0,0,817.0,596.0,278.0,738.0,-539.0,142.0,test
13665,6_square,0,0,507.0,720.0,823.0,233.0,316.0,-487.0,test
13666,6_square,0,0,783.0,504.0,264.0,283.0,-519.0,-221.0,train
13667,6_square,0,0,789.0,784.0,468.0,808.0,-321.0,24.0,train
13668,6_square,0,0,205.0,506.0,873.0,802.0,668.0,296.0,train
13669,6_square,0,0,578.0,642.0,191.0,640.0,-387.0,-2.0,train
13670,6_square,0,0,730.0,845.0,375.0,491.0,-355.0,-354.0,train
13671,6_square,0,0,591.0,382.0,616.0,261.0,25.0,-121.0,train
13672,6_square,0,0,248.0,456.0,206.0,854.0,-42.0,398.0,train
13673,6_square,0,0,699.0,530.0,192.0,863.0,-507.0,333.0,val
13674,6_square,0,0,425.0,127.0,651.0,248.0,226.0,121.0,train
13675,6_square,0,0,186.0,358.0,185.0,747.0,-1.0,389.0,train
13676,6_square,0,0,483.0,512.0,653.0,776.0,170.0,264.0,train
13677,6_square,0,0,835.0,615.0,863.0,486.0,28.0,-129.0,train
13678,6_square,0,0,429.0,748.0,563.0,895.0,134.0,147.0,train
13679,6_square,0,0,402.0,115.0,247.0,169.0,-155.0,54.0,train
13680,6_square,0,0,434.0,613.0,402.0,808.0,-32.0,195.0,train
13681,6_square,0,0,248.0,175.0,882.0,113.0,634.0,-62.0,train
13682,6_square,0,0,457.0,189.0,864.0,297.0,407.0,108.0,train
13683,6_square,0,0,388.0,675.0,275.0,501.0,-113.0,-174.0,val
13684,6_square,0,0,330.0,544.0,333.0,119.0,3.0,-425.0,train
13685,6_square,0,0,416.0,787.0,207.0,447.0,-209.0,-340.0,train
13686,6_square,0,0,629.0,846.0,643.0,234.0,14.0,-612.0,train
13687,6_square,0,0,527.0,732.0,430.0,537.0,-97.0,-195.0,train
13688,6_square,0,0,758.0,896.0,674.0,867.0,-84.0,-29.0,val
13689,6_square,0,0,282.0,829.0,426.0,858.0,144.0,29.0,train
13690,6_square,0,0,555.0,554.0,708.0,349.0,153.0,-205.0,train
13691,6_square,0,0,582.0,867.0,859.0,780.0,277.0,-87.0,train
13692,6_square,0,0,274.0,484.0,598.0,571.0,324.0,87.0,train
13693,6_square,0,0,565.0,320.0,366.0,595.0,-199.0,275.0,train
13694,6_square,0,0,775.0,322.0,691.0,454.0,-84.0,132.0,train
13695,6_square,0,0,876.0,884.0,142.0,290.0,-734.0,-594.0,train
13696,6_square,0,0,734.0,373.0,109.0,819.0,-625.0,446.0,train
13697,6_square,0,0,360.0,405.0,578.0,746.0,218.0,341.0,train
13698,6_square,0,0,306.0,236.0,153.0,687.0,-153.0,451.0,train
13699,6_square,0,0,447.0,488.0,576.0,666.0,129.0,178.0,train
13700,6_square,0,0,277.0,746.0,110.0,766.0,-167.0,20.0,train
13701,6_square,0,0,681.0,620.0,516.0,566.0,-165.0,-54.0,val
13702,6_square,0,0,874.0,509.0,480.0,326.0,-394.0,-183.0,train
13703,6_square,0,0,421.0,469.0,289.0,764.0,-132.0,295.0,train
13704,6_square,0,0,256.0,212.0,350.0,380.0,94.0,168.0,train
13705,6_square,0,0,275.0,197.0,759.0,819.0,484.0,622.0,train
13706,6_square,0,0,355.0,767.0,140.0,217.0,-215.0,-550.0,train
13707,6_square,0,0,259.0,657.0,311.0,807.0,52.0,150.0,train
13708,6_square,0,0,397.0,826.0,308.0,412.0,-89.0,-414.0,train
13709,6_square,0,0,339.0,171.0,708.0,182.0,369.0,11.0,train
13710,6_square,0,0,599.0,193.0,416.0,779.0,-183.0,586.0,test
13711,6_square,0,0,154.0,278.0,226.0,699.0,72.0,421.0,train
13712,6_square,0,0,551.0,545.0,617.0,608.0,66.0,63.0,test
13713,6_square,0,0,180.0,472.0,697.0,530.0,517.0,58.0,train
13714,6_square,0,0,747.0,496.0,838.0,350.0,91.0,-146.0,train
13715,6_square,0,0,667.0,225.0,723.0,350.0,56.0,125.0,train
13716,6_square,0,0,862.0,468.0,152.0,774.0,-710.0,306.0,train
13717,6_square,0,0,239.0,664.0,617.0,812.0,378.0,148.0,train
13718,6_square,0,0,816.0,671.0,102.0,709.0,-714.0,38.0,train
13719,6_square,0,0,543.0,359.0,642.0,514.0,99.0,155.0,train
13720,6_square,0,0,746.0,411.0,716.0,203.0,-30.0,-208.0,train
13721,6_square,0,0,602.0,184.0,740.0,463.0,138.0,279.0,train
13722,6_square,0,0,859.0,553.0,186.0,200.0,-673.0,-353.0,train
13723,6_square,0,0,255.0,635.0,720.0,650.0,465.0,15.0,test
13724,6_square,0,0,798.0,254.0,657.0,117.0,-141.0,-137.0,train
13725,6_square,0,0,624.0,402.0,442.0,363.0,-182.0,-39.0,train
13726,6_square,0,0,881.0,572.0,149.0,172.0,-732.0,-400.0,train
13727,6_square,0,0,498.0,607.0,274.0,235.0,-224.0,-372.0,test
13728,6_square,0,0,514.0,461.0,538.0,571.0,24.0,110.0,train
13729,6_square,0,0,332.0,614.0,713.0,420.0,381.0,-194.0,train
13730,6_square,0,0,312.0,151.0,698.0,155.0,386.0,4.0,train
13731,6_square,0,0,804.0,789.0,718.0,126.0,-86.0,-663.0,train
13732,6_square,0,0,286.0,811.0,870.0,253.0,584.0,-558.0,train
13733,6_square,0,0,798.0,567.0,369.0,829.0,-429.0,262.0,train
13734,6_square,0,0,128.0,747.0,345.0,774.0,217.0,27.0,train
13735,6_square,0,0,205.0,662.0,205.0,397.0,0.0,-265.0,train
13736,6_square,0,0,798.0,791.0,631.0,842.0,-167.0,51.0,val
13737,6_square,0,0,117.0,201.0,820.0,674.0,703.0,473.0,train
13738,6_square,0,0,246.0,579.0,683.0,487.0,437.0,-92.0,test
13739,6_square,0,0,547.0,409.0,566.0,783.0,19.0,374.0,train
13740,6_square,0,0,260.0,490.0,783.0,701.0,523.0,211.0,train
13741,6_square,0,0,146.0,724.0,624.0,332.0,478.0,-392.0,train
13742,6_square,0,0,292.0,862.0,277.0,823.0,-15.0,-39.0,test
13743,6_square,0,0,335.0,571.0,298.0,495.0,-37.0,-76.0,test
13744,6_square,0,0,875.0,539.0,848.0,507.0,-27.0,-32.0,train
13745,6_square,0,0,435.0,434.0,573.0,478.0,138.0,44.0,train
13746,6_square,0,0,195.0,538.0,727.0,707.0,532.0,169.0,train
13747,6_square,0,0,680.0,538.0,706.0,214.0,26.0,-324.0,train
13748,6_square,0,0,712.0,157.0,269.0,814.0,-443.0,657.0,val
13749,6_square,0,0,375.0,639.0,863.0,137.0,488.0,-502.0,train
13750,6_square,0,0,692.0,343.0,690.0,418.0,-2.0,75.0,train
13751,6_square,0,0,160.0,220.0,357.0,873.0,197.0,653.0,val
13752,6_square,0,0,284.0,401.0,128.0,869.0,-156.0,468.0,test
13753,6_square,0,0,527.0,476.0,532.0,220.0,5.0,-256.0,train
13754,6_square,0,0,839.0,251.0,805.0,512.0,-34.0,261.0,train
13755,6_square,0,0,888.0,582.0,302.0,779.0,-586.0,197.0,train
13756,6_square,0,0,508.0,571.0,736.0,415.0,228.0,-156.0,train
13757,6_square,0,0,535.0,386.0,598.0,273.0,63.0,-113.0,val
13758,6_square,0,0,194.0,346.0,106.0,140.0,-88.0,-206.0,train
13759,6_square,0,0,498.0,265.0,279.0,705.0,-219.0,440.0,train
13760,6_square,0,0,646.0,273.0,102.0,392.0,-544.0,119.0,train
13761,6_square,0,0,384.0,578.0,397.0,250.0,13.0,-328.0,train
13762,6_square,0,0,232.0,400.0,678.0,122.0,446.0,-278.0,val
13763,6_square,0,0,470.0,685.0,639.0,378.0,169.0,-307.0,train
13764,6_square,0,0,370.0,233.0,742.0,277.0,372.0,44.0,train
13765,6_square,0,0,377.0,366.0,146.0,433.0,-231.0,67.0,train
13766,6_square,0,0,741.0,101.0,828.0,516.0,87.0,415.0,train
13767,6_square,0,0,832.0,215.0,896.0,140.0,64.0,-75.0,train
13768,6_square,0,0,414.0,571.0,335.0,192.0,-79.0,-379.0,train
13769,6_square,0,0,352.0,604.0,645.0,797.0,293.0,193.0,train
13770,6_square,0,0,715.0,645.0,795.0,414.0,80.0,-231.0,train
13771,6_square,0,0,278.0,633.0,402.0,491.0,124.0,-142.0,train
13772,6_square,0,0,273.0,315.0,621.0,303.0,348.0,-12.0,train
13773,6_square,0,0,182.0,860.0,846.0,558.0,664.0,-302.0,train
13774,6_square,0,0,791.0,819.0,144.0,239.0,-647.0,-580.0,test
13775,6_square,0,0,761.0,395.0,843.0,452.0,82.0,57.0,train
13776,6_square,0,0,430.0,786.0,223.0,339.0,-207.0,-447.0,train
13777,6_square,0,0,167.0,300.0,331.0,514.0,164.0,214.0,train
13778,6_square,0,0,896.0,636.0,358.0,715.0,-538.0,79.0,train
13779,6_square,0,0,249.0,174.0,481.0,246.0,232.0,72.0,test
13780,6_square,0,0,101.0,854.0,872.0,248.0,771.0,-606.0,val
13781,6_square,0,0,350.0,715.0,615.0,827.0,265.0,112.0,train
13782,6_square,0,0,291.0,704.0,425.0,837.0,134.0,133.0,train
13783,6_square,0,0,312.0,603.0,782.0,113.0,470.0,-490.0,train
13784,6_square,0,0,129.0,162.0,247.0,374.0,118.0,212.0,train
13785,6_square,0,0,708.0,545.0,354.0,232.0,-354.0,-313.0,train
13786,6_square,0,0,482.0,372.0,854.0,133.0,372.0,-239.0,train
13787,6_square,0,0,707.0,244.0,367.0,599.0,-340.0,355.0,train
13788,6_square,0,0,306.0,597.0,183.0,215.0,-123.0,-382.0,train
13789,6_square,0,0,774.0,365.0,676.0,877.0,-98.0,512.0,train
13790,6_square,0,0,400.0,262.0,231.0,699.0,-169.0,437.0,train
13791,6_square,0,0,291.0,622.0,865.0,788.0,574.0,166.0,train
13792,6_square,0,0,278.0,517.0,779.0,349.0,501.0,-168.0,train
13793,6_square,0,0,134.0,702.0,291.0,265.0,157.0,-437.0,train
13794,6_square,0,0,881.0,667.0,282.0,711.0,-599.0,44.0,train
13795,6_square,0,0,405.0,101.0,591.0,522.0,186.0,421.0,train
13796,6_square,0,0,397.0,523.0,608.0,207.0,211.0,-316.0,train
13797,6_square,0,0,671.0,444.0,868.0,808.0,197.0,364.0,train
13798,6_square,0,0,609.0,393.0,353.0,540.0,-256.0,147.0,train
13799,6_square,0,0,480.0,595.0,577.0,729.0,97.0,134.0,train
13800,6_square,0,0,350.0,460.0,860.0,124.0,510.0,-336.0,train
13801,6_square,0,0,725.0,876.0,256.0,255.0,-469.0,-621.0,train
13802,6_square,0,0,183.0,693.0,261.0,633.0,78.0,-60.0,train
13803,6_square,0,0,654.0,767.0,817.0,653.0,163.0,-114.0,train
13804,6_square,0,0,441.0,281.0,362.0,495.0,-79.0,214.0,train
13805,6_square,0,0,754.0,776.0,460.0,459.0,-294.0,-317.0,train
13806,6_square,0,0,708.0,764.0,207.0,145.0,-501.0,-619.0,train
13807,6_square,0,0,835.0,182.0,634.0,342.0,-201.0,160.0,val
13808,6_square,0,0,698.0,374.0,187.0,563.0,-511.0,189.0,train
13809,6_square,0,0,165.0,187.0,805.0,822.0,640.0,635.0,train
13810,6_square,0,0,667.0,244.0,675.0,669.0,8.0,425.0,train
13811,6_square,0,0,622.0,713.0,409.0,264.0,-213.0,-449.0,train
13812,6_square,0,0,370.0,518.0,421.0,447.0,51.0,-71.0,train
13813,6_square,0,0,558.0,207.0,586.0,293.0,28.0,86.0,train
13814,6_square,0,0,190.0,328.0,858.0,418.0,668.0,90.0,train
13815,6_square,0,0,118.0,815.0,426.0,558.0,308.0,-257.0,test
13816,6_square,0,0,883.0,784.0,174.0,193.0,-709.0,-591.0,train
13817,6_square,0,0,268.0,832.0,817.0,805.0,549.0,-27.0,train
13818,6_square,0,0,510.0,840.0,116.0,832.0,-394.0,-8.0,train
13819,6_square,0,0,512.0,539.0,801.0,880.0,289.0,341.0,train
13820,6_square,0,0,710.0,863.0,867.0,812.0,157.0,-51.0,train
13821,6_square,0,0,235.0,216.0,814.0,469.0,579.0,253.0,train
13822,6_square,0,0,532.0,586.0,395.0,764.0,-137.0,178.0,train
13823,6_square,0,0,222.0,737.0,253.0,712.0,31.0,-25.0,train
13824,6_square,0,0,418.0,490.0,642.0,876.0,224.0,386.0,train
13825,6_square,0,0,873.0,599.0,497.0,859.0,-376.0,260.0,train
13826,6_square,0,0,187.0,166.0,660.0,298.0,473.0,132.0,test
13827,6_square,0,0,228.0,657.0,846.0,787.0,618.0,130.0,train
13828,6_square,0,0,360.0,301.0,672.0,649.0,312.0,348.0,train
13829,6_square,0,0,592.0,698.0,811.0,826.0,219.0,128.0,train
13830,6_square,0,0,402.0,625.0,534.0,337.0,132.0,-288.0,train
13831,6_square,0,0,828.0,669.0,334.0,698.0,-494.0,29.0,val
13832,6_square,0,0,127.0,509.0,517.0,674.0,390.0,165.0,train
13833,6_square,0,0,191.0,542.0,209.0,385.0,18.0,-157.0,train
13834,6_square,0,0,355.0,514.0,433.0,753.0,78.0,239.0,train
13835,6_square,0,0,547.0,384.0,669.0,619.0,122.0,235.0,train
13836,6_square,0,0,163.0,213.0,512.0,843.0,349.0,630.0,train
13837,6_square,0,0,382.0,566.0,798.0,155.0,416.0,-411.0,val
13838,6_square,0,0,567.0,472.0,448.0,896.0,-119.0,424.0,train
13839,6_square,0,0,408.0,621.0,484.0,259.0,76.0,-362.0,train
13840,6_square,0,0,329.0,393.0,274.0,738.0,-55.0,345.0,train
13841,6_square,0,0,215.0,722.0,355.0,506.0,140.0,-216.0,train
13842,6_square,0,0,102.0,559.0,388.0,352.0,286.0,-207.0,train
13843,6_square,0,0,246.0,142.0,197.0,476.0,-49.0,334.0,train
13844,6_square,0,0,299.0,443.0,642.0,417.0,343.0,-26.0,train
13845,6_square,0,0,585.0,820.0,748.0,204.0,163.0,-616.0,train
13846,6_square,0,0,678.0,864.0,101.0,653.0,-577.0,-211.0,train
13847,6_square,0,0,270.0,472.0,715.0,848.0,445.0,376.0,train
13848,6_square,0,0,342.0,421.0,836.0,246.0,494.0,-175.0,train
13849,6_square,0,0,770.0,556.0,406.0,205.0,-364.0,-351.0,train
13850,6_square,0,0,397.0,538.0,254.0,477.0,-143.0,-61.0,train
13851,6_square,0,0,859.0,140.0,731.0,179.0,-128.0,39.0,train
13852,6_square,0,0,890.0,561.0,827.0,180.0,-63.0,-381.0,train
13853,6_square,0,0,200.0,805.0,821.0,136.0,621.0,-669.0,train
13854,6_square,0,0,547.0,490.0,101.0,633.0,-446.0,143.0,train
13855,6_square,0,0,680.0,657.0,581.0,282.0,-99.0,-375.0,train
13856,6_square,0,0,596.0,757.0,183.0,183.0,-413.0,-574.0,train
13857,6_square,0,0,834.0,130.0,707.0,820.0,-127.0,690.0,train
13858,6_square,0,0,511.0,396.0,784.0,698.0,273.0,302.0,train
13859,6_square,0,0,246.0,336.0,401.0,365.0,155.0,29.0,val
13860,6_square,0,0,724.0,407.0,263.0,143.0,-461.0,-264.0,train
13861,6_square,0,0,168.0,326.0,608.0,655.0,440.0,329.0,train
13862,6_square,0,0,375.0,154.0,569.0,807.0,194.0,653.0,train
13863,6_square,0,0,187.0,479.0,391.0,890.0,204.0,411.0,val
13864,6_square,0,0,276.0,347.0,730.0,649.0,454.0,302.0,train
13865,6_square,0,0,835.0,415.0,556.0,407.0,-279.0,-8.0,train
13866,6_square,0,0,731.0,615.0,243.0,312.0,-488.0,-303.0,val
13867,6_square,0,0,689.0,601.0,253.0,652.0,-436.0,51.0,test
13868,6_square,0,0,225.0,748.0,527.0,114.0,302.0,-634.0,train
13869,6_square,0,0,323.0,880.0,242.0,601.0,-81.0,-279.0,test
13870,6_square,0,0,622.0,188.0,248.0,285.0,-374.0,97.0,train
13871,6_square,0,0,306.0,220.0,640.0,317.0,334.0,97.0,train
13872,6_square,0,0,253.0,778.0,271.0,895.0,18.0,117.0,train
13873,6_square,0,0,344.0,896.0,887.0,741.0,543.0,-155.0,train
13874,6_square,0,0,368.0,161.0,647.0,879.0,279.0,718.0,train
13875,6_square,0,0,774.0,306.0,457.0,465.0,-317.0,159.0,train
13876,6_square,0,0,782.0,336.0,706.0,416.0,-76.0,80.0,train
13877,6_square,0,0,652.0,325.0,520.0,802.0,-132.0,477.0,train
13878,6_square,0,0,284.0,232.0,390.0,652.0,106.0,420.0,train
13879,6_square,0,0,412.0,837.0,829.0,532.0,417.0,-305.0,train
13880,6_square,0,0,788.0,442.0,361.0,138.0,-427.0,-304.0,train
13881,6_square,0,0,731.0,791.0,532.0,152.0,-199.0,-639.0,train
13882,6_square,0,0,708.0,637.0,849.0,680.0,141.0,43.0,val
13883,6_square,0,0,246.0,584.0,143.0,419.0,-103.0,-165.0,train
13884,6_square,0,0,360.0,868.0,575.0,175.0,215.0,-693.0,train
13885,6_square,0,0,505.0,130.0,513.0,206.0,8.0,76.0,train
13886,6_square,0,0,586.0,669.0,261.0,453.0,-325.0,-216.0,train
13887,6_square,0,0,511.0,680.0,171.0,157.0,-340.0,-523.0,test
13888,6_square,0,0,777.0,533.0,657.0,758.0,-120.0,225.0,train
13889,6_square,0,0,122.0,472.0,354.0,666.0,232.0,194.0,train
13890,6_square,0,0,176.0,762.0,324.0,651.0,148.0,-111.0,train
13891,6_square,0,0,657.0,456.0,872.0,708.0,215.0,252.0,train
13892,6_square,0,0,711.0,316.0,574.0,450.0,-137.0,134.0,val
13893,6_square,0,0,143.0,811.0,296.0,664.0,153.0,-147.0,train
13894,6_square,0,0,199.0,435.0,642.0,253.0,443.0,-182.0,train
13895,6_square,0,0,245.0,486.0,670.0,504.0,425.0,18.0,train
13896,6_square,0,0,725.0,271.0,578.0,159.0,-147.0,-112.0,train
13897,6_square,0,0,670.0,297.0,518.0,282.0,-152.0,-15.0,train
13898,6_square,0,0,145.0,202.0,236.0,453.0,91.0,251.0,test
13899,6_square,0,0,324.0,523.0,146.0,698.0,-178.0,175.0,train
13900,6_square,0,0,749.0,307.0,691.0,530.0,-58.0,223.0,train
13901,6_square,0,0,111.0,283.0,343.0,238.0,232.0,-45.0,val
13902,6_square,0,0,351.0,683.0,571.0,410.0,220.0,-273.0,train
13903,6_square,0,0,369.0,569.0,550.0,538.0,181.0,-31.0,train
13904,6_square,0,0,229.0,256.0,876.0,483.0,647.0,227.0,train
13905,6_square,0,0,664.0,637.0,276.0,821.0,-388.0,184.0,train
13906,6_square,0,0,782.0,475.0,679.0,733.0,-103.0,258.0,train
13907,6_square,0,0,864.0,821.0,775.0,151.0,-89.0,-670.0,train
13908,6_square,0,0,896.0,563.0,311.0,698.0,-585.0,135.0,test
13909,6_square,0,0,513.0,782.0,381.0,621.0,-132.0,-161.0,test
13910,6_square,0,0,620.0,617.0,425.0,601.0,-195.0,-16.0,train
13911,6_square,0,0,561.0,610.0,144.0,570.0,-417.0,-40.0,train
13912,6_square,0,0,642.0,111.0,792.0,458.0,150.0,347.0,train
13913,6_square,0,0,616.0,577.0,611.0,406.0,-5.0,-171.0,train
13914,6_square,0,0,809.0,278.0,580.0,241.0,-229.0,-37.0,train
13915,6_square,0,0,294.0,848.0,269.0,131.0,-25.0,-717.0,train
13916,6_square,0,0,834.0,773.0,415.0,610.0,-419.0,-163.0,train
13917,6_square,0,0,392.0,331.0,127.0,860.0,-265.0,529.0,train
13918,6_square,0,0,388.0,250.0,383.0,334.0,-5.0,84.0,train
13919,6_square,0,0,490.0,890.0,174.0,413.0,-316.0,-477.0,train
13920,6_square,0,0,385.0,821.0,517.0,876.0,132.0,55.0,train
13921,6_square,0,0,524.0,105.0,628.0,865.0,104.0,760.0,train
13922,6_square,0,0,522.0,545.0,809.0,356.0,287.0,-189.0,train
13923,6_square,0,0,326.0,263.0,207.0,886.0,-119.0,623.0,train
13924,6_square,0,0,195.0,745.0,857.0,617.0,662.0,-128.0,val
13925,6_square,0,0,881.0,695.0,194.0,436.0,-687.0,-259.0,val
13926,6_square,0,0,100.0,501.0,392.0,629.0,292.0,128.0,train
13927,6_square,0,0,213.0,496.0,251.0,111.0,38.0,-385.0,test
13928,6_square,0,0,621.0,194.0,773.0,670.0,152.0,476.0,test
13929,6_square,0,0,564.0,559.0,205.0,466.0,-359.0,-93.0,train
13930,6_square,0,0,338.0,328.0,337.0,763.0,-1.0,435.0,train
13931,6_square,0,0,307.0,583.0,391.0,544.0,84.0,-39.0,train
13932,6_square,0,0,591.0,599.0,125.0,354.0,-466.0,-245.0,train
13933,6_square,0,0,342.0,836.0,681.0,421.0,339.0,-415.0,train
13934,6_square,0,0,432.0,898.0,399.0,137.0,-33.0,-761.0,train
13935,6_square,0,0,500.0,260.0,512.0,402.0,12.0,142.0,train
13936,6_square,0,0,647.0,755.0,262.0,274.0,-385.0,-481.0,train
13937,6_square,0,0,685.0,718.0,394.0,272.0,-291.0,-446.0,train
13938,6_square,0,0,400.0,868.0,496.0,322.0,96.0,-546.0,train
13939,6_square,0,0,111.0,768.0,627.0,365.0,516.0,-403.0,train
13940,6_square,0,0,640.0,584.0,541.0,765.0,-99.0,181.0,train
13941,6_square,0,0,820.0,188.0,486.0,694.0,-334.0,506.0,train
13942,6_square,0,0,287.0,591.0,112.0,200.0,-175.0,-391.0,test
13943,6_square,0,0,542.0,809.0,878.0,135.0,336.0,-674.0,train
13944,6_square,0,0,455.0,249.0,271.0,494.0,-184.0,245.0,train
13945,6_square,0,0,869.0,776.0,482.0,113.0,-387.0,-663.0,train
13946,6_square,0,0,794.0,157.0,499.0,597.0,-295.0,440.0,train
13947,6_square,0,0,751.0,387.0,545.0,370.0,-206.0,-17.0,train
13948,6_square,0,0,870.0,632.0,523.0,748.0,-347.0,116.0,train
13949,6_square,0,0,415.0,808.0,732.0,577.0,317.0,-231.0,test
13950,6_square,0,0,619.0,319.0,811.0,169.0,192.0,-150.0,train
13951,6_square,0,0,500.0,567.0,461.0,101.0,-39.0,-466.0,train
13952,6_square,0,0,732.0,544.0,900.0,681.0,168.0,137.0,train
13953,6_square,0,0,395.0,591.0,306.0,166.0,-89.0,-425.0,train
13954,6_square,0,0,696.0,717.0,143.0,343.0,-553.0,-374.0,train
13955,6_square,0,0,534.0,248.0,371.0,527.0,-163.0,279.0,test
13956,6_square,0,0,758.0,227.0,205.0,733.0,-553.0,506.0,test
13957,6_square,0,0,411.0,353.0,322.0,791.0,-89.0,438.0,train
13958,6_square,0,0,212.0,167.0,175.0,249.0,-37.0,82.0,train
13959,6_square,0,0,793.0,179.0,580.0,588.0,-213.0,409.0,train
13960,6_square,0,0,657.0,831.0,105.0,470.0,-552.0,-361.0,train
13961,6_square,0,0,534.0,727.0,837.0,532.0,303.0,-195.0,train
13962,6_square,0,0,533.0,363.0,688.0,230.0,155.0,-133.0,train
13963,6_square,0,0,698.0,246.0,793.0,106.0,95.0,-140.0,test
13964,6_square,0,0,129.0,759.0,873.0,704.0,744.0,-55.0,train
13965,6_square,0,0,606.0,508.0,138.0,795.0,-468.0,287.0,train
13966,6_square,0,0,773.0,492.0,353.0,857.0,-420.0,365.0,train
13967,6_square,0,0,835.0,257.0,537.0,459.0,-298.0,202.0,val
13968,6_square,0,0,543.0,717.0,206.0,815.0,-337.0,98.0,train
13969,6_square,0,0,656.0,687.0,404.0,629.0,-252.0,-58.0,train
13970,6_square,0,0,150.0,803.0,870.0,562.0,720.0,-241.0,train
13971,6_square,0,0,349.0,772.0,411.0,323.0,62.0,-449.0,train
13972,6_square,0,0,835.0,808.0,482.0,512.0,-353.0,-296.0,train
13973,6_square,0,0,303.0,116.0,188.0,371.0,-115.0,255.0,test
13974,6_square,0,0,694.0,697.0,412.0,810.0,-282.0,113.0,train
13975,6_square,0,0,413.0,510.0,628.0,898.0,215.0,388.0,val
13976,6_square,0,0,881.0,835.0,198.0,145.0,-683.0,-690.0,train
13977,6_square,0,0,517.0,644.0,467.0,701.0,-50.0,57.0,train
13978,6_square,0,0,376.0,415.0,234.0,854.0,-142.0,439.0,train
13979,6_square,0,0,206.0,246.0,751.0,410.0,545.0,164.0,train
13980,6_square,0,0,325.0,491.0,122.0,521.0,-203.0,30.0,train
13981,6_square,0,0,523.0,383.0,334.0,569.0,-189.0,186.0,train
13982,6_square,0,0,154.0,646.0,122.0,705.0,-32.0,59.0,train
13983,6_square,0,0,574.0,858.0,411.0,451.0,-163.0,-407.0,train
13984,6_square,0,0,864.0,718.0,587.0,375.0,-277.0,-343.0,train
13985,6_square,0,0,192.0,228.0,740.0,461.0,548.0,233.0,train
13986,6_square,0,0,217.0,631.0,798.0,426.0,581.0,-205.0,train
13987,6_square,0,0,653.0,871.0,146.0,748.0,-507.0,-123.0,train
13988,6_square,0,0,287.0,796.0,619.0,773.0,332.0,-23.0,train
13989,6_square,0,0,275.0,528.0,238.0,295.0,-37.0,-233.0,train
13990,6_square,0,0,755.0,818.0,431.0,847.0,-324.0,29.0,train
13991,6_square,0,0,127.0,762.0,159.0,311.0,32.0,-451.0,test
13992,6_square,0,0,610.0,219.0,166.0,458.0,-444.0,239.0,val
13993,6_square,0,0,725.0,251.0,802.0,318.0,77.0,67.0,train
13994,6_square,0,0,892.0,632.0,488.0,618.0,-404.0,-14.0,train
13995,6_square,0,0,182.0,413.0,321.0,770.0,139.0,357.0,train
13996,6_square,0,0,386.0,138.0,794.0,531.0,408.0,393.0,train
13997,6_square,0,0,755.0,201.0,531.0,434.0,-224.0,233.0,test
13998,6_square,0,0,639.0,386.0,337.0,261.0,-302.0,-125.0,train
13999,6_square,0,0,459.0,212.0,360.0,420.0,-99.0,208.0,val
14000,22_square,0,0,753.0,834.0,161.0,460.0,-592.0,-374.0,train
14001,22_square,0,0,545.0,183.0,780.0,190.0,235.0,7.0,train
14002,22_square,0,0,788.0,125.0,112.0,860.0,-676.0,735.0,test
14003,22_square,0,0,819.0,480.0,655.0,208.0,-164.0,-272.0,train
14004,22_square,0,0,808.0,851.0,694.0,458.0,-114.0,-393.0,train
14005,22_square,0,0,472.0,202.0,337.0,216.0,-135.0,14.0,train
14006,22_square,0,0,438.0,452.0,210.0,580.0,-228.0,128.0,train
14007,22_square,0,0,107.0,489.0,481.0,259.0,374.0,-230.0,train
14008,22_square,0,0,855.0,624.0,822.0,176.0,-33.0,-448.0,train
14009,22_square,0,0,689.0,561.0,281.0,240.0,-408.0,-321.0,train
14010,22_square,0,0,532.0,622.0,748.0,825.0,216.0,203.0,train
14011,22_square,0,0,103.0,613.0,569.0,561.0,466.0,-52.0,train
14012,22_square,0,0,228.0,187.0,413.0,392.0,185.0,205.0,train
14013,22_square,0,0,834.0,322.0,141.0,753.0,-693.0,431.0,test
14014,22_square,0,0,112.0,712.0,334.0,154.0,222.0,-558.0,train
14015,22_square,0,0,837.0,700.0,643.0,780.0,-194.0,80.0,train
14016,22_square,0,0,709.0,685.0,525.0,508.0,-184.0,-177.0,train
14017,22_square,0,0,166.0,270.0,532.0,112.0,366.0,-158.0,train
14018,22_square,0,0,150.0,677.0,871.0,589.0,721.0,-88.0,train
14019,22_square,0,0,504.0,643.0,418.0,496.0,-86.0,-147.0,train
14020,22_square,0,0,156.0,777.0,304.0,127.0,148.0,-650.0,train
14021,22_square,0,0,613.0,559.0,332.0,348.0,-281.0,-211.0,train
14022,22_square,0,0,335.0,117.0,587.0,839.0,252.0,722.0,train
14023,22_square,0,0,790.0,290.0,115.0,716.0,-675.0,426.0,train
14024,22_square,0,0,722.0,774.0,473.0,233.0,-249.0,-541.0,train
14025,22_square,0,0,789.0,177.0,532.0,818.0,-257.0,641.0,train
14026,22_square,0,0,133.0,446.0,581.0,659.0,448.0,213.0,train
14027,22_square,0,0,133.0,282.0,296.0,129.0,163.0,-153.0,train
14028,22_square,0,0,595.0,866.0,133.0,486.0,-462.0,-380.0,train
14029,22_square,0,0,230.0,668.0,481.0,374.0,251.0,-294.0,train
14030,22_square,0,0,805.0,679.0,313.0,218.0,-492.0,-461.0,train
14031,22_square,0,0,806.0,458.0,129.0,654.0,-677.0,196.0,train
14032,22_square,0,0,293.0,720.0,135.0,869.0,-158.0,149.0,train
14033,22_square,0,0,838.0,245.0,333.0,801.0,-505.0,556.0,train
14034,22_square,0,0,369.0,509.0,389.0,222.0,20.0,-287.0,train
14035,22_square,0,0,194.0,703.0,339.0,529.0,145.0,-174.0,train
14036,22_square,0,0,838.0,701.0,499.0,852.0,-339.0,151.0,train
14037,22_square,0,0,821.0,243.0,346.0,869.0,-475.0,626.0,train
14038,22_square,0,0,743.0,632.0,364.0,782.0,-379.0,150.0,train
14039,22_square,0,0,289.0,316.0,661.0,456.0,372.0,140.0,test
14040,22_square,0,0,323.0,805.0,390.0,242.0,67.0,-563.0,train
14041,22_square,0,0,669.0,873.0,808.0,550.0,139.0,-323.0,train
14042,22_square,0,0,828.0,244.0,592.0,160.0,-236.0,-84.0,train
14043,22_square,0,0,804.0,815.0,132.0,363.0,-672.0,-452.0,test
14044,22_square,0,0,387.0,705.0,204.0,253.0,-183.0,-452.0,train
14045,22_square,0,0,459.0,561.0,513.0,844.0,54.0,283.0,train
14046,22_square,0,0,209.0,481.0,691.0,885.0,482.0,404.0,train
14047,22_square,0,0,207.0,357.0,346.0,896.0,139.0,539.0,val
14048,22_square,0,0,609.0,867.0,863.0,540.0,254.0,-327.0,train
14049,22_square,0,0,775.0,474.0,849.0,450.0,74.0,-24.0,train
14050,22_square,0,0,245.0,625.0,695.0,341.0,450.0,-284.0,train
14051,22_square,0,0,608.0,808.0,196.0,173.0,-412.0,-635.0,val
14052,22_square,0,0,357.0,270.0,892.0,409.0,535.0,139.0,train
14053,22_square,0,0,308.0,824.0,687.0,448.0,379.0,-376.0,test
14054,22_square,0,0,575.0,828.0,295.0,519.0,-280.0,-309.0,val
14055,22_square,0,0,283.0,348.0,502.0,364.0,219.0,16.0,train
14056,22_square,0,0,895.0,317.0,807.0,882.0,-88.0,565.0,test
14057,22_square,0,0,165.0,187.0,775.0,629.0,610.0,442.0,train
14058,22_square,0,0,841.0,263.0,217.0,326.0,-624.0,63.0,train
14059,22_square,0,0,178.0,629.0,559.0,617.0,381.0,-12.0,train
14060,22_square,0,0,248.0,745.0,576.0,341.0,328.0,-404.0,train
14061,22_square,0,0,210.0,850.0,419.0,472.0,209.0,-378.0,train
14062,22_square,0,0,470.0,173.0,750.0,203.0,280.0,30.0,train
14063,22_square,0,0,680.0,217.0,370.0,387.0,-310.0,170.0,train
14064,22_square,0,0,581.0,804.0,434.0,130.0,-147.0,-674.0,train
14065,22_square,0,0,623.0,651.0,271.0,572.0,-352.0,-79.0,train
14066,22_square,0,0,638.0,726.0,448.0,433.0,-190.0,-293.0,train
14067,22_square,0,0,652.0,330.0,451.0,864.0,-201.0,534.0,train
14068,22_square,0,0,673.0,107.0,590.0,895.0,-83.0,788.0,test
14069,22_square,0,0,152.0,511.0,585.0,613.0,433.0,102.0,train
14070,22_square,0,0,861.0,533.0,668.0,646.0,-193.0,113.0,train
14071,22_square,0,0,524.0,860.0,564.0,854.0,40.0,-6.0,train
14072,22_square,0,0,191.0,556.0,742.0,249.0,551.0,-307.0,train
14073,22_square,0,0,310.0,533.0,790.0,406.0,480.0,-127.0,train
14074,22_square,0,0,341.0,221.0,195.0,193.0,-146.0,-28.0,train
14075,22_square,0,0,759.0,247.0,345.0,569.0,-414.0,322.0,val
14076,22_square,0,0,282.0,421.0,498.0,244.0,216.0,-177.0,test
14077,22_square,0,0,893.0,825.0,416.0,840.0,-477.0,15.0,train
14078,22_square,0,0,402.0,128.0,787.0,509.0,385.0,381.0,val
14079,22_square,0,0,410.0,188.0,592.0,459.0,182.0,271.0,train
14080,22_square,0,0,520.0,738.0,105.0,536.0,-415.0,-202.0,train
14081,22_square,0,0,182.0,410.0,163.0,186.0,-19.0,-224.0,val
14082,22_square,0,0,782.0,533.0,274.0,564.0,-508.0,31.0,train
14083,22_square,0,0,109.0,178.0,593.0,863.0,484.0,685.0,train
14084,22_square,0,0,564.0,417.0,295.0,287.0,-269.0,-130.0,train
14085,22_square,0,0,653.0,856.0,782.0,784.0,129.0,-72.0,train
14086,22_square,0,0,257.0,427.0,588.0,160.0,331.0,-267.0,train
14087,22_square,0,0,415.0,164.0,112.0,696.0,-303.0,532.0,train
14088,22_square,0,0,705.0,244.0,700.0,536.0,-5.0,292.0,train
14089,22_square,0,0,415.0,684.0,229.0,180.0,-186.0,-504.0,train
14090,22_square,0,0,147.0,840.0,770.0,392.0,623.0,-448.0,train
14091,22_square,0,0,320.0,684.0,425.0,446.0,105.0,-238.0,train
14092,22_square,0,0,363.0,828.0,235.0,493.0,-128.0,-335.0,train
14093,22_square,0,0,687.0,614.0,156.0,260.0,-531.0,-354.0,train
14094,22_square,0,0,540.0,133.0,371.0,534.0,-169.0,401.0,test
14095,22_square,0,0,162.0,826.0,227.0,289.0,65.0,-537.0,train
14096,22_square,0,0,578.0,277.0,426.0,443.0,-152.0,166.0,train
14097,22_square,0,0,595.0,222.0,326.0,126.0,-269.0,-96.0,train
14098,22_square,0,0,215.0,377.0,614.0,302.0,399.0,-75.0,train
14099,22_square,0,0,388.0,507.0,531.0,861.0,143.0,354.0,train
14100,22_square,0,0,435.0,850.0,853.0,735.0,418.0,-115.0,train
14101,22_square,0,0,224.0,877.0,422.0,888.0,198.0,11.0,val
14102,22_square,0,0,857.0,639.0,303.0,728.0,-554.0,89.0,train
14103,22_square,0,0,393.0,330.0,110.0,725.0,-283.0,395.0,train
14104,22_square,0,0,309.0,683.0,855.0,116.0,546.0,-567.0,train
14105,22_square,0,0,341.0,159.0,676.0,618.0,335.0,459.0,train
14106,22_square,0,0,345.0,147.0,896.0,620.0,551.0,473.0,train
14107,22_square,0,0,615.0,327.0,877.0,439.0,262.0,112.0,train
14108,22_square,0,0,607.0,845.0,752.0,577.0,145.0,-268.0,val
14109,22_square,0,0,850.0,307.0,366.0,378.0,-484.0,71.0,val
14110,22_square,0,0,382.0,356.0,606.0,818.0,224.0,462.0,test
14111,22_square,0,0,249.0,888.0,604.0,619.0,355.0,-269.0,train
14112,22_square,0,0,812.0,361.0,177.0,824.0,-635.0,463.0,test
14113,22_square,0,0,257.0,850.0,775.0,328.0,518.0,-522.0,train
14114,22_square,0,0,688.0,315.0,598.0,228.0,-90.0,-87.0,val
14115,22_square,0,0,205.0,668.0,698.0,494.0,493.0,-174.0,train
14116,22_square,0,0,801.0,769.0,814.0,674.0,13.0,-95.0,test
14117,22_square,0,0,893.0,345.0,611.0,482.0,-282.0,137.0,train
14118,22_square,0,0,347.0,689.0,105.0,543.0,-242.0,-146.0,train
14119,22_square,0,0,314.0,771.0,819.0,580.0,505.0,-191.0,train
14120,22_square,0,0,262.0,416.0,381.0,455.0,119.0,39.0,val
14121,22_square,0,0,699.0,631.0,465.0,242.0,-234.0,-389.0,val
14122,22_square,0,0,681.0,559.0,808.0,785.0,127.0,226.0,train
14123,22_square,0,0,425.0,295.0,693.0,870.0,268.0,575.0,train
14124,22_square,0,0,792.0,294.0,778.0,359.0,-14.0,65.0,train
14125,22_square,0,0,676.0,131.0,175.0,707.0,-501.0,576.0,train
14126,22_square,0,0,415.0,447.0,831.0,287.0,416.0,-160.0,train
14127,22_square,0,0,316.0,468.0,761.0,452.0,445.0,-16.0,train
14128,22_square,0,0,108.0,805.0,628.0,152.0,520.0,-653.0,train
14129,22_square,0,0,344.0,196.0,287.0,743.0,-57.0,547.0,train
14130,22_square,0,0,789.0,108.0,444.0,169.0,-345.0,61.0,val
14131,22_square,0,0,592.0,303.0,294.0,651.0,-298.0,348.0,train
14132,22_square,0,0,312.0,235.0,742.0,471.0,430.0,236.0,train
14133,22_square,0,0,225.0,430.0,691.0,141.0,466.0,-289.0,train
14134,22_square,0,0,209.0,650.0,175.0,714.0,-34.0,64.0,test
14135,22_square,0,0,435.0,206.0,332.0,846.0,-103.0,640.0,train
14136,22_square,0,0,452.0,169.0,872.0,589.0,420.0,420.0,train
14137,22_square,0,0,329.0,655.0,731.0,353.0,402.0,-302.0,train
14138,22_square,0,0,409.0,381.0,625.0,849.0,216.0,468.0,test
14139,22_square,0,0,149.0,485.0,802.0,759.0,653.0,274.0,train
14140,22_square,0,0,583.0,855.0,769.0,773.0,186.0,-82.0,test
14141,22_square,0,0,688.0,748.0,444.0,862.0,-244.0,114.0,train
14142,22_square,0,0,710.0,401.0,422.0,124.0,-288.0,-277.0,train
14143,22_square,0,0,381.0,886.0,250.0,367.0,-131.0,-519.0,train
14144,22_square,0,0,741.0,620.0,574.0,117.0,-167.0,-503.0,train
14145,22_square,0,0,697.0,664.0,638.0,661.0,-59.0,-3.0,train
14146,22_square,0,0,308.0,783.0,401.0,595.0,93.0,-188.0,train
14147,22_square,0,0,409.0,872.0,562.0,863.0,153.0,-9.0,train
14148,22_square,0,0,294.0,436.0,848.0,699.0,554.0,263.0,train
14149,22_square,0,0,865.0,642.0,318.0,104.0,-547.0,-538.0,train
14150,22_square,0,0,166.0,621.0,403.0,162.0,237.0,-459.0,train
14151,22_square,0,0,138.0,105.0,453.0,163.0,315.0,58.0,train
14152,22_square,0,0,362.0,819.0,403.0,589.0,41.0,-230.0,train
14153,22_square,0,0,535.0,392.0,708.0,500.0,173.0,108.0,train
14154,22_square,0,0,707.0,257.0,898.0,660.0,191.0,403.0,train
14155,22_square,0,0,531.0,829.0,194.0,717.0,-337.0,-112.0,train
14156,22_square,0,0,194.0,130.0,281.0,761.0,87.0,631.0,train
14157,22_square,0,0,149.0,291.0,586.0,260.0,437.0,-31.0,train
14158,22_square,0,0,780.0,460.0,563.0,306.0,-217.0,-154.0,train
14159,22_square,0,0,376.0,252.0,167.0,568.0,-209.0,316.0,train
14160,22_square,0,0,214.0,697.0,605.0,875.0,391.0,178.0,train
14161,22_square,0,0,796.0,228.0,373.0,579.0,-423.0,351.0,test
14162,22_square,0,0,482.0,253.0,640.0,491.0,158.0,238.0,test
14163,22_square,0,0,604.0,735.0,553.0,898.0,-51.0,163.0,test
14164,22_square,0,0,802.0,127.0,233.0,741.0,-569.0,614.0,train
14165,22_square,0,0,604.0,332.0,263.0,610.0,-341.0,278.0,train
14166,22_square,0,0,515.0,830.0,796.0,291.0,281.0,-539.0,train
14167,22_square,0,0,120.0,602.0,375.0,294.0,255.0,-308.0,train
14168,22_square,0,0,306.0,366.0,813.0,740.0,507.0,374.0,train
14169,22_square,0,0,178.0,758.0,510.0,136.0,332.0,-622.0,train
14170,22_square,0,0,833.0,177.0,744.0,300.0,-89.0,123.0,train
14171,22_square,0,0,726.0,798.0,331.0,371.0,-395.0,-427.0,train
14172,22_square,0,0,743.0,153.0,198.0,787.0,-545.0,634.0,test
14173,22_square,0,0,477.0,588.0,780.0,304.0,303.0,-284.0,train
14174,22_square,0,0,595.0,778.0,779.0,663.0,184.0,-115.0,train
14175,22_square,0,0,119.0,567.0,614.0,853.0,495.0,286.0,val
14176,22_square,0,0,690.0,560.0,879.0,437.0,189.0,-123.0,test
14177,22_square,0,0,788.0,656.0,393.0,537.0,-395.0,-119.0,train
14178,22_square,0,0,481.0,868.0,874.0,581.0,393.0,-287.0,train
14179,22_square,0,0,676.0,722.0,547.0,628.0,-129.0,-94.0,train
14180,22_square,0,0,230.0,113.0,227.0,330.0,-3.0,217.0,train
14181,22_square,0,0,596.0,825.0,421.0,313.0,-175.0,-512.0,train
14182,22_square,0,0,835.0,363.0,469.0,310.0,-366.0,-53.0,train
14183,22_square,0,0,676.0,782.0,290.0,522.0,-386.0,-260.0,train
14184,22_square,0,0,804.0,770.0,622.0,406.0,-182.0,-364.0,train
14185,22_square,0,0,292.0,228.0,319.0,450.0,27.0,222.0,train
14186,22_square,0,0,444.0,361.0,352.0,288.0,-92.0,-73.0,train
14187,22_square,0,0,851.0,478.0,891.0,328.0,40.0,-150.0,train
14188,22_square,0,0,329.0,867.0,134.0,603.0,-195.0,-264.0,train
14189,22_square,0,0,184.0,511.0,156.0,765.0,-28.0,254.0,train
14190,22_square,0,0,513.0,372.0,418.0,248.0,-95.0,-124.0,train
14191,22_square,0,0,878.0,352.0,509.0,655.0,-369.0,303.0,train
14192,22_square,0,0,438.0,581.0,159.0,821.0,-279.0,240.0,train
14193,22_square,0,0,379.0,629.0,788.0,484.0,409.0,-145.0,train
14194,22_square,0,0,471.0,144.0,338.0,450.0,-133.0,306.0,val
14195,22_square,0,0,880.0,671.0,826.0,712.0,-54.0,41.0,train
14196,22_square,0,0,752.0,857.0,547.0,748.0,-205.0,-109.0,train
14197,22_square,0,0,558.0,849.0,470.0,316.0,-88.0,-533.0,train
14198,22_square,0,0,651.0,254.0,340.0,286.0,-311.0,32.0,train
14199,22_square,0,0,131.0,452.0,199.0,861.0,68.0,409.0,test
14200,22_square,0,0,371.0,478.0,348.0,656.0,-23.0,178.0,train
14201,22_square,0,0,826.0,413.0,215.0,531.0,-611.0,118.0,train
14202,22_square,0,0,552.0,354.0,878.0,288.0,326.0,-66.0,test
14203,22_square,0,0,477.0,505.0,594.0,425.0,117.0,-80.0,test
14204,22_square,0,0,830.0,309.0,200.0,761.0,-630.0,452.0,val
14205,22_square,0,0,328.0,880.0,743.0,686.0,415.0,-194.0,test
14206,22_square,0,0,661.0,459.0,772.0,646.0,111.0,187.0,train
14207,22_square,0,0,390.0,677.0,313.0,735.0,-77.0,58.0,train
14208,22_square,0,0,603.0,527.0,557.0,633.0,-46.0,106.0,train
14209,22_square,0,0,571.0,508.0,442.0,646.0,-129.0,138.0,train
14210,22_square,0,0,446.0,393.0,381.0,740.0,-65.0,347.0,train
14211,22_square,0,0,230.0,301.0,360.0,192.0,130.0,-109.0,test
14212,22_square,0,0,252.0,180.0,190.0,595.0,-62.0,415.0,test
14213,22_square,0,0,601.0,496.0,549.0,108.0,-52.0,-388.0,train
14214,22_square,0,0,386.0,156.0,407.0,448.0,21.0,292.0,train
14215,22_square,0,0,467.0,749.0,693.0,400.0,226.0,-349.0,train
14216,22_square,0,0,534.0,594.0,756.0,441.0,222.0,-153.0,val
14217,22_square,0,0,626.0,879.0,483.0,765.0,-143.0,-114.0,train
14218,22_square,0,0,334.0,580.0,182.0,120.0,-152.0,-460.0,train
14219,22_square,0,0,799.0,534.0,717.0,294.0,-82.0,-240.0,train
14220,22_square,0,0,283.0,592.0,132.0,518.0,-151.0,-74.0,train
14221,22_square,0,0,844.0,628.0,389.0,771.0,-455.0,143.0,train
14222,22_square,0,0,306.0,355.0,203.0,211.0,-103.0,-144.0,train
14223,22_square,0,0,801.0,714.0,617.0,784.0,-184.0,70.0,test
14224,22_square,0,0,458.0,492.0,473.0,718.0,15.0,226.0,test
14225,22_square,0,0,167.0,313.0,807.0,183.0,640.0,-130.0,train
14226,22_square,0,0,330.0,579.0,781.0,443.0,451.0,-136.0,val
14227,22_square,0,0,787.0,586.0,688.0,687.0,-99.0,101.0,test
14228,22_square,0,0,668.0,340.0,644.0,128.0,-24.0,-212.0,train
14229,22_square,0,0,899.0,133.0,141.0,722.0,-758.0,589.0,train
14230,22_square,0,0,317.0,359.0,311.0,357.0,-6.0,-2.0,train
14231,22_square,0,0,553.0,519.0,866.0,233.0,313.0,-286.0,test
14232,22_square,0,0,467.0,426.0,743.0,612.0,276.0,186.0,train
14233,22_square,0,0,113.0,163.0,385.0,111.0,272.0,-52.0,train
14234,22_square,0,0,243.0,237.0,550.0,793.0,307.0,556.0,train
14235,22_square,0,0,771.0,107.0,663.0,634.0,-108.0,527.0,train
14236,22_square,0,0,188.0,358.0,825.0,272.0,637.0,-86.0,train
14237,22_square,0,0,688.0,279.0,181.0,533.0,-507.0,254.0,train
14238,22_square,0,0,840.0,639.0,695.0,584.0,-145.0,-55.0,val
14239,22_square,0,0,431.0,633.0,176.0,863.0,-255.0,230.0,val
14240,22_square,0,0,494.0,614.0,191.0,816.0,-303.0,202.0,train
14241,22_square,0,0,570.0,539.0,137.0,494.0,-433.0,-45.0,train
14242,22_square,0,0,225.0,151.0,227.0,580.0,2.0,429.0,train
14243,22_square,0,0,636.0,888.0,305.0,144.0,-331.0,-744.0,val
14244,22_square,0,0,589.0,352.0,228.0,234.0,-361.0,-118.0,val
14245,22_square,0,0,725.0,247.0,511.0,418.0,-214.0,171.0,train
14246,22_square,0,0,444.0,871.0,112.0,249.0,-332.0,-622.0,train
14247,22_square,0,0,375.0,403.0,117.0,237.0,-258.0,-166.0,train
14248,22_square,0,0,794.0,719.0,263.0,163.0,-531.0,-556.0,train
14249,22_square,0,0,310.0,731.0,413.0,402.0,103.0,-329.0,train
14250,22_square,0,0,235.0,440.0,271.0,725.0,36.0,285.0,train
14251,22_square,0,0,168.0,421.0,740.0,445.0,572.0,24.0,train
14252,22_square,0,0,543.0,690.0,512.0,612.0,-31.0,-78.0,test
14253,22_square,0,0,309.0,789.0,112.0,120.0,-197.0,-669.0,train
14254,22_square,0,0,336.0,821.0,708.0,874.0,372.0,53.0,train
14255,22_square,0,0,875.0,358.0,530.0,300.0,-345.0,-58.0,train
14256,22_square,0,0,428.0,170.0,111.0,678.0,-317.0,508.0,train
14257,22_square,0,0,900.0,185.0,726.0,778.0,-174.0,593.0,train
14258,22_square,0,0,189.0,419.0,402.0,299.0,213.0,-120.0,train
14259,22_square,0,0,812.0,647.0,849.0,572.0,37.0,-75.0,train
14260,22_square,0,0,283.0,394.0,351.0,789.0,68.0,395.0,train
14261,22_square,0,0,425.0,854.0,423.0,437.0,-2.0,-417.0,train
14262,22_square,0,0,242.0,398.0,719.0,222.0,477.0,-176.0,train
14263,22_square,0,0,412.0,698.0,129.0,191.0,-283.0,-507.0,train
14264,22_square,0,0,403.0,492.0,616.0,416.0,213.0,-76.0,val
14265,22_square,0,0,899.0,285.0,461.0,613.0,-438.0,328.0,train
14266,22_square,0,0,234.0,374.0,722.0,176.0,488.0,-198.0,train
14267,22_square,0,0,263.0,693.0,657.0,498.0,394.0,-195.0,train
14268,22_square,0,0,731.0,192.0,771.0,236.0,40.0,44.0,test
14269,22_square,0,0,210.0,627.0,887.0,241.0,677.0,-386.0,train
14270,22_square,0,0,701.0,277.0,240.0,131.0,-461.0,-146.0,train
14271,22_square,0,0,749.0,756.0,340.0,849.0,-409.0,93.0,train
14272,22_square,0,0,841.0,591.0,367.0,693.0,-474.0,102.0,train
14273,22_square,0,0,789.0,660.0,492.0,368.0,-297.0,-292.0,train
14274,22_square,0,0,783.0,853.0,368.0,876.0,-415.0,23.0,train
14275,22_square,0,0,362.0,381.0,233.0,482.0,-129.0,101.0,train
14276,22_square,0,0,113.0,643.0,824.0,807.0,711.0,164.0,train
14277,22_square,0,0,653.0,847.0,646.0,776.0,-7.0,-71.0,train
14278,22_square,0,0,341.0,411.0,824.0,788.0,483.0,377.0,train
14279,22_square,0,0,792.0,168.0,505.0,216.0,-287.0,48.0,train
14280,22_square,0,0,888.0,521.0,386.0,643.0,-502.0,122.0,train
14281,22_square,0,0,167.0,538.0,886.0,507.0,719.0,-31.0,train
14282,22_square,0,0,655.0,347.0,498.0,114.0,-157.0,-233.0,train
14283,22_square,0,0,410.0,826.0,557.0,814.0,147.0,-12.0,train
14284,22_square,0,0,492.0,240.0,157.0,494.0,-335.0,254.0,train
14285,22_square,0,0,325.0,802.0,130.0,717.0,-195.0,-85.0,train
14286,22_square,0,0,804.0,888.0,196.0,145.0,-608.0,-743.0,train
14287,22_square,0,0,187.0,873.0,264.0,568.0,77.0,-305.0,train
14288,22_square,0,0,554.0,261.0,867.0,235.0,313.0,-26.0,train
14289,22_square,0,0,291.0,710.0,534.0,841.0,243.0,131.0,val
14290,22_square,0,0,694.0,493.0,827.0,161.0,133.0,-332.0,train
14291,22_square,0,0,212.0,728.0,394.0,624.0,182.0,-104.0,train
14292,22_square,0,0,730.0,416.0,827.0,313.0,97.0,-103.0,train
14293,22_square,0,0,871.0,188.0,271.0,470.0,-600.0,282.0,train
14294,22_square,0,0,841.0,160.0,379.0,357.0,-462.0,197.0,train
14295,22_square,0,0,872.0,859.0,402.0,504.0,-470.0,-355.0,train
14296,22_square,0,0,838.0,248.0,136.0,563.0,-702.0,315.0,train
14297,22_square,0,0,244.0,269.0,612.0,865.0,368.0,596.0,train
14298,22_square,0,0,623.0,771.0,810.0,616.0,187.0,-155.0,test
14299,22_square,0,0,869.0,105.0,857.0,623.0,-12.0,518.0,train
14300,22_square,0,0,143.0,717.0,423.0,780.0,280.0,63.0,train
14301,22_square,0,0,158.0,681.0,800.0,471.0,642.0,-210.0,train
14302,22_square,0,0,694.0,500.0,300.0,680.0,-394.0,180.0,train
14303,22_square,0,0,558.0,861.0,554.0,227.0,-4.0,-634.0,train
14304,22_square,0,0,892.0,195.0,611.0,465.0,-281.0,270.0,train
14305,22_square,0,0,864.0,539.0,808.0,204.0,-56.0,-335.0,val
14306,22_square,0,0,645.0,526.0,136.0,589.0,-509.0,63.0,val
14307,22_square,0,0,412.0,614.0,433.0,778.0,21.0,164.0,train
14308,22_square,0,0,559.0,845.0,343.0,264.0,-216.0,-581.0,test
14309,22_square,0,0,306.0,573.0,205.0,574.0,-101.0,1.0,train
14310,22_square,0,0,792.0,141.0,560.0,116.0,-232.0,-25.0,test
14311,22_square,0,0,499.0,186.0,804.0,155.0,305.0,-31.0,train
14312,22_square,0,0,187.0,654.0,443.0,596.0,256.0,-58.0,train
14313,22_square,0,0,172.0,360.0,420.0,581.0,248.0,221.0,test
14314,22_square,0,0,884.0,169.0,128.0,727.0,-756.0,558.0,train
14315,22_square,0,0,480.0,161.0,763.0,538.0,283.0,377.0,test
14316,22_square,0,0,210.0,886.0,893.0,181.0,683.0,-705.0,train
14317,22_square,0,0,704.0,719.0,585.0,197.0,-119.0,-522.0,train
14318,22_square,0,0,500.0,413.0,552.0,560.0,52.0,147.0,train
14319,22_square,0,0,591.0,540.0,861.0,161.0,270.0,-379.0,train
14320,22_square,0,0,526.0,231.0,240.0,142.0,-286.0,-89.0,test
14321,22_square,0,0,816.0,259.0,163.0,155.0,-653.0,-104.0,train
14322,22_square,0,0,302.0,723.0,152.0,526.0,-150.0,-197.0,test
14323,22_square,0,0,106.0,474.0,875.0,610.0,769.0,136.0,train
14324,22_square,0,0,578.0,881.0,738.0,645.0,160.0,-236.0,train
14325,22_square,0,0,109.0,454.0,504.0,357.0,395.0,-97.0,train
14326,22_square,0,0,282.0,169.0,579.0,690.0,297.0,521.0,train
14327,22_square,0,0,131.0,425.0,451.0,603.0,320.0,178.0,train
14328,22_square,0,0,734.0,819.0,531.0,214.0,-203.0,-605.0,train
14329,22_square,0,0,611.0,815.0,449.0,358.0,-162.0,-457.0,train
14330,22_square,0,0,449.0,766.0,218.0,365.0,-231.0,-401.0,train
14331,22_square,0,0,194.0,426.0,221.0,307.0,27.0,-119.0,test
14332,22_square,0,0,275.0,559.0,669.0,734.0,394.0,175.0,val
14333,22_square,0,0,553.0,705.0,676.0,857.0,123.0,152.0,test
14334,22_square,0,0,731.0,579.0,483.0,178.0,-248.0,-401.0,train
14335,22_square,0,0,402.0,330.0,885.0,822.0,483.0,492.0,train
14336,22_square,0,0,610.0,844.0,699.0,790.0,89.0,-54.0,test
14337,22_square,0,0,502.0,470.0,229.0,488.0,-273.0,18.0,train
14338,22_square,0,0,307.0,651.0,551.0,646.0,244.0,-5.0,train
14339,22_square,0,0,297.0,799.0,447.0,491.0,150.0,-308.0,train
14340,22_square,0,0,249.0,515.0,874.0,715.0,625.0,200.0,train
14341,22_square,0,0,755.0,772.0,336.0,636.0,-419.0,-136.0,train
14342,22_square,0,0,141.0,721.0,387.0,158.0,246.0,-563.0,train
14343,22_square,0,0,106.0,100.0,169.0,820.0,63.0,720.0,train
14344,22_square,0,0,397.0,777.0,303.0,167.0,-94.0,-610.0,train
14345,22_square,0,0,767.0,580.0,783.0,798.0,16.0,218.0,val
14346,22_square,0,0,311.0,256.0,504.0,593.0,193.0,337.0,train
14347,22_square,0,0,200.0,820.0,664.0,428.0,464.0,-392.0,train
14348,22_square,0,0,190.0,502.0,394.0,654.0,204.0,152.0,train
14349,22_square,0,0,165.0,423.0,353.0,821.0,188.0,398.0,train
14350,22_square,0,0,535.0,898.0,649.0,825.0,114.0,-73.0,train
14351,22_square,0,0,739.0,536.0,104.0,271.0,-635.0,-265.0,train
14352,22_square,0,0,214.0,252.0,671.0,249.0,457.0,-3.0,val
14353,22_square,0,0,705.0,708.0,176.0,492.0,-529.0,-216.0,train
14354,22_square,0,0,257.0,754.0,243.0,602.0,-14.0,-152.0,train
14355,22_square,0,0,335.0,874.0,483.0,808.0,148.0,-66.0,val
14356,22_square,0,0,242.0,103.0,560.0,272.0,318.0,169.0,train
14357,22_square,0,0,703.0,797.0,263.0,336.0,-440.0,-461.0,train
14358,22_square,0,0,298.0,185.0,502.0,885.0,204.0,700.0,train
14359,22_square,0,0,562.0,560.0,418.0,441.0,-144.0,-119.0,test
14360,22_square,0,0,111.0,590.0,163.0,753.0,52.0,163.0,val
14361,22_square,0,0,886.0,204.0,151.0,475.0,-735.0,271.0,test
14362,22_square,0,0,644.0,690.0,640.0,447.0,-4.0,-243.0,train
14363,22_square,0,0,212.0,632.0,667.0,568.0,455.0,-64.0,train
14364,22_square,0,0,183.0,710.0,558.0,130.0,375.0,-580.0,train
14365,22_square,0,0,719.0,468.0,358.0,190.0,-361.0,-278.0,train
14366,22_square,0,0,622.0,470.0,527.0,711.0,-95.0,241.0,train
14367,22_square,0,0,677.0,371.0,520.0,377.0,-157.0,6.0,train
14368,22_square,0,0,415.0,338.0,836.0,863.0,421.0,525.0,train
14369,22_square,0,0,495.0,682.0,856.0,770.0,361.0,88.0,test
14370,22_square,0,0,660.0,739.0,181.0,783.0,-479.0,44.0,test
14371,22_square,0,0,375.0,590.0,460.0,578.0,85.0,-12.0,train
14372,22_square,0,0,273.0,373.0,679.0,617.0,406.0,244.0,train
14373,22_square,0,0,755.0,734.0,185.0,148.0,-570.0,-586.0,train
14374,22_square,0,0,890.0,551.0,376.0,828.0,-514.0,277.0,train
14375,22_square,0,0,360.0,359.0,513.0,596.0,153.0,237.0,train
14376,22_square,0,0,354.0,798.0,344.0,517.0,-10.0,-281.0,train
14377,22_square,0,0,724.0,565.0,538.0,516.0,-186.0,-49.0,train
14378,22_square,0,0,407.0,457.0,769.0,881.0,362.0,424.0,test
14379,22_square,0,0,841.0,338.0,459.0,147.0,-382.0,-191.0,train
14380,22_square,0,0,597.0,561.0,364.0,463.0,-233.0,-98.0,train
14381,22_square,0,0,199.0,405.0,169.0,554.0,-30.0,149.0,train
14382,22_square,0,0,656.0,662.0,532.0,733.0,-124.0,71.0,train
14383,22_square,0,0,280.0,430.0,690.0,648.0,410.0,218.0,train
14384,22_square,0,0,582.0,353.0,892.0,608.0,310.0,255.0,train
14385,22_square,0,0,854.0,315.0,719.0,203.0,-135.0,-112.0,train
14386,22_square,0,0,747.0,291.0,870.0,102.0,123.0,-189.0,train
14387,22_square,0,0,549.0,675.0,185.0,622.0,-364.0,-53.0,train
14388,22_square,0,0,898.0,282.0,317.0,385.0,-581.0,103.0,test
14389,22_square,0,0,893.0,726.0,513.0,832.0,-380.0,106.0,train
14390,22_square,0,0,456.0,673.0,326.0,470.0,-130.0,-203.0,train
14391,22_square,0,0,698.0,308.0,787.0,444.0,89.0,136.0,train
14392,22_square,0,0,857.0,185.0,491.0,425.0,-366.0,240.0,val
14393,22_square,0,0,697.0,259.0,480.0,559.0,-217.0,300.0,test
14394,22_square,0,0,627.0,560.0,719.0,715.0,92.0,155.0,train
14395,22_square,0,0,776.0,795.0,833.0,104.0,57.0,-691.0,train
14396,22_square,0,0,445.0,106.0,680.0,419.0,235.0,313.0,train
14397,22_square,0,0,296.0,250.0,727.0,804.0,431.0,554.0,train
14398,22_square,0,0,439.0,410.0,402.0,712.0,-37.0,302.0,train
14399,22_square,0,0,799.0,333.0,264.0,115.0,-535.0,-218.0,val
14400,22_square,0,0,362.0,534.0,205.0,529.0,-157.0,-5.0,train
14401,22_square,0,0,600.0,802.0,142.0,277.0,-458.0,-525.0,test
14402,22_square,0,0,515.0,614.0,861.0,234.0,346.0,-380.0,train
14403,22_square,0,0,455.0,645.0,708.0,391.0,253.0,-254.0,train
14404,22_square,0,0,602.0,203.0,299.0,279.0,-303.0,76.0,val
14405,22_square,0,0,606.0,420.0,332.0,243.0,-274.0,-177.0,val
14406,22_square,0,0,805.0,820.0,130.0,891.0,-675.0,71.0,val
14407,22_square,0,0,741.0,282.0,162.0,399.0,-579.0,117.0,train
14408,22_square,0,0,356.0,880.0,210.0,544.0,-146.0,-336.0,train
14409,22_square,0,0,167.0,312.0,234.0,562.0,67.0,250.0,train
14410,22_square,0,0,323.0,435.0,728.0,526.0,405.0,91.0,train
14411,22_square,0,0,605.0,831.0,294.0,701.0,-311.0,-130.0,train
14412,22_square,0,0,782.0,688.0,758.0,515.0,-24.0,-173.0,train
14413,22_square,0,0,499.0,400.0,883.0,432.0,384.0,32.0,train
14414,22_square,0,0,600.0,432.0,700.0,279.0,100.0,-153.0,train
14415,22_square,0,0,312.0,451.0,437.0,897.0,125.0,446.0,train
14416,22_square,0,0,146.0,198.0,617.0,501.0,471.0,303.0,train
14417,22_square,0,0,466.0,720.0,644.0,165.0,178.0,-555.0,train
14418,22_square,0,0,240.0,560.0,778.0,670.0,538.0,110.0,train
14419,22_square,0,0,769.0,349.0,278.0,148.0,-491.0,-201.0,val
14420,22_square,0,0,695.0,742.0,147.0,183.0,-548.0,-559.0,train
14421,22_square,0,0,811.0,200.0,779.0,757.0,-32.0,557.0,test
14422,22_square,0,0,344.0,750.0,496.0,252.0,152.0,-498.0,train
14423,22_square,0,0,224.0,222.0,362.0,345.0,138.0,123.0,train
14424,22_square,0,0,770.0,676.0,388.0,304.0,-382.0,-372.0,train
14425,22_square,0,0,788.0,649.0,420.0,129.0,-368.0,-520.0,train
14426,22_square,0,0,853.0,699.0,667.0,587.0,-186.0,-112.0,train
14427,22_square,0,0,636.0,240.0,440.0,632.0,-196.0,392.0,train
14428,22_square,0,0,126.0,527.0,788.0,709.0,662.0,182.0,train
14429,22_square,0,0,294.0,867.0,553.0,841.0,259.0,-26.0,train
14430,22_square,0,0,899.0,435.0,237.0,383.0,-662.0,-52.0,test
14431,22_square,0,0,623.0,222.0,743.0,898.0,120.0,676.0,train
14432,22_square,0,0,107.0,850.0,561.0,894.0,454.0,44.0,train
14433,22_square,0,0,707.0,649.0,195.0,429.0,-512.0,-220.0,train
14434,22_square,0,0,148.0,112.0,718.0,178.0,570.0,66.0,train
14435,22_square,0,0,541.0,112.0,868.0,787.0,327.0,675.0,train
14436,22_square,0,0,226.0,333.0,203.0,422.0,-23.0,89.0,train
14437,22_square,0,0,139.0,880.0,767.0,896.0,628.0,16.0,train
14438,22_square,0,0,601.0,355.0,453.0,283.0,-148.0,-72.0,train
14439,22_square,0,0,431.0,506.0,135.0,466.0,-296.0,-40.0,train
14440,22_square,0,0,735.0,300.0,635.0,339.0,-100.0,39.0,train
14441,22_square,0,0,703.0,494.0,342.0,124.0,-361.0,-370.0,val
14442,22_square,0,0,207.0,483.0,219.0,639.0,12.0,156.0,train
14443,22_square,0,0,862.0,318.0,430.0,591.0,-432.0,273.0,train
14444,22_square,0,0,635.0,271.0,285.0,307.0,-350.0,36.0,train
14445,22_square,0,0,414.0,622.0,773.0,341.0,359.0,-281.0,train
14446,22_square,0,0,752.0,204.0,160.0,213.0,-592.0,9.0,train
14447,22_square,0,0,264.0,659.0,157.0,270.0,-107.0,-389.0,train
14448,22_square,0,0,617.0,672.0,144.0,655.0,-473.0,-17.0,train
14449,22_square,0,0,370.0,435.0,682.0,522.0,312.0,87.0,train
14450,22_square,0,0,745.0,464.0,896.0,748.0,151.0,284.0,val
14451,22_square,0,0,896.0,177.0,721.0,435.0,-175.0,258.0,train
14452,22_square,0,0,590.0,579.0,658.0,396.0,68.0,-183.0,train
14453,22_square,0,0,361.0,479.0,790.0,404.0,429.0,-75.0,train
14454,22_square,0,0,693.0,557.0,353.0,751.0,-340.0,194.0,val
14455,22_square,0,0,521.0,494.0,702.0,651.0,181.0,157.0,train
14456,22_square,0,0,336.0,699.0,325.0,783.0,-11.0,84.0,train
14457,22_square,0,0,197.0,591.0,233.0,264.0,36.0,-327.0,val
14458,22_square,0,0,248.0,900.0,393.0,759.0,145.0,-141.0,val
14459,22_square,0,0,421.0,263.0,156.0,233.0,-265.0,-30.0,train
14460,22_square,0,0,808.0,680.0,777.0,591.0,-31.0,-89.0,test
14461,22_square,0,0,725.0,253.0,467.0,249.0,-258.0,-4.0,val
14462,22_square,0,0,158.0,739.0,229.0,321.0,71.0,-418.0,train
14463,22_square,0,0,650.0,685.0,298.0,668.0,-352.0,-17.0,train
14464,22_square,0,0,241.0,519.0,470.0,635.0,229.0,116.0,train
14465,22_square,0,0,560.0,335.0,159.0,273.0,-401.0,-62.0,train
14466,22_square,0,0,529.0,737.0,554.0,368.0,25.0,-369.0,train
14467,22_square,0,0,853.0,127.0,762.0,221.0,-91.0,94.0,test
14468,22_square,0,0,109.0,233.0,283.0,777.0,174.0,544.0,train
14469,22_square,0,0,497.0,202.0,264.0,602.0,-233.0,400.0,train
14470,22_square,0,0,146.0,797.0,126.0,274.0,-20.0,-523.0,train
14471,22_square,0,0,677.0,775.0,633.0,839.0,-44.0,64.0,train
14472,22_square,0,0,408.0,890.0,870.0,827.0,462.0,-63.0,train
14473,22_square,0,0,248.0,569.0,583.0,600.0,335.0,31.0,test
14474,22_square,0,0,846.0,414.0,362.0,617.0,-484.0,203.0,train
14475,22_square,0,0,122.0,347.0,373.0,331.0,251.0,-16.0,train
14476,22_square,0,0,768.0,665.0,578.0,455.0,-190.0,-210.0,val
14477,22_square,0,0,364.0,461.0,900.0,668.0,536.0,207.0,val
14478,22_square,0,0,214.0,740.0,223.0,780.0,9.0,40.0,train
14479,22_square,0,0,295.0,433.0,874.0,770.0,579.0,337.0,train
14480,22_square,0,0,463.0,324.0,743.0,796.0,280.0,472.0,train
14481,22_square,0,0,746.0,772.0,806.0,781.0,60.0,9.0,train
14482,22_square,0,0,477.0,855.0,530.0,313.0,53.0,-542.0,train
14483,22_square,0,0,876.0,528.0,594.0,839.0,-282.0,311.0,train
14484,22_square,0,0,596.0,800.0,189.0,110.0,-407.0,-690.0,train
14485,22_square,0,0,272.0,727.0,826.0,166.0,554.0,-561.0,train
14486,22_square,0,0,472.0,780.0,254.0,644.0,-218.0,-136.0,train
14487,22_square,0,0,712.0,793.0,798.0,694.0,86.0,-99.0,train
14488,22_square,0,0,294.0,680.0,868.0,407.0,574.0,-273.0,train
14489,22_square,0,0,708.0,114.0,535.0,628.0,-173.0,514.0,train
14490,22_square,0,0,272.0,668.0,509.0,633.0,237.0,-35.0,train
14491,22_square,0,0,718.0,253.0,103.0,787.0,-615.0,534.0,train
14492,22_square,0,0,250.0,625.0,318.0,113.0,68.0,-512.0,train
14493,22_square,0,0,833.0,144.0,401.0,585.0,-432.0,441.0,train
14494,22_square,0,0,756.0,386.0,202.0,103.0,-554.0,-283.0,train
14495,22_square,0,0,565.0,475.0,589.0,721.0,24.0,246.0,train
14496,22_square,0,0,505.0,200.0,840.0,891.0,335.0,691.0,train
14497,22_square,0,0,361.0,301.0,844.0,218.0,483.0,-83.0,train
14498,22_square,0,0,198.0,258.0,292.0,858.0,94.0,600.0,train
14499,22_square,0,0,594.0,588.0,654.0,378.0,60.0,-210.0,train
14500,25_square,0,0,824.0,317.0,823.0,170.0,-1.0,-147.0,train
14501,25_square,0,0,648.0,724.0,345.0,532.0,-303.0,-192.0,train
14502,25_square,0,0,398.0,540.0,314.0,215.0,-84.0,-325.0,train
14503,25_square,0,0,509.0,651.0,542.0,517.0,33.0,-134.0,train
14504,25_square,0,0,170.0,147.0,720.0,651.0,550.0,504.0,train
14505,25_square,0,0,886.0,848.0,356.0,790.0,-530.0,-58.0,train
14506,25_square,0,0,628.0,513.0,858.0,419.0,230.0,-94.0,train
14507,25_square,0,0,519.0,363.0,493.0,370.0,-26.0,7.0,val
14508,25_square,0,0,244.0,843.0,159.0,647.0,-85.0,-196.0,train
14509,25_square,0,0,601.0,564.0,330.0,206.0,-271.0,-358.0,train
14510,25_square,0,0,755.0,715.0,194.0,209.0,-561.0,-506.0,train
14511,25_square,0,0,689.0,890.0,849.0,265.0,160.0,-625.0,train
14512,25_square,0,0,831.0,133.0,786.0,724.0,-45.0,591.0,train
14513,25_square,0,0,597.0,688.0,384.0,404.0,-213.0,-284.0,val
14514,25_square,0,0,262.0,286.0,358.0,497.0,96.0,211.0,train
14515,25_square,0,0,790.0,331.0,435.0,707.0,-355.0,376.0,test
14516,25_square,0,0,591.0,810.0,568.0,732.0,-23.0,-78.0,train
14517,25_square,0,0,727.0,439.0,774.0,158.0,47.0,-281.0,test
14518,25_square,0,0,571.0,531.0,889.0,517.0,318.0,-14.0,val
14519,25_square,0,0,891.0,876.0,602.0,689.0,-289.0,-187.0,train
14520,25_square,0,0,787.0,811.0,148.0,623.0,-639.0,-188.0,train
14521,25_square,0,0,644.0,477.0,485.0,402.0,-159.0,-75.0,train
14522,25_square,0,0,698.0,630.0,722.0,729.0,24.0,99.0,train
14523,25_square,0,0,342.0,385.0,466.0,317.0,124.0,-68.0,train
14524,25_square,0,0,518.0,519.0,783.0,713.0,265.0,194.0,train
14525,25_square,0,0,477.0,521.0,748.0,505.0,271.0,-16.0,train
14526,25_square,0,0,603.0,310.0,833.0,398.0,230.0,88.0,train
14527,25_square,0,0,731.0,839.0,866.0,626.0,135.0,-213.0,train
14528,25_square,0,0,414.0,856.0,335.0,712.0,-79.0,-144.0,val
14529,25_square,0,0,436.0,528.0,330.0,638.0,-106.0,110.0,test
14530,25_square,0,0,532.0,506.0,277.0,370.0,-255.0,-136.0,train
14531,25_square,0,0,658.0,535.0,384.0,326.0,-274.0,-209.0,train
14532,25_square,0,0,894.0,770.0,416.0,465.0,-478.0,-305.0,train
14533,25_square,0,0,876.0,526.0,540.0,751.0,-336.0,225.0,train
14534,25_square,0,0,868.0,524.0,143.0,822.0,-725.0,298.0,train
14535,25_square,0,0,466.0,283.0,390.0,819.0,-76.0,536.0,train
14536,25_square,0,0,900.0,805.0,885.0,399.0,-15.0,-406.0,test
14537,25_square,0,0,222.0,615.0,246.0,568.0,24.0,-47.0,train
14538,25_square,0,0,416.0,349.0,345.0,483.0,-71.0,134.0,train
14539,25_square,0,0,217.0,854.0,840.0,312.0,623.0,-542.0,train
14540,25_square,0,0,212.0,146.0,414.0,401.0,202.0,255.0,train
14541,25_square,0,0,688.0,512.0,828.0,869.0,140.0,357.0,train
14542,25_square,0,0,487.0,733.0,797.0,358.0,310.0,-375.0,test
14543,25_square,0,0,387.0,134.0,865.0,450.0,478.0,316.0,train
14544,25_square,0,0,792.0,729.0,822.0,871.0,30.0,142.0,train
14545,25_square,0,0,331.0,625.0,827.0,732.0,496.0,107.0,train
14546,25_square,0,0,717.0,330.0,511.0,156.0,-206.0,-174.0,train
14547,25_square,0,0,271.0,318.0,439.0,620.0,168.0,302.0,train
14548,25_square,0,0,476.0,205.0,758.0,800.0,282.0,595.0,train
14549,25_square,0,0,555.0,565.0,598.0,535.0,43.0,-30.0,val
14550,25_square,0,0,625.0,221.0,110.0,228.0,-515.0,7.0,test
14551,25_square,0,0,602.0,687.0,323.0,805.0,-279.0,118.0,train
14552,25_square,0,0,900.0,540.0,855.0,369.0,-45.0,-171.0,train
14553,25_square,0,0,175.0,583.0,491.0,300.0,316.0,-283.0,train
14554,25_square,0,0,599.0,113.0,112.0,454.0,-487.0,341.0,train
14555,25_square,0,0,219.0,536.0,482.0,832.0,263.0,296.0,train
14556,25_square,0,0,606.0,270.0,390.0,819.0,-216.0,549.0,train
14557,25_square,0,0,461.0,766.0,471.0,553.0,10.0,-213.0,train
14558,25_square,0,0,220.0,471.0,844.0,286.0,624.0,-185.0,test
14559,25_square,0,0,435.0,582.0,828.0,286.0,393.0,-296.0,train
14560,25_square,0,0,116.0,484.0,238.0,389.0,122.0,-95.0,train
14561,25_square,0,0,850.0,727.0,303.0,711.0,-547.0,-16.0,test
14562,25_square,0,0,558.0,480.0,456.0,505.0,-102.0,25.0,train
14563,25_square,0,0,748.0,545.0,787.0,461.0,39.0,-84.0,test
14564,25_square,0,0,601.0,762.0,613.0,583.0,12.0,-179.0,train
14565,25_square,0,0,884.0,139.0,358.0,738.0,-526.0,599.0,train
14566,25_square,0,0,708.0,744.0,181.0,817.0,-527.0,73.0,train
14567,25_square,0,0,651.0,419.0,687.0,811.0,36.0,392.0,train
14568,25_square,0,0,103.0,308.0,825.0,520.0,722.0,212.0,train
14569,25_square,0,0,301.0,655.0,581.0,137.0,280.0,-518.0,train
14570,25_square,0,0,459.0,529.0,419.0,472.0,-40.0,-57.0,train
14571,25_square,0,0,796.0,705.0,293.0,769.0,-503.0,64.0,train
14572,25_square,0,0,121.0,514.0,481.0,750.0,360.0,236.0,test
14573,25_square,0,0,508.0,577.0,423.0,451.0,-85.0,-126.0,train
14574,25_square,0,0,556.0,460.0,739.0,225.0,183.0,-235.0,train
14575,25_square,0,0,488.0,447.0,272.0,317.0,-216.0,-130.0,train
14576,25_square,0,0,772.0,821.0,363.0,178.0,-409.0,-643.0,val
14577,25_square,0,0,784.0,421.0,270.0,253.0,-514.0,-168.0,train
14578,25_square,0,0,841.0,224.0,204.0,551.0,-637.0,327.0,train
14579,25_square,0,0,737.0,138.0,892.0,403.0,155.0,265.0,train
14580,25_square,0,0,549.0,184.0,506.0,862.0,-43.0,678.0,train
14581,25_square,0,0,128.0,784.0,798.0,643.0,670.0,-141.0,train
14582,25_square,0,0,144.0,607.0,876.0,396.0,732.0,-211.0,test
14583,25_square,0,0,286.0,896.0,561.0,561.0,275.0,-335.0,train
14584,25_square,0,0,874.0,373.0,175.0,106.0,-699.0,-267.0,train
14585,25_square,0,0,234.0,557.0,864.0,280.0,630.0,-277.0,train
14586,25_square,0,0,477.0,130.0,592.0,565.0,115.0,435.0,val
14587,25_square,0,0,749.0,746.0,361.0,370.0,-388.0,-376.0,train
14588,25_square,0,0,836.0,771.0,808.0,550.0,-28.0,-221.0,train
14589,25_square,0,0,460.0,423.0,572.0,663.0,112.0,240.0,val
14590,25_square,0,0,139.0,422.0,112.0,758.0,-27.0,336.0,val
14591,25_square,0,0,759.0,591.0,805.0,593.0,46.0,2.0,train
14592,25_square,0,0,185.0,637.0,743.0,224.0,558.0,-413.0,train
14593,25_square,0,0,622.0,264.0,375.0,667.0,-247.0,403.0,test
14594,25_square,0,0,292.0,541.0,837.0,480.0,545.0,-61.0,train
14595,25_square,0,0,757.0,390.0,626.0,402.0,-131.0,12.0,train
14596,25_square,0,0,160.0,877.0,565.0,640.0,405.0,-237.0,train
14597,25_square,0,0,877.0,565.0,268.0,662.0,-609.0,97.0,val
14598,25_square,0,0,229.0,770.0,575.0,551.0,346.0,-219.0,train
14599,25_square,0,0,329.0,476.0,515.0,832.0,186.0,356.0,train
14600,25_square,0,0,707.0,885.0,829.0,188.0,122.0,-697.0,train
14601,25_square,0,0,321.0,597.0,736.0,821.0,415.0,224.0,train
14602,25_square,0,0,469.0,873.0,710.0,146.0,241.0,-727.0,train
14603,25_square,0,0,432.0,173.0,776.0,180.0,344.0,7.0,train
14604,25_square,0,0,408.0,163.0,886.0,847.0,478.0,684.0,train
14605,25_square,0,0,711.0,147.0,140.0,261.0,-571.0,114.0,train
14606,25_square,0,0,744.0,151.0,460.0,161.0,-284.0,10.0,train
14607,25_square,0,0,171.0,216.0,464.0,854.0,293.0,638.0,train
14608,25_square,0,0,516.0,693.0,231.0,642.0,-285.0,-51.0,train
14609,25_square,0,0,865.0,345.0,443.0,151.0,-422.0,-194.0,train
14610,25_square,0,0,872.0,431.0,322.0,145.0,-550.0,-286.0,train
14611,25_square,0,0,638.0,824.0,516.0,226.0,-122.0,-598.0,train
14612,25_square,0,0,345.0,115.0,770.0,837.0,425.0,722.0,train
14613,25_square,0,0,161.0,839.0,114.0,204.0,-47.0,-635.0,test
14614,25_square,0,0,407.0,552.0,653.0,543.0,246.0,-9.0,train
14615,25_square,0,0,712.0,155.0,802.0,665.0,90.0,510.0,train
14616,25_square,0,0,663.0,464.0,839.0,839.0,176.0,375.0,test
14617,25_square,0,0,274.0,635.0,681.0,134.0,407.0,-501.0,train
14618,25_square,0,0,869.0,829.0,258.0,354.0,-611.0,-475.0,train
14619,25_square,0,0,895.0,485.0,395.0,776.0,-500.0,291.0,train
14620,25_square,0,0,841.0,101.0,501.0,843.0,-340.0,742.0,train
14621,25_square,0,0,139.0,238.0,448.0,897.0,309.0,659.0,train
14622,25_square,0,0,519.0,826.0,276.0,825.0,-243.0,-1.0,train
14623,25_square,0,0,223.0,844.0,578.0,246.0,355.0,-598.0,val
14624,25_square,0,0,433.0,876.0,681.0,843.0,248.0,-33.0,train
14625,25_square,0,0,117.0,162.0,221.0,125.0,104.0,-37.0,val
14626,25_square,0,0,891.0,825.0,817.0,331.0,-74.0,-494.0,train
14627,25_square,0,0,133.0,237.0,655.0,531.0,522.0,294.0,test
14628,25_square,0,0,625.0,432.0,112.0,276.0,-513.0,-156.0,train
14629,25_square,0,0,226.0,141.0,228.0,882.0,2.0,741.0,train
14630,25_square,0,0,703.0,869.0,836.0,169.0,133.0,-700.0,train
14631,25_square,0,0,833.0,764.0,358.0,580.0,-475.0,-184.0,train
14632,25_square,0,0,804.0,640.0,883.0,397.0,79.0,-243.0,test
14633,25_square,0,0,854.0,695.0,247.0,879.0,-607.0,184.0,train
14634,25_square,0,0,698.0,119.0,208.0,586.0,-490.0,467.0,train
14635,25_square,0,0,651.0,855.0,147.0,292.0,-504.0,-563.0,train
14636,25_square,0,0,446.0,326.0,615.0,412.0,169.0,86.0,train
14637,25_square,0,0,167.0,216.0,636.0,396.0,469.0,180.0,val
14638,25_square,0,0,660.0,330.0,208.0,753.0,-452.0,423.0,train
14639,25_square,0,0,166.0,583.0,365.0,243.0,199.0,-340.0,train
14640,25_square,0,0,227.0,194.0,831.0,161.0,604.0,-33.0,train
14641,25_square,0,0,277.0,329.0,647.0,498.0,370.0,169.0,train
14642,25_square,0,0,480.0,119.0,858.0,278.0,378.0,159.0,train
14643,25_square,0,0,422.0,806.0,482.0,406.0,60.0,-400.0,train
14644,25_square,0,0,207.0,349.0,361.0,822.0,154.0,473.0,train
14645,25_square,0,0,621.0,552.0,469.0,193.0,-152.0,-359.0,val
14646,25_square,0,0,827.0,170.0,627.0,801.0,-200.0,631.0,val
14647,25_square,0,0,173.0,757.0,363.0,838.0,190.0,81.0,val
14648,25_square,0,0,680.0,295.0,744.0,800.0,64.0,505.0,train
14649,25_square,0,0,542.0,161.0,893.0,787.0,351.0,626.0,train
14650,25_square,0,0,554.0,816.0,844.0,191.0,290.0,-625.0,val
14651,25_square,0,0,809.0,212.0,824.0,637.0,15.0,425.0,train
14652,25_square,0,0,759.0,749.0,633.0,576.0,-126.0,-173.0,train
14653,25_square,0,0,448.0,723.0,654.0,425.0,206.0,-298.0,train
14654,25_square,0,0,486.0,570.0,386.0,615.0,-100.0,45.0,train
14655,25_square,0,0,477.0,250.0,514.0,261.0,37.0,11.0,train
14656,25_square,0,0,810.0,371.0,534.0,648.0,-276.0,277.0,train
14657,25_square,0,0,582.0,121.0,309.0,161.0,-273.0,40.0,train
14658,25_square,0,0,589.0,762.0,628.0,870.0,39.0,108.0,train
14659,25_square,0,0,277.0,700.0,134.0,413.0,-143.0,-287.0,train
14660,25_square,0,0,416.0,245.0,898.0,679.0,482.0,434.0,train
14661,25_square,0,0,580.0,552.0,650.0,682.0,70.0,130.0,train
14662,25_square,0,0,624.0,898.0,774.0,729.0,150.0,-169.0,test
14663,25_square,0,0,841.0,282.0,367.0,393.0,-474.0,111.0,train
14664,25_square,0,0,438.0,862.0,424.0,160.0,-14.0,-702.0,train
14665,25_square,0,0,794.0,185.0,866.0,374.0,72.0,189.0,train
14666,25_square,0,0,757.0,376.0,801.0,296.0,44.0,-80.0,train
14667,25_square,0,0,396.0,461.0,383.0,853.0,-13.0,392.0,val
14668,25_square,0,0,698.0,899.0,830.0,179.0,132.0,-720.0,val
14669,25_square,0,0,763.0,514.0,880.0,230.0,117.0,-284.0,train
14670,25_square,0,0,222.0,379.0,203.0,889.0,-19.0,510.0,test
14671,25_square,0,0,556.0,536.0,637.0,899.0,81.0,363.0,test
14672,25_square,0,0,875.0,539.0,789.0,164.0,-86.0,-375.0,train
14673,25_square,0,0,696.0,682.0,485.0,489.0,-211.0,-193.0,train
14674,25_square,0,0,417.0,889.0,296.0,781.0,-121.0,-108.0,val
14675,25_square,0,0,339.0,868.0,496.0,642.0,157.0,-226.0,val
14676,25_square,0,0,529.0,792.0,347.0,593.0,-182.0,-199.0,test
14677,25_square,0,0,723.0,119.0,213.0,378.0,-510.0,259.0,train
14678,25_square,0,0,212.0,575.0,359.0,168.0,147.0,-407.0,train
14679,25_square,0,0,442.0,535.0,590.0,646.0,148.0,111.0,test
14680,25_square,0,0,106.0,859.0,171.0,601.0,65.0,-258.0,train
14681,25_square,0,0,636.0,567.0,754.0,243.0,118.0,-324.0,train
14682,25_square,0,0,750.0,174.0,445.0,368.0,-305.0,194.0,train
14683,25_square,0,0,612.0,177.0,221.0,194.0,-391.0,17.0,val
14684,25_square,0,0,861.0,864.0,613.0,177.0,-248.0,-687.0,test
14685,25_square,0,0,723.0,256.0,708.0,471.0,-15.0,215.0,val
14686,25_square,0,0,885.0,386.0,372.0,765.0,-513.0,379.0,train
14687,25_square,0,0,620.0,860.0,650.0,582.0,30.0,-278.0,train
14688,25_square,0,0,625.0,410.0,161.0,573.0,-464.0,163.0,train
14689,25_square,0,0,212.0,830.0,581.0,258.0,369.0,-572.0,train
14690,25_square,0,0,537.0,850.0,772.0,515.0,235.0,-335.0,train
14691,25_square,0,0,454.0,537.0,837.0,790.0,383.0,253.0,train
14692,25_square,0,0,746.0,569.0,678.0,573.0,-68.0,4.0,train
14693,25_square,0,0,243.0,312.0,299.0,309.0,56.0,-3.0,test
14694,25_square,0,0,213.0,297.0,302.0,892.0,89.0,595.0,train
14695,25_square,0,0,248.0,661.0,659.0,297.0,411.0,-364.0,train
14696,25_square,0,0,805.0,482.0,307.0,262.0,-498.0,-220.0,train
14697,25_square,0,0,526.0,554.0,562.0,469.0,36.0,-85.0,train
14698,25_square,0,0,464.0,881.0,113.0,789.0,-351.0,-92.0,train
14699,25_square,0,0,883.0,265.0,135.0,764.0,-748.0,499.0,train
14700,25_square,0,0,149.0,172.0,622.0,717.0,473.0,545.0,train
14701,25_square,0,0,406.0,658.0,130.0,288.0,-276.0,-370.0,train
14702,25_square,0,0,852.0,247.0,302.0,551.0,-550.0,304.0,train
14703,25_square,0,0,369.0,413.0,785.0,872.0,416.0,459.0,train
14704,25_square,0,0,184.0,750.0,885.0,625.0,701.0,-125.0,train
14705,25_square,0,0,881.0,554.0,345.0,663.0,-536.0,109.0,train
14706,25_square,0,0,388.0,437.0,393.0,285.0,5.0,-152.0,train
14707,25_square,0,0,551.0,211.0,112.0,640.0,-439.0,429.0,train
14708,25_square,0,0,662.0,880.0,357.0,803.0,-305.0,-77.0,train
14709,25_square,0,0,715.0,623.0,750.0,730.0,35.0,107.0,val
14710,25_square,0,0,461.0,505.0,590.0,119.0,129.0,-386.0,train
14711,25_square,0,0,499.0,198.0,600.0,303.0,101.0,105.0,train
14712,25_square,0,0,448.0,441.0,807.0,158.0,359.0,-283.0,train
14713,25_square,0,0,338.0,577.0,463.0,600.0,125.0,23.0,val
14714,25_square,0,0,285.0,402.0,862.0,528.0,577.0,126.0,train
14715,25_square,0,0,656.0,673.0,474.0,770.0,-182.0,97.0,test
14716,25_square,0,0,834.0,185.0,443.0,184.0,-391.0,-1.0,test
14717,25_square,0,0,828.0,668.0,205.0,174.0,-623.0,-494.0,train
14718,25_square,0,0,838.0,674.0,482.0,117.0,-356.0,-557.0,val
14719,25_square,0,0,393.0,717.0,769.0,832.0,376.0,115.0,train
14720,25_square,0,0,166.0,748.0,139.0,148.0,-27.0,-600.0,test
14721,25_square,0,0,874.0,120.0,809.0,292.0,-65.0,172.0,train
14722,25_square,0,0,147.0,734.0,736.0,394.0,589.0,-340.0,train
14723,25_square,0,0,460.0,264.0,618.0,694.0,158.0,430.0,test
14724,25_square,0,0,152.0,136.0,356.0,328.0,204.0,192.0,train
14725,25_square,0,0,242.0,231.0,815.0,435.0,573.0,204.0,train
14726,25_square,0,0,896.0,254.0,313.0,790.0,-583.0,536.0,train
14727,25_square,0,0,741.0,610.0,492.0,197.0,-249.0,-413.0,train
14728,25_square,0,0,216.0,330.0,627.0,117.0,411.0,-213.0,val
14729,25_square,0,0,535.0,325.0,112.0,567.0,-423.0,242.0,train
14730,25_square,0,0,263.0,280.0,491.0,276.0,228.0,-4.0,train
14731,25_square,0,0,613.0,442.0,631.0,655.0,18.0,213.0,train
14732,25_square,0,0,743.0,703.0,236.0,733.0,-507.0,30.0,train
14733,25_square,0,0,214.0,432.0,585.0,105.0,371.0,-327.0,train
14734,25_square,0,0,145.0,727.0,289.0,899.0,144.0,172.0,train
14735,25_square,0,0,272.0,316.0,605.0,472.0,333.0,156.0,train
14736,25_square,0,0,125.0,748.0,471.0,589.0,346.0,-159.0,train
14737,25_square,0,0,826.0,806.0,630.0,765.0,-196.0,-41.0,train
14738,25_square,0,0,202.0,896.0,232.0,111.0,30.0,-785.0,val
14739,25_square,0,0,310.0,435.0,162.0,573.0,-148.0,138.0,test
14740,25_square,0,0,436.0,624.0,100.0,431.0,-336.0,-193.0,train
14741,25_square,0,0,286.0,433.0,655.0,618.0,369.0,185.0,train
14742,25_square,0,0,712.0,753.0,204.0,194.0,-508.0,-559.0,val
14743,25_square,0,0,264.0,807.0,290.0,765.0,26.0,-42.0,train
14744,25_square,0,0,804.0,263.0,158.0,472.0,-646.0,209.0,train
14745,25_square,0,0,383.0,855.0,615.0,365.0,232.0,-490.0,train
14746,25_square,0,0,532.0,754.0,759.0,314.0,227.0,-440.0,test
14747,25_square,0,0,828.0,454.0,532.0,412.0,-296.0,-42.0,test
14748,25_square,0,0,668.0,492.0,570.0,735.0,-98.0,243.0,train
14749,25_square,0,0,743.0,793.0,683.0,651.0,-60.0,-142.0,train
14750,25_square,0,0,654.0,896.0,137.0,679.0,-517.0,-217.0,train
14751,25_square,0,0,451.0,475.0,794.0,352.0,343.0,-123.0,val
14752,25_square,0,0,347.0,583.0,509.0,576.0,162.0,-7.0,train
14753,25_square,0,0,690.0,643.0,812.0,662.0,122.0,19.0,train
14754,25_square,0,0,655.0,500.0,162.0,209.0,-493.0,-291.0,train
14755,25_square,0,0,481.0,672.0,372.0,386.0,-109.0,-286.0,train
14756,25_square,0,0,554.0,596.0,822.0,670.0,268.0,74.0,train
14757,25_square,0,0,836.0,681.0,315.0,520.0,-521.0,-161.0,train
14758,25_square,0,0,498.0,340.0,555.0,843.0,57.0,503.0,train
14759,25_square,0,0,845.0,199.0,406.0,352.0,-439.0,153.0,train
14760,25_square,0,0,185.0,875.0,186.0,518.0,1.0,-357.0,train
14761,25_square,0,0,439.0,363.0,570.0,468.0,131.0,105.0,val
14762,25_square,0,0,565.0,250.0,142.0,192.0,-423.0,-58.0,train
14763,25_square,0,0,231.0,132.0,104.0,728.0,-127.0,596.0,val
14764,25_square,0,0,828.0,619.0,172.0,223.0,-656.0,-396.0,train
14765,25_square,0,0,415.0,496.0,563.0,190.0,148.0,-306.0,val
14766,25_square,0,0,777.0,204.0,447.0,767.0,-330.0,563.0,test
14767,25_square,0,0,261.0,105.0,707.0,747.0,446.0,642.0,train
14768,25_square,0,0,317.0,522.0,610.0,404.0,293.0,-118.0,test
14769,25_square,0,0,675.0,114.0,838.0,409.0,163.0,295.0,val
14770,25_square,0,0,758.0,581.0,727.0,415.0,-31.0,-166.0,train
14771,25_square,0,0,527.0,268.0,721.0,817.0,194.0,549.0,test
14772,25_square,0,0,404.0,662.0,172.0,188.0,-232.0,-474.0,train
14773,25_square,0,0,297.0,740.0,683.0,117.0,386.0,-623.0,train
14774,25_square,0,0,703.0,450.0,137.0,889.0,-566.0,439.0,test
14775,25_square,0,0,530.0,101.0,860.0,433.0,330.0,332.0,train
14776,25_square,0,0,726.0,769.0,129.0,885.0,-597.0,116.0,train
14777,25_square,0,0,344.0,171.0,584.0,491.0,240.0,320.0,test
14778,25_square,0,0,540.0,257.0,887.0,113.0,347.0,-144.0,test
14779,25_square,0,0,105.0,517.0,317.0,331.0,212.0,-186.0,train
14780,25_square,0,0,546.0,482.0,643.0,381.0,97.0,-101.0,train
14781,25_square,0,0,131.0,760.0,865.0,336.0,734.0,-424.0,train
14782,25_square,0,0,260.0,333.0,470.0,601.0,210.0,268.0,test
14783,25_square,0,0,826.0,121.0,276.0,886.0,-550.0,765.0,test
14784,25_square,0,0,122.0,740.0,483.0,827.0,361.0,87.0,train
14785,25_square,0,0,126.0,538.0,258.0,535.0,132.0,-3.0,train
14786,25_square,0,0,611.0,309.0,529.0,590.0,-82.0,281.0,train
14787,25_square,0,0,255.0,163.0,499.0,668.0,244.0,505.0,val
14788,25_square,0,0,662.0,267.0,300.0,676.0,-362.0,409.0,test
14789,25_square,0,0,100.0,218.0,323.0,290.0,223.0,72.0,train
14790,25_square,0,0,478.0,716.0,425.0,138.0,-53.0,-578.0,train
14791,25_square,0,0,428.0,361.0,170.0,737.0,-258.0,376.0,val
14792,25_square,0,0,640.0,150.0,450.0,631.0,-190.0,481.0,train
14793,25_square,0,0,547.0,694.0,420.0,399.0,-127.0,-295.0,test
14794,25_square,0,0,250.0,600.0,506.0,802.0,256.0,202.0,train
14795,25_square,0,0,440.0,892.0,271.0,842.0,-169.0,-50.0,train
14796,25_square,0,0,158.0,811.0,297.0,735.0,139.0,-76.0,train
14797,25_square,0,0,687.0,717.0,619.0,277.0,-68.0,-440.0,train
14798,25_square,0,0,881.0,431.0,198.0,398.0,-683.0,-33.0,val
14799,25_square,0,0,171.0,323.0,379.0,276.0,208.0,-47.0,train
14800,25_square,0,0,359.0,358.0,852.0,428.0,493.0,70.0,train
14801,25_square,0,0,191.0,188.0,585.0,513.0,394.0,325.0,val
14802,25_square,0,0,311.0,625.0,149.0,551.0,-162.0,-74.0,train
14803,25_square,0,0,235.0,192.0,641.0,134.0,406.0,-58.0,train
14804,25_square,0,0,791.0,794.0,879.0,799.0,88.0,5.0,train
14805,25_square,0,0,359.0,683.0,871.0,894.0,512.0,211.0,train
14806,25_square,0,0,635.0,451.0,767.0,109.0,132.0,-342.0,train
14807,25_square,0,0,291.0,783.0,499.0,797.0,208.0,14.0,val
14808,25_square,0,0,400.0,821.0,200.0,300.0,-200.0,-521.0,train
14809,25_square,0,0,630.0,695.0,736.0,391.0,106.0,-304.0,train
14810,25_square,0,0,213.0,577.0,634.0,166.0,421.0,-411.0,train
14811,25_square,0,0,362.0,370.0,487.0,399.0,125.0,29.0,train
14812,25_square,0,0,851.0,214.0,109.0,342.0,-742.0,128.0,train
14813,25_square,0,0,502.0,568.0,830.0,540.0,328.0,-28.0,train
14814,25_square,0,0,424.0,333.0,599.0,753.0,175.0,420.0,train
14815,25_square,0,0,350.0,421.0,652.0,213.0,302.0,-208.0,train
14816,25_square,0,0,104.0,747.0,355.0,739.0,251.0,-8.0,test
14817,25_square,0,0,871.0,795.0,337.0,424.0,-534.0,-371.0,train
14818,25_square,0,0,158.0,643.0,774.0,536.0,616.0,-107.0,test
14819,25_square,0,0,761.0,874.0,553.0,854.0,-208.0,-20.0,train
14820,25_square,0,0,815.0,363.0,888.0,727.0,73.0,364.0,train
14821,25_square,0,0,265.0,883.0,269.0,532.0,4.0,-351.0,test
14822,25_square,0,0,651.0,492.0,770.0,385.0,119.0,-107.0,train
14823,25_square,0,0,579.0,365.0,340.0,410.0,-239.0,45.0,test
14824,25_square,0,0,221.0,276.0,463.0,309.0,242.0,33.0,val
14825,25_square,0,0,115.0,415.0,389.0,210.0,274.0,-205.0,train
14826,25_square,0,0,177.0,599.0,752.0,479.0,575.0,-120.0,val
14827,25_square,0,0,195.0,559.0,506.0,224.0,311.0,-335.0,train
14828,25_square,0,0,127.0,164.0,357.0,881.0,230.0,717.0,train
14829,25_square,0,0,495.0,148.0,117.0,201.0,-378.0,53.0,train
14830,25_square,0,0,340.0,373.0,656.0,425.0,316.0,52.0,train
14831,25_square,0,0,754.0,406.0,417.0,503.0,-337.0,97.0,train
14832,25_square,0,0,708.0,204.0,823.0,825.0,115.0,621.0,train
14833,25_square,0,0,418.0,861.0,654.0,370.0,236.0,-491.0,train
14834,25_square,0,0,552.0,739.0,256.0,733.0,-296.0,-6.0,train
14835,25_square,0,0,265.0,317.0,807.0,828.0,542.0,511.0,train
14836,25_square,0,0,386.0,178.0,774.0,496.0,388.0,318.0,test
14837,25_square,0,0,844.0,871.0,276.0,742.0,-568.0,-129.0,train
14838,25_square,0,0,292.0,238.0,161.0,432.0,-131.0,194.0,test
14839,25_square,0,0,753.0,462.0,798.0,415.0,45.0,-47.0,test
14840,25_square,0,0,373.0,595.0,768.0,341.0,395.0,-254.0,test
14841,25_square,0,0,552.0,338.0,566.0,753.0,14.0,415.0,train
14842,25_square,0,0,393.0,233.0,252.0,345.0,-141.0,112.0,train
14843,25_square,0,0,475.0,159.0,563.0,452.0,88.0,293.0,train
14844,25_square,0,0,407.0,733.0,213.0,203.0,-194.0,-530.0,test
14845,25_square,0,0,781.0,268.0,828.0,451.0,47.0,183.0,train
14846,25_square,0,0,501.0,555.0,619.0,120.0,118.0,-435.0,train
14847,25_square,0,0,845.0,861.0,326.0,356.0,-519.0,-505.0,val
14848,25_square,0,0,291.0,367.0,135.0,262.0,-156.0,-105.0,train
14849,25_square,0,0,873.0,555.0,494.0,632.0,-379.0,77.0,train
14850,25_square,0,0,225.0,583.0,549.0,883.0,324.0,300.0,train
14851,25_square,0,0,546.0,223.0,664.0,410.0,118.0,187.0,test
14852,25_square,0,0,717.0,533.0,345.0,442.0,-372.0,-91.0,train
14853,25_square,0,0,429.0,367.0,125.0,233.0,-304.0,-134.0,train
14854,25_square,0,0,477.0,545.0,240.0,523.0,-237.0,-22.0,train
14855,25_square,0,0,344.0,666.0,149.0,135.0,-195.0,-531.0,val
14856,25_square,0,0,419.0,214.0,681.0,189.0,262.0,-25.0,test
14857,25_square,0,0,406.0,360.0,423.0,703.0,17.0,343.0,train
14858,25_square,0,0,259.0,463.0,725.0,285.0,466.0,-178.0,test
14859,25_square,0,0,718.0,677.0,166.0,504.0,-552.0,-173.0,train
14860,25_square,0,0,288.0,660.0,147.0,752.0,-141.0,92.0,train
14861,25_square,0,0,358.0,669.0,441.0,481.0,83.0,-188.0,val
14862,25_square,0,0,275.0,122.0,772.0,722.0,497.0,600.0,train
14863,25_square,0,0,796.0,326.0,592.0,370.0,-204.0,44.0,train
14864,25_square,0,0,341.0,659.0,657.0,753.0,316.0,94.0,train
14865,25_square,0,0,874.0,483.0,715.0,686.0,-159.0,203.0,train
14866,25_square,0,0,433.0,756.0,164.0,616.0,-269.0,-140.0,train
14867,25_square,0,0,810.0,435.0,216.0,804.0,-594.0,369.0,train
14868,25_square,0,0,691.0,560.0,866.0,304.0,175.0,-256.0,test
14869,25_square,0,0,401.0,275.0,693.0,639.0,292.0,364.0,train
14870,25_square,0,0,737.0,578.0,596.0,334.0,-141.0,-244.0,test
14871,25_square,0,0,273.0,639.0,860.0,540.0,587.0,-99.0,train
14872,25_square,0,0,104.0,602.0,211.0,275.0,107.0,-327.0,train
14873,25_square,0,0,466.0,498.0,814.0,549.0,348.0,51.0,train
14874,25_square,0,0,272.0,187.0,398.0,194.0,126.0,7.0,train
14875,25_square,0,0,587.0,703.0,825.0,877.0,238.0,174.0,train
14876,25_square,0,0,809.0,882.0,652.0,101.0,-157.0,-781.0,train
14877,25_square,0,0,545.0,412.0,463.0,470.0,-82.0,58.0,train
14878,25_square,0,0,381.0,274.0,149.0,508.0,-232.0,234.0,train
14879,25_square,0,0,230.0,313.0,825.0,705.0,595.0,392.0,train
14880,25_square,0,0,874.0,377.0,815.0,738.0,-59.0,361.0,train
14881,25_square,0,0,678.0,842.0,691.0,489.0,13.0,-353.0,train
14882,25_square,0,0,864.0,810.0,186.0,354.0,-678.0,-456.0,train
14883,25_square,0,0,452.0,658.0,348.0,784.0,-104.0,126.0,train
14884,25_square,0,0,463.0,359.0,729.0,502.0,266.0,143.0,train
14885,25_square,0,0,548.0,147.0,271.0,789.0,-277.0,642.0,val
14886,25_square,0,0,212.0,535.0,758.0,547.0,546.0,12.0,train
14887,25_square,0,0,694.0,429.0,627.0,580.0,-67.0,151.0,train
14888,25_square,0,0,218.0,284.0,725.0,713.0,507.0,429.0,train
14889,25_square,0,0,317.0,784.0,709.0,483.0,392.0,-301.0,train
14890,25_square,0,0,737.0,410.0,430.0,397.0,-307.0,-13.0,train
14891,25_square,0,0,837.0,613.0,342.0,231.0,-495.0,-382.0,train
14892,25_square,0,0,784.0,588.0,516.0,293.0,-268.0,-295.0,train
14893,25_square,0,0,724.0,760.0,483.0,624.0,-241.0,-136.0,train
14894,25_square,0,0,408.0,187.0,439.0,841.0,31.0,654.0,train
14895,25_square,0,0,563.0,413.0,858.0,570.0,295.0,157.0,train
14896,25_square,0,0,158.0,473.0,663.0,327.0,505.0,-146.0,train
14897,25_square,0,0,875.0,153.0,763.0,550.0,-112.0,397.0,val
14898,25_square,0,0,754.0,803.0,590.0,755.0,-164.0,-48.0,train
14899,25_square,0,0,506.0,487.0,266.0,755.0,-240.0,268.0,train
14900,25_square,0,0,327.0,396.0,409.0,503.0,82.0,107.0,train
14901,25_square,0,0,640.0,815.0,429.0,226.0,-211.0,-589.0,train
14902,25_square,0,0,482.0,652.0,501.0,164.0,19.0,-488.0,train
14903,25_square,0,0,309.0,230.0,293.0,141.0,-16.0,-89.0,train
14904,25_square,0,0,584.0,580.0,668.0,436.0,84.0,-144.0,train
14905,25_square,0,0,149.0,508.0,375.0,226.0,226.0,-282.0,train
14906,25_square,0,0,629.0,710.0,860.0,579.0,231.0,-131.0,test
14907,25_square,0,0,874.0,713.0,577.0,155.0,-297.0,-558.0,train
14908,25_square,0,0,471.0,826.0,794.0,356.0,323.0,-470.0,train
14909,25_square,0,0,899.0,556.0,609.0,757.0,-290.0,201.0,train
14910,25_square,0,0,445.0,795.0,868.0,154.0,423.0,-641.0,val
14911,25_square,0,0,563.0,390.0,581.0,411.0,18.0,21.0,train
14912,25_square,0,0,605.0,599.0,876.0,449.0,271.0,-150.0,train
14913,25_square,0,0,296.0,216.0,390.0,657.0,94.0,441.0,train
14914,25_square,0,0,861.0,477.0,642.0,863.0,-219.0,386.0,train
14915,25_square,0,0,786.0,432.0,827.0,834.0,41.0,402.0,train
14916,25_square,0,0,503.0,546.0,181.0,143.0,-322.0,-403.0,train
14917,25_square,0,0,753.0,682.0,126.0,842.0,-627.0,160.0,train
14918,25_square,0,0,567.0,285.0,839.0,676.0,272.0,391.0,test
14919,25_square,0,0,379.0,152.0,630.0,485.0,251.0,333.0,train
14920,25_square,0,0,246.0,166.0,606.0,588.0,360.0,422.0,train
14921,25_square,0,0,548.0,708.0,318.0,826.0,-230.0,118.0,train
14922,25_square,0,0,177.0,732.0,276.0,632.0,99.0,-100.0,train
14923,25_square,0,0,189.0,826.0,247.0,310.0,58.0,-516.0,test
14924,25_square,0,0,408.0,492.0,881.0,261.0,473.0,-231.0,train
14925,25_square,0,0,847.0,136.0,525.0,821.0,-322.0,685.0,train
14926,25_square,0,0,376.0,685.0,388.0,630.0,12.0,-55.0,train
14927,25_square,0,0,101.0,240.0,121.0,527.0,20.0,287.0,train
14928,25_square,0,0,532.0,134.0,679.0,358.0,147.0,224.0,train
14929,25_square,0,0,304.0,619.0,570.0,597.0,266.0,-22.0,train
14930,25_square,0,0,432.0,368.0,515.0,197.0,83.0,-171.0,train
14931,25_square,0,0,728.0,220.0,642.0,866.0,-86.0,646.0,train
14932,25_square,0,0,850.0,727.0,542.0,240.0,-308.0,-487.0,train
14933,25_square,0,0,811.0,402.0,372.0,391.0,-439.0,-11.0,train
14934,25_square,0,0,763.0,376.0,489.0,438.0,-274.0,62.0,val
14935,25_square,0,0,299.0,678.0,276.0,696.0,-23.0,18.0,train
14936,25_square,0,0,159.0,653.0,802.0,627.0,643.0,-26.0,test
14937,25_square,0,0,288.0,223.0,217.0,847.0,-71.0,624.0,train
14938,25_square,0,0,297.0,643.0,273.0,308.0,-24.0,-335.0,train
14939,25_square,0,0,623.0,800.0,164.0,162.0,-459.0,-638.0,train
14940,25_square,0,0,254.0,885.0,157.0,596.0,-97.0,-289.0,train
14941,25_square,0,0,258.0,376.0,287.0,749.0,29.0,373.0,train
14942,25_square,0,0,163.0,204.0,313.0,299.0,150.0,95.0,train
14943,25_square,0,0,330.0,589.0,221.0,876.0,-109.0,287.0,train
14944,25_square,0,0,274.0,212.0,589.0,512.0,315.0,300.0,train
14945,25_square,0,0,677.0,686.0,218.0,497.0,-459.0,-189.0,train
14946,25_square,0,0,604.0,325.0,236.0,718.0,-368.0,393.0,val
14947,25_square,0,0,879.0,589.0,569.0,898.0,-310.0,309.0,train
14948,25_square,0,0,556.0,631.0,511.0,196.0,-45.0,-435.0,val
14949,25_square,0,0,699.0,747.0,866.0,349.0,167.0,-398.0,train
14950,25_square,0,0,713.0,197.0,604.0,650.0,-109.0,453.0,train
14951,25_square,0,0,867.0,634.0,357.0,638.0,-510.0,4.0,train
14952,25_square,0,0,531.0,565.0,813.0,587.0,282.0,22.0,train
14953,25_square,0,0,767.0,881.0,787.0,761.0,20.0,-120.0,test
14954,25_square,0,0,731.0,408.0,466.0,873.0,-265.0,465.0,train
14955,25_square,0,0,470.0,222.0,558.0,249.0,88.0,27.0,val
14956,25_square,0,0,591.0,684.0,314.0,553.0,-277.0,-131.0,train
14957,25_square,0,0,693.0,493.0,455.0,720.0,-238.0,227.0,train
14958,25_square,0,0,671.0,527.0,292.0,119.0,-379.0,-408.0,train
14959,25_square,0,0,164.0,589.0,734.0,132.0,570.0,-457.0,train
14960,25_square,0,0,209.0,365.0,677.0,314.0,468.0,-51.0,train
14961,25_square,0,0,281.0,502.0,127.0,710.0,-154.0,208.0,train
14962,25_square,0,0,717.0,757.0,104.0,502.0,-613.0,-255.0,train
14963,25_square,0,0,100.0,638.0,258.0,227.0,158.0,-411.0,train
14964,25_square,0,0,427.0,202.0,842.0,605.0,415.0,403.0,train
14965,25_square,0,0,332.0,856.0,414.0,182.0,82.0,-674.0,train
14966,25_square,0,0,106.0,891.0,364.0,409.0,258.0,-482.0,train
14967,25_square,0,0,559.0,466.0,347.0,226.0,-212.0,-240.0,val
14968,25_square,0,0,593.0,684.0,645.0,150.0,52.0,-534.0,train
14969,25_square,0,0,627.0,678.0,518.0,423.0,-109.0,-255.0,val
14970,25_square,0,0,158.0,611.0,315.0,569.0,157.0,-42.0,train
14971,25_square,0,0,599.0,866.0,681.0,819.0,82.0,-47.0,train
14972,25_square,0,0,182.0,304.0,114.0,667.0,-68.0,363.0,train
14973,25_square,0,0,653.0,605.0,276.0,687.0,-377.0,82.0,train
14974,25_square,0,0,377.0,653.0,317.0,811.0,-60.0,158.0,train
14975,25_square,0,0,415.0,151.0,304.0,539.0,-111.0,388.0,train
14976,25_square,0,0,643.0,647.0,416.0,216.0,-227.0,-431.0,train
14977,25_square,0,0,504.0,549.0,503.0,657.0,-1.0,108.0,train
14978,25_square,0,0,770.0,132.0,615.0,244.0,-155.0,112.0,train
14979,25_square,0,0,770.0,863.0,398.0,559.0,-372.0,-304.0,train
14980,25_square,0,0,753.0,113.0,219.0,133.0,-534.0,20.0,train
14981,25_square,0,0,677.0,818.0,143.0,270.0,-534.0,-548.0,train
14982,25_square,0,0,420.0,121.0,449.0,240.0,29.0,119.0,train
14983,25_square,0,0,686.0,172.0,616.0,162.0,-70.0,-10.0,train
14984,25_square,0,0,779.0,790.0,614.0,631.0,-165.0,-159.0,train
14985,25_square,0,0,662.0,447.0,695.0,445.0,33.0,-2.0,train
14986,25_square,0,0,845.0,559.0,183.0,791.0,-662.0,232.0,train
14987,25_square,0,0,888.0,175.0,374.0,169.0,-514.0,-6.0,train
14988,25_square,0,0,596.0,513.0,502.0,800.0,-94.0,287.0,val
14989,25_square,0,0,326.0,752.0,213.0,397.0,-113.0,-355.0,train
14990,25_square,0,0,100.0,308.0,852.0,361.0,752.0,53.0,train
14991,25_square,0,0,331.0,896.0,635.0,648.0,304.0,-248.0,test
14992,25_square,0,0,455.0,898.0,451.0,548.0,-4.0,-350.0,test
14993,25_square,0,0,626.0,228.0,682.0,556.0,56.0,328.0,test
14994,25_square,0,0,615.0,775.0,810.0,396.0,195.0,-379.0,train
14995,25_square,0,0,378.0,893.0,203.0,707.0,-175.0,-186.0,train
14996,25_square,0,0,613.0,751.0,412.0,532.0,-201.0,-219.0,train
14997,25_square,0,0,666.0,405.0,804.0,878.0,138.0,473.0,train
14998,25_square,0,0,322.0,169.0,810.0,436.0,488.0,267.0,train
14999,25_square,0,0,155.0,535.0,351.0,601.0,196.0,66.0,train
